OBJECTID,RWCOMPKEY,FROM_ADDRE,TO_ADDRESS,ROADNAME,DIR,STRNAME,TYPE,LOCROSSPR,LOCROSSNA,LOCROSSSU,HICROSSPR,HICROSSNA,HICROSSSU,MUNI_NAME,COUNDIST,OWNER_NAME,CORE_CLASS,ROUTE_LBL,LENGTH,PRIORITY_R,ROUTE_UNIQ,CORRIDOR_N,BEGIN_LOCA,BMP,END_LOCATI,EMP,TOTAL_EPDO,EPDO_MILE,TOTAL_KA_C,KA_MILE,JUSTICE40_,PERCENT_JU,OWNER,SHAPELEN
1,20596,1340,1349,BARDSTOWN RD, ,BARDSTOWN,RD, ,CHEROKEE,PKY, ,WINDSOR,PL,LOUISVILLE,8,STATE,MAJOR ARTERIAL,US-31E,5.8,16,056-US-0031E -000,Beuchel Byp / Bardstown Rd / Baxter Ave,Hikes Lane (KY 2052),10.974,E Main St (US 31E),16.774,17471,3012.24137931,41,7.1,1.878,0.3237931,KYTC,187.45805844591
2,16637,1012,1027,S 26TH ST,S,26TH,ST,W,KENTUCKY,ST, ,GREENWOOD,AVE,LOUISVILLE,4,METRO,MINOR ARTERIAL, ,1.846,27,056-CS-1038F -000,S 26th St,W Main St (CS-1011A),0,Wilson Ave (CS-1025F),1.846,4784,2591.54929577,10,5.4,1.846,1,METRO,276.472873895433
3,25128,8925,9014,PRESTON HWY, ,PRESTON,HWY, ,CREEK POINTE,TER, ,GILLS,CT,LOUISVILLE,24,STATE,MAJOR ARTERIAL,KY-61,7.502,9,056-KY-0061  -000,Preston Hwy,Cooper Chapel Rd / Commerce Crossings Dr (KY 6299),1.401,Hart Ave,8.903,25969,3461.61023727,77,10.26392962,4.884,0.65102639,KYTC,784.49432921116
4,16462,600,699,E BROADWAY,E,BROADWAY, ,S,HANCOCK,ST,S,CLAY,ST,LOUISVILLE,4,STATE,MAJOR ARTERIAL,US-150,3.3535,1,056-US-0150  -000,Broadway,S 22nd St (US 31W-001),0.7405,Baxter Ave (US 31E),4.094,19419.4,5792,48,14.30913698,3.353,1,KYTC,586.103275492864
5,18530,2137,2159,DIXIE HWY, ,DIXIE,HWY, ,RATCLIFFE,AVE, ,WINGFIELD,LN,LOUISVILLE,3,STATE,MAJOR ARTERIAL,US-31W,14.536,10,056-US-0031W -000,Dixie Hwy,Depot Lane,2.974,Bernheim Ln (US 31W),17.51,49906,3433,150,10.3,12.626,0.86860209,KYTC,155.815070780034
6,29922,3530,3599,TAYLOR BLVD, ,TAYLOR,BLVD, ,HATHAWAY,AVE, ,CARLISLE,AVE,LOUISVILLE,15,STATE,MAJOR ARTERIAL,KY-1865,5.273,5,056-KY-1865  -000,Taylor Blvd / New Cut Rd,Gene Snyder Fwy (KY 841),0.92,Berry Blvd (US 60A),6.193,20222,3835.00853404,51,9.67191352,4.556,0.86402427,KYTC,403.880649575543
7,18631,2200,2299,DIXIE HWY, ,DIXIE,HWY, ,HAROLD,AVE, ,HARDESTY,AVE,LOUISVILLE,3,STATE,MAJOR ARTERIAL,US-31W,14.536,10,056-US-0031W -000,Dixie Hwy,Depot Lane,2.974,Bernheim Ln (US 31W),17.51,49906,3433,150,10.3,12.626,0.86860209,KYTC,606.78288629427
8,29181,12900,12999,DIXIE HWY, ,DIXIE,HWY, ,CHISM,RD, ,BRUNER,LN,LOUISVILLE,14,STATE,MAJOR ARTERIAL,US-31W,14.536,10,056-US-0031W -000,Dixie Hwy,Depot Lane,2.974,Bernheim Ln (US 31W),17.51,49906,3433,150,10.3,12.626,0.86860209,KYTC,322.134315046992
9,18887,700,790,EASTERN PKY, ,EASTERN,PKY, ,ELLSWORTH,AVE,S,PRESTON,ST,LOUISVILLE,15,STATE,MAJOR ARTERIAL,US-60A,3.523,40,056-US-0060A -000,Eastern Pkwy,S 3rd St (KY 1020),3.409,Willow Ave (US 60A),6.932,8026,2278.17201249,22,6.24467783,1.154,0.32756174,KYTC,790.348329247587
10,23190,4330,4339,TAYLOR BLVD, ,TAYLOR,BLVD, ,OAKWOOD,AVE, ,OAKWOOD,AVE,LOUISVILLE,15,STATE,MAJOR ARTERIAL,KY-1865,5.273,5,056-KY-1865  -000,Taylor Blvd / New Cut Rd,Gene Snyder Fwy (KY 841),0.92,Berry Blvd (US 60A),6.193,20222,3835.00853404,51,9.67191352,4.556,0.86402427,KYTC,119.442213983374
11,30884,4406,4415,CANE RUN RD, ,CANE RUN,RD, ,KRISTIN,WAY, ,RICHMONT,RD,LOUISVILLE,1,STATE,MAJOR ARTERIAL,KY-1934,11.502,21,056-KY-1934  -000,Greenbelt Hwy / Cane Run Rd,Gene Snyder Fwy (KY 841),0,Algonquin Pkwy (KY 2054),11.502,31389,2729.00365154,100,8.69414015,9.201,0.79994784,KYTC,190.021719564501
12,17197,1300,1309,S 22ND ST,S,22ND,ST,W,ORMSBY,AVE, ,WILSON,AVE,LOUISVILLE,6,STATE,MAJOR ARTERIAL,US-31W,1.145,8,056-US-0031W -000,S 22nd St / Bernheim Ln,Dixie Hwy (CS-1030F),17.51,Dumesnil St (CS-1010F),18.655,4100,3580.7860262,11,9.6069869,1.145,1,KYTC,276.736843518886
13,16453,800,849,DIXIE HWY, ,DIXIE,HWY, ,MAPLE,ST,W,BRECKINRIDGE,ST,LOUISVILLE,4,METRO,MINOR ARTERIAL, ,2.008,29,056-CS-1030F -000,Dixie Hwy,W Broadway (US 150),0,Bernheim Lane (US 31W),2.008,5174,2576.69322709,13,6.47410359,2.008,1,METRO,861.846782293439
14,9389,8800,8899,SHELBYVILLE RD, ,SHELBYVILLE,RD, ,BELLEMEADE,RD,S,CHADWICK,RD,LOUISVILLE,18,STATE,MAJOR ARTERIAL,US-60,1.413,53,056-US-0060  -000,Shelbyville Rd,Whipps Mill Rd (CS-1005C),6.435,Hurstbourne Pkwy (KY 1747),7.848,2682,1898.08917197,8,5.66171267,0,0,KYTC,1147.10117669617
15,15050,2100,2199,W MAIN ST,W,MAIN,ST, ,DR W J HODGE,ST,N,22ND,ST,LOUISVILLE,5,STATE,MAJOR ARTERIAL,US-31W,1.751,45,056-US-0031W -001,W Main St,N 22nd St (US 150),20.345,S 2nd St (US 31),22.096,3743,2137.635637,10,5.711022,1.751,1,KYTC,480.510312878727
16,22540,4330,4399,S 3RD ST,S,3RD,ST,W,LANSING,AVE, ,I 264 RAMP, ,LOUISVILLE,21,METRO,MINOR ARTERIAL, ,2.667,34,056-CS-1013F -000,S 3rd St (CS-1013F),Southern Pkwy (KY 1020),0,W Kenwood Dr (CS-1257F),2.667,6840,2445.4772971,19,6.79299249,2.797,1,METRO,506.147938682752
17,17060,1200,1219,S 26TH ST,S,26TH,ST,W,OAK,ST, ,DUMESNIL,ST,LOUISVILLE,1,METRO,MINOR ARTERIAL, ,1.846,27,056-CS-1038F -000,S 26th St,W Main St (CS-1011A),0,Wilson Ave (CS-1025F),1.846,4784,2591.54929577,10,5.4,1.846,1,METRO,303.158851941005
18,27124,4900,4909,DIXIE HWY, ,DIXIE,HWY, ,LEWISTON,DR, ,BRICK KILN,LN,LOUISVILLE,12,STATE,MAJOR ARTERIAL,US-31W,14.536,10,056-US-0031W -000,Dixie Hwy,Depot Lane,2.974,Bernheim Ln (US 31W),17.51,49906,3433,150,10.3,12.626,0.86860209,KYTC,272.387574118099
19,27424,5600,5999,DIXIE HWY, ,DIXIE,HWY, ,WELBY,RD, ,LOWER HUNTERS,TRCE,LOUISVILLE,12,STATE,MAJOR ARTERIAL,US-31W,14.536,10,056-US-0031W -000,Dixie Hwy,Depot Lane,2.974,Bernheim Ln (US 31W),17.51,49906,3433,150,10.3,12.626,0.86860209,KYTC,136.943750545918
20,16078,2400,2599,W BROADWAY,W,BROADWAY, ,S,24TH,ST,S,26TH,ST,LOUISVILLE,4,METRO,MAJOR ARTERIAL, ,1.19,3,056-CS-1021F -000,W Broadway,S 22nd St (US 31W-001),0,S 35th St (north leg),1.19,6262,5262.184874,19,15.966387,1.19,1,METRO,952.702561968762
21,8251,3200,3216,HIKES LN, ,HIKES,LN, ,ROSS,BLVD, ,CLINGSTONE,WAY,LOUISVILLE,26,METRO,MINOR ARTERIAL, ,2.399,36,056-CR-1002G -000,Hikes Lane,Buechel Byp (US 31E),0.797,Taylorsville Rd (KY 155),3.196,5776,2407.66986244,15,6.25260525,0.191,0.07961651,METRO,525.191562710491
22,31591,3100,3109,BRECKENRIDGE LN, ,BRECKENRIDGE,LN, ,CHURCHILL PARK,DR, ,BEARGRASS RUN,PL,LOUISVILLE,26,STATE,MINOR ARTERIAL,KY-1932,3.189,37,056-KY-1932  -000,Breckenridge Ln,Six Mile Ln (CR-1002H),1.129,Milford Lane Connector,4.318,7558,2370.02195045,17,5.33082471,0,0,KYTC,1177.75721125521
23,8248,3228,3231,HIKES LN, ,HIKES,LN, ,WHITEHALL,TER, ,EL PATIO,PL,LOUISVILLE,26,METRO,MINOR ARTERIAL, ,2.399,36,056-CR-1002G -000,Hikes Lane,Buechel Byp (US 31E),0.797,Taylorsville Rd (KY 155),3.196,5776,2407.66986244,15,6.25260525,0.191,0.07961651,METRO,48.883063514843
24,23967,5070,5074,POPLAR LEVEL RD, ,POPLAR LEVEL,RD, ,HANSES,DR, ,ROEDERER,DR,LOUISVILLE,2,STATE,MAJOR ARTERIAL,KY-864,7.117,41,056-KY-0864  -000,Poplar Level Rd,Fern Valley Rd (KY 1747),6.596,Eastern Pkwy (US 60A),13.713,16064,2257.13081355,44,6.18238022,4.725,0.66390333,KYTC,323.362364315846
25,24581,3200,3299,OUTER LOOP, ,OUTER,LOOP, ,I 65 RAMP, , ,I 65 RAMP, ,LOUISVILLE,13,STATE,MAJOR ARTERIAL,KY-1065,3.531,42,056-KY-1065  -000,Outer Loop,National Turnpike (KY 1020),2.514,Preston Hwy (KY 61),6.045,7853,2224.01585953,20,5.66411781,3.311,0.9376947,KYTC,775.278490741571
26,27366,5300,5314,DIXIE HWY, ,DIXIE,HWY, ,KURZ,WAY, ,FLINTLOCK,DR,LOUISVILLE,12,STATE,MAJOR ARTERIAL,US-31W,14.536,10,056-US-0031W -000,Dixie Hwy,Depot Lane,2.974,Bernheim Ln (US 31W),17.51,49906,3433,150,10.3,12.626,0.86860209,KYTC,461.340304757863
27,29941,3500,3999,PRESTON HWY, ,PRESTON,HWY, ,BOURBON,AVE, ,BELMAR,DR,LOUISVILLE,21,STATE,MAJOR ARTERIAL,KY-61,7.502,9,056-KY-0061  -000,Preston Hwy,Cooper Chapel Rd / Commerce Crossings Dr (KY 6299),1.401,Hart Ave,8.903,25969,3461.61023727,77,10.26392962,4.884,0.65102639,KYTC,352.002244162836
28,15250,300,399,S 26TH ST,S,26TH,ST,W,JEFFERSON,ST, ,GREEN,ALY,LOUISVILLE,5,METRO,MINOR ARTERIAL, ,1.846,27,056-CS-1038F -000,S 26th St,W Main St (CS-1011A),0,Wilson Ave (CS-1025F),1.846,4784,2591.54929577,10,5.4,1.846,1,METRO,253.926948903608
29,22191,2516,2710,CRUMS LN, ,CRUMS,LN, ,SCHAFFNER,DR, ,BURRELL,DR,SHIVELY,3,STATE,MINOR ARTERIAL,KY-2049,1.102,12,056-KY-2049  -000,Crums Lane,Cheviot Drive (CS-1476F),0.618,Dixie Hwy (US 31W),1.72,3658,3319.41923775,11,9.98185118,1.102,1,KYTC,980.236277718923
30,23672,6100,6199,S 3RD ST,S,3RD,ST, ,INVERNESS,AVE, ,ALGER,AVE,LOUISVILLE,21,METRO,PRIMARY COLLECTOR, ,2.667,34,056-CS-1013F -000,S 3rd St (CS-1013F),Southern Pkwy (KY 1020),0,W Kenwood Dr (CS-1257F),2.667,6840,2445.4772971,19,6.79299249,2.797,1,METRO,340.53846867323
31,19273,3300,3499,POPLAR LEVEL RD, ,POPLAR LEVEL,RD, ,NIGHTINGALE,RD, ,QUARRY HILL,RD,LOUISVILLE,10,STATE,MAJOR ARTERIAL,KY-864,7.117,41,056-KY-0864  -000,Poplar Level Rd,Fern Valley Rd (KY 1747),6.596,Eastern Pkwy (US 60A),13.713,16064,2257.13081355,44,6.18238022,4.725,0.66390333,KYTC,443.375536837774
32,24308,7115,7299,PRESTON HWY, ,PRESTON,HWY, ,CHATEAU,LN, ,CANAL,ST,LOUISVILLE,24,STATE,MAJOR ARTERIAL,KY-61,7.502,9,056-KY-0061  -000,Preston Hwy,Cooper Chapel Rd / Commerce Crossings Dr (KY 6299),1.401,Hart Ave,8.903,25969,3461.61023727,77,10.26392962,4.884,0.65102639,KYTC,564.548497226157
33,18486,1400,1409,POPLAR LEVEL RD, ,POPLAR LEVEL,RD, ,EIGELBACH,AVE, ,MAYER,AVE,LOUISVILLE,10,STATE,MAJOR ARTERIAL,KY-864,7.117,41,056-KY-0864  -000,Poplar Level Rd,Fern Valley Rd (KY 1747),6.596,Eastern Pkwy (US 60A),13.713,16064,2257.13081355,44,6.18238022,4.725,0.66390333,KYTC,369.77406907564
34,21458,3605,3650,CANE RUN RD, ,CANE RUN,RD, ,OLD MILLERS,LN, ,NO STREET NAME, ,LOUISVILLE,3,STATE,MINOR ARTERIAL,KY-1934,11.502,21,056-KY-1934  -000,Greenbelt Hwy / Cane Run Rd,Gene Snyder Fwy (KY 841),0,Algonquin Pkwy (KY 2054),11.502,31389,2729.00365154,100,8.69414015,9.201,0.79994784,KYTC,1218.97499205275
35,27612,4716,4805,GREENWOOD RD, ,GREENWOOD,RD, ,LUCILLE,AVE, ,RUSSELL,AVE,LOUISVILLE,14,STATE,MINOR ARTERIAL,KY-1931,9.06,24,056-KY-1931  -000,Greenwood Rd / St. Andrews Church Rd / Manslick Rd / 7th Street Rd,Terry Road (KY 1727),1.47,Algonquin Pkwy (KY 2054),10.53,24325,2684.8785872,73,8.05739514,7.024,0.77527594,KYTC,101.053138651157
36,18605,1200,1228,ALGONQUIN PKY, ,ALGONQUIN,PKY, ,SHARP,AVE, ,SOUTH,ST,LOUISVILLE,6,STATE,MAJOR ARTERIAL,KY-2054,1.762,13,056-KY-2054  -000,Algonquin Pkwy,S 22nd St (US 31W),1.504,Winkler Ave (US 60A),3.266,5638.85,3200.2553916,15,8.51305335,1.762,1,KYTC,491.223269788036
37,22627,4000,4043,DIXIE HWY, ,DIXIE,HWY, ,7TH STREET,RD, ,GARRS,LN,SHIVELY,3,STATE,MAJOR ARTERIAL,US-31W,14.536,10,056-US-0031W -000,Dixie Hwy,Depot Lane,2.974,Bernheim Ln (US 31W),17.51,49906,3433,150,10.3,12.626,0.86860209,KYTC,1042.87461163478
38,29617,4720,4739,CANE RUN RD, ,CANE RUN,RD, ,TEAKWOOD,CIR, ,MELODY ACRES,LN,LOUISVILLE,1,STATE,MAJOR ARTERIAL,KY-1934,11.502,21,056-KY-1934  -000,Greenbelt Hwy / Cane Run Rd,Gene Snyder Fwy (KY 841),0,Algonquin Pkwy (KY 2054),11.502,31389,2729.00365154,100,8.69414015,9.201,0.79994784,KYTC,277.407268904169
39,26414,6000,6413,MANSLICK RD, ,MANSLICK,RD, ,HAZELWOOD,AVE, ,ROSEWOOD,WAY,LOUISVILLE,15,STATE,MINOR ARTERIAL,KY-1931,9.06,24,056-KY-1931  -000,Greenwood Rd / St. Andrews Church Rd / Manslick Rd / 7th Street Rd,Terry Road (KY 1727),1.47,Algonquin Pkwy (KY 2054),10.53,24325,2684.8785872,73,8.05739514,7.024,0.77527594,KYTC,441.841450351019
40,15982,400,499,S 2ND ST,S,2ND,ST,W,LIBERTY,ST,W,MUHAMMAD ALI,BLVD,LOUISVILLE,4,STATE,MAJOR ARTERIAL,KY-1020,0.6271,11,056-KY-1020  -000,S 2nd St,W Broadway (US 150),12.097,W Market St (US 31E/31W),12.7241,2102,3351.93749003,4,6.37856801,0.6271,1,KYTC,708.756048895043
41,29424,13100,13399,DIXIE HWY, ,DIXIE,HWY, ,LANDSTAR,DR, ,PENDLETON,RD,LOUISVILLE,14,STATE,MAJOR ARTERIAL,US-31W,14.536,10,056-US-0031W -000,Dixie Hwy,Depot Lane,2.974,Bernheim Ln (US 31W),17.51,49906,3433,150,10.3,12.626,0.86860209,KYTC,1312.50255217462
42,17865,1700,1724,S 22ND ST,S,22ND,ST,W,LEE,ST, ,BURWELL,AVE,LOUISVILLE,1,STATE,MAJOR ARTERIAL,US-31W,1.145,8,056-US-0031W -000,S 22nd St / Bernheim Ln,Dixie Hwy (CS-1030F),17.51,Dumesnil St (CS-1010F),18.655,4100,3580.7860262,11,9.6069869,1.145,1,KYTC,372.763788395476
43,22962,4554,4564,POPLAR LEVEL RD, ,POPLAR LEVEL,RD, ,BISHOP,LN, ,WILLOW,DR,LOUISVILLE,10,STATE,MAJOR ARTERIAL,KY-864,7.117,41,056-KY-0864  -000,Poplar Level Rd,Fern Valley Rd (KY 1747),6.596,Eastern Pkwy (US 60A),13.713,16064,2257.13081355,44,6.18238022,4.725,0.66390333,KYTC,384.210733259732
44,16278,1000,1099,W BROADWAY,W,BROADWAY, ,S,10TH,ST,S,11TH,ST,LOUISVILLE,4,STATE,MAJOR ARTERIAL,US-150,3.3535,1,056-US-0150  -000,Broadway,S 22nd St (US 31W-001),0.7405,Baxter Ave (US 31E),4.094,19419.4,5792,48,14.30913698,3.353,1,KYTC,471.464610449448
45,26104,5300,5344,NEW CUT RD, ,NEW CUT,RD, ,FRISBEE,WAY, ,PARK,RD,LOUISVILLE,21,STATE,MAJOR ARTERIAL,KY-1865,5.273,5,056-KY-1865  -000,Taylor Blvd / New Cut Rd,Gene Snyder Fwy (KY 841),0.92,Berry Blvd (US 60A),6.193,20222,3835.00853404,51,9.67191352,4.556,0.86402427,KYTC,1232.42623087172
46,8487,4900,4903,U S HIGHWAY 42, ,U S HIGHWAY 42, , ,GLENVIEW,AVE, ,HOLIDAY MANOR,CTR,NORTHFIELD,16,STATE,MAJOR ARTERIAL,US-42,0.985,44,056-US-0042  -000,Brownsboro Rd / US 42,I-264,5.81,Seminary Dr (KY 22C),6.795,2172,2205.07614213,7,7.10659898,0,0,KYTC,292.850467303679
47,14947,3200,3299,W MARKET ST,W,MARKET,ST,S,32ND,ST,S,33RD,ST,LOUISVILLE,5,METRO,MINOR ARTERIAL, ,1.565,33,056-CS-1006A -000,W Market St (CS-1006A),S 22nd St (US 31W-001),0,S 40th St (CS-1043F),1.565,6500,2472.42297452,18,6.84670978,2.629,1,METRO,352.351745035642
48,22520,4120,4146,PRESTON HWY, ,PRESTON,HWY, ,BRIDEN,AVE, ,I 264 RAMP, ,LOUISVILLE,21,STATE,MAJOR ARTERIAL,KY-61,7.502,9,056-KY-0061  -000,Preston Hwy,Cooper Chapel Rd / Commerce Crossings Dr (KY 6299),1.401,Hart Ave,8.903,25969,3461.61023727,77,10.26392962,4.884,0.65102639,KYTC,403.567172485097
49,14973,199,150,N 22ND ST,N,22ND,ST, ,CROP,ST, ,ROWAN,ST,LOUISVILLE,5,STATE,MAJOR ARTERIAL,US-150,0.741,15,056-US-0150  -000,N 22nd St,Northwestern Pkwy,0,W Main St (US 31W-001),0.741,2292,3093.11740891,6,8.09716599,0.49,0.66126856,KYTC,238.397154188132
50,14859,299,216,N 22ND ST,N,22ND,ST, ,COLUMBIA,ST, ,DUNCAN,ST,LOUISVILLE,5,STATE,MAJOR ARTERIAL,US-150,0.741,15,056-US-0150  -000,N 22nd St,Northwestern Pkwy,0,W Main St (US 31W-001),0.741,2292,3093.11740891,6,8.09716599,0.49,0.66126856,KYTC,241.360351061885
51,5245,3405,3499,BARDSTOWN RD, ,BARDSTOWN,RD, ,HEATHER,LN, ,MEADOW,DR,LOUISVILLE,10,STATE,MAJOR ARTERIAL,US-31E,5.8,16,056-US-0031E -000,Beuchel Byp / Bardstown Rd / Baxter Ave,Hikes Lane (KY 2052),10.974,E Main St (US 31E),16.774,17471,3012.24137931,41,7.1,1.878,0.3237931,KYTC,762.076937578525
52,22439,4200,4299,SOUTHERN PKY, ,SOUTHERN,PKY,W,WHITNEY,AVE,W,LANSING,AVE,LOUISVILLE,15,STATE,MINOR ARTERIAL,KY-1020,1.313,35,056-KY-1020  -000,Southern Pkwy,W Woodlawn Ave (CS-1096F),7.837,S 3rd St (CS-1013F),9.15,3174,2417.3648134,11,8.37776085,1.313,1,KYTC,511.009103406748
53,22452,4100,4119,PRESTON HWY, ,PRESTON,HWY, ,MORGAN,AVE, ,BRIDEN,AVE,LOUISVILLE,21,STATE,MAJOR ARTERIAL,KY-61,7.502,9,056-KY-0061  -000,Preston Hwy,Cooper Chapel Rd / Commerce Crossings Dr (KY 6299),1.401,Hart Ave,8.903,25969,3461.61023727,77,10.26392962,4.884,0.65102639,KYTC,89.052786540484
54,26344,4340,4499,POPLAR LEVEL RD, ,POPLAR LEVEL,RD, ,SANITA,RD, ,SELINDA,AVE,LOUISVILLE,10,STATE,MAJOR ARTERIAL,KY-864,7.117,41,056-KY-0864  -000,Poplar Level Rd,Fern Valley Rd (KY 1747),6.596,Eastern Pkwy (US 60A),13.713,16064,2257.13081355,44,6.18238022,4.725,0.66390333,KYTC,1804.46414969658
55,9756,3915,3999,SHEPHERDSVILLE RD, ,SHEPHERDSVILLE,RD, ,BASHFORD,AVE, ,BASHFORD,AVE,WEST BUECHEL,10,STATE,MINOR ARTERIAL,KY-2052,2.908,39,056-KY-2052  -000,Shepherdsville Rd,Fern Valley Rd (KY 1747),1.214,Hikes Lane (KY 2052),4.122,6742,2318.43191197,20,6.87757909,2.908,1,KYTC,43.5409738780611
56,24225,7251,7299,SOUTHSIDE DR, ,SOUTHSIDE,DR, ,WOODMORE,AVE, ,PALATKA,RD,LOUISVILLE,21,STATE,MINOR ARTERIAL,KY-907,4.91,50,056-KY-0907  -000,3rd Street Rd (KY 907),E Pages Ln / Highcrest Ave,2.09,National Turnpike (KY 1020),7,13188,2003.64630811,41,6.22910969,4.251,0.64585232,KYTC,532.944207125486
57,15530,3499,3400,RIVER PARK DR, ,RIVER PARK,DR,S,35TH,ST, ,LOUIS COLEMAN JR,DR,LOUISVILLE,5,METRO,PRIMARY COLLECTOR, ,0.676,28,056-CS-1016A -000,River Park Dr (CS-1016A),S 37th St (CS-1078A),0.753,S 30th St (CS-1071F),1.429,5742,2586.48648649,13,5.85585586,2.22,1,METRO,479.026508898701
58,14848,3831,3899,W MARKET ST,W,MARKET,ST,S,39TH,ST,S,39TH,ST,LOUISVILLE,5,METRO,MINOR ARTERIAL, ,1.565,33,056-CS-1006A -000,W Market St (CS-1006A),S 22nd St (US 31W-001),0,S 40th St (CS-1043F),1.565,6500,2472.42297452,18,6.84670978,2.629,1,METRO,212.043260625191
59,8712,3300,3306,HIKES LN, ,HIKES,LN, ,CASA BELLA,CT, ,EL CONQUISTADOR,PL,LOUISVILLE,26,METRO,MINOR ARTERIAL, ,2.399,36,056-CR-1002G -000,Hikes Lane,Buechel Byp (US 31E),0.797,Taylorsville Rd (KY 155),3.196,5776,2407.66986244,15,6.25260525,0.191,0.07961651,METRO,151.923199153027
60,25386,9651,9749,PRESTON HWY, ,PRESTON,HWY, ,I 265 RAMP, , ,I 265 RAMP, ,LOUISVILLE,24,STATE,MAJOR ARTERIAL,KY-61,7.502,9,056-KY-0061  -000,Preston Hwy,Cooper Chapel Rd / Commerce Crossings Dr (KY 6299),1.401,Hart Ave,8.903,25969,3461.61023727,77,10.26392962,4.884,0.65102639,KYTC,541.894646081286
61,28982,7200,7214,DIXIE HWY, ,DIXIE,HWY, ,TEXTILE,AVE, ,ROSE FARM,DR,LOUISVILLE,12,STATE,MAJOR ARTERIAL,US-31W,14.536,10,056-US-0031W -000,Dixie Hwy,Depot Lane,2.974,Bernheim Ln (US 31W),17.51,49906,3433,150,10.3,12.626,0.86860209,KYTC,234.949355194003
62,29377,5200,5299,GREENWOOD RD, ,GREENWOOD,RD, ,ALYSSUM,DR, ,MANGO,DR,LOUISVILLE,14,STATE,MINOR ARTERIAL,KY-1931,9.06,24,056-KY-1931  -000,Greenwood Rd / St. Andrews Church Rd / Manslick Rd / 7th Street Rd,Terry Road (KY 1727),1.47,Algonquin Pkwy (KY 2054),10.53,24325,2684.8785872,73,8.05739514,7.024,0.77527594,KYTC,864.24033279414
63,18279,2000,2009,S 22ND ST,S,22ND,ST, ,DIXDALE,AVE, ,BERNHEIM,LN,LOUISVILLE,3,STATE,MAJOR ARTERIAL,US-31W,1.145,8,056-US-0031W -000,S 22nd St / Bernheim Ln,Dixie Hwy (CS-1030F),17.51,Dumesnil St (CS-1010F),18.655,4100,3580.7860262,11,9.6069869,1.145,1,KYTC,162.017740687193
64,17970,1725,1799,S 22ND ST,S,22ND,ST, ,BURWELL,AVE, ,VORSTER,AVE,LOUISVILLE,1,STATE,MAJOR ARTERIAL,US-31W,1.145,8,056-US-0031W -000,S 22nd St / Bernheim Ln,Dixie Hwy (CS-1030F),17.51,Dumesnil St (CS-1010F),18.655,4100,3580.7860262,11,9.6069869,1.145,1,KYTC,392.26886899916
65,20647,1543,1564,BARDSTOWN RD, ,BARDSTOWN,RD, ,STEVENS,AVE, ,ALTA,AVE,LOUISVILLE,8,STATE,MAJOR ARTERIAL,US-31E,5.8,16,056-US-0031E -000,Beuchel Byp / Bardstown Rd / Baxter Ave,Hikes Lane (KY 2052),10.974,E Main St (US 31E),16.774,17471,3012.24137931,41,7.1,1.878,0.3237931,KYTC,294.997264829278
66,33757,2740,2799,OUTER LOOP, ,OUTER,LOOP, ,AIR COMMERCE,DR, ,I 65 RAMP, ,LOUISVILLE,13,STATE,MAJOR ARTERIAL,KY-1065,3.531,42,056-KY-1065  -000,Outer Loop,National Turnpike (KY 1020),2.514,Preston Hwy (KY 61),6.045,7853,2224.01585953,20,5.66411781,3.311,0.9376947,KYTC,1799.00525236253
67,29041,7856,7859,ST ANDREWS CHURCH RD, ,ST ANDREWS CHURCH,RD, ,ARNOLDTOWN,RD, ,BIRNAMWOOD,DR,LOUISVILLE,12,STATE,MINOR ARTERIAL,KY-1931,9.06,24,056-KY-1931  -000,Greenwood Rd / St. Andrews Church Rd / Manslick Rd / 7th Street Rd,Terry Road (KY 1727),1.47,Algonquin Pkwy (KY 2054),10.53,24325,2684.8785872,73,8.05739514,7.024,0.77527594,KYTC,259.4166346012
68,16540,900,914,DIXIE HWY, ,DIXIE,HWY, ,GARLAND,AVE, ,GARLAND,AVE,LOUISVILLE,4,METRO,MINOR ARTERIAL, ,2.008,29,056-CS-1030F -000,Dixie Hwy,W Broadway (US 150),0,Bernheim Lane (US 31W),2.008,5174,2576.69322709,13,6.47410359,2.008,1,METRO,151.720240080221
69,21459,3651,3799,CANE RUN RD, ,CANE RUN,RD, ,NO STREET NAME, , ,CAMP GROUND,RD,LOUISVILLE,3,STATE,MINOR ARTERIAL,KY-1934,11.502,21,056-KY-1934  -000,Greenbelt Hwy / Cane Run Rd,Gene Snyder Fwy (KY 841),0,Algonquin Pkwy (KY 2054),11.502,31389,2729.00365154,100,8.69414015,9.201,0.79994784,KYTC,1378.39375041801
70,25788,4000,4022,TAYLOR BLVD, ,TAYLOR,BLVD, ,I 264 RAMP, , ,MANITAU,AVE,LOUISVILLE,21,STATE,MAJOR ARTERIAL,KY-1865,5.273,5,056-KY-1865  -000,Taylor Blvd / New Cut Rd,Gene Snyder Fwy (KY 841),0.92,Berry Blvd (US 60A),6.193,20222,3835.00853404,51,9.67191352,4.556,0.86402427,KYTC,645.116762674459
71,9384,9000,9199,SHELBYVILLE RD, ,SHELBYVILLE,RD, ,CHIPPING,WAY, ,WHITTINGTON,PKY,LOUISVILLE,18,STATE,MAJOR ARTERIAL,US-60,1.413,53,056-US-0060  -000,Shelbyville Rd,Whipps Mill Rd (CS-1005C),6.435,Hurstbourne Pkwy (KY 1747),7.848,2682,1898.08917197,8,5.66171267,0,0,KYTC,837.013064530487
72,28752,14200,14299,DIXIE HWY, ,DIXIE,HWY, ,ROGERS,LN, ,SHIPLEY,LN,LOUISVILLE,14,STATE,MAJOR ARTERIAL,US-31W,14.536,10,056-US-0031W -000,Dixie Hwy,Depot Lane,2.974,Bernheim Ln (US 31W),17.51,49906,3433,150,10.3,12.626,0.86860209,KYTC,355.323182361796
73,8865,9900,9906,TAYLORSVILLE RD, ,TAYLORSVILLE,RD, ,DEPOT,RD, ,SNIVELY,AVE,JEFFERSONTOWN,11,STATE,MAJOR ARTERIAL,KY-155,4.24,48,056-KY-0155  -000,Taylorsville Rd,Watterson Trl (CS-1073H),9.35,Breckenridge Ln (KY 1932),13.59,8629,2035,22,5.24558894,0,0,KYTC,490.487902879402
74,31368,2606,2621,ROCKFORD LN, ,ROCKFORD,LN, ,KEVIN,CT, ,KOPPEL,DR,SHIVELY,1,STATE,MINOR ARTERIAL,KY-2051,1.975,14,056-KY-2051  -000,Rockford Ln,Dixie Hwy (US 31W),0,Cane Run Rd (KY 1934),1.975,6318,3198.98734177,20,10.12658228,1.975,1,KYTC,294.418019907733
75,26369,2700,2716,FERN VALLEY RD, ,FERN VALLEY,RD, ,I 65 RAMP, , ,SIGNATURE,DR,LOUISVILLE,21,STATE,MAJOR ARTERIAL,KY-1747,4.046,26,056-KY-1747  -000,Fern Valley Rd,Grade Ln (CR-1001G),0,Shepherdsville Rd (KY 2052),4.046,10717,2648.78892734,29,7.16757291,3.47,0.85763717,KYTC,715.129120168079
76,17699,1500,1599,S 22ND ST,S,22ND,ST,W,HILL,ST,W,GAULBERT,AVE,LOUISVILLE,6,STATE,MAJOR ARTERIAL,US-31W,1.145,8,056-US-0031W -000,S 22nd St / Bernheim Ln,Dixie Hwy (CS-1030F),17.51,Dumesnil St (CS-1010F),18.655,4100,3580.786026,11,9.606987,1.145,1,KYTC,333.231607987963
77,23579,5400,5499,SOUTHSIDE DR, ,SOUTHSIDE,DR, ,IROQUOIS,AVE, ,ROCHESTER,DR,LOUISVILLE,21,STATE,MINOR ARTERIAL,KY-1020,1.672,50,056-KY-1020  -000,Southside Dr (KY 907/1020),National Turnpike (KY 1020),5.7,W Tenny Ave (KY 1020),7.372,13188,2003.64630811,41,6.22910969,4.251,0.64585232,KYTC,298.665742346796
78,18652,884,899,EASTERN PKY, ,EASTERN,PKY, ,DELOR,AVE, ,KESWICK,BLVD,LOUISVILLE,15,STATE,MAJOR ARTERIAL,US-60A,3.523,40,056-US-0060A -000,Eastern Pkwy,S 3rd St (KY 1020),3.409,Willow Ave (US 60A),6.932,8026,2278.17201249,22,6.24467783,1.154,0.32756174,KYTC,337.864309096976
79,29245,10300,10499,DIXIE HWY, ,DIXIE,HWY, ,VESPER,LN, ,ASHBY,LN,LOUISVILLE,14,STATE,MAJOR ARTERIAL,US-31W,14.536,10,056-US-0031W -000,Dixie Hwy,Depot Lane,2.974,Bernheim Ln (US 31W),17.51,49906,3433,150,10.3,12.626,0.86860209,KYTC,1188.47808116686
80,18038,1980,1999,BARDSTOWN RD, ,BARDSTOWN,RD, ,LAUDERDALE,RD, ,BOULEVARD NAPOLEON, ,LOUISVILLE,8,STATE,MAJOR ARTERIAL,US-31E,5.8,16,056-US-0031E -000,Beuchel Byp / Bardstown Rd / Baxter Ave,Hikes Lane (KY 2052),10.974,E Main St (US 31E),16.774,17471,3012.24137931,41,7.1,1.878,0.3237931,KYTC,181.40465769131
81,14346,2699,2652,BANK ST, ,BANK,ST,N,27TH,ST,N,28TH,ST,LOUISVILLE,5,STATE,MINOR ARTERIAL,KY-3082,0.822,52,056-KY-3082  -000,Bank St,N 30th St (CS-1054A),0.716,N 22nd St (US 150),1.538,1575,1916.05839416,5,6.08272506,0.822,1,KYTC,176.095548240753
82,15540,3399,3222,RIVER PARK DR, ,RIVER PARK,DR, ,LOUIS COLEMAN JR,DR, ,I 264 RAMP, ,LOUISVILLE,5,METRO,MINOR ARTERIAL, ,0.676,28,056-CS-1016A -000,River Park Dr (CS-1016A),S 37th St (CS-1078A),0.753,S 30th St (CS-1071F),1.429,5742,2586.48648649,13,5.85585586,2.22,1,METRO,334.130767059264
83,19032,2417,2499,NEWBURG RD, ,NEWBURG,RD, ,THACKERAY,DR, ,FOREST HILL,DR,LOUISVILLE,10,STATE,MINOR ARTERIAL,KY-1703,2.593,30,056-KY-1703  -000,Newburg Rd,Bluegrass Park Dr (CS-1185G),1.25,Bellarmine Blvd (PS-1084G),3.843,6510.5,2510.79830312,18,6.94176629,1.066,0.41110683,KYTC,442.227128538416
84,26951,2021,2027,ROCKFORD LN, ,ROCKFORD,LN, ,JAMES R MEDER,RD, ,LYNN LEA,RD,SHIVELY,3,STATE,MINOR ARTERIAL,KY-2051,1.975,14,056-KY-2051  -000,Rockford Ln,Dixie Hwy (US 31W),0,Cane Run Rd (KY 1934),1.975,6318,3198.98734177,20,10.12658228,1.975,1,KYTC,117.761870632104
85,15062,2600,2736,W MARKET ST,W,MARKET,ST,S,26TH,ST,S,28TH,ST,LOUISVILLE,5,METRO,MINOR ARTERIAL, ,1.565,33,056-CS-1006A -000,W Market St (CS-1006A),S 22nd St (US 31W-001),0,S 40th St (CS-1043F),1.565,6500,2472.42297452,18,6.84670978,2.629,1,METRO,792.816321440377
86,19596,3268,3274,TAYLOR BLVD, ,TAYLOR,BLVD, ,CALHOUN,AVE, ,EARL,AVE,LOUISVILLE,15,STATE,MAJOR ARTERIAL,US-60A,3.157,4,056-US-0060A -000,7th Street Rd / Berry Blvd / Taylor Blvd / Winkler Ave,Dixie Hwy (US 31W),0,S 3rd St (KY 1020),3.157,13771,4362.05258156,37,11.71998733,3.157,1,KYTC,116.923983477838
87,16307,800,899,W BROADWAY,W,BROADWAY, ,S,8TH,ST, ,ROY WILKINS,AVE,LOUISVILLE,4,STATE,MAJOR ARTERIAL,US-150,3.3535,1,056-US-0150  -000,Broadway,S 22nd St (US 31W-001),0.7405,Baxter Ave (US 31E),4.094,19419.4,5792,48,14.30913698,3.353,1,KYTC,431.968590618867
88,8864,9800,9899,TAYLORSVILLE RD, ,TAYLORSVILLE,RD, ,OAKSHIRE,DR, ,DEPOT,RD,JEFFERSONTOWN,11,STATE,MAJOR ARTERIAL,KY-155,4.24,48,056-KY-0155  -000,Taylorsville Rd,Watterson Trl (CS-1073H),9.35,Breckenridge Ln (KY 1932),13.59,8629,2035,22,5.24558894,0,0,KYTC,501.687464267518
89,29056,8109,8110,ST ANDREWS CHURCH RD, ,ST ANDREWS CHURCH,RD, ,SAND,DR, ,WOODY,LN,LOUISVILLE,12,STATE,MINOR ARTERIAL,KY-1931,9.06,24,056-KY-1931  -000,Greenwood Rd / St. Andrews Church Rd / Manslick Rd / 7th Street Rd,Terry Road (KY 1727),1.47,Algonquin Pkwy (KY 2054),10.53,24325,2684.8785872,73,8.05739514,7.024,0.77527594,KYTC,104.734463115359
90,9702,4608,4799,BARDSTOWN RD, ,BARDSTOWN,RD, ,CREWS,DR, ,WATTERSON,TRL,LOUISVILLE,2,STATE,MAJOR ARTERIAL,US-31E,1.418,38,056-US-0031E -000,Bardstown Rd,S Hurstbourne Pkwy (KY 1747),7.245,Breckenridge Ln (KY 1932),8.663,3289,2319.46403385,9,6.34696756,0,0,KYTC,1076.37334513867
91,26066,5019,5099,NEW CUT RD, ,NEW CUT,RD, ,GHEENS,AVE, ,INVERNESS,AVE,LOUISVILLE,21,STATE,MAJOR ARTERIAL,KY-1865,5.273,5,056-KY-1865  -000,Taylor Blvd / New Cut Rd,Gene Snyder Fwy (KY 841),0.92,Berry Blvd (US 60A),6.193,20222,3835.00853404,51,9.67191352,4.556,0.86402427,KYTC,445.052444857937
92,8834,3950,3999,TAYLORSVILLE RD, ,TAYLORSVILLE,RD, ,YORKSHIRE,BLVD, ,BROWNS,LN,LOUISVILLE,26,STATE,MAJOR ARTERIAL,KY-155,4.24,48,056-KY-0155  -000,Taylorsville Rd,Watterson Trl (CS-1073H),9.35,Breckenridge Ln (KY 1932),13.59,8629,2035,22,5.24558894,0,0,KYTC,631.877633607539
93,23527,5200,5299,SOUTHSIDE DR, ,SOUTHSIDE,DR, ,ASHBURY,RD,W,SOUTHLAND,BLVD,LOUISVILLE,21,STATE,MINOR ARTERIAL,KY-1020,1.672,50,056-KY-1020  -000,Southside Dr (KY 907/1020),National Turnpike (KY 1020),5.7,W Tenny Ave (KY 1020),7.372,13188,2003.64630811,41,6.22910969,4.251,0.64585232,KYTC,304.632029024875
94,14908,3500,3602,W MARKET ST,W,MARKET,ST,S,35TH,ST,S,36TH,ST,LOUISVILLE,5,METRO,MINOR ARTERIAL, ,1.565,33,056-CS-1006A -000,W Market St (CS-1006A),S 22nd St (US 31W-001),0,S 40th St (CS-1043F),1.565,6500,2472.42297452,18,6.84670978,2.629,1,METRO,418.455289892555
95,19591,3800,3899,POPLAR LEVEL RD, ,POPLAR LEVEL,RD, ,TREVILIAN,WAY, ,GRENADE,AVE,LOUISVILLE,10,STATE,MAJOR ARTERIAL,KY-864,7.117,41,056-KY-0864  -000,Poplar Level Rd,Fern Valley Rd (KY 1747),6.596,Eastern Pkwy (US 60A),13.713,16064,2257.13081355,44,6.18238022,4.725,0.66390333,KYTC,706.210729806336
96,20983,361,425,BAXTER AVE, ,BAXTER,AVE,E,LIBERTY,ST, ,LEXINGTON,RD,LOUISVILLE,4,STATE,MAJOR ARTERIAL,US-31E,5.8,16,056-US-0031E -000,Beuchel Byp / Bardstown Rd / Baxter Ave,Hikes Lane (KY 2052),10.974,E Main St (US 31E),16.774,17471,3012.24137931,41,7.1,1.878,0.3237931,KYTC,545.473508180335
97,29996,4280,4299,POPLAR LEVEL RD, ,POPLAR LEVEL,RD, ,I 264 RAMP, , ,I 264 RAMP, ,LOUISVILLE,10,STATE,MAJOR ARTERIAL,KY-864,7.117,41,056-KY-0864  -000,Poplar Level Rd,Fern Valley Rd (KY 1747),6.596,Eastern Pkwy (US 60A),13.713,16064,2257.13081355,44,6.18238022,4.725,0.66390333,KYTC,426.005825830184
98,20604,1355,1374,BARDSTOWN RD, ,BARDSTOWN,RD, ,MIDLAND,AVE, ,TYLER,PKY,LOUISVILLE,8,STATE,MAJOR ARTERIAL,US-31E,5.8,16,056-US-0031E -000,Beuchel Byp / Bardstown Rd / Baxter Ave,Hikes Lane (KY 2052),10.974,E Main St (US 31E),16.774,17471,3012.24137931,41,7.1,1.878,0.3237931,KYTC,313.049323382393
99,18003,100,199,E HILL ST,E,HILL,ST,S,1ST,ST,S,BROOK,ST,LOUISVILLE,6,METRO,MINOR ARTERIAL, ,0.359,25,056-CS-1259F -000,E Hill St (CS-1259F),S Preston St (CS-1524F),0.191,S 1st St (CS-1002F),0.55,2714,2658.17825661,6,5.87659158,1.021,1,METRO,480.620467915392
100,14402,2200,2237,PORTLAND AVE, ,PORTLAND,AVE, ,CARTER,ST,N,23RD,ST,LOUISVILLE,5,STATE,MINOR ARTERIAL,KY-3064,1.1,46,056-KY-3064  -000,Portland Ave (KY 3064),N 22nd St (US 150),0,N 33rd St / Northwestern Pky (CS-1003A),1.1,3836,2135.85746102,13,7.23830735,1.796,1,KYTC,536.267438527644
101,9388,8700,8799,SHELBYVILLE RD, ,SHELBYVILLE,RD, ,SHAFTESBURY,DR, ,BELLEMEADE,RD,LOUISVILLE,18,STATE,MAJOR ARTERIAL,US-60,1.413,53,056-US-0060  -000,Shelbyville Rd,Whipps Mill Rd (CS-1005C),6.435,Hurstbourne Pkwy (KY 1747),7.848,2682,1898.08917197,8,5.66171267,0,0,KYTC,886.217975377427
102,17706,1719,1749,BARDSTOWN RD, ,BARDSTOWN,RD, ,DEERWOOD,AVE, ,MARYLAND,AVE,LOUISVILLE,8,STATE,MAJOR ARTERIAL,US-31E,5.8,16,056-US-0031E -000,Beuchel Byp / Bardstown Rd / Baxter Ave,Hikes Lane (KY 2052),10.974,E Main St (US 31E),16.774,17471,3012.24137931,41,7.1,1.878,0.3237931,KYTC,268.027850283206
103,16337,600,699,W BROADWAY,W,BROADWAY, ,S,6TH,ST,S,7TH,ST,LOUISVILLE,6,STATE,MAJOR ARTERIAL,US-150,3.3535,1,056-US-0150  -000,Broadway,S 22nd St (US 31W-001),0.7405,Baxter Ave (US 31E),4.094,19419.4,5792,48,14.30913698,3.353,1,KYTC,477.892567885948
104,24168,5363,5379,NEW CUT RD, ,NEW CUT,RD, ,WILDERNESS,RD, ,WOODMORE,AVE,LOUISVILLE,25,STATE,MAJOR ARTERIAL,KY-1865,5.273,5,056-KY-1865  -000,Taylor Blvd / New Cut Rd,Gene Snyder Fwy (KY 841),0.92,Berry Blvd (US 60A),6.193,20222,3835.00853404,51,9.67191352,4.556,0.86402427,KYTC,859.011176434169
105,23716,5011,5014,POPLAR LEVEL RD, ,POPLAR LEVEL,RD, ,MEDALLION,CT, ,ALETHA,DR,LOUISVILLE,2,STATE,MAJOR ARTERIAL,KY-864,7.117,41,056-KY-0864  -000,Poplar Level Rd,Fern Valley Rd (KY 1747),6.596,Eastern Pkwy (US 60A),13.713,16064,2257.13081355,44,6.18238022,4.725,0.66390333,KYTC,141.306410126652
106,16020,3126,3199,W BROADWAY,W,BROADWAY, , ,HAZEL,ST,S,32ND,ST,LOUISVILLE,5,METRO,MAJOR ARTERIAL, ,1.19,3,056-CS-1021F -000,W Broadway,S 22nd St (US 31W-001),0,S 35th St (north leg),1.19,6262,5262.18487395,19,15.96638655,1.19,1,METRO,351.469595404642
107,22682,4400,4499,S 3RD ST,S,3RD,ST, ,I 264 RAMP, ,W,SOUTHERN HEIGHTS,AVE,LOUISVILLE,21,METRO,MINOR ARTERIAL, ,2.667,34,056-CS-1013F -000,S 3rd St (CS-1013F),Southern Pkwy (KY 1020),0,W Kenwood Dr (CS-1257F),2.667,6840,2445.4772971,19,6.79299249,2.797,1,METRO,733.940384963946
108,16094,2100,2199,W BROADWAY,W,BROADWAY, , ,DR W J HODGE,ST,S,22ND,ST,LOUISVILLE,4,STATE,MAJOR ARTERIAL,US-150,3.3535,1,056-US-0150  -000,Broadway,S 22nd St (US 31W-001),0.7405,Baxter Ave (US 31E),4.094,19419.4,5792,48,14.30913698,3.353,1,KYTC,482.281623546649
109,18549,2160,2199,DIXIE HWY, ,DIXIE,HWY, ,WINGFIELD,LN, ,HAROLD,AVE,LOUISVILLE,3,STATE,MAJOR ARTERIAL,US-31W,14.536,10,056-US-0031W -000,Dixie Hwy,Depot Lane,2.974,Bernheim Ln (US 31W),17.51,49906,3433,150,10.3,12.626,0.86860209,KYTC,178.549942422738
110,23117,4640,4655,POPLAR LEVEL RD, ,POPLAR LEVEL,RD, ,MASON DIXON,LN, ,HUNTINGTON PARK,DR,LOUISVILLE,10,STATE,MAJOR ARTERIAL,KY-864,7.117,41,056-KY-0864  -000,Poplar Level Rd,Fern Valley Rd (KY 1747),6.596,Eastern Pkwy (US 60A),13.713,16064,2257.13081355,44,6.18238022,4.725,0.66390333,KYTC,515.165798828276
111,36739,7000,7003,SOUTHSIDE DR, ,SOUTHSIDE,DR,E,KENWOOD,DR, ,NO STREET NAME, ,LOUISVILLE,25,STATE,MINOR ARTERIAL,KY-1020,1.672,50,056-KY-1020  -000,Southside Dr (KY 907/1020),National Turnpike (KY 1020),5.7,W Tenny Ave (KY 1020),7.372,13188,2003.64630811,41,6.22910969,4.251,0.64585232,KYTC,116.095015506656
112,24138,7004,7099,SOUTHSIDE DR, ,SOUTHSIDE,DR, ,NO STREET NAME, , ,HATCHER,AVE,LOUISVILLE,21,STATE,MINOR ARTERIAL,KY-1020,1.672,50,056-KY-1020  -000,Southside Dr (KY 907/1020),National Turnpike (KY 1020),5.7,W Tenny Ave (KY 1020),7.372,13188,2003.64630811,41,6.22910969,4.251,0.64585232,KYTC,800.907535179881
113,1337,2925,2999,HIKES LN, ,HIKES,LN, ,NOE,WAY, ,KLONDIKE,LN,LOUISVILLE,26,METRO,MINOR ARTERIAL, ,2.399,36,056-CR-1002G -000,Hikes Lane,Buechel Byp (US 31E),0.797,Taylorsville Rd (KY 155),3.196,5776,2407.66986244,15,6.25260525,0.191,0.07961651,METRO,293.862387140202
114,18437,2110,2129,DIXIE HWY, ,DIXIE,HWY, ,OREGON,AVE, ,ALLSTON,AVE,LOUISVILLE,3,STATE,MAJOR ARTERIAL,US-31W,14.536,10,056-US-0031W -000,Dixie Hwy,Depot Lane,2.974,Bernheim Ln (US 31W),17.51,49906,3433,150,10.3,12.626,0.86860209,KYTC,348.387811866947
115,24476,7700,7706,PRESTON HWY, ,PRESTON,HWY, ,BATES,AVE, ,MARKWELL,LN,LOUISVILLE,13,STATE,MAJOR ARTERIAL,KY-61,7.502,9,056-KY-0061  -000,Preston Hwy,Cooper Chapel Rd / Commerce Crossings Dr (KY 6299),1.401,Hart Ave,8.903,25969,3461.61023727,77,10.26392962,4.884,0.65102639,KYTC,206.753366980595
116,23782,6400,6499,S 3RD ST,S,3RD,ST, ,ARBOR,AVE, ,CAMBRIDGE,DR,LOUISVILLE,21,METRO,PRIMARY COLLECTOR, ,2.667,34,056-CS-1013F -000,S 3rd St (CS-1013F),Southern Pkwy (KY 1020),0,W Kenwood Dr (CS-1257F),2.667,6840,2445.4772971,19,6.79299249,2.797,1,METRO,307.283868288409
117,22930,4000,4429,MANSLICK RD, ,MANSLICK,RD, ,CRUMS,LN, ,LANCE,DR,LOUISVILLE,3,STATE,MINOR ARTERIAL,KY-1931,9.06,24,056-KY-1931  -000,Greenwood Rd / St. Andrews Church Rd / Manslick Rd / 7th Street Rd,Terry Road (KY 1727),1.47,Algonquin Pkwy (KY 2054),10.53,24325,2684.8785872,73,8.05739514,7.024,0.77527594,KYTC,2106.54851610251
118,29615,4650,4699,CANE RUN RD, ,CANE RUN,RD, ,CATHE DYKSTRA,WAY, ,NEW LYNNVIEW,DR,LOUISVILLE,1,STATE,MAJOR ARTERIAL,KY-1934,11.502,21,056-KY-1934  -000,Greenbelt Hwy / Cane Run Rd,Gene Snyder Fwy (KY 841),0,Algonquin Pkwy (KY 2054),11.502,31389,2729.00365154,100,8.69414015,9.201,0.79994784,KYTC,312.856827528584
119,18808,791,799,EASTERN PKY, ,EASTERN,PKY,S,PRESTON,ST,S,SHELBY,ST,LOUISVILLE,15,STATE,MAJOR ARTERIAL,US-60A,3.523,40,056-US-0060A -000,Eastern Pkwy,S 3rd St (KY 1020),3.409,Willow Ave (US 60A),6.932,8026,2278.17201249,22,6.24467783,1.154,0.32756174,KYTC,159.801696489802
120,24336,7423,7425,3RD STREET RD, ,3RD STREET,RD, ,SHOREWOOD,DR, ,BRUCE,AVE,LOUISVILLE,25,STATE,MINOR ARTERIAL,KY-907,4.91,50,056-KY-0907  -000,3rd Street Rd (KY 907),E Pages Ln / Highcrest Ave,2.09,National Turnpike (KY 1020),7,13188,2003.64630811,41,6.22910969,4.251,0.64585232,KYTC,321.026825446488
121,18819,900,1139,ALGONQUIN PKY, ,ALGONQUIN,PKY, ,COLORADO,AVE, ,LINDBERGH,DR,LOUISVILLE,6,STATE,MAJOR ARTERIAL,KY-2054,1.762,13,056-KY-2054  -000,Algonquin Pkwy,S 22nd St (US 31W),1.504,Winkler Ave (US 60A),3.266,5638.85,3200.2553916,15,8.51305335,1.762,1,KYTC,756.69116087604
122,17720,1750,1769,BARDSTOWN RD, ,BARDSTOWN,RD, ,MARYLAND,AVE, ,DEER PARK,AVE,LOUISVILLE,8,STATE,MAJOR ARTERIAL,US-31E,5.8,16,056-US-0031E -000,Beuchel Byp / Bardstown Rd / Baxter Ave,Hikes Lane (KY 2052),10.974,E Main St (US 31E),16.774,17471,3012.24137931,41,7.1,1.878,0.3237931,KYTC,99.2135756373316
123,8642,2950,2999,BRECKENRIDGE LN, ,BRECKENRIDGE,LN, ,TAYLORSVILLE,RD, ,HIKES,LN,LOUISVILLE,26,STATE,MINOR ARTERIAL,KY-1932,3.189,37,056-KY-1932  -000,Breckenridge Ln,Six Mile Ln (CR-1002H),1.129,Milford Lane Connector,4.318,7558,2370.02195045,17,5.33082471,0,0,KYTC,915.678381090878
124,14464,523,526,N 22ND ST,N,22ND,ST, ,LYTLE,ST, ,LYTLE,ST,LOUISVILLE,5,STATE,MAJOR ARTERIAL,US-150,0.741,15,056-US-0150  -000,N 22nd St,Northwestern Pkwy,0,W Main St (US 31W-001),0.741,2292,3093.11740891,6,8.09716599,0.49,0.66126856,KYTC,33.5689591124986
125,14341,2749,2700,BANK ST, ,BANK,ST,N,28TH,ST,N,29TH,ST,LOUISVILLE,5,STATE,MINOR ARTERIAL,KY-3082,0.822,52,056-KY-3082  -000,Bank St,N 30th St (CS-1054A),0.716,N 22nd St (US 150),1.538,1575,1916.05839416,5,6.08272506,0.822,1,KYTC,504.852500110534
126,19681,3408,3499,DIXIE HWY, ,DIXIE,HWY, ,CHESTER,RD, ,FARNSLEY,RD,SHIVELY,3,STATE,MAJOR ARTERIAL,US-31W,14.536,10,056-US-0031W -000,Dixie Hwy,Depot Lane,2.974,Bernheim Ln (US 31W),17.51,49906,3433,150,10.3,12.626,0.86860209,KYTC,149.581499524507
127,22937,4500,4553,POPLAR LEVEL RD, ,POPLAR LEVEL,RD, ,SELINDA,AVE, ,BISHOP,LN,LOUISVILLE,21,STATE,MAJOR ARTERIAL,KY-864,7.117,41,056-KY-0864  -000,Poplar Level Rd,Fern Valley Rd (KY 1747),6.596,Eastern Pkwy (US 60A),13.713,16064,2257.13081355,44,6.18238022,4.725,0.66390333,KYTC,1595.41417321333
128,23804,6500,6599,S 3RD ST,S,3RD,ST, ,CAMBRIDGE,DR, ,LONE OAK,TRL,LOUISVILLE,21,METRO,PRIMARY COLLECTOR, ,2.667,34,056-CS-1013F -000,S 3rd St (CS-1013F),Southern Pkwy (KY 1020),0,W Kenwood Dr (CS-1257F),2.667,6840,2445.4772971,19,6.79299249,2.797,1,METRO,181.321302739651
129,15033,149,100,N 22ND ST,N,22ND,ST,W,MAIN,ST, ,CROP,ST,LOUISVILLE,5,STATE,MAJOR ARTERIAL,US-150,0.741,15,056-US-0150  -000,N 22nd St,Northwestern Pkwy,0,W Main St (US 31W-001),0.741,2292,3093.11740891,6,8.09716599,0.49,0.66126856,KYTC,257.532461852506
130,20591,1300,1339,BARDSTOWN RD, ,BARDSTOWN,RD, ,ROSEWOOD,AVE, ,CHEROKEE,PKY,LOUISVILLE,8,STATE,MAJOR ARTERIAL,US-31E,5.8,16,056-US-0031E -000,Beuchel Byp / Bardstown Rd / Baxter Ave,Hikes Lane (KY 2052),10.974,E Main St (US 31E),16.774,17471,3012.24137931,41,7.1,1.878,0.3237931,KYTC,472.351457649031
131,26334,3442,3447,NEWBURG RD, ,NEWBURG,RD, ,BASHFORD MANOR,LN, ,SPRING CREEK,CT,LOUISVILLE,10,STATE,MINOR ARTERIAL,KY-1703,2.593,30,056-KY-1703  -000,Newburg Rd,Bluegrass Park Dr (CS-1185G),1.25,Bellarmine Blvd (PS-1084G),3.843,6510.5,2510.79830312,18,6.94176629,1.066,0.41110683,KYTC,363.291701704658
132,25779,3911,3999,TAYLOR BLVD, ,TAYLOR,BLVD, ,I 264 RAMP, ,W,ASHLAND,AVE,LOUISVILLE,15,STATE,MAJOR ARTERIAL,KY-1865,5.273,5,056-KY-1865  -000,Taylor Blvd / New Cut Rd,Gene Snyder Fwy (KY 841),0.92,Berry Blvd (US 60A),6.193,20222,3835.00853404,51,9.67191352,4.556,0.86402427,KYTC,303.064875095832
133,24253,7300,7323,SOUTHSIDE DR, ,SOUTHSIDE,DR, ,PALATKA,RD, ,LILLIAN,WAY,LOUISVILLE,21,STATE,MINOR ARTERIAL,KY-907,4.91,50,056-KY-0907  -000,3rd Street Rd (KY 907),E Pages Ln / Highcrest Ave,2.09,National Turnpike (KY 1020),7,13188,2003.64630811,41,6.22910969,4.251,0.64585232,KYTC,654.41933766396
134,22286,4010,4024,CANE RUN RD, ,CANE RUN,RD, ,I 264 RAMP, , ,I 264 RAMP, ,SHIVELY,3,STATE,MINOR ARTERIAL,KY-1934,11.502,21,056-KY-1934  -000,Greenbelt Hwy / Cane Run Rd,Gene Snyder Fwy (KY 841),0,Algonquin Pkwy (KY 2054),11.502,31389,2729.00365154,100,8.69414015,9.201,0.79994784,KYTC,221.576159967894
135,14934,3300,3399,W MARKET ST,W,MARKET,ST,S,33RD,ST, ,LOUIS COLEMAN JR,DR,LOUISVILLE,5,METRO,MINOR ARTERIAL, ,1.565,33,056-CS-1006A -000,W Market St (CS-1006A),S 22nd St (US 31W-001),0,S 40th St (CS-1043F),1.565,6500,2472.42297452,18,6.84670978,2.629,1,METRO,368.514706499279
136,21074,3100,3113,DIXIE HWY, ,DIXIE,HWY, ,RALPH,AVE, ,CLINTON,PL,SHIVELY,3,STATE,MAJOR ARTERIAL,US-31W,14.536,10,056-US-0031W -000,Dixie Hwy,Depot Lane,2.974,Bernheim Ln (US 31W),17.51,49906,3433,150,10.3,12.626,0.86860209,KYTC,471.626132613137
137,29045,7900,7999,ST ANDREWS CHURCH RD, ,ST ANDREWS CHURCH,RD, ,ALAMETER,DR, ,GAYMONT,DR,LOUISVILLE,12,STATE,MINOR ARTERIAL,KY-1931,9.06,24,056-KY-1931  -000,Greenwood Rd / St. Andrews Church Rd / Manslick Rd / 7th Street Rd,Terry Road (KY 1727),1.47,Algonquin Pkwy (KY 2054),10.53,24325,2684.8785872,73,8.05739514,7.024,0.77527594,KYTC,405.895065531422
138,22382,4026,4033,PRESTON HWY, ,PRESTON,HWY, ,SHORT,ST, ,KELLER,AVE,LOUISVILLE,21,STATE,MAJOR ARTERIAL,KY-61,7.502,9,056-KY-0061  -000,Preston Hwy,Cooper Chapel Rd / Commerce Crossings Dr (KY 6299),1.401,Hart Ave,8.903,25969,3461.61023727,77,10.26392962,4.884,0.65102639,KYTC,49.7807693793497
139,24402,7500,7504,PRESTON HWY, ,PRESTON,HWY, ,CLAY,AVE, ,LIPPS,LN,LOUISVILLE,13,STATE,MAJOR ARTERIAL,KY-61,7.502,9,056-KY-0061  -000,Preston Hwy,Cooper Chapel Rd / Commerce Crossings Dr (KY 6299),1.401,Hart Ave,8.903,25969,3461.61023727,77,10.26392962,4.884,0.65102639,KYTC,172.894230785942
140,29376,5300,5503,GREENWOOD RD, ,GREENWOOD,RD, ,MANGO,DR, ,FEYHURST,DR,LOUISVILLE,12,STATE,MINOR ARTERIAL,KY-1931,9.06,24,056-KY-1931  -000,Greenwood Rd / St. Andrews Church Rd / Manslick Rd / 7th Street Rd,Terry Road (KY 1727),1.47,Algonquin Pkwy (KY 2054),10.53,24325,2684.8785872,73,8.05739514,7.024,0.77527594,KYTC,921.452868678216
141,29482,13517,13799,DIXIE HWY, ,DIXIE,HWY, ,SAPPENFIELD,WAY, ,WATSON,LN,LOUISVILLE,14,STATE,MAJOR ARTERIAL,US-31W,14.536,10,056-US-0031W -000,Dixie Hwy,Depot Lane,2.974,Bernheim Ln (US 31W),17.51,49906,3433,150,10.3,12.626,0.86860209,KYTC,1283.09164233514
142,22285,4000,4009,CANE RUN RD, ,CANE RUN,RD, ,RALPH,AVE, ,I 264 RAMP, ,LOUISVILLE,1,STATE,MINOR ARTERIAL,KY-1934,11.502,21,056-KY-1934  -000,Greenbelt Hwy / Cane Run Rd,Gene Snyder Fwy (KY 841),0,Algonquin Pkwy (KY 2054),11.502,31389,2729.00365154,100,8.69414015,9.201,0.79994784,KYTC,556.550284993694
143,16085,500,524,S 2ND ST,S,2ND,ST,W,MUHAMMAD ALI,BLVD, ,GUTHRIE,ST,LOUISVILLE,4,STATE,MAJOR ARTERIAL,KY-1020,0.6271,11,056-KY-1020  -000,S 2nd St,W Broadway (US 150),12.097,W Market St (US 31E/31W),12.7241,2102,3351.93749003,4,6.37856801,0.6271,1,KYTC,397.549763423083
144,26412,4940,5999,MANSLICK RD, ,MANSLICK,RD, ,FRIDEN,WAY, ,HAZELWOOD,AVE,LOUISVILLE,15,STATE,MINOR ARTERIAL,KY-1931,9.06,24,056-KY-1931  -000,Greenwood Rd / St. Andrews Church Rd / Manslick Rd / 7th Street Rd,Terry Road (KY 1727),1.47,Algonquin Pkwy (KY 2054),10.53,24325,2684.8785872,73,8.05739514,7.024,0.77527594,KYTC,602.156400123992
145,15098,2338,2399,W MARKET ST,W,MARKET,ST,S,24TH,ST,S,24TH,ST,LOUISVILLE,5,METRO,MINOR ARTERIAL, ,1.565,33,056-CS-1006A -000,W Market St (CS-1006A),S 22nd St (US 31W-001),0,S 40th St (CS-1043F),1.565,6500,2472.42297452,18,6.84670978,2.629,1,METRO,97.3017632243245
146,22195,2500,2515,CRUMS LN, ,CRUMS,LN, ,LOMOND,DR, ,SCHAFFNER,DR,SHIVELY,3,STATE,MINOR ARTERIAL,KY-2049,1.102,12,056-KY-2049  -000,Crums Lane,Cheviot Drive (CS-1476F),0.618,Dixie Hwy (US 31W),1.72,3658,3319.41923775,11,9.98185118,1.102,1,KYTC,459.859787776734
147,25930,7600,7699,PRESTON HWY, ,PRESTON,HWY, ,HUNTINGTON,LN, ,BATES,AVE,LOUISVILLE,13,STATE,MAJOR ARTERIAL,KY-61,7.502,9,056-KY-0061  -000,Preston Hwy,Cooper Chapel Rd / Commerce Crossings Dr (KY 6299),1.401,Hart Ave,8.903,25969,3461.61023727,77,10.26392962,4.884,0.65102639,KYTC,457.821707252125
148,27610,4806,4899,GREENWOOD RD, ,GREENWOOD,RD, ,RUSSELL,AVE, ,BEECHLAND,AVE,LOUISVILLE,12,STATE,MINOR ARTERIAL,KY-1931,9.06,24,056-KY-1931  -000,Greenwood Rd / St. Andrews Church Rd / Manslick Rd / 7th Street Rd,Terry Road (KY 1727),1.47,Algonquin Pkwy (KY 2054),10.53,24325,2684.8785872,73,8.05739514,7.024,0.77527594,KYTC,334.32693536817
149,18236,1900,1999,S 22ND ST,S,22ND,ST, ,ALGONQUIN,PKY, ,DIXDALE,AVE,LOUISVILLE,3,STATE,MAJOR ARTERIAL,US-31W,1.145,8,056-US-0031W -000,S 22nd St / Bernheim Ln,Dixie Hwy (CS-1030F),17.51,Dumesnil St (CS-1010F),18.655,4100,3580.786026,11,9.606987,1.145,1,KYTC,374.328257571663
150,18454,1000,1048,EASTERN PKY, ,EASTERN,PKY, ,LYDIA,ST, ,ASH,ST,LOUISVILLE,15,STATE,MAJOR ARTERIAL,US-60A,3.523,40,056-US-0060A -000,Eastern Pkwy,S 3rd St (KY 1020),3.409,Willow Ave (US 60A),6.932,8026,2278.17201249,22,6.24467783,1.154,0.32756174,KYTC,836.064064170208
151,18646,2300,2301,DIXIE HWY, ,DIXIE,HWY, ,HARDESTY,AVE, ,WATHEN,LN,LOUISVILLE,3,STATE,MAJOR ARTERIAL,US-31W,14.536,10,056-US-0031W -000,Dixie Hwy,Depot Lane,2.974,Bernheim Ln (US 31W),17.51,49906,3433,150,10.3,12.626,0.86860209,KYTC,125.288899318538
152,23357,5000,5079,PRESTON HWY, ,PRESTON,HWY, ,ROSE,DR, ,GILMORE,LN,LOUISVILLE,21,STATE,MAJOR ARTERIAL,KY-61,7.502,9,056-KY-0061  -000,Preston Hwy,Cooper Chapel Rd / Commerce Crossings Dr (KY 6299),1.401,Hart Ave,8.903,25969,3461.61023727,77,10.26392962,4.884,0.65102639,KYTC,440.861374057152
153,13890,10300,10312,TAYLORSVILLE RD, ,TAYLORSVILLE,RD, ,JEFFERSON,ST, ,PEACH,ST,JEFFERSONTOWN,11,STATE,MAJOR ARTERIAL,KY-155,4.24,48,056-KY-0155  -000,Taylorsville Rd,Watterson Trl (CS-1073H),9.35,Breckenridge Ln (KY 1932),13.59,8629,2035,22,5.24558894,0,0,KYTC,342.302745727832
154,13875,10200,10299,TAYLORSVILLE RD, ,TAYLORSVILLE,RD, ,SPROWL,RD, ,JEFFERSON,ST,JEFFERSONTOWN,11,STATE,MAJOR ARTERIAL,KY-155,4.24,48,056-KY-0155  -000,Taylorsville Rd,Watterson Trl (CS-1073H),9.35,Breckenridge Ln (KY 1932),13.59,8629,2035,22,5.24558894,0,0,KYTC,662.552871741419
155,18504,2130,2136,DIXIE HWY, ,DIXIE,HWY, ,ALLSTON,AVE, ,RATCLIFFE,AVE,LOUISVILLE,3,STATE,MAJOR ARTERIAL,US-31W,14.536,10,056-US-0031W -000,Dixie Hwy,Depot Lane,2.974,Bernheim Ln (US 31W),17.51,49906,3433,150,10.3,12.626,0.86860209,KYTC,330.808757248078
156,31813,1908,1917,ROCKFORD LN, ,ROCKFORD,LN, ,GRANDVIEW,DR, ,ROCKFORD,PLZ,SHIVELY,3,STATE,MINOR ARTERIAL,KY-2051,1.975,14,056-KY-2051  -000,Rockford Ln,Dixie Hwy (US 31W),0,Cane Run Rd (KY 1934),1.975,6318,3198.98734177,20,10.12658228,1.975,1,KYTC,261.624455511952
157,34430,1918,2007,ROCKFORD LN, ,ROCKFORD,LN, ,ROCKFORD,PLZ, ,KENROSE,LN,SHIVELY,3,STATE,MINOR ARTERIAL,KY-2051,1.975,14,056-KY-2051  -000,Rockford Ln,Dixie Hwy (US 31W),0,Cane Run Rd (KY 1934),1.975,6318,3198.98734177,20,10.12658228,1.975,1,KYTC,385.339212296972
158,26164,6500,6509,MANSLICK RD, ,MANSLICK,RD, ,DE MEL,AVE, ,STEPHAN,LN,LOUISVILLE,12,STATE,MINOR ARTERIAL,KY-1931,9.06,24,056-KY-1931  -000,Greenwood Rd / St. Andrews Church Rd / Manslick Rd / 7th Street Rd,Terry Road (KY 1727),1.47,Algonquin Pkwy (KY 2054),10.53,24325,2684.8785872,73,8.05739514,7.024,0.77527594,KYTC,53.4155369612905
159,30907,11451,11499,DIXIE HWY, ,DIXIE,HWY, ,GREENBELT RAMP, , ,KY-841 RAMP, ,LOUISVILLE,25,STATE,MAJOR ARTERIAL,US-31W,14.536,10,056-US-0031W -000,Dixie Hwy,Depot Lane,2.974,Bernheim Ln (US 31W),17.51,49906,3433,150,10.3,12.626,0.86860209,KYTC,669.18298619263
160,16875,1116,1130,S 26TH ST,S,26TH,ST, ,OSAGE,AVE, ,HALE,AVE,LOUISVILLE,4,METRO,MINOR ARTERIAL, ,1.846,27,056-CS-1038F -000,S 26th St,W Main St (CS-1011A),0,Wilson Ave (CS-1025F),1.846,4784,2591.54929577,10,5.4,1.846,1,METRO,281.429135465987
161,14924,3400,3499,W MARKET ST,W,MARKET,ST, ,LOUIS COLEMAN JR,DR,S,35TH,ST,LOUISVILLE,5,METRO,MINOR ARTERIAL, ,1.565,33,056-CS-1006A -000,W Market St (CS-1006A),S 22nd St (US 31W-001),0,S 40th St (CS-1043F),1.565,6500,2472.42297452,18,6.84670978,2.629,1,METRO,425.851818601553
162,27953,10600,10799,GREENBELT HWY, ,GREENBELT,HWY, ,WINSTEAD,DR, ,TRADE PORT,DR,LOUISVILLE,12,STATE,MAJOR ARTERIAL,KY-1934,11.502,21,056-KY-1934  -000,Greenbelt Hwy / Cane Run Rd,Gene Snyder Fwy (KY 841),0,Algonquin Pkwy (KY 2054),11.502,31389,2729.00365154,100,8.69414015,9.201,0.79994784,KYTC,2691.502857729
163,23839,6600,6699,S 3RD ST,S,3RD,ST, ,LONE OAK,TRL,W,ESPLANADE,AVE,LOUISVILLE,21,METRO,PRIMARY COLLECTOR, ,2.667,34,056-CS-1013F -000,S 3rd St (CS-1013F),Southern Pkwy (KY 1020),0,W Kenwood Dr (CS-1257F),2.667,6840,2445.4772971,19,6.79299249,2.797,1,METRO,497.305892037938
164,26973,4650,4699,DIXIE HWY, ,DIXIE,HWY, ,GAGEL,AVE, ,KLAGES,AVE,SHIVELY,3,STATE,MAJOR ARTERIAL,US-31W,14.536,10,056-US-0031W -000,Dixie Hwy,Depot Lane,2.974,Bernheim Ln (US 31W),17.51,49906,3433,150,10.3,12.626,0.86860209,KYTC,189.278860166024
165,19916,1800,1899,BERRY BLVD, ,BERRY,BLVD, ,CONTINENTAL,PL, ,MANSLICK,RD,LOUISVILLE,3,STATE,MINOR ARTERIAL,US-60A,3.157,4,056-US-0060A -000,7th Street Rd / Berry Blvd / Taylor Blvd / Winkler Ave,Dixie Hwy (US 31W),0,S 3rd St (KY 1020),3.157,13771,4362.05258156,37,11.71998733,3.157,1,KYTC,898.001055828307
166,5289,2600,2699,HIKES LN, ,HIKES,LN, ,WILLMAR,AVE, ,GLENCREEK,LN,LOUISVILLE,10,METRO,MINOR ARTERIAL, ,2.399,36,056-CR-1002G -000,Hikes Lane,Buechel Byp (US 31E),0.797,Taylorsville Rd (KY 155),3.196,5776,2407.66986244,15,6.25260525,0.191,0.07961651,METRO,428.372839744594
167,16665,1000,1004,DIXIE HWY, ,DIXIE,HWY,W,KENTUCKY,ST,W,KENTUCKY,ST,LOUISVILLE,4,METRO,MINOR ARTERIAL, ,2.008,29,056-CS-1030F -000,Dixie Hwy,W Broadway (US 150),0,Bernheim Lane (US 31W),2.008,5174,2576.69322709,13,6.47410359,2.008,1,METRO,132.351816855682
168,16432,600,623,BAXTER AVE, ,BAXTER,AVE, ,PAYNE,ST, ,ROGERS,ST,LOUISVILLE,9,STATE,MAJOR ARTERIAL,US-31E,5.8,16,056-US-0031E -000,Beuchel Byp / Bardstown Rd / Baxter Ave,Hikes Lane (KY 2052),10.974,E Main St (US 31E),16.774,17471,3012.24137931,41,7.1,1.878,0.3237931,KYTC,350.616975641516
169,19932,3400,3419,PRESTON HWY, ,PRESTON,HWY, ,PHILLIPS,LN, ,LARUE,AVE,LOUISVILLE,21,STATE,MAJOR ARTERIAL,KY-61,7.502,9,056-KY-0061  -000,Preston Hwy,Cooper Chapel Rd / Commerce Crossings Dr (KY 6299),1.401,Hart Ave,8.903,25969,3461.61023727,77,10.26392962,4.884,0.65102639,KYTC,162.542020052701
170,18791,800,843,EASTERN PKY, ,EASTERN,PKY,S,SHELBY,ST, ,ALEXANDER,AVE,LOUISVILLE,15,STATE,MAJOR ARTERIAL,US-60A,3.523,40,056-US-0060A -000,Eastern Pkwy,S 3rd St (KY 1020),3.409,Willow Ave (US 60A),6.932,8026,2278.17201249,22,6.24467783,1.154,0.32756174,KYTC,761.704103807644
171,25773,3800,3899,TAYLOR BLVD, ,TAYLOR,BLVD, ,I 264 RAMP, , ,SEELBACH,AVE,LOUISVILLE,15,STATE,MAJOR ARTERIAL,KY-1865,5.273,5,056-KY-1865  -000,Taylor Blvd / New Cut Rd,Gene Snyder Fwy (KY 841),0.92,Berry Blvd (US 60A),6.193,20222,3835.00853404,51,9.67191352,4.556,0.86402427,KYTC,604.657096352672
172,15229,1016,1099,W MAIN ST,W,MAIN,ST, ,CHAPEL,ST,N,11TH,ST,LOUISVILLE,4,STATE,MAJOR ARTERIAL,US-31W,1.751,45,056-US-0031W -001,W Main St,N 22nd St (US 150),20.345,S 2nd St (US 31),22.096,3743,2137.63563678,10,5.71102227,1.751,1,KYTC,242.81364922648
173,26946,2113,2216,ROCKFORD LN, ,ROCKFORD,LN, ,DOHN,RD, ,GRASTON,AVE,SHIVELY,12,STATE,MINOR ARTERIAL,KY-2051,1.975,14,056-KY-2051  -000,Rockford Ln,Dixie Hwy (US 31W),0,Cane Run Rd (KY 1934),1.975,6318,3198.98734177,20,10.12658228,1.975,1,KYTC,655.788456847245
174,21056,2800,2899,DIXIE HWY, ,DIXIE,HWY, ,NELSON,AVE, ,DUBOURG,AVE,SHIVELY,3,STATE,MAJOR ARTERIAL,US-31W,14.536,10,056-US-0031W -000,Dixie Hwy,Depot Lane,2.974,Bernheim Ln (US 31W),17.51,49906,3433,150,10.3,12.626,0.86860209,KYTC,368.483405198521
175,23846,6410,6499,SOUTHSIDE DR, ,SOUTHSIDE,DR, ,LAWNDALE,AVE,S,ARBOR,PARK,LOUISVILLE,25,STATE,MINOR ARTERIAL,KY-1020,1.672,50,056-KY-1020  -000,Southside Dr (KY 907/1020),National Turnpike (KY 1020),5.7,W Tenny Ave (KY 1020),7.372,13188,2003.64630811,41,6.22910969,4.251,0.64585232,KYTC,405.362427622646
176,22435,4034,4099,PRESTON HWY, ,PRESTON,HWY, ,KELLER,AVE, ,MORGAN,AVE,LOUISVILLE,21,STATE,MAJOR ARTERIAL,KY-61,7.502,9,056-KY-0061  -000,Preston Hwy,Cooper Chapel Rd / Commerce Crossings Dr (KY 6299),1.401,Hart Ave,8.903,25969,3461.61023727,77,10.26392962,4.884,0.65102639,KYTC,258.161937489392
177,23339,4900,4975,SOUTHSIDE DR, ,SOUTHSIDE,DR,W,TENNY,AVE,W,AMHERST,AVE,LOUISVILLE,21,STATE,MINOR ARTERIAL,KY-1020,1.672,50,056-KY-1020  -000,Southside Dr (KY 907/1020),National Turnpike (KY 1020),5.7,W Tenny Ave (KY 1020),7.372,13188,2003.64630811,41,6.22910969,4.251,0.64585232,KYTC,789.160788678597
178,17159,1231,1299,S 22ND ST,S,22ND,ST, ,DUMESNIL,ST,W,ORMSBY,AVE,LOUISVILLE,6,STATE,MAJOR ARTERIAL,US-31W,1.145,8,056-US-0031W -000,S 22nd St / Bernheim Ln,Dixie Hwy (CS-1030F),17.51,Dumesnil St (CS-1010F),18.655,4100,3580.7860262,11,9.6069869,1.145,1,KYTC,327.702309724485
179,23722,6200,6299,S 3RD ST,S,3RD,ST, ,ALGER,AVE, ,FREEMAN,AVE,LOUISVILLE,21,METRO,PRIMARY COLLECTOR, ,2.667,34,056-CS-1013F -000,S 3rd St (CS-1013F),Southern Pkwy (KY 1020),0,W Kenwood Dr (CS-1257F),2.667,6840,2445.4772971,19,6.79299249,2.797,1,METRO,338.703405878486
180,16059,2700,2799,W BROADWAY,W,BROADWAY, ,S,27TH,ST,S,28TH,ST,LOUISVILLE,4,METRO,MAJOR ARTERIAL, ,1.19,3,056-CS-1021F -000,W Broadway,S 22nd St (US 31W-001),0,S 35th St (north leg),1.19,6262,5262.18487395,19,15.96638655,1.19,1,METRO,485.381267554976
181,18597,2201,2224,7TH STREET RD, ,7TH STREET,RD, ,LINCOLN,AVE, ,TENNESSEE,AVE,LOUISVILLE,6,STATE,MAJOR ARTERIAL,KY-1931,9.06,24,056-KY-1931  -000,Greenwood Rd / St. Andrews Church Rd / Manslick Rd / 7th Street Rd,Terry Road (KY 1727),1.47,Algonquin Pkwy (KY 2054),10.53,24325,2684.8785872,73,8.05739514,7.024,0.77527594,KYTC,341.408724622333
182,30908,11551,11599,DIXIE HWY, ,DIXIE,HWY, ,GREENBELT RAMP, , ,KY-841 RAMP, ,LOUISVILLE,25,STATE,MAJOR ARTERIAL,US-31W,14.536,10,056-US-0031W -000,Dixie Hwy,Depot Lane,2.974,Bernheim Ln (US 31W),17.51,49906,3433,150,10.3,12.626,0.86860209,KYTC,255.856825070925
183,4522,1600,1699,S HURSTBOURNE PKY,S,HURSTBOURNE,PKY, ,I 64 RAMP, , ,HURSTBOURNE PARK,BLVD,JEFFERSONTOWN,11,STATE,MAJOR ARTERIAL,KY-1747,1.476,19,056-KY-1747  -000,S Hurstbourne Pkwy,Taylorsville Rd (KY 155),10.991,Linn Station Rd (CS-1004H),12.467,4274,2895.66395664,7,4.74254743,0,0,KYTC,739.302979652514
184,8636,3200,3299,BRECKENRIDGE LN, ,BRECKENRIDGE,LN, ,SUDBURY,LN, ,MANNER GATE,DR,LOUISVILLE,10,STATE,MINOR ARTERIAL,KY-1932,3.189,37,056-KY-1932  -000,Breckenridge Ln,Six Mile Ln (CR-1002H),1.129,Milford Lane Connector,4.318,7558,2370.02195045,17,5.33082471,0,0,KYTC,1751.99498737609
185,20610,1400,1401,BARDSTOWN RD, ,BARDSTOWN,RD, ,EDGELAND,AVE, ,EDGELAND,AVE,LOUISVILLE,8,STATE,MAJOR ARTERIAL,US-31E,5.8,16,056-US-0031E -000,Beuchel Byp / Bardstown Rd / Baxter Ave,Hikes Lane (KY 2052),10.974,E Main St (US 31E),16.774,17471,3012.24137931,41,7.1,1.878,0.3237931,KYTC,84.6078799856043
186,27013,1800,1809,ROCKFORD LN, ,ROCKFORD,LN, ,DIXIE,HWY, ,STONESTREET,AVE,SHIVELY,3,STATE,MINOR ARTERIAL,KY-2051,1.975,14,056-KY-2051  -000,Rockford Ln,Dixie Hwy (US 31W),0,Cane Run Rd (KY 1934),1.975,6318,3198.987342,20,10.126582,1.975,1,KYTC,422.763815291382
187,19085,630,699,WINKLER AVE, ,WINKLER,AVE, ,ALGONQUIN,PKY, ,RODMAN,ST,LOUISVILLE,3,STATE,MAJOR ARTERIAL,US-60A,3.157,4,056-US-0060A -000,7th Street Rd / Berry Blvd / Taylor Blvd / Winkler Ave,Dixie Hwy (US 31W),0,S 3rd St (KY 1020),3.157,13771,4362.05258156,37,11.71998733,3.157,1,KYTC,209.6770104269
188,21457,3600,3604,CANE RUN RD, ,CANE RUN,RD, ,HUDSON,AVE, ,BELLS,LN,LOUISVILLE,1,STATE,MINOR ARTERIAL,KY-1934,11.502,21,056-KY-1934  -000,Greenbelt Hwy / Cane Run Rd,Gene Snyder Fwy (KY 841),0,Algonquin Pkwy (KY 2054),11.502,31389,2729.00365154,100,8.69414015,9.201,0.79994784,KYTC,358.245465733067
189,31691,7326,7399,ST ANDREWS CHURCH RD, ,ST ANDREWS CHURCH,RD, ,CARDINAL WOODS,DR, ,QUILLMAN,DR,LOUISVILLE,12,STATE,MINOR ARTERIAL,KY-1931,9.06,24,056-KY-1931  -000,Greenwood Rd / St. Andrews Church Rd / Manslick Rd / 7th Street Rd,Terry Road (KY 1727),1.47,Algonquin Pkwy (KY 2054),10.53,24325,2684.8785872,73,8.05739514,7.024,0.77527594,KYTC,273.515834541758
190,18052,1160,1199,EASTERN PKY, ,EASTERN,PKY, ,CASTLEVALE,DR, ,DAHLIA,DR,LOUISVILLE,10,STATE,MAJOR ARTERIAL,US-60A,3.523,40,056-US-0060A -000,Eastern Pkwy,S 3rd St (KY 1020),3.409,Willow Ave (US 60A),6.932,8026,2278.17201249,22,6.24467783,1.154,0.32756174,KYTC,552.631536525808
191,19660,3400,3407,DIXIE HWY, ,DIXIE,HWY, ,OLENDA,AVE, ,CHESTER,RD,SHIVELY,3,STATE,MAJOR ARTERIAL,US-31W,14.536,10,056-US-0031W -000,Dixie Hwy,Depot Lane,2.974,Bernheim Ln (US 31W),17.51,49906,3433,150,10.3,12.626,0.86860209,KYTC,246.137938571409
192,24862,7900,7999,3RD STREET RD, ,3RD STREET,RD, ,WISERTOWN,RD, ,OUTER,LOOP,LOUISVILLE,25,STATE,MINOR ARTERIAL,KY-907,4.91,50,056-KY-0907  -000,3rd Street Rd (KY 907),E Pages Ln / Highcrest Ave,2.09,National Turnpike (KY 1020),7,13188,2003.64630811,41,6.22910969,4.251,0.64585232,KYTC,1203.0968726536
193,21527,900,999,W MAIN ST,W,MAIN,ST, ,ROY WILKINS,AVE,S,10TH,ST,LOUISVILLE,4,STATE,MAJOR ARTERIAL,US-31W,1.751,45,056-US-0031W -001,W Main St,N 22nd St (US 150),20.345,S 2nd St (US 31),22.096,3743,2137.63563678,10,5.71102227,1.751,1,KYTC,479.143560777493
194,18930,601,699,EASTERN PKY, ,EASTERN,PKY, ,BRADLEY,AVE, ,ELLSWORTH,AVE,LOUISVILLE,15,STATE,MAJOR ARTERIAL,US-60A,3.523,40,056-US-0060A -000,Eastern Pkwy,S 3rd St (KY 1020),3.409,Willow Ave (US 60A),6.932,8026,2278.17201249,22,6.24467783,1.154,0.32756174,KYTC,607.687225889381
195,16108,1830,1934,W BROADWAY,W,BROADWAY, ,S,19TH,ST,S,20TH,ST,LOUISVILLE,4,STATE,MAJOR ARTERIAL,US-150,3.3535,1,056-US-0150  -000,Broadway,S 22nd St (US 31W-001),0.7405,Baxter Ave (US 31E),4.094,19419.4,5792,48,14.30913698,3.353,1,KYTC,486.665310668717
196,20309,2300,2499,W HILL ST,W,HILL,ST,S,23RD,ST,S,25TH,ST,LOUISVILLE,1,METRO,PRIMARY COLLECTOR, ,1.034,51,056-CS-1016F -000,W Hill St,S 17th St (CS-1032F),1.527,Wilson Ave (CS-1025F),2.561,2010,1943.90715667,5,4.83558994,1.034,1,METRO,553.405507968614
197,25752,3662,3699,TAYLOR BLVD, ,TAYLOR,BLVD, ,BEECHER,ST, ,STRADER,AVE,LOUISVILLE,15,STATE,MAJOR ARTERIAL,KY-1865,5.273,5,056-KY-1865  -000,Taylor Blvd / New Cut Rd,Gene Snyder Fwy (KY 841),0.92,Berry Blvd (US 60A),6.193,20222,3835.00853404,51,9.67191352,4.556,0.86402427,KYTC,199.604866020502
198,17902,517,599,W HILL ST,W,HILL,ST, ,R CHIN,ALY,S,6TH,ST,LOUISVILLE,6,METRO,MINOR ARTERIAL, ,0.662,25,056-CS-1016F -000,W Hill St (CS-1016F),S 1st St (CS-1002F),0,S 7th St (CS-1011F),0.662,2714,2658.17825661,6,5.87659158,1.021,1,METRO,237.25819927876
199,16065,2600,2699,W BROADWAY,W,BROADWAY, ,S,26TH,ST,S,27TH,ST,LOUISVILLE,4,METRO,MAJOR ARTERIAL, ,1.19,3,056-CS-1021F -000,W Broadway,S 22nd St (US 31W-001),0,S 35th St (north leg),1.19,6262,5262.184874,19,15.966387,1.19,1,METRO,492.365875554682
200,25730,3620,3639,TAYLOR BLVD, ,TAYLOR,BLVD,W,WHITNEY,AVE, ,CAMDEN,AVE,LOUISVILLE,15,STATE,MAJOR ARTERIAL,KY-1865,5.273,5,056-KY-1865  -000,Taylor Blvd / New Cut Rd,Gene Snyder Fwy (KY 841),0.92,Berry Blvd (US 60A),6.193,20222,3835.00853404,51,9.67191352,4.556,0.86402427,KYTC,263.590418053552
201,24888,8500,8599,PRESTON HWY, ,PRESTON,HWY, ,TRIO,AVE, ,ST RITA,DR,LOUISVILLE,24,STATE,MAJOR ARTERIAL,KY-61,7.502,9,056-KY-0061  -000,Preston Hwy,Cooper Chapel Rd / Commerce Crossings Dr (KY 6299),1.401,Hart Ave,8.903,25969,3461.61023727,77,10.26392962,4.884,0.65102639,KYTC,588.583010545452
202,20714,1300,1399,EASTERN PKY, ,EASTERN,PKY, ,BARRET,AVE, ,CROSS,RD,LOUISVILLE,10,STATE,MAJOR ARTERIAL,US-60A,3.523,40,056-US-0060A -000,Eastern Pkwy,S 3rd St (KY 1020),3.409,Willow Ave (US 60A),6.932,8026,2278.17201249,22,6.24467783,1.154,0.32756174,KYTC,805.122849811691
203,14425,2506,2438,BANK ST, ,BANK,ST,N,24TH,ST,N,25TH,ST,LOUISVILLE,5,STATE,MINOR ARTERIAL,KY-3082,0.822,52,056-KY-3082  -000,Bank St,N 30th St (CS-1054A),0.716,N 22nd St (US 150),1.538,1575,1916.05839416,5,6.082725,0.822,1,KYTC,102.266268544993
204,29463,13400,13516,DIXIE HWY, ,DIXIE,HWY, ,PENDLETON,RD, ,SAPPENFIELD,WAY,LOUISVILLE,14,STATE,MAJOR ARTERIAL,US-31W,14.536,10,056-US-0031W -000,Dixie Hwy,Depot Lane,2.974,Bernheim Ln (US 31W),17.51,49906,3433,150,10.3,12.626,0.86860209,KYTC,1249.15134560067
205,22296,4217,4299,CANE RUN RD, ,CANE RUN,RD, ,KRAMERS,LN, ,HARTLAGE,CT,LOUISVILLE,1,STATE,MAJOR ARTERIAL,KY-1934,11.502,21,056-KY-1934  -000,Greenbelt Hwy / Cane Run Rd,Gene Snyder Fwy (KY 841),0,Algonquin Pkwy (KY 2054),11.502,31389,2729.00365154,100,8.69414015,9.201,0.79994784,KYTC,394.309250464103
206,20289,2700,2799,W HILL ST,W,HILL,ST, ,OLIVE,ST,S,28TH,ST,LOUISVILLE,1,METRO,PRIMARY COLLECTOR, ,1.034,51,056-CS-1016F -000,W Hill St,S 17th St (CS-1032F),1.527,Wilson Ave (CS-1025F),2.561,2010,1943.90715667,5,4.83558994,1.034,1,METRO,375.078455458662
207,27052,4734,4799,DIXIE HWY, ,DIXIE,HWY,E,ROCKFORD,LN, ,KINGSFORD,DR,SHIVELY,12,STATE,MAJOR ARTERIAL,US-31W,14.536,10,056-US-0031W -000,Dixie Hwy,Depot Lane,2.974,Bernheim Ln (US 31W),17.51,49906,3433,150,10.3,12.626,0.86860209,KYTC,502.129719366884
208,18620,2728,2799,BARDSTOWN RD, ,BARDSTOWN,RD, ,WINSTON,AVE, ,GLADSTONE,AVE,LOUISVILLE,8,STATE,MAJOR ARTERIAL,US-31E,5.8,16,056-US-0031E -000,Beuchel Byp / Bardstown Rd / Baxter Ave,Hikes Lane (KY 2052),10.974,E Main St (US 31E),16.774,17471,3012.24137931,41,7.1,1.878,0.3237931,KYTC,343.069484594376
209,24205,5400,5416,NEW CUT RD, ,NEW CUT,RD, ,PALATKA,RD, ,WESTVIEW,DR,LOUISVILLE,25,STATE,MAJOR ARTERIAL,KY-1865,5.273,5,056-KY-1865  -000,Taylor Blvd / New Cut Rd,Gene Snyder Fwy (KY 841),0.92,Berry Blvd (US 60A),6.193,20222,3835.00853404,51,9.67191352,4.556,0.86402427,KYTC,479.507511126848
210,22371,1904,1999,CRUMS LN, ,CRUMS,LN, ,PARK,DR, ,DELORES,AVE,SHIVELY,3,STATE,MINOR ARTERIAL,KY-2049,1.102,12,056-KY-2049  -000,Crums Lane,Cheviot Drive (CS-1476F),0.618,Dixie Hwy (US 31W),1.72,3658,3319.41923775,11,9.98185118,1.102,1,KYTC,178.560399344487
211,33624,711,799,ALGONQUIN PKY, ,ALGONQUIN,PKY, ,RODMAN,ST, ,COMPTON,ST,LOUISVILLE,3,STATE,MAJOR ARTERIAL,KY-2054,1.762,13,056-KY-2054  -000,Algonquin Pkwy,S 22nd St (US 31W),1.504,Winkler Ave (US 60A),3.266,5638.85,3200.2553916,15,8.51305335,1.762,1,KYTC,965.458881301361
212,26362,2011,2099,FERN VALLEY RD, ,FERN VALLEY,RD, ,WORLDPORT,WAY, ,I 65 RAMP, ,LOUISVILLE,21,STATE,MINOR ARTERIAL,KY-1747,4.046,26,056-KY-1747  -000,Fern Valley Rd,Grade Ln (CR-1001G),0,Shepherdsville Rd (KY 2052),4.046,10717,2648.78892734,29,7.16757291,3.47,0.85763717,KYTC,378.576366982456
213,30161,9900,9999,PRESTON HWY, ,PRESTON,HWY, ,I 265 RAMP, , ,COMMERCE CROSSINGS,DR,LOUISVILLE,24,STATE,MAJOR ARTERIAL,KY-61,7.502,9,056-KY-0061  -000,Preston Hwy,Cooper Chapel Rd / Commerce Crossings Dr (KY 6299),1.401,Hart Ave,8.903,25969,3461.61023727,77,10.26392962,4.884,0.65102639,KYTC,1115.45502458792
214,24183,6900,6999,PRESTON HWY, ,PRESTON,HWY, ,INDUSTRIAL,BLVD, ,TOWER,RD,LOUISVILLE,21,STATE,MAJOR ARTERIAL,KY-61,7.502,9,056-KY-0061  -000,Preston Hwy,Cooper Chapel Rd / Commerce Crossings Dr (KY 6299),1.401,Hart Ave,8.903,25969,3461.61023727,77,10.26392962,4.884,0.65102639,KYTC,328.569009617843
215,29083,8111,8349,ST ANDREWS CHURCH RD, ,ST ANDREWS CHURCH,RD, ,WOODY,LN, ,OLD ST ANDREWS CHURCH,RD,LOUISVILLE,12,STATE,MINOR ARTERIAL,KY-1931,9.06,24,056-KY-1931  -000,Greenwood Rd / St. Andrews Church Rd / Manslick Rd / 7th Street Rd,Terry Road (KY 1727),1.47,Algonquin Pkwy (KY 2054),10.53,24325,2684.8785872,73,8.05739514,7.024,0.77527594,KYTC,2062.62626982703
216,23192,4800,4899,S 3RD ST,S,3RD,ST,W,KENWOOD,WAY,W,TENNY,AVE,LOUISVILLE,21,STATE,MINOR ARTERIAL,KY-1020,0.13,34,056-KY-1020  -000,S 3rd St (KY 1020),W Tenny Ave,7.47,W Kenwood Dr (CS-1257F),7.6,6840,2445.4772971,19,6.79299249,2.797,1,KYTC,693.43781897807
217,18165,1780,1799,ALGONQUIN PKY, ,ALGONQUIN,PKY, ,MAGELLAN,CT, ,DIXIE,HWY,LOUISVILLE,6,STATE,MAJOR ARTERIAL,KY-2054,1.762,13,056-KY-2054  -000,Algonquin Pkwy,S 22nd St (US 31W),1.504,Winkler Ave (US 60A),3.266,5638.85,3200.255392,15,8.513053,1.762,1,KYTC,349.65560106579
218,16098,2000,2099,W BROADWAY,W,BROADWAY, ,S,20TH,ST, ,DR W J HODGE,ST,LOUISVILLE,4,STATE,MAJOR ARTERIAL,US-150,3.3535,1,056-US-0150  -000,Broadway,S 22nd St (US 31W-001),0.7405,Baxter Ave (US 31E),4.094,19419.4,5792,48,14.30913698,3.353,1,KYTC,269.685066617064
219,18898,2700,2701,7TH STREET RD, ,7TH STREET,RD, ,HOMEVIEW,DR, ,WATHEN,LN,SHIVELY,3,STATE,MAJOR ARTERIAL,KY-1931,9.06,24,056-KY-1931  -000,Greenwood Rd / St. Andrews Church Rd / Manslick Rd / 7th Street Rd,Terry Road (KY 1727),1.47,Algonquin Pkwy (KY 2054),10.53,24325,2684.8785872,73,8.05739514,7.024,0.77527594,KYTC,167.656749596261
220,25643,7616,7617,3RD STREET RD, ,3RD STREET,RD, ,ROYAL GARDENS,CT, ,TWIN WILLOWS,LN,LOUISVILLE,25,STATE,MINOR ARTERIAL,KY-907,4.91,50,056-KY-0907  -000,3rd Street Rd (KY 907),E Pages Ln / Highcrest Ave,2.09,National Turnpike (KY 1020),7,13188,2003.64630811,41,6.22910969,4.251,0.64585232,KYTC,123.2928175625
221,14998,2854,2912,W MARKET ST,W,MARKET,ST,S,29TH,ST,S,30TH,ST,LOUISVILLE,5,METRO,MINOR ARTERIAL, ,1.565,33,056-CS-1006A -000,W Market St (CS-1006A),S 22nd St (US 31W-001),0,S 40th St (CS-1043F),1.565,6500,2472.42297452,18,6.84670978,2.629,1,METRO,203.57623917405
222,5356,3525,3556,BARDSTOWN RD, ,BARDSTOWN,RD, ,BASHFORD MANOR,LN, ,PARIS,DR,LOUISVILLE,10,STATE,MAJOR ARTERIAL,US-31E,5.8,16,056-US-0031E -000,Beuchel Byp / Bardstown Rd / Baxter Ave,Hikes Lane (KY 2052),10.974,E Main St (US 31E),16.774,17471,3012.24137931,41,7.1,1.878,0.3237931,KYTC,418.920794140412
223,18544,1229,1239,ALGONQUIN PKY, ,ALGONQUIN,PKY, ,SOUTH,ST, ,VAUGHN WALKER,WAY,LOUISVILLE,6,STATE,MAJOR ARTERIAL,KY-2054,1.762,13,056-KY-2054  -000,Algonquin Pkwy,S 22nd St (US 31W),1.504,Winkler Ave (US 60A),3.266,5638.85,3200.2553916,15,8.51305335,1.762,1,KYTC,212.208743413767
224,4545,3400,3499,HIKES LN, ,HIKES,LN, ,HUNSINGER,LN, ,TAYLORSVILLE,RD,LOUISVILLE,26,METRO,MINOR ARTERIAL, ,2.399,36,056-CR-1002G -000,Hikes Lane,Buechel Byp (US 31E),0.797,Taylorsville Rd (KY 155),3.196,5776,2407.66986244,15,6.25260525,0.191,0.07961651,METRO,131.755473034528
225,26863,2715,2799,ROCKFORD LN, ,ROCKFORD,LN, ,SADDLEBROOK,LN, ,TEANECK,LN,LOUISVILLE,1,STATE,MINOR ARTERIAL,KY-2051,1.975,14,056-KY-2051  -000,Rockford Ln,Dixie Hwy (US 31W),0,Cane Run Rd (KY 1934),1.975,6318,3198.98734177,20,10.12658228,1.975,1,KYTC,630.201133347158
226,18088,2000,2099,BARDSTOWN RD, ,BARDSTOWN,RD, ,VILLAGE,DR, ,WOODFORD,PL,LOUISVILLE,8,STATE,MAJOR ARTERIAL,US-31E,5.8,16,056-US-0031E -000,Beuchel Byp / Bardstown Rd / Baxter Ave,Hikes Lane (KY 2052),10.974,E Main St (US 31E),16.774,17471,3012.24137931,41,7.1,1.878,0.3237931,KYTC,406.571051024603
227,23633,5604,5699,SOUTHSIDE DR, ,SOUTHSIDE,DR, ,NAVY,DR, ,GHEENS,AVE,LOUISVILLE,25,STATE,MINOR ARTERIAL,KY-1020,1.672,50,056-KY-1020  -000,Southside Dr (KY 907/1020),National Turnpike (KY 1020),5.7,W Tenny Ave (KY 1020),7.372,13188,2003.64630811,41,6.22910969,4.251,0.64585232,KYTC,165.270088311905
228,23288,4400,4417,TAYLOR BLVD, ,TAYLOR,BLVD, ,WALTER,AVE, ,BROOKLINE,AVE,LOUISVILLE,15,STATE,MAJOR ARTERIAL,KY-1865,5.273,5,056-KY-1865  -000,Taylor Blvd / New Cut Rd,Gene Snyder Fwy (KY 841),0.92,Berry Blvd (US 60A),6.193,20222,3835.00853404,51,9.67191352,4.556,0.86402427,KYTC,257.52193123755
229,19663,3318,3324,TAYLOR BLVD, ,TAYLOR,BLVD, ,QUEEN,AVE, ,SOUTHGATE,AVE,LOUISVILLE,3,STATE,MAJOR ARTERIAL,US-60A,3.157,4,056-US-0060A -000,7th Street Rd / Berry Blvd / Taylor Blvd / Winkler Ave,Dixie Hwy (US 31W),0,S 3rd St (KY 1020),3.157,13771,4362.05258156,37,11.71998733,3.157,1,KYTC,239.964066594282
230,24567,3100,3199,OUTER LOOP, ,OUTER,LOOP, ,I 65 RAMP, , ,I 65 RAMP, ,LOUISVILLE,13,STATE,MAJOR ARTERIAL,KY-1065,3.531,42,056-KY-1065  -000,Outer Loop,National Turnpike (KY 1020),2.514,Preston Hwy (KY 61),6.045,7853,2224.01585953,20,5.66411781,3.311,0.9376947,KYTC,728.01020425104
231,5111,2814,2829,HIKES LN, ,HIKES,LN, ,GLENMEADE,RD, ,CHANEL,CT,LOUISVILLE,26,METRO,MINOR ARTERIAL, ,2.399,36,056-CR-1002G -000,Hikes Lane,Buechel Byp (US 31E),0.797,Taylorsville Rd (KY 155),3.196,5776,2407.66986244,15,6.25260525,0.191,0.07961651,METRO,460.371161325967
232,8247,3244,3299,HIKES LN, ,HIKES,LN, ,EL PATIO,PL, ,MELBOURNE,AVE,LOUISVILLE,26,METRO,MINOR ARTERIAL, ,2.399,36,056-CR-1002G -000,Hikes Lane,Buechel Byp (US 31E),0.797,Taylorsville Rd (KY 155),3.196,5776,2407.66986244,15,6.25260525,0.191,0.07961651,METRO,87.7261764469042
233,18516,2007,2108,7TH STREET RD, ,7TH STREET,RD, ,BERNHEIM,LN, ,EUCLID,AVE,LOUISVILLE,6,STATE,MAJOR ARTERIAL,KY-1931,9.06,24,056-KY-1931  -000,Greenwood Rd / St. Andrews Church Rd / Manslick Rd / 7th Street Rd,Terry Road (KY 1727),1.47,Algonquin Pkwy (KY 2054),10.53,24325,2684.8785872,73,8.05739514,7.024,0.77527594,KYTC,223.848442031657
234,21240,3000,3099,NEWBURG RD, ,NEWBURG,RD, ,SCHUFF,LN, ,THOUSAND OAKS,DR,LOUISVILLE,8,STATE,MINOR ARTERIAL,KY-1703,2.593,30,056-KY-1703  -000,Newburg Rd,Bluegrass Park Dr (CS-1185G),1.25,Bellarmine Blvd (PS-1084G),3.843,6510.5,2510.79830312,18,6.94176629,1.066,0.41110683,KYTC,849.21398577595
235,19906,3345,3399,PRESTON HWY, ,PRESTON,HWY, ,MANNING,RD, ,PHILLIPS,LN,LOUISVILLE,21,STATE,MAJOR ARTERIAL,KY-61,7.502,9,056-KY-0061  -000,Preston Hwy,Cooper Chapel Rd / Commerce Crossings Dr (KY 6299),1.401,Hart Ave,8.903,25969,3461.61023727,77,10.26392962,4.884,0.65102639,KYTC,275.426797219447
236,16397,600,699,S 2ND ST,S,2ND,ST,W,CHESTNUT,ST,W,BROADWAY, ,LOUISVILLE,4,STATE,MAJOR ARTERIAL,KY-1020,0.6271,11,056-KY-1020  -000,S 2nd St,W Broadway (US 150),12.097,W Market St (US 31E/31W),12.7241,2102,3351.93749003,4,6.37856801,0.6271,1,KYTC,1008.83884337308
237,22655,3800,3999,MANSLICK RD, ,MANSLICK,RD, ,OLD MANSLICK,RD, ,CRUMS,LN,LOUISVILLE,3,STATE,MINOR ARTERIAL,KY-1931,9.06,24,056-KY-1931  -000,Greenwood Rd / St. Andrews Church Rd / Manslick Rd / 7th Street Rd,Terry Road (KY 1727),1.47,Algonquin Pkwy (KY 2054),10.53,24325,2684.8785872,73,8.05739514,7.024,0.77527594,KYTC,130.783161575038
238,9342,3816,3899,SHELBYVILLE RD, ,SHELBYVILLE,RD, ,WILMINGTON,AVE, ,CHENOWETH,LN,LOUISVILLE,9,STATE,MAJOR ARTERIAL,US-60,0.638,6,056-US-0060  -000,Shelbyville Rd,Lexington Rd (US 60A),3.482,Thierman Ln (CS-1098B),4.12,2413,3782.13166144,7,10.97178683,0,0,KYTC,229.864993069981
239,16064,663,699,S 26TH ST,S,26TH,ST, ,ELLIOTT,AVE,W,BROADWAY, ,LOUISVILLE,5,METRO,MINOR ARTERIAL, ,1.846,27,056-CS-1038F -000,S 26th St,W Main St (CS-1011A),0,Wilson Ave (CS-1025F),1.846,4784,2591.54929577,10,5.4,1.846,1,METRO,402.142874031278
240,16636,950,999,DIXIE HWY, ,DIXIE,HWY, ,DATE,ST,W,KENTUCKY,ST,LOUISVILLE,4,METRO,MINOR ARTERIAL, ,2.008,29,056-CS-1030F -000,Dixie Hwy,W Broadway (US 150),0,Bernheim Lane (US 31W),2.008,5174,2576.69322709,13,6.47410359,2.008,1,METRO,217.695781137348
241,21545,1000,1016,W MARKET ST,W,MARKET,ST,S,10TH,ST, ,CHAPEL,ST,LOUISVILLE,4,STATE,MAJOR ARTERIAL,US-31W,1.064,33,056-US-0031W -000,W Market St (US 31W),Dr W J Hodge St,20.292,Roy Wilkins Ave,21.356,6500,2472.42297452,18,6.84670978,2.629,1,KYTC,237.098801664237
242,27487,6900,6901,DIXIE HWY, ,DIXIE,HWY, ,ST PAULS CHURCH,RD, ,CRAWFORD,AVE,LOUISVILLE,12,STATE,MAJOR ARTERIAL,US-31W,14.536,10,056-US-0031W -000,Dixie Hwy,Depot Lane,2.974,Bernheim Ln (US 31W),17.51,49906,3433,150,10.3,12.626,0.86860209,KYTC,205.061024548944
243,24370,7400,7408,PRESTON HWY, ,PRESTON,HWY, ,MINOR,LN, ,RACHEL,DR,LOUISVILLE,13,STATE,MAJOR ARTERIAL,KY-61,7.502,9,056-KY-0061  -000,Preston Hwy,Cooper Chapel Rd / Commerce Crossings Dr (KY 6299),1.401,Hart Ave,8.903,25969,3461.61023727,77,10.26392962,4.884,0.65102639,KYTC,292.985578849988
244,23760,6300,6399,SOUTHSIDE DR, ,SOUTHSIDE,DR, ,FREEMAN,AVE,N,ARBOR,PARK,LOUISVILLE,25,STATE,MINOR ARTERIAL,KY-1020,1.672,50,056-KY-1020  -000,Southside Dr (KY 907/1020),National Turnpike (KY 1020),5.7,W Tenny Ave (KY 1020),7.372,13188,2003.64630811,41,6.22910969,4.251,0.64585232,KYTC,338.617999960138
245,15119,215,217,S 26TH ST,S,26TH,ST, ,CONGRESS,ST, ,CONGRESS,ST,LOUISVILLE,5,METRO,MINOR ARTERIAL, ,1.846,27,056-CS-1038F -000,S 26th St,W Main St (CS-1011A),0,Wilson Ave (CS-1025F),1.846,4784,2591.54929577,10,5.4,1.846,1,METRO,51.7442856295504
246,17859,1833,1899,BARDSTOWN RD, ,BARDSTOWN,RD, ,ESPERANZA,WAY, ,KENILWORTH,PL,LOUISVILLE,8,STATE,MAJOR ARTERIAL,US-31E,5.8,16,056-US-0031E -000,Beuchel Byp / Bardstown Rd / Baxter Ave,Hikes Lane (KY 2052),10.974,E Main St (US 31E),16.774,17471,3012.24137931,41,7.1,1.878,0.3237931,KYTC,172.355122409766
247,21187,2500,2520,NEWBURG RD, ,NEWBURG,RD, ,FOREST HILL,DR, ,SYLVAN,WAY,LOUISVILLE,10,STATE,MINOR ARTERIAL,KY-1703,2.593,30,056-KY-1703  -000,Newburg Rd,Bluegrass Park Dr (CS-1185G),1.25,Bellarmine Blvd (PS-1084G),3.843,6510.5,2510.79830312,18,6.94176629,1.066,0.41110683,KYTC,770.341312149254
248,30926,9000,9007,3RD STREET RD, ,3RD STREET,RD, ,MITCHELL,LN, ,HAWTHORNE POINTE,DR,LOUISVILLE,12,STATE,MINOR ARTERIAL,KY-907,4.91,50,056-KY-0907  -000,3rd Street Rd (KY 907),E Pages Ln / Highcrest Ave,2.09,National Turnpike (KY 1020),7,13188,2003.64630811,41,6.22910969,4.251,0.64585232,KYTC,308.454903875743
249,27600,4914,4999,GREENWOOD RD, ,GREENWOOD,RD, ,RALSTON,AVE, ,KENTUCKY,AVE,LOUISVILLE,12,STATE,MINOR ARTERIAL,KY-1931,9.06,24,056-KY-1931  -000,Greenwood Rd / St. Andrews Church Rd / Manslick Rd / 7th Street Rd,Terry Road (KY 1727),1.47,Algonquin Pkwy (KY 2054),10.53,24325,2684.8785872,73,8.05739514,7.024,0.77527594,KYTC,198.762936799879
250,17213,1302,1318,DIXIE HWY, ,DIXIE,HWY,W,ORMSBY,AVE, ,WILSON,AVE,LOUISVILLE,6,METRO,MINOR ARTERIAL, ,2.008,29,056-CS-1030F -000,Dixie Hwy,W Broadway (US 150),0,Bernheim Lane (US 31W),2.008,5174,2576.69322709,13,6.47410359,2.008,1,METRO,236.467809365282
251,20067,2121,2129,CRUMS LN, ,CRUMS,LN, ,PARK ROW,DR, ,GLENHURST,AVE,SHIVELY,3,STATE,MINOR ARTERIAL,KY-2049,1.102,12,056-KY-2049  -000,Crums Lane,Cheviot Drive (CS-1476F),0.618,Dixie Hwy (US 31W),1.72,3658,3319.41923775,11,9.98185118,1.102,1,KYTC,114.77913573468
252,25732,3640,3641,TAYLOR BLVD, ,TAYLOR,BLVD, ,CAMDEN,AVE, ,CAMDEN,AVE,LOUISVILLE,15,STATE,MAJOR ARTERIAL,KY-1865,5.273,5,056-KY-1865  -000,Taylor Blvd / New Cut Rd,Gene Snyder Fwy (KY 841),0.92,Berry Blvd (US 60A),6.193,20222,3835.00853404,51,9.67191352,4.556,0.86402427,KYTC,48.3132321419298
253,23081,4600,4699,MANSLICK RD, ,MANSLICK,RD, ,ANNA,LN, ,HOBART,DR,LOUISVILLE,15,STATE,MINOR ARTERIAL,KY-1931,9.06,24,056-KY-1931  -000,Greenwood Rd / St. Andrews Church Rd / Manslick Rd / 7th Street Rd,Terry Road (KY 1727),1.47,Algonquin Pkwy (KY 2054),10.53,24325,2684.8785872,73,8.05739514,7.024,0.77527594,KYTC,851.620388215585
254,18241,1610,1699,ALGONQUIN PKY, ,ALGONQUIN,PKY, ,WINGFIELD,AVE, ,MCCLOSKEY,AVE,LOUISVILLE,6,STATE,MAJOR ARTERIAL,KY-2054,1.762,13,056-KY-2054  -000,Algonquin Pkwy,S 22nd St (US 31W),1.504,Winkler Ave (US 60A),3.266,5638.85,3200.2553916,15,8.51305335,1.762,1,KYTC,1196.62856879777
255,14734,326,314,N 22ND ST,N,22ND,ST,N,22ND ST CONNECTOR, , ,OWEN,ST,LOUISVILLE,5,STATE,MAJOR ARTERIAL,US-150,0.741,15,056-US-0150  -000,N 22nd St,Northwestern Pkwy,0,W Main St (US 31W-001),0.741,2292,3093.11740891,6,8.09716599,0.49,0.66126856,KYTC,173.097241839427
256,4457,1525,1599,S HURSTBOURNE PKY,S,HURSTBOURNE,PKY, ,I 64 RAMP, , ,I 64 RAMP, ,JEFFERSONTOWN,11,STATE,MAJOR ARTERIAL,KY-1747,1.476,19,056-KY-1747  -000,S Hurstbourne Pkwy,Taylorsville Rd (KY 155),10.991,Linn Station Rd (CS-1004H),12.467,4274,2895.66395664,7,4.74254743,0,0,KYTC,364.511874599628
257,28749,14145,14199,DIXIE HWY, ,DIXIE,HWY, ,BOWEN,AVE, ,ROGERS,LN,LOUISVILLE,14,STATE,MAJOR ARTERIAL,US-31W,14.536,10,056-US-0031W -000,Dixie Hwy,Depot Lane,2.974,Bernheim Ln (US 31W),17.51,49906,3433,150,10.3,12.626,0.86860209,KYTC,378.711811197677
258,18714,2400,2499,DIXIE HWY, ,DIXIE,HWY, ,FUST,AVE, ,KENNEDY,RD,LOUISVILLE,3,STATE,MAJOR ARTERIAL,US-31W,14.536,10,056-US-0031W -000,Dixie Hwy,Depot Lane,2.974,Bernheim Ln (US 31W),17.51,49906,3433,150,10.3,12.626,0.86860209,KYTC,200.483828182776
259,18810,2515,2600,7TH STREET RD, ,7TH STREET,RD, ,CENTRAL,AVE, ,LARCHMONT,AVE,SHIVELY,3,STATE,MAJOR ARTERIAL,KY-1931,9.06,24,056-KY-1931  -000,Greenwood Rd / St. Andrews Church Rd / Manslick Rd / 7th Street Rd,Terry Road (KY 1727),1.47,Algonquin Pkwy (KY 2054),10.53,24325,2684.8785872,73,8.05739514,7.024,0.77527594,KYTC,359.180213935705
260,15482,3712,3601,RIVER PARK DR, ,RIVER PARK,DR,S,36TH,ST,S,37TH,ST,LOUISVILLE,5,METRO,PRIMARY COLLECTOR, ,0.676,28,056-CS-1016A -000,River Park Dr (CS-1016A),S 37th St (CS-1078A),0.753,S 30th St (CS-1071F),1.429,5742,2586.48648649,13,5.85585586,2.22,1,METRO,541.359544346574
261,23568,5400,5499,S 3RD ST,S,3RD,ST, ,IROQUOIS,AVE, ,ROCHESTER,DR,LOUISVILLE,21,METRO,PRIMARY COLLECTOR, ,2.667,34,056-CS-1013F -000,S 3rd St (CS-1013F),Southern Pkwy (KY 1020),0,W Kenwood Dr (CS-1257F),2.667,6840,2445.4772971,19,6.79299249,2.797,1,METRO,289.342358187529
262,20300,2500,2599,W HILL ST,W,HILL,ST,S,25TH,ST, ,CYPRESS,ST,LOUISVILLE,6,METRO,PRIMARY COLLECTOR, ,1.034,51,056-CS-1016F -000,W Hill St,S 17th St (CS-1032F),1.527,Wilson Ave (CS-1025F),2.561,2010,1943.90715667,5,4.83558994,1.034,1,METRO,469.603625751093
263,5199,2709,2799,HIKES LN, ,HIKES,LN, ,GLEN OAK,DR, ,GOLDSMITH,LN,LOUISVILLE,10,METRO,MINOR ARTERIAL, ,2.399,36,056-CR-1002G -000,Hikes Lane,Buechel Byp (US 31E),0.797,Taylorsville Rd (KY 155),3.196,5776,2407.66986244,15,6.25260525,0.191,0.07961651,METRO,254.582725762351
264,15997,3452,3499,W BROADWAY,W,BROADWAY, ,S,35TH,ST,S,35TH,ST,LOUISVILLE,5,METRO,MINOR ARTERIAL, ,1.19,3,056-CS-1021F -000,W Broadway,S 22nd St (US 31W-001),0,S 35th St (north leg),1.19,6262,5262.18487395,19,15.96638655,1.19,1,METRO,69.2430265103462
265,30085,4516,4599,DIXIE HWY, ,DIXIE,HWY, ,SAN JOSE,AVE, ,SAN JOSE,AVE,SHIVELY,3,STATE,MAJOR ARTERIAL,US-31W,14.536,10,056-US-0031W -000,Dixie Hwy,Depot Lane,2.974,Bernheim Ln (US 31W),17.51,49906,3433,150,10.3,12.626,0.86860209,KYTC,222.851984407772
266,15555,3221,3200,RIVER PARK DR, ,RIVER PARK,DR, ,I 264 RAMP, ,S,32ND,ST,LOUISVILLE,5,METRO,MINOR ARTERIAL, ,0.676,28,056-CS-1016A -000,River Park Dr (CS-1016A),S 37th St (CS-1078A),0.753,S 30th St (CS-1071F),1.429,5742,2586.48648649,13,5.85585586,2.22,1,METRO,314.276259816429
267,26095,5275,5299,NEW CUT RD, ,NEW CUT,RD, ,ORCHARD HILL,DR, ,FRISBEE,WAY,LOUISVILLE,15,STATE,MAJOR ARTERIAL,KY-1865,5.273,5,056-KY-1865  -000,Taylor Blvd / New Cut Rd,Gene Snyder Fwy (KY 841),0.92,Berry Blvd (US 60A),6.193,20222,3835.00853404,51,9.67191352,4.556,0.86402427,KYTC,120.368057291868
268,19763,3600,3607,DIXIE HWY, ,DIXIE,HWY, ,THERESA,AVE, ,LUKEN,DR,SHIVELY,3,STATE,MAJOR ARTERIAL,US-31W,14.536,10,056-US-0031W -000,Dixie Hwy,Depot Lane,2.974,Bernheim Ln (US 31W),17.51,49906,3433,150,10.3,12.626,0.86860209,KYTC,245.758369200481
269,23092,4500,4515,DIXIE HWY, ,DIXIE,HWY, ,KENDALL,LN, ,SAN JOSE,AVE,SHIVELY,3,STATE,MAJOR ARTERIAL,US-31W,14.536,10,056-US-0031W -000,Dixie Hwy,Depot Lane,2.974,Bernheim Ln (US 31W),17.51,49906,3433,150,10.3,12.626,0.86860209,KYTC,404.569686750881
270,26925,2600,2605,ROCKFORD LN, ,ROCKFORD,LN, ,IMPERIAL,TER, ,KEVIN,CT,SHIVELY,1,STATE,MINOR ARTERIAL,KY-2051,1.975,14,056-KY-2051  -000,Rockford Ln,Dixie Hwy (US 31W),0,Cane Run Rd (KY 1934),1.975,6318,3198.98734177,20,10.12658228,1.975,1,KYTC,358.63527528572
271,29954,3900,3909,SHEPHERDSVILLE RD, ,SHEPHERDSVILLE,RD, ,GLENGYLE,AVE, ,SELMA,AVE,WEST BUECHEL,10,STATE,MINOR ARTERIAL,KY-2052,2.908,39,056-KY-2052  -000,Shepherdsville Rd,Fern Valley Rd (KY 1747),1.214,Hikes Lane (KY 2052),4.122,6742,2318.43191197,20,6.87757909,2.908,1,KYTC,225.427432807555
272,16007,3310,3311,W BROADWAY,W,BROADWAY, , ,LOUIS COLEMAN JR,DR, ,LOUIS COLEMAN JR,DR,LOUISVILLE,5,METRO,MINOR ARTERIAL, ,1.19,3,056-CS-1021F -000,W Broadway,S 22nd St (US 31W-001),0,S 35th St (north leg),1.19,6262,5262.18487395,19,15.96638655,1.19,1,METRO,86.2899364062809
273,26363,2100,2299,FERN VALLEY RD, ,FERN VALLEY,RD, ,I 65 RAMP, , ,I 65 RAMP, ,LOUISVILLE,21,STATE,MINOR ARTERIAL,KY-1747,4.046,26,056-KY-1747  -000,Fern Valley Rd,Grade Ln (CR-1001G),0,Shepherdsville Rd (KY 2052),4.046,10717,2648.78892734,29,7.16757291,3.47,0.85763717,KYTC,684.180128684838
274,23615,5600,5602,SOUTHSIDE DR, ,SOUTHSIDE,DR, ,CUMBERLAND,AVE, ,NAVY,DR,LOUISVILLE,21,STATE,MINOR ARTERIAL,KY-1020,1.672,50,056-KY-1020  -000,Southside Dr (KY 907/1020),National Turnpike (KY 1020),5.7,W Tenny Ave (KY 1020),7.372,13188,2003.64630811,41,6.22910969,4.251,0.64585232,KYTC,134.505895206539
275,20565,1245,1294,BARDSTOWN RD, ,BARDSTOWN,RD, ,BEECHWOOD,AVE, ,LONGEST,AVE,LOUISVILLE,8,STATE,MAJOR ARTERIAL,US-31E,5.8,16,056-US-0031E -000,Beuchel Byp / Bardstown Rd / Baxter Ave,Hikes Lane (KY 2052),10.974,E Main St (US 31E),16.774,17471,3012.24137931,41,7.1,1.878,0.3237931,KYTC,691.424498911712
276,8414,1100,1299,S HURSTBOURNE PKY,S,HURSTBOURNE,PKY, ,LINN STATION,RD, ,BLAIRWOOD,RD,JEFFERSONTOWN,18,STATE,MAJOR ARTERIAL,KY-1747,1.476,19,056-KY-1747  -000,S Hurstbourne Pkwy,Taylorsville Rd (KY 155),10.991,Linn Station Rd (CS-1004H),12.467,4274,2895.66395664,7,4.74254743,0,0,KYTC,671.422553532978
277,31590,3110,3199,BRECKENRIDGE LN, ,BRECKENRIDGE,LN, ,BEARGRASS RUN,PL, ,SUDBURY,LN,LOUISVILLE,26,STATE,MINOR ARTERIAL,KY-1932,3.189,37,056-KY-1932  -000,Breckenridge Ln,Six Mile Ln (CR-1002H),1.129,Milford Lane Connector,4.318,7558,2370.02195045,17,5.33082471,0,0,KYTC,1160.61674183181
278,21456,3500,3599,CANE RUN RD, ,CANE RUN,RD, ,LINWOOD,AVE, ,HUDSON,AVE,LOUISVILLE,3,STATE,MINOR ARTERIAL,KY-1934,11.502,21,056-KY-1934  -000,Greenbelt Hwy / Cane Run Rd,Gene Snyder Fwy (KY 841),0,Algonquin Pkwy (KY 2054),11.502,31389,2729.00365154,100,8.69414015,9.201,0.79994784,KYTC,374.390888320036
279,17776,1802,1803,BARDSTOWN RD, ,BARDSTOWN,RD, ,SPEED,AVE, ,IVANHOE,CT,LOUISVILLE,8,STATE,MAJOR ARTERIAL,US-31E,5.8,16,056-US-0031E -000,Beuchel Byp / Bardstown Rd / Baxter Ave,Hikes Lane (KY 2052),10.974,E Main St (US 31E),16.774,17471,3012.24137931,41,7.1,1.878,0.3237931,KYTC,76.8837542037649
280,15837,616,633,S 26TH ST,S,26TH,ST, ,PLYMOUTH,CT, ,MAGAZINE,ST,LOUISVILLE,5,METRO,MINOR ARTERIAL, ,1.846,27,056-CS-1038F -000,S 26th St,W Main St (CS-1011A),0,Wilson Ave (CS-1025F),1.846,4784,2591.54929577,10,5.4,1.846,1,METRO,228.528247125307
281,24248,7000,7106,PRESTON HWY, ,PRESTON,HWY, ,TOWER,RD, ,OAKLAWN,DR,LOUISVILLE,21,STATE,MAJOR ARTERIAL,KY-61,7.502,9,056-KY-0061  -000,Preston Hwy,Cooper Chapel Rd / Commerce Crossings Dr (KY 6299),1.401,Hart Ave,8.903,25969,3461.61023727,77,10.26392962,4.884,0.65102639,KYTC,1199.29294820232
282,16220,200,299,E CHESTNUT ST,E,CHESTNUT,ST,S,BROOK,ST,S,FLOYD,ST,LOUISVILLE,4,METRO,MINOR ARTERIAL, ,0.928,32,056-CS-1071G -000,E Chestnut St,S 1st St (CS-1002F),0,Chestnut Street Connector (KY 864),0.928,2306,2484.9137931,5,5.38793103,0.928,1,METRO,752.353344966073
283,25704,7502,7533,3RD STREET RD, ,3RD STREET,RD, ,AUBURN PLACE,DR, ,CLAYBORNE,RD,LOUISVILLE,25,STATE,MINOR ARTERIAL,KY-907,4.91,50,056-KY-0907  -000,3rd Street Rd (KY 907),E Pages Ln / Highcrest Ave,2.09,National Turnpike (KY 1020),7,13188,2003.64630811,41,6.22910969,4.251,0.64585232,KYTC,960.759693123589
284,24544,7641,7699,3RD STREET RD, ,3RD STREET,RD, ,CARTLEDGE,CT, ,BAMBERRIE CROSS,RD,LOUISVILLE,25,STATE,MINOR ARTERIAL,KY-907,4.91,50,056-KY-0907  -000,3rd Street Rd (KY 907),E Pages Ln / Highcrest Ave,2.09,National Turnpike (KY 1020),7,13188,2003.64630811,41,6.22910969,4.251,0.64585232,KYTC,328.55879871655
285,16429,851,899,S 26TH ST,S,26TH,ST, ,HOWARD,ST, ,GARLAND,AVE,LOUISVILLE,4,METRO,MINOR ARTERIAL, ,1.846,27,056-CS-1038F -000,S 26th St,W Main St (CS-1011A),0,Wilson Ave (CS-1025F),1.846,4784,2591.54929577,10,5.4,1.846,1,METRO,450.732556151517
286,10575,5200,5299,SHEPHERDSVILLE RD, ,SHEPHERDSVILLE,RD, ,MANSFIELD,LN, ,REGENT,WAY,LOUISVILLE,2,STATE,MINOR ARTERIAL,KY-2052,2.908,39,056-KY-2052  -000,Shepherdsville Rd,Fern Valley Rd (KY 1747),1.214,Hikes Lane (KY 2052),4.122,6742,2318.43191197,20,6.87757909,2.908,1,KYTC,310.888607029463
287,21454,3300,3399,CANE RUN RD, ,CANE RUN,RD, ,ALGONQUIN,PKY, ,PENWAY,AVE,LOUISVILLE,3,STATE,MINOR ARTERIAL,KY-1934,11.502,21,056-KY-1934  -000,Greenbelt Hwy / Cane Run Rd,Gene Snyder Fwy (KY 841),0,Algonquin Pkwy (KY 2054),11.502,31389,2729.00365154,100,8.69414015,9.201,0.79994784,KYTC,418.006681370517
288,31839,4575,4599,S HURSTBOURNE PKY,S,HURSTBOURNE,PKY, ,HURSTBOURNE CROSSINGS,DR, ,HENDRIK,DR,LOUISVILLE,26,STATE,MAJOR ARTERIAL,KY-1747,1.064,47,056-KY-1747  -000,S Hurstbourne Pkwy,Watterson Trl (CR-1004H),8.519,Six Mile Ln (CR-1002H),9.583,2196,2063.90977444,5,4.69924812,0,0,KYTC,267.29502528423
289,24072,6900,6908,SOUTHSIDE DR, ,SOUTHSIDE,DR, ,STRAWBERRY,LN, ,KENNETH,CT,LOUISVILLE,25,STATE,MINOR ARTERIAL,KY-1020,1.672,50,056-KY-1020  -000,Southside Dr (KY 907/1020),National Turnpike (KY 1020),5.7,W Tenny Ave (KY 1020),7.372,13188,2003.64630811,41,6.22910969,4.251,0.64585232,KYTC,327.673364278314
290,12903,4600,4607,BARDSTOWN RD, ,BARDSTOWN,RD, ,BRECKENRIDGE,LN, ,CREWS,DR,LOUISVILLE,2,STATE,MAJOR ARTERIAL,US-31E,1.418,38,056-US-0031E -000,Bardstown Rd,S Hurstbourne Pkwy (KY 1747),7.245,Breckenridge Ln (KY 1932),8.663,3289,2319.46403385,9,6.34696756,0,0,KYTC,427.901972017248
291,12914,3600,3750,S HURSTBOURNE PKY,S,HURSTBOURNE,PKY, ,AMBROSSE,LN, ,HURSTBOURNE RIDGE,BLVD,LOUISVILLE,26,STATE,MAJOR ARTERIAL,KY-1747,1.064,47,056-KY-1747  -000,S Hurstbourne Pkwy,Watterson Trl (CR-1004H),8.519,Six Mile Ln (CR-1002H),9.583,2196,2063.90977444,5,4.69924812,0,0,KYTC,675.315853529116
292,5307,3510,3524,BARDSTOWN RD, ,BARDSTOWN,RD, ,BRAY,AVE, ,BASHFORD MANOR,LN,LOUISVILLE,26,STATE,MAJOR ARTERIAL,US-31E,5.8,16,056-US-0031E -000,Beuchel Byp / Bardstown Rd / Baxter Ave,Hikes Lane (KY 2052),10.974,E Main St (US 31E),16.774,17471,3012.24137931,41,7.1,1.878,0.3237931,KYTC,298.187809486844
293,27012,4720,4729,DIXIE HWY, ,DIXIE,HWY, ,STALLINGS,AVE, ,ROCKFORD,LN,SHIVELY,3,STATE,MAJOR ARTERIAL,US-31W,14.536,10,056-US-0031W -000,Dixie Hwy,Depot Lane,2.974,Bernheim Ln (US 31W),17.51,49906,3433,150,10.3,12.626,0.86860209,KYTC,198.233369613002
294,18434,2700,2701,BARDSTOWN RD, ,BARDSTOWN,RD, ,EASTVIEW,AVE, ,EASTVIEW,AVE,LOUISVILLE,8,STATE,MAJOR ARTERIAL,US-31E,5.8,16,056-US-0031E -000,Beuchel Byp / Bardstown Rd / Baxter Ave,Hikes Lane (KY 2052),10.974,E Main St (US 31E),16.774,17471,3012.24137931,41,7.1,1.878,0.3237931,KYTC,40.0597451087174
295,17666,1710,1718,BARDSTOWN RD, ,BARDSTOWN,RD, ,MURRAY,AVE, ,DEERWOOD,AVE,LOUISVILLE,8,STATE,MAJOR ARTERIAL,US-31E,5.8,16,056-US-0031E -000,Beuchel Byp / Bardstown Rd / Baxter Ave,Hikes Lane (KY 2052),10.974,E Main St (US 31E),16.774,17471,3012.24137931,41,7.1,1.878,0.3237931,KYTC,168.396717118186
296,21534,600,699,W MAIN ST,W,MAIN,ST,N,6TH,ST,S,7TH,ST,LOUISVILLE,4,STATE,MAJOR ARTERIAL,US-31W,1.751,45,056-US-0031W -001,W Main St,N 22nd St (US 150),20.345,S 2nd St (US 31),22.096,3743,2137.63563678,10,5.71102227,1.751,1,KYTC,479.309740533006
297,20057,3800,3899,7TH STREET RD, ,7TH STREET,RD, ,NOBEL,PL, ,LEROY,AVE,SHIVELY,3,STATE,MAJOR ARTERIAL,US-60A,3.157,4,056-US-0060A -000,7th Street Rd / Berry Blvd / Taylor Blvd / Winkler Ave,Dixie Hwy (US 31W),0,S 3rd St (KY 1020),3.157,13771,4362.05258156,37,11.71998733,3.157,1,KYTC,601.725463257947
298,14528,436,499,N 22ND ST,N,22ND,ST, ,GILLIGAN,ST, ,BANK,ST,LOUISVILLE,5,STATE,MAJOR ARTERIAL,US-150,0.741,15,056-US-0150  -000,N 22nd St,Northwestern Pkwy,0,W Main St (US 31W-001),0.741,2292,3093.11740891,6,8.09716599,0.49,0.66126856,KYTC,207.452436327722
299,16498,900,974,S 26TH ST,S,26TH,ST, ,GARLAND,AVE, ,DATE,ST,LOUISVILLE,4,METRO,MINOR ARTERIAL, ,1.846,27,056-CS-1038F -000,S 26th St,W Main St (CS-1011A),0,Wilson Ave (CS-1025F),1.846,4784,2591.54929577,10,5.4,1.846,1,METRO,367.219434781508
300,20065,2130,2199,CRUMS LN, ,CRUMS,LN, ,GLENHURST,AVE, ,JANELL,RD,SHIVELY,3,STATE,MINOR ARTERIAL,KY-2049,1.102,12,056-KY-2049  -000,Crums Lane,Cheviot Drive (CS-1476F),0.618,Dixie Hwy (US 31W),1.72,3658,3319.41923775,11,9.98185118,1.102,1,KYTC,219.490196339296
301,9379,8500,8699,SHELBYVILLE RD, ,SHELBYVILLE,RD, ,WOOD,RD, ,SHAFTESBURY,DR,LOUISVILLE,18,STATE,MAJOR ARTERIAL,US-60,1.413,53,056-US-0060  -000,Shelbyville Rd,Whipps Mill Rd (CS-1005C),6.435,Hurstbourne Pkwy (KY 1747),7.848,2682,1898.08917197,8,5.66171267,0,0,KYTC,855.420766381216
302,8425,1300,1399,S HURSTBOURNE PKY,S,HURSTBOURNE,PKY, ,BLAIRWOOD,RD, ,BLAIRWOOD ACCESS,WAY,JEFFERSONTOWN,18,STATE,MAJOR ARTERIAL,KY-1747,1.476,19,056-KY-1747  -000,S Hurstbourne Pkwy,Taylorsville Rd (KY 155),10.991,Linn Station Rd (CS-1004H),12.467,4274,2895.66395664,7,4.74254743,0,0,KYTC,605.803649617075
303,16480,800,827,E BROADWAY,E,BROADWAY, ,S,SHELBY,ST, ,LOGAN,ST,LOUISVILLE,4,STATE,MAJOR ARTERIAL,US-150,3.3535,1,056-US-0150  -000,Broadway,S 22nd St (US 31W-001),0.7405,Baxter Ave (US 31E),4.094,19419.4,5792,48,14.30913698,3.353,1,KYTC,381.371630494518
304,21072,3012,3099,DIXIE HWY, ,DIXIE,HWY, ,GAREY,LN, ,RALPH,AVE,SHIVELY,3,STATE,MAJOR ARTERIAL,US-31W,14.536,10,056-US-0031W -000,Dixie Hwy,Depot Lane,2.974,Bernheim Ln (US 31W),17.51,49906,3433,150,10.3,12.626,0.86860209,KYTC,356.302526752673
305,5140,2810,2813,HIKES LN, ,HIKES,LN, ,ROSEMONT,CT, ,GLENMEADE,RD,LOUISVILLE,26,METRO,MINOR ARTERIAL, ,2.399,36,056-CR-1002G -000,Hikes Lane,Buechel Byp (US 31E),0.797,Taylorsville Rd (KY 155),3.196,5776,2407.66986244,15,6.25260525,0.191,0.07961651,METRO,314.479556288197
306,25700,7428,7499,3RD STREET RD, ,3RD STREET,RD, ,HUNT CLUB,LN, ,MAE,CT,LOUISVILLE,25,STATE,MINOR ARTERIAL,KY-907,4.91,50,056-KY-0907  -000,3rd Street Rd (KY 907),E Pages Ln / Highcrest Ave,2.09,National Turnpike (KY 1020),7,13188,2003.64630811,41,6.22910969,4.251,0.64585232,KYTC,268.933989403069
307,24204,7246,7250,SOUTHSIDE DR, ,SOUTHSIDE,DR, ,WOODMORE,AVE, ,WOODMORE,AVE,LOUISVILLE,25,STATE,MINOR ARTERIAL,KY-907,4.91,50,056-KY-0907  -000,3rd Street Rd (KY 907),E Pages Ln / Highcrest Ave,2.09,National Turnpike (KY 1020),7,13188,2003.64630811,41,6.22910969,4.251,0.64585232,KYTC,69.9288175970009
308,16981,1156,1159,DIXIE HWY, ,DIXIE,HWY, ,HALE,AVE, ,HALE,AVE,LOUISVILLE,4,METRO,MINOR ARTERIAL, ,2.008,29,056-CS-1030F -000,Dixie Hwy,W Broadway (US 150),0,Bernheim Lane (US 31W),2.008,5174,2576.69322709,13,6.47410359,2.008,1,METRO,55.4387683056722
309,23541,4730,4899,POPLAR LEVEL RD, ,POPLAR LEVEL,RD, ,CONTRACTORS,CT,E,INDIAN,TRL,LOUISVILLE,10,STATE,MAJOR ARTERIAL,KY-864,7.117,41,056-KY-0864  -000,Poplar Level Rd,Fern Valley Rd (KY 1747),6.596,Eastern Pkwy (US 60A),13.713,16064,2257.13081355,44,6.18238022,4.725,0.66390333,KYTC,1861.23834312499
310,22289,4075,4077,CANE RUN RD, ,CANE RUN,RD, ,I 264 RAMP, , ,I 264 RAMP, ,LOUISVILLE,1,STATE,MINOR ARTERIAL,KY-1934,11.502,21,056-KY-1934  -000,Greenbelt Hwy / Cane Run Rd,Gene Snyder Fwy (KY 841),0,Algonquin Pkwy (KY 2054),11.502,31389,2729.00365154,100,8.69414015,9.201,0.79994784,KYTC,95.0591774109465
311,18047,300,399,E HILL ST,E,HILL,ST,S,FLOYD,ST,E,BURNETT,AVE,LOUISVILLE,6,METRO,MINOR ARTERIAL, ,0.359,25,056-CS-1259F -000,E Hill St (CS-1259F),S Preston St (CS-1524F),0.191,S 1st St (CS-1002F),0.55,2714,2658.17825661,6,5.87659158,1.021,1,METRO,818.158574259208
312,18518,1410,1424,POPLAR LEVEL RD, ,POPLAR LEVEL,RD, ,MAYER,AVE, ,CLARKS,LN,LOUISVILLE,10,STATE,MAJOR ARTERIAL,KY-864,7.117,41,056-KY-0864  -000,Poplar Level Rd,Fern Valley Rd (KY 1747),6.596,Eastern Pkwy (US 60A),13.713,16064,2257.13081355,44,6.18238022,4.725,0.66390333,KYTC,185.62605218557
313,26335,3448,3449,NEWBURG RD, ,NEWBURG,RD, ,SPRING CREEK,CT, ,CHAMPIONS TRACE,LN,WEST BUECHEL,10,STATE,MINOR ARTERIAL,KY-1703,2.593,30,056-KY-1703  -000,Newburg Rd,Bluegrass Park Dr (CS-1185G),1.25,Bellarmine Blvd (PS-1084G),3.843,6510.5,2510.79830312,18,6.94176629,1.066,0.41110683,KYTC,393.569712148852
314,31815,2008,2014,ROCKFORD LN, ,ROCKFORD,LN, ,KENROSE,LN, ,TREE ISLAND,CT,SHIVELY,3,STATE,MINOR ARTERIAL,KY-2051,1.975,14,056-KY-2051  -000,Rockford Ln,Dixie Hwy (US 31W),0,Cane Run Rd (KY 1934),1.975,6318,3198.98734177,20,10.12658228,1.975,1,KYTC,115.803240995233
315,22944,4236,4299,DIXIE HWY, ,DIXIE,HWY, ,I 264 RAMP, , ,I 264 RAMP, ,SHIVELY,3,STATE,MAJOR ARTERIAL,US-31W,14.536,10,056-US-0031W -000,Dixie Hwy,Depot Lane,2.974,Bernheim Ln (US 31W),17.51,49906,3433,150,10.3,12.626,0.86860209,KYTC,760.580490105309
316,9782,2025,2039,SHEPHERDSVILLE RD, ,SHEPHERDSVILLE,RD, ,ST FRANCIS,AVE, ,BASHFORD,AVE,WEST BUECHEL,10,STATE,MINOR ARTERIAL,KY-2052,2.908,39,056-KY-2052  -000,Shepherdsville Rd,Fern Valley Rd (KY 1747),1.214,Hikes Lane (KY 2052),4.122,6742,2318.43191197,20,6.87757909,2.908,1,KYTC,304.474194729619
317,25848,4500,4549,SOUTHERN PKY, ,SOUTHERN,PKY,W,SOUTHERN HEIGHTS,AVE,W,ASHLAND,AVE,LOUISVILLE,21,STATE,MINOR ARTERIAL,KY-1020,1.313,35,056-KY-1020  -000,Southern Pkwy,W Woodlawn Ave (CS-1096F),7.837,S 3rd St (CS-1013F),9.15,3174,2417.3648134,11,8.37776085,1.313,1,KYTC,1472.83774894865
318,19731,3504,3579,DIXIE HWY, ,DIXIE,HWY, ,BACHMANN,DR, ,MARY CATHERINE,DR,SHIVELY,3,STATE,MAJOR ARTERIAL,US-31W,14.536,10,056-US-0031W -000,Dixie Hwy,Depot Lane,2.974,Bernheim Ln (US 31W),17.51,49906,3433,150,10.3,12.626,0.86860209,KYTC,231.759649542905
319,15937,999,900,E JEFFERSON ST,E,JEFFERSON,ST,S,CAMPBELL,ST,S,WENZEL,ST,LOUISVILLE,4,METRO,MINOR ARTERIAL, ,1.05,43,056-CS-1014B -000,E Jefferson St,Baxter Ave (US 31E),0,S 1st St (CS-1002F),1.05,2331,2220,6,5.71428571,1.05,1,METRO,585.070105306514
320,18314,2445,2499,BARDSTOWN RD, ,BARDSTOWN,RD, ,WEBER,AVE, ,TAYLORSVILLE,RD,LOUISVILLE,8,STATE,MAJOR ARTERIAL,US-31E,5.8,16,056-US-0031E -000,Beuchel Byp / Bardstown Rd / Baxter Ave,Hikes Lane (KY 2052),10.974,E Main St (US 31E),16.774,17471,3012.24137931,41,7.1,1.878,0.3237931,KYTC,647.218414342641
321,28787,7100,7599,GREENBELT HWY, ,GREENBELT,HWY, ,INTERMODAL,DR, ,DISTRIBUTION,DR,LOUISVILLE,12,STATE,MAJOR ARTERIAL,KY-1934,11.502,21,056-KY-1934  -000,Greenbelt Hwy / Cane Run Rd,Gene Snyder Fwy (KY 841),0,Algonquin Pkwy (KY 2054),11.502,31389,2729.00365154,100,8.69414015,9.201,0.79994784,KYTC,2422.39484181962
322,11584,7300,7399,BARDSTOWN RD, ,BARDSTOWN,RD, ,I 265 RAMP, , ,I 265 RAMP, ,LOUISVILLE,22,STATE,MAJOR ARTERIAL,US-31E,1.652,7,056-US-0031E -000,Bardstown Rd,Captain Place,3.909,Beulah Church Rd / Seatonville Rd (KY 1065),5.561,6005,3634.98789346,16,9.68523002,0,0,KYTC,363.936825327667
323,10840,5400,5899,SHEPHERDSVILLE RD, ,SHEPHERDSVILLE,RD, ,RURAL,WAY, ,RANGELAND,RD,LOUISVILLE,2,STATE,MINOR ARTERIAL,KY-2052,2.908,39,056-KY-2052  -000,Shepherdsville Rd,Fern Valley Rd (KY 1747),1.214,Hikes Lane (KY 2052),4.122,6742,2318.43191197,20,6.87757909,2.908,1,KYTC,2531.33718419193
324,8428,1450,1524,S HURSTBOURNE PKY,S,HURSTBOURNE,PKY, ,I 64 RAMP, , ,I 64 RAMP, ,JEFFERSONTOWN,18,STATE,MAJOR ARTERIAL,KY-1747,1.476,19,056-KY-1747  -000,S Hurstbourne Pkwy,Taylorsville Rd (KY 155),10.991,Linn Station Rd (CS-1004H),12.467,4274,2895.66395664,7,4.74254743,0,0,KYTC,548.13792472268
325,17830,1616,1699,DIXIE HWY, ,DIXIE,HWY,W,LEE,ST,W,LEE,ST,LOUISVILLE,6,METRO,MINOR ARTERIAL, ,2.008,29,056-CS-1030F -000,Dixie Hwy,W Broadway (US 150),0,Bernheim Lane (US 31W),2.008,5174,2576.69322709,13,6.47410359,2.008,1,METRO,86.8781395714293
326,9347,4025,4049,SHELBYVILLE RD, ,SHELBYVILLE,RD,N,SHERRIN,AVE,S,SHERRIN,AVE,ST MATTHEWS,9,STATE,MAJOR ARTERIAL,US-60,0.638,6,056-US-0060  -000,Shelbyville Rd,Lexington Rd (US 60A),3.482,Thierman Ln (CS-1098B),4.12,2413,3782.13166144,7,10.97178683,0,0,KYTC,283.158233747276
327,19631,3300,3399,DIXIE HWY, ,DIXIE,HWY, ,APPLETON,LN, ,OLENDA,AVE,SHIVELY,3,STATE,MAJOR ARTERIAL,US-31W,14.536,10,056-US-0031W -000,Dixie Hwy,Depot Lane,2.974,Bernheim Ln (US 31W),17.51,49906,3433,150,10.3,12.626,0.86860209,KYTC,627.920648400019
328,9701,4800,5003,BARDSTOWN RD, ,BARDSTOWN,RD, ,WATTERSON,TRL, ,DREAMS END,DR,LOUISVILLE,2,STATE,MAJOR ARTERIAL,US-31E,1.418,38,056-US-0031E -000,Bardstown Rd,S Hurstbourne Pkwy (KY 1747),7.245,Breckenridge Ln (KY 1932),8.663,3289,2319.46403385,9,6.34696756,0,0,KYTC,2067.70657259824
329,15907,899,800,E JEFFERSON ST,E,JEFFERSON,ST,S,SHELBY,ST,S,CAMPBELL,ST,LOUISVILLE,4,METRO,MINOR ARTERIAL, ,1.05,43,056-CS-1014B -000,E Jefferson St,Baxter Ave (US 31E),0,S 1st St (CS-1002F),1.05,2331,2220,6,5.71428571,1.05,1,METRO,585.91041463615
330,20984,426,499,BAXTER AVE, ,BAXTER,AVE, ,LEXINGTON,RD, ,BARRET,AVE,LOUISVILLE,4,STATE,MAJOR ARTERIAL,US-31E,5.8,16,056-US-0031E -000,Beuchel Byp / Bardstown Rd / Baxter Ave,Hikes Lane (KY 2052),10.974,E Main St (US 31E),16.774,17471,3012.24137931,41,7.1,1.878,0.3237931,KYTC,280.690176253255
331,16526,975,999,S 26TH ST,S,26TH,ST, ,DATE,ST,W,KENTUCKY,ST,LOUISVILLE,4,METRO,MINOR ARTERIAL, ,1.846,27,056-CS-1038F -000,S 26th St,W Main St (CS-1011A),0,Wilson Ave (CS-1025F),1.846,4784,2591.54929577,10,5.4,1.846,1,METRO,131.075792125205
332,17898,1500,1511,S 7TH ST,S,7TH,ST,W,HILL,ST,W,SHIPP,AVE,LOUISVILLE,6,METRO,MAJOR ARTERIAL, ,0.928,2,056-CS-1011F -000,S 7th St,Algonquin Pkwy (KY 2054),0,Split to S 9th St,0.928,5224,5629,15,16.2,0.928,1,METRO,201.1354706799
333,18465,1400,1499,ALGONQUIN PKY, ,ALGONQUIN,PKY, ,7TH STREET,RD,S,13TH,ST,LOUISVILLE,6,STATE,MAJOR ARTERIAL,KY-2054,1.762,13,056-KY-2054  -000,Algonquin Pkwy,S 22nd St (US 31W),1.504,Winkler Ave (US 60A),3.266,5638.85,3200.2553916,15,8.51305335,1.762,1,KYTC,372.603784135589
334,21549,950,979,W MARKET ST,W,MARKET,ST, ,I 64 RAMP, , ,I 64 RAMP, ,LOUISVILLE,4,STATE,MAJOR ARTERIAL,US-31W,1.064,33,056-US-0031W -000,W Market St (US 31W),Dr W J Hodge St,20.292,Roy Wilkins Ave,21.356,6500,2472.42297452,18,6.84670978,2.629,1,KYTC,245.952747304021
335,18249,1800,1802,S 7TH ST,S,7TH,ST, ,COMMERCE,RD,S,11TH,ST,LOUISVILLE,6,METRO,MAJOR ARTERIAL, ,0.928,2,056-CS-1011F -000,S 7th St,Algonquin Pkwy (KY 2054),0,Split to S 9th St,0.928,5224,5629,15,16.2,0.928,1,METRO,142.665881854466
336,17329,1350,1399,S 22ND ST,S,22ND,ST, ,ST LOUIS,AVE, ,WOODLAND,AVE,LOUISVILLE,6,STATE,MAJOR ARTERIAL,US-31W,1.145,8,056-US-0031W -000,S 22nd St / Bernheim Ln,Dixie Hwy (CS-1030F),17.51,Dumesnil St (CS-1010F),18.655,4100,3580.7860262,11,9.6069869,1.145,1,KYTC,312.938314203425
337,29619,4752,4775,CANE RUN RD, ,CANE RUN,RD, ,POPLAR VIEW,DR, ,ROCKFORD,LN,LOUISVILLE,1,STATE,MAJOR ARTERIAL,KY-1934,11.502,21,056-KY-1934  -000,Greenbelt Hwy / Cane Run Rd,Gene Snyder Fwy (KY 841),0,Algonquin Pkwy (KY 2054),11.502,31389,2729.00365154,100,8.69414015,9.201,0.79994784,KYTC,472.604048770281
338,23024,4430,4441,DIXIE HWY, ,DIXIE,HWY, ,HEATON,RD, ,STEWART,AVE,SHIVELY,3,STATE,MAJOR ARTERIAL,US-31W,14.536,10,056-US-0031W -000,Dixie Hwy,Depot Lane,2.974,Bernheim Ln (US 31W),17.51,49906,3433,150,10.3,12.626,0.86860209,KYTC,315.221631022619
339,16177,700,728,S 26TH ST,S,26TH,ST,W,BROADWAY, , ,MAPLE,ST,LOUISVILLE,4,METRO,MINOR ARTERIAL, ,1.846,27,056-CS-1038F -000,S 26th St,W Main St (CS-1011A),0,Wilson Ave (CS-1025F),1.846,4784,2591.54929577,10,5.4,1.846,1,METRO,484.024896608226
340,22999,4360,4429,DIXIE HWY, ,DIXIE,HWY, ,I 264 RAMP, , ,HEATON,RD,SHIVELY,3,STATE,MAJOR ARTERIAL,US-31W,14.536,10,056-US-0031W -000,Dixie Hwy,Depot Lane,2.974,Bernheim Ln (US 31W),17.51,49906,3433,150,10.3,12.626,0.86860209,KYTC,432.18074989848
341,24169,6800,6899,PRESTON HWY, ,PRESTON,HWY,W,FERN VALLEY,RD, ,INDUSTRIAL,BLVD,LOUISVILLE,21,STATE,MAJOR ARTERIAL,KY-61,7.502,9,056-KY-0061  -000,Preston Hwy,Cooper Chapel Rd / Commerce Crossings Dr (KY 6299),1.401,Hart Ave,8.903,25969,3461.61023727,77,10.26392962,4.884,0.65102639,KYTC,334.467390434497
342,26958,4600,4649,DIXIE HWY, ,DIXIE,HWY, ,SAN JOSE,AVE, ,GAGEL,AVE,SHIVELY,3,STATE,MAJOR ARTERIAL,US-31W,14.536,10,056-US-0031W -000,Dixie Hwy,Depot Lane,2.974,Bernheim Ln (US 31W),17.51,49906,3433,150,10.3,12.626,0.86860209,KYTC,1003.3614205217
343,21063,2912,2999,DIXIE HWY, ,DIXIE,HWY, ,LONEY,LN, ,ARGONNE,AVE,SHIVELY,3,STATE,MAJOR ARTERIAL,US-31W,14.536,10,056-US-0031W -000,Dixie Hwy,Depot Lane,2.974,Bernheim Ln (US 31W),17.51,49906,3433,150,10.3,12.626,0.86860209,KYTC,419.370340523897
344,32187,4613,4614,CANE RUN RD, ,CANE RUN,RD, ,MARGEE,DR, ,CLARINET,DR,LOUISVILLE,1,STATE,MAJOR ARTERIAL,KY-1934,11.502,21,056-KY-1934  -000,Greenbelt Hwy / Cane Run Rd,Gene Snyder Fwy (KY 841),0,Algonquin Pkwy (KY 2054),11.502,31389,2729.00365154,100,8.69414015,9.201,0.79994784,KYTC,175.44641191294
345,20533,1220,1244,BARDSTOWN RD, ,BARDSTOWN,RD, ,LUCIA,AVE, ,BEECHWOOD,AVE,LOUISVILLE,8,STATE,MAJOR ARTERIAL,US-31E,5.8,16,056-US-0031E -000,Beuchel Byp / Bardstown Rd / Baxter Ave,Hikes Lane (KY 2052),10.974,E Main St (US 31E),16.774,17471,3012.24137931,41,7.1,1.878,0.3237931,KYTC,335.887479229466
346,35056,299,235,E JEFFERSON ST,E,JEFFERSON,ST,S,FLOYD,ST, ,NO STREET NAME, ,LOUISVILLE,4,METRO,MINOR ARTERIAL, ,1.05,43,056-CS-1014B -000,E Jefferson St,Baxter Ave (US 31E),0,S 1st St (CS-1002F),1.05,2331,2220,6,5.71428571,1.05,1,METRO,253.848228179826
347,27021,4730,4733,DIXIE HWY, ,DIXIE,HWY, ,ROCKFORD,LN,E,ROCKFORD,LN,SHIVELY,3,STATE,MAJOR ARTERIAL,US-31W,14.536,10,056-US-0031W -000,Dixie Hwy,Depot Lane,2.974,Bernheim Ln (US 31W),17.51,49906,3433,150,10.3,12.626,0.86860209,KYTC,170.624087108364
348,29902,2300,2499,CRUMS LN, ,CRUMS,LN, ,NORTH,LN, ,LOMOND,DR,SHIVELY,3,STATE,MINOR ARTERIAL,KY-2049,1.102,12,056-KY-2049  -000,Crums Lane,Cheviot Drive (CS-1476F),0.618,Dixie Hwy (US 31W),1.72,3658,3319.41923775,11,9.98185118,1.102,1,KYTC,674.845341801781
349,30039,3600,3699,MANSLICK RD, ,MANSLICK,RD, ,ELDERWOOD,WAY, ,MANSLICK,CT,LOUISVILLE,3,STATE,MINOR ARTERIAL,KY-1931,9.06,24,056-KY-1931  -000,Greenwood Rd / St. Andrews Church Rd / Manslick Rd / 7th Street Rd,Terry Road (KY 1727),1.47,Algonquin Pkwy (KY 2054),10.53,24325,2684.8785872,73,8.05739514,7.024,0.77527594,KYTC,924.96283896004
350,27482,6700,6899,DIXIE HWY, ,DIXIE,HWY, ,KERRICK,LN, ,ST PAULS CHURCH,RD,LOUISVILLE,12,STATE,MAJOR ARTERIAL,US-31W,14.536,10,056-US-0031W -000,Dixie Hwy,Depot Lane,2.974,Bernheim Ln (US 31W),17.51,49906,3433,150,10.3,12.626,0.86860209,KYTC,1058.21467409088
351,26788,3300,3350,LEES LN, ,LEES,LN, ,CLARION,CT, ,CANE RUN,RD,LOUISVILLE,1,STATE,MINOR ARTERIAL,KY-2051,1.975,14,056-KY-2051  -000,Rockford Ln,Dixie Hwy (US 31W),0,Cane Run Rd (KY 1934),1.975,6318,3198.987342,20,10.126582,1.975,1,KYTC,645.347674362788
352,15830,199,100,BAXTER AVE, ,BAXTER,AVE,E,MARKET,ST,E,MAIN,ST,LOUISVILLE,4,STATE,MAJOR ARTERIAL,US-31E,5.8,16,056-US-0031E -000,Beuchel Byp / Bardstown Rd / Baxter Ave,Hikes Lane (KY 2052),10.974,E Main St (US 31E),16.774,17471,3012.24137931,41,7.1,1.878,0.3237931,KYTC,511.024194040174
353,16015,3200,3309,W BROADWAY,W,BROADWAY, ,S,32ND,ST, ,LOUIS COLEMAN JR,DR,LOUISVILLE,5,METRO,MAJOR ARTERIAL, ,1.19,3,056-CS-1021F -000,W Broadway,S 22nd St (US 31W-001),0,S 35th St (north leg),1.19,6262,5262.18487395,19,15.96638655,1.19,1,METRO,620.076561577341
354,16474,700,799,E BROADWAY,E,BROADWAY, ,S,CLAY,ST,S,SHELBY,ST,LOUISVILLE,4,STATE,MAJOR ARTERIAL,US-150,3.3535,1,056-US-0150  -000,Broadway,S 22nd St (US 31W-001),0.7405,Baxter Ave (US 31E),4.094,19419.4,5792,48,14.30913698,3.353,1,KYTC,584.743261139651
355,10386,4400,4999,SHEPHERDSVILLE RD, ,SHEPHERDSVILLE,RD,E,INDIAN,TRL, ,BUECHEL BANK,RD,LOUISVILLE,2,STATE,MINOR ARTERIAL,KY-2052,2.908,39,056-KY-2052  -000,Shepherdsville Rd,Fern Valley Rd (KY 1747),1.214,Hikes Lane (KY 2052),4.122,6742,2318.43191197,20,6.87757909,2.908,1,KYTC,2571.5498487909
356,20015,3500,3519,MANSLICK RD, ,MANSLICK,RD, ,CONN,ST, ,NICHOLS,DR,LOUISVILLE,3,STATE,MINOR ARTERIAL,KY-1931,9.06,24,056-KY-1931  -000,Greenwood Rd / St. Andrews Church Rd / Manslick Rd / 7th Street Rd,Terry Road (KY 1727),1.47,Algonquin Pkwy (KY 2054),10.53,24325,2684.8785872,73,8.05739514,7.024,0.77527594,KYTC,309.819977753639
357,9376,8300,8399,SHELBYVILLE RD, ,SHELBYVILLE,RD, ,HOLLEY,RD, ,LYNDON,LN,LOUISVILLE,18,STATE,MAJOR ARTERIAL,US-60,1.413,53,056-US-0060  -000,Shelbyville Rd,Whipps Mill Rd (CS-1005C),6.435,Hurstbourne Pkwy (KY 1747),7.848,2682,1898.08917197,8,5.66171267,0,0,KYTC,368.259914405243
358,15021,2801,2853,W MARKET ST,W,MARKET,ST,S,28TH,ST,S,29TH,ST,LOUISVILLE,5,METRO,MINOR ARTERIAL, ,1.565,33,056-CS-1006A -000,W Market St (CS-1006A),S 22nd St (US 31W-001),0,S 40th St (CS-1043F),1.565,6500,2472.42297452,18,6.84670978,2.629,1,METRO,482.279572060193
359,29949,3900,3924,7TH STREET RD, ,7TH STREET,RD, ,LEROY,AVE, ,PARK,RD,SHIVELY,3,STATE,MAJOR ARTERIAL,US-60A,3.157,4,056-US-0060A -000,7th Street Rd / Berry Blvd / Taylor Blvd / Winkler Ave,Dixie Hwy (US 31W),0,S 3rd St (KY 1020),3.157,13771,4362.05258156,37,11.71998733,3.157,1,KYTC,600.308986685434
360,16326,700,799,W BROADWAY,W,BROADWAY, ,S,7TH,ST,S,8TH,ST,LOUISVILLE,6,STATE,MAJOR ARTERIAL,US-150,3.3535,1,056-US-0150  -000,Broadway,S 22nd St (US 31W-001),0.7405,Baxter Ave (US 31E),4.094,19419.4,5792,48,14.30913698,3.353,1,KYTC,481.61405892387
361,26023,7637,7720,ST ANDREWS CHURCH RD, ,ST ANDREWS CHURCH,RD, ,RENWOOD,BLVD, ,CARDINAL OAKS,DR,LOUISVILLE,25,STATE,MINOR ARTERIAL,KY-1931,9.06,24,056-KY-1931  -000,Greenwood Rd / St. Andrews Church Rd / Manslick Rd / 7th Street Rd,Terry Road (KY 1727),1.47,Algonquin Pkwy (KY 2054),10.53,24325,2684.8785872,73,8.05739514,7.024,0.77527594,KYTC,1075.98236238967
362,3327,3800,3815,FRANKFORT AVE, ,FRANKFORT,AVE, ,LEXINGTON,RD, ,WILMINGTON,AVE,LOUISVILLE,9,STATE,MAJOR ARTERIAL,US-60,0.638,6,056-US-0060  -000,Shelbyville Rd,Lexington Rd (US 60A),3.482,Thierman Ln (CS-1098B),4.12,2413,3782.13166144,7,10.97178683,0,0,KYTC,267.26342109867
363,19189,3200,3299,POPLAR LEVEL RD, ,POPLAR LEVEL,RD, ,ILLINOIS,AVE, ,NIGHTINGALE,RD,LOUISVILLE,10,STATE,MAJOR ARTERIAL,KY-864,7.117,41,056-KY-0864  -000,Poplar Level Rd,Fern Valley Rd (KY 1747),6.596,Eastern Pkwy (US 60A),13.713,16064,2257.13081355,44,6.18238022,4.725,0.66390333,KYTC,900.503223285686
364,18635,1525,1539,POPLAR LEVEL RD, ,POPLAR LEVEL,RD, ,ARDMORE,DR, ,THRUSTON,AVE,LOUISVILLE,10,STATE,MAJOR ARTERIAL,KY-864,7.117,41,056-KY-0864  -000,Poplar Level Rd,Fern Valley Rd (KY 1747),6.596,Eastern Pkwy (US 60A),13.713,16064,2257.13081355,44,6.18238022,4.725,0.66390333,KYTC,350.922940481596
365,19058,2702,2799,7TH STREET RD, ,7TH STREET,RD, ,WATHEN,LN, ,PHYLLIS,AVE,SHIVELY,3,STATE,MAJOR ARTERIAL,KY-1931,9.06,24,056-KY-1931  -000,Greenwood Rd / St. Andrews Church Rd / Manslick Rd / 7th Street Rd,Terry Road (KY 1727),1.47,Algonquin Pkwy (KY 2054),10.53,24325,2684.8785872,73,8.05739514,7.024,0.77527594,KYTC,807.740334217088
366,15150,1500,1599,W MAIN ST,W,MAIN,ST,N,15TH,ST,N,16TH,ST,LOUISVILLE,5,STATE,MAJOR ARTERIAL,US-31W,1.751,45,056-US-0031W -001,W Main St,N 22nd St (US 150),20.345,S 2nd St (US 31),22.096,3743,2137.63563678,10,5.71102227,1.751,1,KYTC,479.543931528519
367,21290,3280,3299,NEWBURG RD, ,NEWBURG,RD, ,I 264 RAMP, , ,BISHOP,LN,LOUISVILLE,10,STATE,MINOR ARTERIAL,KY-1703,2.593,30,056-KY-1703  -000,Newburg Rd,Bluegrass Park Dr (CS-1185G),1.25,Bellarmine Blvd (PS-1084G),3.843,6510.5,2510.79830312,18,6.94176629,1.066,0.41110683,KYTC,163.775641073579
368,10032,4212,4299,SHEPHERDSVILLE RD, ,SHEPHERDSVILLE,RD, ,OLD SHEPHERDSVILLE,RD, ,DELAWARE,DR,LOUISVILLE,2,STATE,MINOR ARTERIAL,KY-2052,2.908,39,056-KY-2052  -000,Shepherdsville Rd,Fern Valley Rd (KY 1747),1.214,Hikes Lane (KY 2052),4.122,6742,2318.43191197,20,6.87757909,2.908,1,KYTC,359.659131606889
369,10914,5180,5199,POPLAR LEVEL RD, ,POPLAR LEVEL,RD, ,MADDIX,LN, ,GAYLE,DR,LOUISVILLE,2,STATE,MAJOR ARTERIAL,KY-864,7.117,41,056-KY-0864  -000,Poplar Level Rd,Fern Valley Rd (KY 1747),6.596,Eastern Pkwy (US 60A),13.713,16064,2257.13081355,44,6.18238022,4.725,0.66390333,KYTC,382.546523174098
370,15599,3199,3100,RIVER PARK DR, ,RIVER PARK,DR,S,32ND,ST,S,31ST,ST,LOUISVILLE,5,METRO,MINOR ARTERIAL, ,0.676,28,056-CS-1016A -000,River Park Dr (CS-1016A),S 37th St (CS-1078A),0.753,S 30th St (CS-1071F),1.429,5742,2586.48648649,13,5.85585586,2.22,1,METRO,792.649684787828
371,23405,5000,5011,SOUTHSIDE DR, ,SOUTHSIDE,DR,W,AMHERST,AVE, ,COLONIAL OAKS,CT,LOUISVILLE,21,STATE,MINOR ARTERIAL,KY-1020,1.672,50,056-KY-1020  -000,Southside Dr (KY 907/1020),National Turnpike (KY 1020),5.7,W Tenny Ave (KY 1020),7.372,13188,2003.64630811,41,6.22910969,4.251,0.64585232,KYTC,362.415103131927
372,17678,1800,2099,W HILL ST,W,HILL,ST, ,DIXIE,HWY,S,22ND,ST,LOUISVILLE,6,METRO,MINOR ARTERIAL, ,1.034,51,056-CS-1016F -000,W Hill St,S 17th St (CS-1032F),1.527,Wilson Ave (CS-1025F),2.561,2010,1943.90715667,5,4.83558994,1.034,1,METRO,712.633306880056
373,26063,5000,5018,NEW CUT RD, ,NEW CUT,RD, ,IROQUOIS,AVE, ,GHEENS,AVE,LOUISVILLE,15,STATE,MAJOR ARTERIAL,KY-1865,5.273,5,056-KY-1865  -000,Taylor Blvd / New Cut Rd,Gene Snyder Fwy (KY 841),0.92,Berry Blvd (US 60A),6.193,20222,3835.00853404,51,9.67191352,4.556,0.86402427,KYTC,427.289320167615
374,24028,6200,6399,PRESTON HWY, ,PRESTON,HWY, ,FOREST,DR, ,WANNSEE,DR,LOUISVILLE,21,STATE,MAJOR ARTERIAL,KY-61,7.502,9,056-KY-0061  -000,Preston Hwy,Cooper Chapel Rd / Commerce Crossings Dr (KY 6299),1.401,Hart Ave,8.903,25969,3461.61023727,77,10.26392962,4.884,0.65102639,KYTC,973.545012087751
375,23342,4976,4999,SOUTHSIDE DR, ,SOUTHSIDE,DR,W,AMHERST,AVE,W,AMHERST,AVE,LOUISVILLE,21,STATE,MINOR ARTERIAL,KY-1020,1.672,50,056-KY-1020  -000,Southside Dr (KY 907/1020),National Turnpike (KY 1020),5.7,W Tenny Ave (KY 1020),7.372,13188,2003.64630811,41,6.22910969,4.251,0.64585232,KYTC,36.8986993334454
376,8486,4904,4959,U S HIGHWAY 42, ,U S HIGHWAY 42, , ,HOLIDAY MANOR,CTR, ,GLEN EAGLE,DR,NORTHFIELD,7,STATE,MAJOR ARTERIAL,US-42,0.985,44,056-US-0042  -000,Brownsboro Rd / US 42,I-264,5.81,Seminary Dr (KY 22C),6.795,2172,2205.07614213,7,7.10659898,0,0,KYTC,1037.30145786392
377,15178,218,299,S 26TH ST,S,26TH,ST, ,CONGRESS,ST,W,JEFFERSON,ST,LOUISVILLE,5,METRO,MINOR ARTERIAL, ,1.846,27,056-CS-1038F -000,S 26th St,W Main St (CS-1011A),0,Wilson Ave (CS-1025F),1.846,4784,2591.54929577,10,5.4,1.846,1,METRO,293.92983572118
378,19378,3500,3599,POPLAR LEVEL RD, ,POPLAR LEVEL,RD, ,QUARRY HILL,RD, ,FINCASTLE,RD,LOUISVILLE,10,STATE,MAJOR ARTERIAL,KY-864,7.117,41,056-KY-0864  -000,Poplar Level Rd,Fern Valley Rd (KY 1747),6.596,Eastern Pkwy (US 60A),13.713,16064,2257.13081355,44,6.18238022,4.725,0.66390333,KYTC,632.793185724302
379,19736,3580,3599,DIXIE HWY, ,DIXIE,HWY, ,MARY CATHERINE,DR, ,THERESA,AVE,SHIVELY,3,STATE,MAJOR ARTERIAL,US-31W,14.536,10,056-US-0031W -000,Dixie Hwy,Depot Lane,2.974,Bernheim Ln (US 31W),17.51,49906,3433,150,10.3,12.626,0.86860209,KYTC,53.9412295929561
380,24393,5500,5604,NEW CUT RD, ,NEW CUT,RD, ,3RD STREET,RD, ,COGAN,BLVD,LOUISVILLE,25,STATE,MINOR ARTERIAL,KY-1865,5.273,5,056-KY-1865  -000,Taylor Blvd / New Cut Rd,Gene Snyder Fwy (KY 841),0.92,Berry Blvd (US 60A),6.193,20222,3835.008534,51,9.671914,4.556,0.864024,KYTC,1358.20022674438
381,21538,500,599,W MAIN ST,W,MAIN,ST, ,PLACE MONTPELLIER, ,N,6TH,ST,LOUISVILLE,4,STATE,MAJOR ARTERIAL,US-31W,1.751,45,056-US-0031W -001,W Main St,N 22nd St (US 150),20.345,S 2nd St (US 31),22.096,3743,2137.63563678,10,5.71102227,1.751,1,KYTC,479.705619003553
382,19793,3800,3838,SOUTHERN PKY, ,SOUTHERN,PKY, ,OAKDALE,AVE, ,WINN,AVE,LOUISVILLE,15,STATE,MINOR ARTERIAL,KY-1020,1.313,35,056-KY-1020  -000,Southern Pkwy,W Woodlawn Ave (CS-1096F),7.837,S 3rd St (CS-1013F),9.15,3174,2417.3648134,11,8.37776085,1.313,1,KYTC,756.955979491734
383,18399,1350,1399,POPLAR LEVEL RD, ,POPLAR LEVEL,RD, ,DIXON,AVE, ,EIGELBACH,AVE,LOUISVILLE,10,STATE,MAJOR ARTERIAL,KY-864,7.117,41,056-KY-0864  -000,Poplar Level Rd,Fern Valley Rd (KY 1747),6.596,Eastern Pkwy (US 60A),13.713,16064,2257.13081355,44,6.18238022,4.725,0.66390333,KYTC,301.707908913904
384,29616,4700,4719,CANE RUN RD, ,CANE RUN,RD, ,NEW LYNNVIEW,DR, ,TEAKWOOD,CIR,LOUISVILLE,1,STATE,MAJOR ARTERIAL,KY-1934,11.502,21,056-KY-1934  -000,Greenbelt Hwy / Cane Run Rd,Gene Snyder Fwy (KY 841),0,Algonquin Pkwy (KY 2054),11.502,31389,2729.00365154,100,8.69414015,9.201,0.79994784,KYTC,775.843014249263
385,18921,2515,2599,DIXIE HWY, ,DIXIE,HWY, ,SONNE,AVE, ,GLENVIEW,PL,SHIVELY,3,STATE,MAJOR ARTERIAL,US-31W,14.536,10,056-US-0031W -000,Dixie Hwy,Depot Lane,2.974,Bernheim Ln (US 31W),17.51,49906,3433,150,10.3,12.626,0.86860209,KYTC,357.559656043319
386,25796,4025,4035,TAYLOR BLVD, ,TAYLOR,BLVD, ,CARRICO,AVE, ,CARRICO,AVE,LOUISVILLE,15,STATE,MAJOR ARTERIAL,KY-1865,5.273,5,056-KY-1865  -000,Taylor Blvd / New Cut Rd,Gene Snyder Fwy (KY 841),0.92,Berry Blvd (US 60A),6.193,20222,3835.00853404,51,9.67191352,4.556,0.86402427,KYTC,219.401600264918
387,19501,3750,3799,POPLAR LEVEL RD, ,POPLAR LEVEL,RD, ,SHERIDAN,AVE, ,TREVILIAN,WAY,LOUISVILLE,10,STATE,MAJOR ARTERIAL,KY-864,7.117,41,056-KY-0864  -000,Poplar Level Rd,Fern Valley Rd (KY 1747),6.596,Eastern Pkwy (US 60A),13.713,16064,2257.13081355,44,6.18238022,4.725,0.66390333,KYTC,419.558882571156
388,26990,1810,1899,ROCKFORD LN, ,ROCKFORD,LN, ,STONESTREET,AVE, ,HILLSIDE,DR,SHIVELY,3,STATE,MINOR ARTERIAL,KY-2051,1.975,14,056-KY-2051  -000,Rockford Ln,Dixie Hwy (US 31W),0,Cane Run Rd (KY 1934),1.975,6318,3198.98734177,20,10.12658228,1.975,1,KYTC,429.980278420498
389,18328,1800,1899,BERNHEIM LN, ,BERNHEIM,LN, ,DIXIE,HWY,S,22ND,ST,LOUISVILLE,3,STATE,MAJOR ARTERIAL,US-31W,1.145,8,056-US-0031W -000,S 22nd St / Bernheim Ln,Dixie Hwy (CS-1030F),17.51,Dumesnil St (CS-1010F),18.655,4100,3580.786026,11,9.606987,1.145,1,KYTC,662.194958555497
390,17828,1804,1832,BARDSTOWN RD, ,BARDSTOWN,RD, ,IVANHOE,CT, ,ROANOKE,AVE,LOUISVILLE,8,STATE,MAJOR ARTERIAL,US-31E,5.8,16,056-US-0031E -000,Beuchel Byp / Bardstown Rd / Baxter Ave,Hikes Lane (KY 2052),10.974,E Main St (US 31E),16.774,17471,3012.24137931,41,7.1,1.878,0.3237931,KYTC,323.024031801114
391,15941,659,662,S 26TH ST,S,26TH,ST, ,ELLIOTT,AVE, ,ELLIOTT,AVE,LOUISVILLE,5,METRO,MINOR ARTERIAL, ,1.846,27,056-CS-1038F -000,S 26th St,W Main St (CS-1011A),0,Wilson Ave (CS-1025F),1.846,4784,2591.54929577,10,5.4,1.846,1,METRO,49.6935923937886
392,18155,1800,2099,ALGONQUIN PKY, ,ALGONQUIN,PKY, ,DIXIE,HWY,S,22ND,ST,LOUISVILLE,6,STATE,MAJOR ARTERIAL,KY-2054,1.762,13,056-KY-2054  -000,Algonquin Pkwy,S 22nd St (US 31W),1.504,Winkler Ave (US 60A),3.266,5638.85,3200.2553916,15,8.51305335,1.762,1,KYTC,748.109918894437
393,14822,3900,3999,W MARKET ST,W,MARKET,ST,S,39TH,ST,S,40TH,ST,LOUISVILLE,5,METRO,MINOR ARTERIAL, ,1.565,33,056-CS-1006A -000,W Market St (CS-1006A),S 22nd St (US 31W-001),0,S 40th St (CS-1043F),1.565,6500,2472.42297452,18,6.84670978,2.629,1,METRO,198.264787043111
394,23671,5800,5802,SOUTHSIDE DR, ,SOUTHSIDE,DR, ,INVERNESS,AVE, ,NAVY,DR,LOUISVILLE,25,STATE,MINOR ARTERIAL,KY-1020,1.672,50,056-KY-1020  -000,Southside Dr (KY 907/1020),National Turnpike (KY 1020),5.7,W Tenny Ave (KY 1020),7.372,13188,2003.64630811,41,6.22910969,4.251,0.64585232,KYTC,129.817848307012
395,14701,327,331,N 22ND ST,N,22ND,ST,N,22ND ST CONNECTOR, , ,GARFIELD,AVE,LOUISVILLE,5,STATE,MAJOR ARTERIAL,US-150,0.741,15,056-US-0150  -000,N 22nd St,Northwestern Pkwy,0,W Main St (US 31W-001),0.741,2292,3093.11740891,6,8.09716599,0.49,0.66126856,KYTC,48.2274273786452
396,19589,3250,3267,TAYLOR BLVD, ,TAYLOR,BLVD, ,PHYLLIS,AVE, ,CALHOUN,AVE,LOUISVILLE,15,STATE,MAJOR ARTERIAL,US-60A,3.157,4,056-US-0060A -000,7th Street Rd / Berry Blvd / Taylor Blvd / Winkler Ave,Dixie Hwy (US 31W),0,S 3rd St (KY 1020),3.157,13771,4362.05258156,37,11.71998733,3.157,1,KYTC,235.610768283731
397,23734,6204,6299,SOUTHSIDE DR, ,SOUTHSIDE,DR, ,STEEDLY,DR, ,FREEMAN,AVE,LOUISVILLE,25,STATE,MINOR ARTERIAL,KY-1020,1.672,50,056-KY-1020  -000,Southside Dr (KY 907/1020),National Turnpike (KY 1020),5.7,W Tenny Ave (KY 1020),7.372,13188,2003.64630811,41,6.22910969,4.251,0.64585232,KYTC,136.821649282926
398,29614,4640,4649,CANE RUN RD, ,CANE RUN,RD, ,PATRICIA,DR, ,CATHE DYKSTRA,WAY,LOUISVILLE,1,STATE,MAJOR ARTERIAL,KY-1934,11.502,21,056-KY-1934  -000,Greenbelt Hwy / Cane Run Rd,Gene Snyder Fwy (KY 841),0,Algonquin Pkwy (KY 2054),11.502,31389,2729.00365154,100,8.69414015,9.201,0.79994784,KYTC,345.021653532427
399,19087,3100,3199,POPLAR LEVEL RD, ,POPLAR LEVEL,RD, ,HESS,LN, ,ILLINOIS,AVE,LOUISVILLE,10,STATE,MAJOR ARTERIAL,KY-864,7.117,41,056-KY-0864  -000,Poplar Level Rd,Fern Valley Rd (KY 1747),6.596,Eastern Pkwy (US 60A),13.713,16064,2257.13081355,44,6.18238022,4.725,0.66390333,KYTC,422.389823905348
400,23494,5100,5199,SOUTHSIDE DR, ,SOUTHSIDE,DR,W,KINGSTON,AVE, ,ASHBURY,RD,LOUISVILLE,21,STATE,MINOR ARTERIAL,KY-1020,1.672,50,056-KY-1020  -000,Southside Dr (KY 907/1020),National Turnpike (KY 1020),5.7,W Tenny Ave (KY 1020),7.372,13188,2003.64630811,41,6.22910969,4.251,0.64585232,KYTC,293.07861943566
401,21318,2100,2399,NEWBURG RD, ,NEWBURG,RD, ,BELLARMINE,BLVD, ,TREVILIAN,WAY,LOUISVILLE,8,STATE,MINOR ARTERIAL,KY-1703,2.593,30,056-KY-1703  -000,Newburg Rd,Bluegrass Park Dr (CS-1185G),1.25,Bellarmine Blvd (PS-1084G),3.843,6510.5,2510.79830312,18,6.94176629,1.066,0.41110683,KYTC,2321.18156193051
402,19855,3333,3342,PRESTON HWY, ,PRESTON,HWY, ,KFEC GATE6,DR, ,UNION,AVE,LOUISVILLE,21,STATE,MAJOR ARTERIAL,KY-61,7.502,9,056-KY-0061  -000,Preston Hwy,Cooper Chapel Rd / Commerce Crossings Dr (KY 6299),1.401,Hart Ave,8.903,25969,3461.61023727,77,10.26392962,4.884,0.65102639,KYTC,355.804174537109
403,9981,4000,4211,SHEPHERDSVILLE RD, ,SHEPHERDSVILLE,RD, ,ST FRANCIS,AVE, ,OLD SHEPHERDSVILLE,RD,WEST BUECHEL,10,STATE,MINOR ARTERIAL,KY-2052,2.908,39,056-KY-2052  -000,Shepherdsville Rd,Fern Valley Rd (KY 1747),1.214,Hikes Lane (KY 2052),4.122,6742,2318.43191197,20,6.87757909,2.908,1,KYTC,1626.29200281089
404,8427,1400,1449,S HURSTBOURNE PKY,S,HURSTBOURNE,PKY, ,BLAIRWOOD ACCESS,WAY, ,I 64 RAMP, ,JEFFERSONTOWN,18,STATE,MAJOR ARTERIAL,KY-1747,1.476,19,056-KY-1747  -000,S Hurstbourne Pkwy,Taylorsville Rd (KY 155),10.991,Linn Station Rd (CS-1004H),12.467,4274,2895.66395664,7,4.74254743,0,0,KYTC,261.855129964894
405,15031,2737,2800,W MARKET ST,W,MARKET,ST,S,28TH,ST,S,28TH,ST,LOUISVILLE,5,METRO,MINOR ARTERIAL, ,1.565,33,056-CS-1006A -000,W Market St (CS-1006A),S 22nd St (US 31W-001),0,S 40th St (CS-1043F),1.565,6500,2472.42297452,18,6.84670978,2.629,1,METRO,311.077623449383
406,16897,1130,1134,DIXIE HWY, ,DIXIE,HWY, ,GALLAGHER,ST, ,OSAGE,AVE,LOUISVILLE,4,METRO,MINOR ARTERIAL, ,2.008,29,056-CS-1030F -000,Dixie Hwy,W Broadway (US 150),0,Bernheim Lane (US 31W),2.008,5174,2576.69322709,13,6.47410359,2.008,1,METRO,74.0763963756337
407,26365,2500,2699,FERN VALLEY RD, ,FERN VALLEY,RD, ,I 65 RAMP, , ,I 65 RAMP, ,LOUISVILLE,21,STATE,MAJOR ARTERIAL,KY-1747,4.046,26,056-KY-1747  -000,Fern Valley Rd,Grade Ln (CR-1001G),0,Shepherdsville Rd (KY 2052),4.046,10717,2648.78892734,29,7.16757291,3.47,0.85763717,KYTC,931.770961561374
408,18660,2800,2815,BARDSTOWN RD, ,BARDSTOWN,RD, ,GLADSTONE,AVE, ,TYLER,LN,LOUISVILLE,8,STATE,MAJOR ARTERIAL,US-31E,5.8,16,056-US-0031E -000,Beuchel Byp / Bardstown Rd / Baxter Ave,Hikes Lane (KY 2052),10.974,E Main St (US 31E),16.774,17471,3012.24137931,41,7.1,1.878,0.3237931,KYTC,382.754860044134
409,15256,1600,1699,W MARKET ST,W,MARKET,ST,S,16TH,ST,S,17TH,ST,LOUISVILLE,5,STATE,MAJOR ARTERIAL,US-31W,1.064,33,056-US-0031W -000,W Market St (US 31W),Dr W J Hodge St,20.292,Roy Wilkins Ave,21.356,6500,2472.42297452,18,6.84670978,2.629,1,KYTC,479.111181171568
410,29964,4200,4299,S 3RD ST,S,3RD,ST,W,FAIRMONT,AVE,W,WHITNEY,AVE,LOUISVILLE,15,METRO,MINOR ARTERIAL, ,2.667,34,056-CS-1013F -000,S 3rd St (CS-1013F),Southern Pkwy (KY 1020),0,W Kenwood Dr (CS-1257F),2.667,6840,2445.4772971,19,6.79299249,2.797,1,METRO,509.911008428211
411,16112,1800,1829,W BROADWAY,W,BROADWAY, , ,DIXIE,HWY,S,19TH,ST,LOUISVILLE,4,STATE,MAJOR ARTERIAL,US-150,3.3535,1,056-US-0150  -000,Broadway,S 22nd St (US 31W-001),0.7405,Baxter Ave (US 31E),4.094,19419.4,5792,48,14.30913698,3.353,1,KYTC,481.519025290965
412,24826,8200,8309,PRESTON HWY, ,PRESTON,HWY, ,BLUE LICK,RD, ,SERENITY HOPE,DR,LOUISVILLE,24,STATE,MAJOR ARTERIAL,KY-61,7.502,9,056-KY-0061  -000,Preston Hwy,Cooper Chapel Rd / Commerce Crossings Dr (KY 6299),1.401,Hart Ave,8.903,25969,3461.61023727,77,10.26392962,4.884,0.65102639,KYTC,845.354992132934
413,17689,1751,1799,W HILL ST,W,HILL,ST, ,MCCLOSKEY,AVE, ,DIXIE,HWY,LOUISVILLE,6,METRO,MINOR ARTERIAL, ,1.034,51,056-CS-1016F -000,W Hill St,S 17th St (CS-1032F),1.527,Wilson Ave (CS-1025F),2.561,2010,1943.90715667,5,4.83558994,1.034,1,METRO,902.040416169334
414,31354,3008,3014,HIKES LN, ,HIKES,LN, ,TYANNE,PL, ,FURMAN,BLVD,LOUISVILLE,26,METRO,MINOR ARTERIAL, ,2.399,36,056-CR-1002G -000,Hikes Lane,Buechel Byp (US 31E),0.797,Taylorsville Rd (KY 155),3.196,5776,2407.66986244,15,6.25260525,0.191,0.07961651,METRO,176.542490352679
415,30012,4515,4612,CANE RUN RD, ,CANE RUN,RD, ,COVENTRY COMMONS,DR, ,MARGEE,DR,LOUISVILLE,1,STATE,MAJOR ARTERIAL,KY-1934,11.502,21,056-KY-1934  -000,Greenbelt Hwy / Cane Run Rd,Gene Snyder Fwy (KY 841),0,Algonquin Pkwy (KY 2054),11.502,31389,2729.00365154,100,8.69414015,9.201,0.79994784,KYTC,1178.16500066908
416,11620,7400,7499,BARDSTOWN RD, ,BARDSTOWN,RD, ,I 265 RAMP, , ,BARTLEY,DR,LOUISVILLE,22,STATE,MAJOR ARTERIAL,US-31E,1.652,7,056-US-0031E -000,Bardstown Rd,Captain Place,3.909,Beulah Church Rd / Seatonville Rd (KY 1065),5.561,6005,3634.98789346,16,9.68523002,0,0,KYTC,571.483643996845
417,23187,4660,4701,POPLAR LEVEL RD, ,POPLAR LEVEL,RD, ,PRODUCE,RD, ,BUSINESS PARK,DR,POPLAR HILLS,10,STATE,MAJOR ARTERIAL,KY-864,7.117,41,056-KY-0864  -000,Poplar Level Rd,Fern Valley Rd (KY 1747),6.596,Eastern Pkwy (US 60A),13.713,16064,2257.13081355,44,6.18238022,4.725,0.66390333,KYTC,707.950713984713
418,23304,4702,4729,POPLAR LEVEL RD, ,POPLAR LEVEL,RD, ,BUSINESS PARK,DR, ,CONTRACTORS,CT,WATTERSON PARK,10,STATE,MAJOR ARTERIAL,KY-864,7.117,41,056-KY-0864  -000,Poplar Level Rd,Fern Valley Rd (KY 1747),6.596,Eastern Pkwy (US 60A),13.713,16064,2257.13081355,44,6.18238022,4.725,0.66390333,KYTC,904.284916034058
419,25641,7600,7615,3RD STREET RD, ,3RD STREET,RD, ,CRISTLAND,RD, ,ROYAL GARDENS,CT,LOUISVILLE,25,STATE,MINOR ARTERIAL,KY-907,4.91,50,056-KY-0907  -000,3rd Street Rd (KY 907),E Pages Ln / Highcrest Ave,2.09,National Turnpike (KY 1020),7,13188,2003.64630811,41,6.22910969,4.251,0.64585232,KYTC,526.893645917098
420,38742,10710,10789,W MANSLICK RD,W,MANSLICK,RD, ,MITCHELL HILL,RD, ,FAIRDALE,RD,LOUISVILLE,13,STATE,PRIMARY COLLECTOR,KY-2055,0.664,23,056-KY-2055  -000,W Manslick Rd,Fairdale Rd (CR-1005M),1.333,W Manslick Rd (KY 2055) / Brown Austin Rd,1.997,1795,2703.31325301,7,10.54216867,0,0,KYTC,215.38422501519
421,38605,700,703,DIXIE HWY, ,DIXIE,HWY,W,BROADWAY, , ,ANDERSON,ST,LOUISVILLE,4,METRO,MINOR ARTERIAL, ,2.008,29,056-CS-1030F -000,Dixie Hwy,W Broadway (US 150),0,Bernheim Lane (US 31W),2.008,5174,2576.693227,13,6.474104,2.008,1,METRO,580.107493991584
422,38445,3000,3038,BRECKENRIDGE LN, ,BRECKENRIDGE,LN, ,HIKES,LN, ,EL CONQUISTADOR,PL,LOUISVILLE,26,STATE,MINOR ARTERIAL,KY-1932,3.189,37,056-KY-1932  -000,Breckenridge Ln,Six Mile Ln (CR-1002H),1.129,Milford Lane Connector,4.318,7558,2370.02195045,17,5.33082471,0,0,KYTC,433.200560921648
423,8713,3039,3099,BRECKENRIDGE LN, ,BRECKENRIDGE,LN, ,EL CONQUISTADOR,PL, ,CHURCHILL PARK,DR,LOUISVILLE,26,STATE,MINOR ARTERIAL,KY-1932,3.189,37,056-KY-1932  -000,Breckenridge Ln,Six Mile Ln (CR-1002H),1.129,Milford Lane Connector,4.318,7558,2370.02195045,17,5.33082471,0,0,KYTC,929.411728951787
424,31782,2938,3699,7TH STREET RD, ,7TH STREET,RD, ,OLEANDA,AVE, ,BERRY,BLVD,SHIVELY,3,STATE,MAJOR ARTERIAL,KY-1931,9.06,24,056-KY-1931  -000,Greenwood Rd / St. Andrews Church Rd / Manslick Rd / 7th Street Rd,Terry Road (KY 1727),1.47,Algonquin Pkwy (KY 2054),10.53,24325,2684.8785872,73,8.05739514,7.024,0.77527594,KYTC,5104.89300029826
425,28733,14008,14099,DIXIE HWY, ,DIXIE,HWY, ,LEWIS,LN, ,RICHIE,LN,LOUISVILLE,14,STATE,MAJOR ARTERIAL,US-31W,14.536,10,056-US-0031W -000,Dixie Hwy,Depot Lane,2.974,Bernheim Ln (US 31W),17.51,49906,3433,150,10.3,12.626,0.86860209,KYTC,415.871970530734
426,38248,13800,14007,DIXIE HWY, ,DIXIE,HWY, ,RANDY COE,LN, ,LEWIS,LN,LOUISVILLE,14,STATE,MAJOR ARTERIAL,US-31W,14.536,10,056-US-0031W -000,Dixie Hwy,Depot Lane,2.974,Bernheim Ln (US 31W),17.51,49906,3433,150,10.3,12.626,0.86860209,KYTC,1272.86289785709
427,18988,2600,2699,DIXIE HWY, ,DIXIE,HWY, ,GLENVIEW,PL, ,YOUNGLAND,AVE,SHIVELY,3,STATE,MAJOR ARTERIAL,US-31W,14.536,10,056-US-0031W -000,Dixie Hwy,Depot Lane,2.974,Bernheim Ln (US 31W),17.51,49906,3433,150,10.3,12.626,0.86860209,KYTC,309.701666955864
428,17936,1700,1725,DIXIE HWY, ,DIXIE,HWY,W,LEE,ST, ,BURWELL,AVE,LOUISVILLE,6,METRO,MINOR ARTERIAL, ,2.008,29,056-CS-1030F -000,Dixie Hwy,W Broadway (US 150),0,Bernheim Lane (US 31W),2.008,5174,2576.69322709,13,6.47410359,2.008,1,METRO,377.102444872081
429,15717,200,299,S 2ND ST,S,2ND,ST,W,MARKET,ST,W,JEFFERSON,ST,LOUISVILLE,4,STATE,MAJOR ARTERIAL,KY-1020,0.6271,11,056-KY-1020  -000,S 2nd St,W Broadway (US 150),12.097,W Market St (US 31E/31W),12.7241,2102,3351.93749003,4,6.37856801,0.6271,1,KYTC,510.153947010116
430,25928,7505,7599,PRESTON HWY, ,PRESTON,HWY, ,LIPPS,LN, ,HUNTINGTON,LN,LOUISVILLE,13,STATE,MAJOR ARTERIAL,KY-61,7.502,9,056-KY-0061  -000,Preston Hwy,Cooper Chapel Rd / Commerce Crossings Dr (KY 6299),1.401,Hart Ave,8.903,25969,3461.61023727,77,10.26392962,4.884,0.65102639,KYTC,466.655198301232
431,4877,3140,3170,BARDSTOWN RD, ,BARDSTOWN,RD, ,I 264 RAMP, , ,I 264 RAMP, ,LOUISVILLE,8,STATE,MAJOR ARTERIAL,US-31E,5.8,16,056-US-0031E -000,Beuchel Byp / Bardstown Rd / Baxter Ave,Hikes Lane (KY 2052),10.974,E Main St (US 31E),16.774,17471,3012.24137931,41,7.1,1.878,0.3237931,KYTC,325.542164001043
432,28988,7264,7299,DIXIE HWY, ,DIXIE,HWY, ,GUTERMUTH,RD, ,OLD ST ANDREWS CHURCH,RD,LOUISVILLE,12,STATE,MAJOR ARTERIAL,US-31W,14.536,10,056-US-0031W -000,Dixie Hwy,Depot Lane,2.974,Bernheim Ln (US 31W),17.51,49906,3433,150,10.3,12.626,0.86860209,KYTC,232.768677127886
433,15340,1200,1299,W MARKET ST,W,MARKET,ST,S,12TH,ST,S,13TH,ST,LOUISVILLE,4,STATE,MAJOR ARTERIAL,US-31W,1.064,33,056-US-0031W -000,W Market St (US 31W),Dr W J Hodge St,20.292,Roy Wilkins Ave,21.356,6500,2472.42297452,18,6.84670978,2.629,1,KYTC,479.719193805079
434,26091,5200,5274,NEW CUT RD, ,NEW CUT,RD,W,KENWOOD,DR, ,ORCHARD HILL,DR,LOUISVILLE,15,STATE,MAJOR ARTERIAL,KY-1865,5.273,5,056-KY-1865  -000,Taylor Blvd / New Cut Rd,Gene Snyder Fwy (KY 841),0.92,Berry Blvd (US 60A),6.193,20222,3835.00853404,51,9.67191352,4.556,0.86402427,KYTC,776.503188809454
435,16101,1935,1999,W BROADWAY,W,BROADWAY, ,S,20TH,ST,S,20TH,ST,LOUISVILLE,4,STATE,MAJOR ARTERIAL,US-150,3.3535,1,056-US-0150  -000,Broadway,S 22nd St (US 31W-001),0.7405,Baxter Ave (US 31E),4.094,19419.4,5792,48,14.30913698,3.353,1,KYTC,207.79524333501
436,8854,3900,3949,TAYLORSVILLE RD, ,TAYLORSVILLE,RD, ,BRECKENRIDGE,LN, ,YORKSHIRE,BLVD,LOUISVILLE,26,STATE,MAJOR ARTERIAL,KY-155,4.24,48,056-KY-0155  -000,Taylorsville Rd,Watterson Trl (CS-1073H),9.35,Breckenridge Ln (KY 1932),13.59,8629,2035,22,5.245589,0,0,KYTC,729.661765160377
437,19041,3000,3099,POPLAR LEVEL RD, ,POPLAR LEVEL,RD, ,MCKINLEY,AVE, ,HESS,LN,LOUISVILLE,10,STATE,MAJOR ARTERIAL,KY-864,7.117,41,056-KY-0864  -000,Poplar Level Rd,Fern Valley Rd (KY 1747),6.596,Eastern Pkwy (US 60A),13.713,16064,2257.13081355,44,6.18238022,4.725,0.66390333,KYTC,957.527789723824
438,19454,3700,3749,POPLAR LEVEL RD, ,POPLAR LEVEL,RD, ,BOONE,ST, ,SHERIDAN,AVE,LOUISVILLE,10,STATE,MAJOR ARTERIAL,KY-864,7.117,41,056-KY-0864  -000,Poplar Level Rd,Fern Valley Rd (KY 1747),6.596,Eastern Pkwy (US 60A),13.713,16064,2257.13081355,44,6.18238022,4.725,0.66390333,KYTC,219.239070615174
439,24357,7300,7399,PRESTON HWY, ,PRESTON,HWY, ,CANAL,ST, ,MINOR,LN,LOUISVILLE,24,STATE,MAJOR ARTERIAL,KY-61,7.502,9,056-KY-0061  -000,Preston Hwy,Cooper Chapel Rd / Commerce Crossings Dr (KY 6299),1.401,Hart Ave,8.903,25969,3461.61023727,77,10.26392962,4.884,0.65102639,KYTC,660.347448390098
440,15512,3600,3500,RIVER PARK DR, ,RIVER PARK,DR,S,35TH,ST,S,36TH,ST,LOUISVILLE,5,METRO,PRIMARY COLLECTOR, ,0.676,28,056-CS-1016A -000,River Park Dr (CS-1016A),S 37th St (CS-1078A),0.753,S 30th St (CS-1071F),1.429,5742,2586.48648649,13,5.85585586,2.22,1,METRO,629.719136570516
441,18625,900,911,EASTERN PKY, ,EASTERN,PKY, ,KESWICK,BLVD, ,PINDELL,AVE,LOUISVILLE,15,STATE,MAJOR ARTERIAL,US-60A,3.523,40,056-US-0060A -000,Eastern Pkwy,S 3rd St (KY 1020),3.409,Willow Ave (US 60A),6.932,8026,2278.17201249,22,6.24467783,1.154,0.32756174,KYTC,203.298736473109
442,13433,5220,5229,BARDSTOWN RD, ,BARDSTOWN,RD, ,RANDOM,WAY, ,DEL MARIA,WAY,LOUISVILLE,24,STATE,MAJOR ARTERIAL,US-31E,1.418,38,056-US-0031E -000,Bardstown Rd,S Hurstbourne Pkwy (KY 1747),7.245,Breckenridge Ln (KY 1932),8.663,3289,2319.46403385,9,6.34696756,0,0,KYTC,797.667240619724
443,19039,331,433,EASTERN PKY, ,EASTERN,PKY, ,ARTHUR,ST, ,I 65 RAMP, ,LOUISVILLE,15,STATE,MAJOR ARTERIAL,US-60A,3.523,40,056-US-0060A -000,Eastern Pkwy,S 3rd St (KY 1020),3.409,Willow Ave (US 60A),6.932,8026,2278.172012,22,6.244678,1.154,0.327562,KYTC,672.117018493598
444,24595,3400,3449,OUTER LOOP, ,OUTER,LOOP, ,I 65 RAMP, , ,I 65 RAMP, ,LOUISVILLE,13,STATE,MAJOR ARTERIAL,KY-1065,3.531,42,056-KY-1065  -000,Outer Loop,National Turnpike (KY 1020),2.514,Preston Hwy (KY 61),6.045,7853,2224.01585953,20,5.66411781,3.311,0.9376947,KYTC,794.076051252152
445,5519,2200,2309,HIKES LN, ,HIKES,LN, ,BARDSTOWN,RD, ,GREEN MEADOWS,DR,LOUISVILLE,10,METRO,MINOR ARTERIAL, ,2.399,36,056-CR-1002G -000,Hikes Lane,Buechel Byp (US 31E),0.797,Taylorsville Rd (KY 155),3.196,5776,2407.66986244,15,6.25260525,0.191,0.07961651,METRO,1099.20879476877
446,15397,436,449,S 26TH ST,S,26TH,ST, ,EDDY,ST, ,EDDY,ST,LOUISVILLE,5,METRO,MINOR ARTERIAL, ,1.846,27,056-CS-1038F -000,S 26th St,W Main St (CS-1011A),0,Wilson Ave (CS-1025F),1.846,4784,2591.54929577,10,5.4,1.846,1,METRO,40.8418292394574
447,21313,2718,2724,BARDSTOWN RD, ,BARDSTOWN,RD, ,STRATHMOOR,BLVD, ,EMERSON,AVE,LOUISVILLE,8,STATE,MAJOR ARTERIAL,US-31E,5.8,16,056-US-0031E -000,Beuchel Byp / Bardstown Rd / Baxter Ave,Hikes Lane (KY 2052),10.974,E Main St (US 31E),16.774,17471,3012.24137931,41,7.1,1.878,0.3237931,KYTC,307.004473565089
448,19924,1700,1799,BERRY BLVD, ,BERRY,BLVD, ,GEORGETOWN,PL, ,CONTINENTAL,PL,LOUISVILLE,3,STATE,MINOR ARTERIAL,US-60A,3.157,4,056-US-0060A -000,7th Street Rd / Berry Blvd / Taylor Blvd / Winkler Ave,Dixie Hwy (US 31W),0,S 3rd St (KY 1020),3.157,13771,4362.05258156,37,11.71998733,3.157,1,KYTC,752.363248488918
449,21460,3800,3811,CANE RUN RD, ,CANE RUN,RD, ,MILLERS,LN, ,DARLENE,DR,LOUISVILLE,1,STATE,MINOR ARTERIAL,KY-1934,11.502,21,056-KY-1934  -000,Greenbelt Hwy / Cane Run Rd,Gene Snyder Fwy (KY 841),0,Algonquin Pkwy (KY 2054),11.502,31389,2729.00365154,100,8.69414015,9.201,0.79994784,KYTC,575.381232314715
450,17323,1360,1369,DIXIE HWY, ,DIXIE,HWY, ,ST LOUIS,AVE, ,ST LOUIS,AVE,LOUISVILLE,6,METRO,MINOR ARTERIAL, ,2.008,29,056-CS-1030F -000,Dixie Hwy,W Broadway (US 150),0,Bernheim Lane (US 31W),2.008,5174,2576.69322709,13,6.47410359,2.008,1,METRO,51.4345761623443
451,29870,3812,3926,CANE RUN RD, ,CANE RUN,RD, ,DARLENE,DR, ,LINDA,LN,LOUISVILLE,1,STATE,MINOR ARTERIAL,KY-1934,11.502,21,056-KY-1934  -000,Greenbelt Hwy / Cane Run Rd,Gene Snyder Fwy (KY 841),0,Algonquin Pkwy (KY 2054),11.502,31389,2729.00365154,100,8.69414015,9.201,0.79994784,KYTC,1473.86486311723
452,14420,613,699,N 22ND ST,N,22ND,ST, ,I 64 RAMP, , ,NORTHWESTERN,PKY,LOUISVILLE,5,STATE,LOCAL,US-150,0.741,15,056-US-0150  -000,N 22nd St,Northwestern Pkwy,0,W Main St (US 31W-001),0.741,2292,3093.11740891,6,8.09716599,0.49,0.66126856,KYTC,474.494923539114
453,24069,6400,6499,PRESTON HWY, ,PRESTON,HWY, ,WANNSEE,DR, ,ULRICH,AVE,LOUISVILLE,2,STATE,MAJOR ARTERIAL,KY-61,7.502,9,056-KY-0061  -000,Preston Hwy,Cooper Chapel Rd / Commerce Crossings Dr (KY 6299),1.401,Hart Ave,8.903,25969,3461.61023727,77,10.26392962,4.884,0.65102639,KYTC,425.072710405232
454,18331,1300,1349,POPLAR LEVEL RD, ,POPLAR LEVEL,RD, ,EASTERN,PKY, ,DIXON,AVE,LOUISVILLE,15,STATE,MAJOR ARTERIAL,KY-864,7.117,41,056-KY-0864  -000,Poplar Level Rd,Fern Valley Rd (KY 1747),6.596,Eastern Pkwy (US 60A),13.713,16064,2257.13081355,44,6.18238022,4.725,0.66390333,KYTC,717.089137716488
455,15370,1017,1099,W MARKET ST,W,MARKET,ST, ,CHAPEL,ST,S,11TH,ST,LOUISVILLE,4,STATE,MAJOR ARTERIAL,US-31W,1.064,33,056-US-0031W -000,W Market St (US 31W),Dr W J Hodge St,20.292,Roy Wilkins Ave,21.356,6500,2472.42297452,18,6.84670978,2.629,1,KYTC,241.136769088105
456,22544,4300,4399,SOUTHERN PKY, ,SOUTHERN,PKY,W,LANSING,AVE,W,FLORENCE,AVE,LOUISVILLE,21,STATE,MINOR ARTERIAL,KY-1020,1.313,35,056-KY-1020  -000,Southern Pkwy,W Woodlawn Ave (CS-1096F),7.837,S 3rd St (CS-1013F),9.15,3174,2417.3648134,11,8.37776085,1.313,1,KYTC,509.215511007151
457,25843,4300,4304,TAYLOR BLVD, ,TAYLOR,BLVD, ,LYNNHURST,AVE, ,LYNNHURST,AVE,LOUISVILLE,15,STATE,MAJOR ARTERIAL,KY-1865,5.273,5,056-KY-1865  -000,Taylor Blvd / New Cut Rd,Gene Snyder Fwy (KY 841),0.92,Berry Blvd (US 60A),6.193,20222,3835.00853404,51,9.67191352,4.556,0.86402427,KYTC,98.2078802563348
458,28984,7215,7230,DIXIE HWY, ,DIXIE,HWY, ,ROSE FARM,DR, ,SAFFRON,AVE,LOUISVILLE,12,STATE,MAJOR ARTERIAL,US-31W,14.536,10,056-US-0031W -000,Dixie Hwy,Depot Lane,2.974,Bernheim Ln (US 31W),17.51,49906,3433,150,10.3,12.626,0.86860209,KYTC,118.329380073102
459,23590,5500,5599,S 3RD ST,S,3RD,ST, ,ROCHESTER,DR, ,CUMBERLAND,AVE,LOUISVILLE,21,METRO,PRIMARY COLLECTOR, ,2.667,34,056-CS-1013F -000,S 3rd St (CS-1013F),Southern Pkwy (KY 1020),0,W Kenwood Dr (CS-1257F),2.667,6840,2445.4772971,19,6.79299249,2.797,1,METRO,289.395144290747
460,11523,7100,7179,BARDSTOWN RD, ,BARDSTOWN,RD, ,I 265 RAMP, , ,I 265 RAMP, ,LOUISVILLE,22,STATE,MAJOR ARTERIAL,US-31E,1.652,7,056-US-0031E -000,Bardstown Rd,Captain Place,3.909,Beulah Church Rd / Seatonville Rd (KY 1065),5.561,6005,3634.98789346,16,9.68523002,0,0,KYTC,491.494003316946
461,8629,1006,1009,BRECKENRIDGE LN, ,BRECKENRIDGE,LN, ,I 264 RAMP, , ,I 264 RAMP, ,ST MATTHEWS,26,STATE,MINOR ARTERIAL,KY-1932,3.189,37,056-KY-1932  -000,Breckenridge Ln,Six Mile Ln (CR-1002H),1.129,Milford Lane Connector,4.318,7558,2370.02195045,17,5.33082471,0,0,KYTC,385.436292648933
462,22836,4500,4539,S 3RD ST,S,3RD,ST,W,SOUTHERN HEIGHTS,AVE,W,WAMPUM,AVE,LOUISVILLE,21,METRO,MINOR ARTERIAL, ,2.667,34,056-CS-1013F -000,S 3rd St (CS-1013F),Southern Pkwy (KY 1020),0,W Kenwood Dr (CS-1257F),2.667,6840,2445.4772971,19,6.79299249,2.797,1,METRO,1013.62806782339
463,15135,1600,1699,W MAIN ST,W,MAIN,ST,N,16TH,ST,N,17TH,ST,LOUISVILLE,5,STATE,MAJOR ARTERIAL,US-31W,1.751,45,056-US-0031W -001,W Main St,N 22nd St (US 150),20.345,S 2nd St (US 31),22.096,3743,2137.63563678,10,5.71102227,1.751,1,KYTC,481.691243701528
464,24271,7107,7114,PRESTON HWY, ,PRESTON,HWY, ,OAKLAWN,DR, ,CHATEAU,LN,LOUISVILLE,24,STATE,MAJOR ARTERIAL,KY-61,7.502,9,056-KY-0061  -000,Preston Hwy,Cooper Chapel Rd / Commerce Crossings Dr (KY 6299),1.401,Hart Ave,8.903,25969,3461.61023727,77,10.26392962,4.884,0.65102639,KYTC,380.176001504977
465,31439,3751,3799,S HURSTBOURNE PKY,S,HURSTBOURNE,PKY, ,HURSTBOURNE RIDGE,BLVD, ,RIDGEHURST,PL,LOUISVILLE,26,STATE,MAJOR ARTERIAL,KY-1747,1.064,47,056-KY-1747  -000,S Hurstbourne Pkwy,Watterson Trl (CR-1004H),8.519,Six Mile Ln (CR-1002H),9.583,2196,2063.90977444,5,4.69924812,0,0,KYTC,413.064705193227
466,20500,1100,1129,BARDSTOWN RD, ,BARDSTOWN,RD, ,GRINSTEAD,DR, ,ELLWOOD,AVE,LOUISVILLE,8,STATE,MAJOR ARTERIAL,US-31E,5.8,16,056-US-0031E -000,Beuchel Byp / Bardstown Rd / Baxter Ave,Hikes Lane (KY 2052),10.974,E Main St (US 31E),16.774,17471,3012.24137931,41,7.1,1.878,0.3237931,KYTC,425.671716415655
467,22967,4430,4499,MANSLICK RD, ,MANSLICK,RD, ,LANCE,DR, ,OLD MANSLICK,RD,LOUISVILLE,15,STATE,MINOR ARTERIAL,KY-1931,9.06,24,056-KY-1931  -000,Greenwood Rd / St. Andrews Church Rd / Manslick Rd / 7th Street Rd,Terry Road (KY 1727),1.47,Algonquin Pkwy (KY 2054),10.53,24325,2684.8785872,73,8.05739514,7.024,0.77527594,KYTC,453.726273484355
468,24040,6810,6899,SOUTHSIDE DR, ,SOUTHSIDE,DR, ,CAROLYN,RD, ,ROBERTS,AVE,LOUISVILLE,25,STATE,MINOR ARTERIAL,KY-1020,1.672,50,056-KY-1020  -000,Southside Dr (KY 907/1020),National Turnpike (KY 1020),5.7,W Tenny Ave (KY 1020),7.372,13188,2003.64630811,41,6.22910969,4.251,0.64585232,KYTC,329.807835962397
469,9349,4075,4099,SHELBYVILLE RD, ,SHELBYVILLE,RD, ,RIDGEWAY,AVE, ,BROWN,AVE,ST MATTHEWS,9,STATE,MAJOR ARTERIAL,US-60,0.638,6,056-US-0060  -000,Shelbyville Rd,Lexington Rd (US 60A),3.482,Thierman Ln (CS-1098B),4.12,2413,3782.13166144,7,10.97178683,0,0,KYTC,364.189845634487
470,16001,3410,3451,W BROADWAY,W,BROADWAY, , ,MADELON,CT,S,35TH,ST,LOUISVILLE,5,METRO,MINOR ARTERIAL, ,1.19,3,056-CS-1021F -000,W Broadway,S 22nd St (US 31W-001),0,S 35th St (north leg),1.19,6262,5262.18487395,19,15.96638655,1.19,1,METRO,187.959489904906
471,19708,3325,3342,TAYLOR BLVD, ,TAYLOR,BLVD, ,SOUTHGATE,AVE, ,OLEANDA,AVE,LOUISVILLE,3,STATE,MAJOR ARTERIAL,US-60A,3.157,4,056-US-0060A -000,7th Street Rd / Berry Blvd / Taylor Blvd / Winkler Ave,Dixie Hwy (US 31W),0,S 3rd St (KY 1020),3.157,13771,4362.05258156,37,11.71998733,3.157,1,KYTC,293.487334888954
472,18871,1540,2999,POPLAR LEVEL RD, ,POPLAR LEVEL,RD, ,THRUSTON,AVE, ,MCKINLEY,AVE,LOUISVILLE,10,STATE,MAJOR ARTERIAL,KY-864,7.117,41,056-KY-0864  -000,Poplar Level Rd,Fern Valley Rd (KY 1747),6.596,Eastern Pkwy (US 60A),13.713,16064,2257.13081355,44,6.18238022,4.725,0.66390333,KYTC,1672.07223742512
473,17759,1800,1801,BARDSTOWN RD, ,BARDSTOWN,RD, ,SPEED,AVE, ,SPEED,AVE,LOUISVILLE,8,STATE,MAJOR ARTERIAL,US-31E,5.8,16,056-US-0031E -000,Beuchel Byp / Bardstown Rd / Baxter Ave,Hikes Lane (KY 2052),10.974,E Main St (US 31E),16.774,17471,3012.24137931,41,7.1,1.878,0.3237931,KYTC,58.2899175411074
474,25702,7500,7501,3RD STREET RD, ,3RD STREET,RD, ,MAE,CT, ,AUBURN PLACE,DR,LOUISVILLE,25,STATE,MINOR ARTERIAL,KY-907,4.91,50,056-KY-0907  -000,3rd Street Rd (KY 907),E Pages Ln / Highcrest Ave,2.09,National Turnpike (KY 1020),7,13188,2003.64630811,41,6.22910969,4.251,0.64585232,KYTC,72.7062121335756
475,15130,2236,2299,W MARKET ST,W,MARKET,ST,S,23RD,ST,S,23RD,ST,LOUISVILLE,5,METRO,MINOR ARTERIAL, ,1.565,33,056-CS-1006A -000,W Market St (CS-1006A),S 22nd St (US 31W-001),0,S 40th St (CS-1043F),1.565,6500,2472.42297452,18,6.84670978,2.629,1,METRO,187.521841395114
476,14158,3130,3299,PORTLAND AVE, ,PORTLAND,AVE,N,32ND,ST,N,33RD,ST,LOUISVILLE,5,STATE,MINOR ARTERIAL,KY-3064,1.1,46,056-KY-3064  -000,Portland Ave (KY 3064),N 22nd St (US 150),0,N 33rd St / Northwestern Pky (CS-1003A),1.1,3836,2135.85746102,13,7.23830735,1.796,1,KYTC,567.145173276397
477,9687,4600,4699,S HURSTBOURNE PKY,S,HURSTBOURNE,PKY, ,HENDRIK,DR, ,WATTERSON,TRL,LOUISVILLE,26,STATE,MAJOR ARTERIAL,KY-1747,1.064,47,056-KY-1747  -000,S Hurstbourne Pkwy,Watterson Trl (CR-1004H),8.519,Six Mile Ln (CR-1002H),9.583,2196,2063.90977444,5,4.69924812,0,0,KYTC,746.658814123937
478,17912,500,516,W HILL ST,W,HILL,ST, ,ST JAMES,CT, ,R CHIN,ALY,LOUISVILLE,6,METRO,MINOR ARTERIAL, ,0.662,25,056-CS-1016F -000,W Hill St (CS-1016F),S 1st St (CS-1002F),0,S 7th St (CS-1011F),0.662,2714,2658.17825661,6,5.87659158,1.021,1,METRO,243.078040133848
479,17165,1229,1299,DIXIE HWY, ,DIXIE,HWY, ,DUMESNIL,ST,W,ORMSBY,AVE,LOUISVILLE,6,METRO,MINOR ARTERIAL, ,2.008,29,056-CS-1030F -000,Dixie Hwy,W Broadway (US 150),0,Bernheim Lane (US 31W),2.008,5174,2576.69322709,13,6.47410359,2.008,1,METRO,356.540504173044
480,18487,2000,2006,7TH STREET RD, ,7TH STREET,RD, ,ALGONQUIN,PKY, ,BERNHEIM,LN,LOUISVILLE,6,STATE,MAJOR ARTERIAL,KY-1931,9.06,24,056-KY-1931  -000,Greenwood Rd / St. Andrews Church Rd / Manslick Rd / 7th Street Rd,Terry Road (KY 1727),1.47,Algonquin Pkwy (KY 2054),10.53,24325,2684.8785872,73,8.05739514,7.024,0.77527594,KYTC,155.813545499554
481,20363,624,699,BAXTER AVE, ,BAXTER,AVE, ,ROGERS,ST,E,BROADWAY, ,LOUISVILLE,9,STATE,MAJOR ARTERIAL,US-31E,5.8,16,056-US-0031E -000,Beuchel Byp / Bardstown Rd / Baxter Ave,Hikes Lane (KY 2052),10.974,E Main St (US 31E),16.774,17471,3012.24137931,41,7.1,1.878,0.3237931,KYTC,718.949761842931
482,26026,7600,7609,ST ANDREWS CHURCH RD, ,ST ANDREWS CHURCH,RD, ,DEAD END, , ,RENWOOD,BLVD,LOUISVILLE,25,STATE,MINOR ARTERIAL,KY-1931,9.06,24,056-KY-1931  -000,Greenwood Rd / St. Andrews Church Rd / Manslick Rd / 7th Street Rd,Terry Road (KY 1727),1.47,Algonquin Pkwy (KY 2054),10.53,24325,2684.8785872,73,8.05739514,7.024,0.77527594,KYTC,649.991139863313
483,23086,4631,4639,POPLAR LEVEL RD, ,POPLAR LEVEL,RD, ,POPLAR PLACE,DR, ,MASON DIXON,LN,LOUISVILLE,10,STATE,MAJOR ARTERIAL,KY-864,7.117,41,056-KY-0864  -000,Poplar Level Rd,Fern Valley Rd (KY 1747),6.596,Eastern Pkwy (US 60A),13.713,16064,2257.13081355,44,6.18238022,4.725,0.66390333,KYTC,106.680434848056
484,21227,2813,2899,NEWBURG RD, ,NEWBURG,RD, ,HIGHLAND PRESERVE,WAY, ,DUNBARTON WYNDE, ,LOUISVILLE,8,STATE,MINOR ARTERIAL,KY-1703,2.593,30,056-KY-1703  -000,Newburg Rd,Bluegrass Park Dr (CS-1185G),1.25,Bellarmine Blvd (PS-1084G),3.843,6510.5,2510.79830312,18,6.94176629,1.066,0.41110683,KYTC,798.429330024228
485,40217,2800,2812,NEWBURG RD, ,NEWBURG,RD, ,TARTAN,WAY, ,HIGHLAND PRESERVE,WAY,LOUISVILLE,10,STATE,MINOR ARTERIAL,KY-1703,2.593,30,056-KY-1703  -000,Newburg Rd,Bluegrass Park Dr (CS-1185G),1.25,Bellarmine Blvd (PS-1084G),3.843,6510.5,2510.79830312,18,6.94176629,1.066,0.41110683,KYTC,614.30924303561
486,22637,4044,4099,DIXIE HWY, ,DIXIE,HWY, ,GARRS,LN, ,GARRS,LN,SHIVELY,3,STATE,MAJOR ARTERIAL,US-31W,14.536,10,056-US-0031W -000,Dixie Hwy,Depot Lane,2.974,Bernheim Ln (US 31W),17.51,49906,3433,150,10.3,12.626,0.86860209,KYTC,70.7165405090103
487,32644,5155,5162,POPLAR LEVEL RD, ,POPLAR LEVEL,RD, ,JEFFERSON,BLVD, ,EMERALD,DR,LOUISVILLE,2,STATE,MAJOR ARTERIAL,KY-864,7.117,41,056-KY-0864  -000,Poplar Level Rd,Fern Valley Rd (KY 1747),6.596,Eastern Pkwy (US 60A),13.713,16064,2257.13081355,44,6.18238022,4.725,0.66390333,KYTC,518.541670471742
488,34150,4800,4899,MANSLICK RD, ,MANSLICK,RD, ,CLOVER TRACE,PL, ,ESKRIDGE,LN,LOUISVILLE,15,STATE,MINOR ARTERIAL,KY-1931,9.06,24,056-KY-1931  -000,Greenwood Rd / St. Andrews Church Rd / Manslick Rd / 7th Street Rd,Terry Road (KY 1727),1.47,Algonquin Pkwy (KY 2054),10.53,24325,2684.8785872,73,8.05739514,7.024,0.77527594,KYTC,455.89809634376
489,20621,1402,1429,BARDSTOWN RD, ,BARDSTOWN,RD, ,EDGELAND,AVE, ,BARINGER,AVE,LOUISVILLE,8,STATE,MAJOR ARTERIAL,US-31E,5.8,16,056-US-0031E -000,Beuchel Byp / Bardstown Rd / Baxter Ave,Hikes Lane (KY 2052),10.974,E Main St (US 31E),16.774,17471,3012.24137931,41,7.1,1.878,0.3237931,KYTC,338.10724547308
490,22756,4100,4199,DIXIE HWY, ,DIXIE,HWY, ,GARRS,LN, ,I 264 RAMP, ,SHIVELY,3,STATE,MAJOR ARTERIAL,US-31W,14.536,10,056-US-0031W -000,Dixie Hwy,Depot Lane,2.974,Bernheim Ln (US 31W),17.51,49906,3433,150,10.3,12.626,0.86860209,KYTC,886.089420929055
491,17708,1700,1750,W HILL ST,W,HILL,ST,S,17TH,ST, ,MCCLOSKEY,AVE,LOUISVILLE,6,METRO,MINOR ARTERIAL, ,1.034,51,056-CS-1016F -000,W Hill St,S 17th St (CS-1032F),1.527,Wilson Ave (CS-1025F),2.561,2010,1943.90715667,5,4.83558994,1.034,1,METRO,754.535261661668
492,21096,3500,3519,TAYLOR BLVD, ,TAYLOR,BLVD, ,BERRY,BLVD, ,CONN,ST,LOUISVILLE,15,STATE,MAJOR ARTERIAL,KY-1865,5.273,5,056-KY-1865  -000,Taylor Blvd / New Cut Rd,Gene Snyder Fwy (KY 841),0.92,Berry Blvd (US 60A),6.193,20222,3835.00853404,51,9.67191352,4.556,0.86402427,KYTC,235.864923135584
493,19044,500,524,EASTERN PKY, ,EASTERN,PKY, ,CRITTENDEN,DR, ,EMIL,AVE,LOUISVILLE,15,STATE,MAJOR ARTERIAL,US-60A,3.523,40,056-US-0060A -000,Eastern Pkwy,S 3rd St (KY 1020),3.409,Willow Ave (US 60A),6.932,8026,2278.17201249,22,6.24467783,1.154,0.32756174,KYTC,306.35092263183
494,13581,6700,6899,BARDSTOWN RD, ,BARDSTOWN,RD, ,SEATONVILLE,RD, ,CEDARLOOK,DR,LOUISVILLE,22,STATE,MAJOR ARTERIAL,US-31E,1.652,7,056-US-0031E -000,Bardstown Rd,Captain Place,3.909,Beulah Church Rd / Seatonville Rd (KY 1065),5.561,6005,3634.98789346,16,9.68523002,0,0,KYTC,1124.24420124073
495,21531,700,799,W MAIN ST,W,MAIN,ST,N,7TH,ST,S,8TH,ST,LOUISVILLE,4,STATE,MAJOR ARTERIAL,US-31W,1.751,45,056-US-0031W -001,W Main St,N 22nd St (US 150),20.345,S 2nd St (US 31),22.096,3743,2137.63563678,10,5.71102227,1.751,1,KYTC,482.197656237517
496,27318,5200,5279,DIXIE HWY, ,DIXIE,HWY, ,MEYERS,LN, ,TRENT,AVE,LOUISVILLE,12,STATE,MAJOR ARTERIAL,US-31W,14.536,10,056-US-0031W -000,Dixie Hwy,Depot Lane,2.974,Bernheim Ln (US 31W),17.51,49906,3433,150,10.3,12.626,0.86860209,KYTC,1121.8731329881
497,28996,7300,7399,DIXIE HWY, ,DIXIE,HWY, ,OLD ST ANDREWS CHURCH,RD, ,GREENWOOD,RD,LOUISVILLE,12,STATE,MAJOR ARTERIAL,US-31W,14.536,10,056-US-0031W -000,Dixie Hwy,Depot Lane,2.974,Bernheim Ln (US 31W),17.51,49906,3433,150,10.3,12.626,0.86860209,KYTC,426.537999525321
498,26416,6414,6499,MANSLICK RD, ,MANSLICK,RD, ,ROSEWOOD,WAY, ,DE MEL,AVE,LOUISVILLE,15,STATE,MINOR ARTERIAL,KY-1931,9.06,24,056-KY-1931  -000,Greenwood Rd / St. Andrews Church Rd / Manslick Rd / 7th Street Rd,Terry Road (KY 1727),1.47,Algonquin Pkwy (KY 2054),10.53,24325,2684.8785872,73,8.05739514,7.024,0.77527594,KYTC,312.705227808155
499,23170,4305,4329,TAYLOR BLVD, ,TAYLOR,BLVD, ,LYNNHURST,AVE, ,OAKWOOD,AVE,LOUISVILLE,15,STATE,MAJOR ARTERIAL,KY-1865,5.273,5,056-KY-1865  -000,Taylor Blvd / New Cut Rd,Gene Snyder Fwy (KY 841),0.92,Berry Blvd (US 60A),6.193,20222,3835.00853404,51,9.67191352,4.556,0.86402427,KYTC,453.790001312377
500,24295,5435,5499,NEW CUT RD, ,NEW CUT,RD, ,JONES,DR, ,3RD STREET,RD,LOUISVILLE,25,STATE,MAJOR ARTERIAL,KY-1865,5.273,5,056-KY-1865  -000,Taylor Blvd / New Cut Rd,Gene Snyder Fwy (KY 841),0.92,Berry Blvd (US 60A),6.193,20222,3835.00853404,51,9.67191352,4.556,0.86402427,KYTC,974.447279731727
501,9874,3800,3899,S HURSTBOURNE PKY,S,HURSTBOURNE,PKY, ,RIDGEHURST,PL, ,YARDLEY,CT,LOUISVILLE,26,STATE,MAJOR ARTERIAL,KY-1747,1.064,47,056-KY-1747  -000,S Hurstbourne Pkwy,Watterson Trl (CR-1004H),8.519,Six Mile Ln (CR-1002H),9.583,2196,2063.90977444,5,4.69924812,0,0,KYTC,498.904318611643
502,24154,6700,6799,PRESTON HWY, ,PRESTON,HWY, ,OLD FERN VALLEY,RD,W,FERN VALLEY,RD,LOUISVILLE,21,STATE,MAJOR ARTERIAL,KY-61,7.502,9,056-KY-0061  -000,Preston Hwy,Cooper Chapel Rd / Commerce Crossings Dr (KY 6299),1.401,Hart Ave,8.903,25969,3461.61023727,77,10.26392962,4.884,0.65102639,KYTC,617.588837921315
503,23302,4900,4904,MANSLICK RD, ,MANSLICK,RD, ,ESKRIDGE,LN, ,KNIGHT,RD,LOUISVILLE,15,STATE,MINOR ARTERIAL,KY-1931,9.06,24,056-KY-1931  -000,Greenwood Rd / St. Andrews Church Rd / Manslick Rd / 7th Street Rd,Terry Road (KY 1727),1.47,Algonquin Pkwy (KY 2054),10.53,24325,2684.8785872,73,8.05739514,7.024,0.77527594,KYTC,270.366970970127
504,19059,2700,2799,DIXIE HWY, ,DIXIE,HWY, ,YOUNGLAND,AVE, ,NELSON,AVE,SHIVELY,3,STATE,MAJOR ARTERIAL,US-31W,14.536,10,056-US-0031W -000,Dixie Hwy,Depot Lane,2.974,Bernheim Ln (US 31W),17.51,49906,3433,150,10.3,12.626,0.86860209,KYTC,336.679389579546
505,29939,3405,3441,NEWBURG RD, ,NEWBURG,RD, ,SWAINSBORO,DR, ,BASHFORD MANOR,LN,LOUISVILLE,10,STATE,MINOR ARTERIAL,KY-1703,2.593,30,056-KY-1703  -000,Newburg Rd,Bluegrass Park Dr (CS-1185G),1.25,Bellarmine Blvd (PS-1084G),3.843,6510.5,2510.79830312,18,6.94176629,1.066,0.41110683,KYTC,732.921286813299
506,5411,2310,2399,HIKES LN, ,HIKES,LN, ,GREEN MEADOWS,DR, ,YOUNGWOOD,RD,LOUISVILLE,10,METRO,MINOR ARTERIAL, ,2.399,36,056-CR-1002G -000,Hikes Lane,Buechel Byp (US 31E),0.797,Taylorsville Rd (KY 155),3.196,5776,2407.66986244,15,6.25260525,0.191,0.07961651,METRO,166.133176643805
507,14294,2999,2934,BANK ST, ,BANK,ST, ,BANK,CT,N,30TH,ST,LOUISVILLE,5,STATE,MINOR ARTERIAL,KY-3082,0.822,52,056-KY-3082  -000,Bank St,N 30th St (CS-1054A),0.716,N 22nd St (US 150),1.538,1575,1916.05839416,5,6.08272506,0.822,1,KYTC,134.772707892198
508,15205,1800,1899,W MARKET ST,W,MARKET,ST,S,18TH,ST,S,19TH,ST,LOUISVILLE,5,STATE,MAJOR ARTERIAL,US-31W,1.064,33,056-US-0031W -000,W Market St (US 31W),Dr W J Hodge St,20.292,Roy Wilkins Ave,21.356,6500,2472.42297452,18,6.84670978,2.629,1,KYTC,478.403901721174
509,28778,10800,10999,GREENBELT HWY, ,GREENBELT,HWY, ,TRADE PORT,DR, ,JOHNSONTOWN,RD,LOUISVILLE,14,STATE,MAJOR ARTERIAL,KY-1934,11.502,21,056-KY-1934  -000,Greenbelt Hwy / Cane Run Rd,Gene Snyder Fwy (KY 841),0,Algonquin Pkwy (KY 2054),11.502,31389,2729.00365154,100,8.69414015,9.201,0.79994784,KYTC,3327.73455375934
510,17750,1770,1799,BARDSTOWN RD, ,BARDSTOWN,RD, ,DEER PARK,AVE, ,SPEED,AVE,LOUISVILLE,8,STATE,MAJOR ARTERIAL,US-31E,5.8,16,056-US-0031E -000,Beuchel Byp / Bardstown Rd / Baxter Ave,Hikes Lane (KY 2052),10.974,E Main St (US 31E),16.774,17471,3012.24137931,41,7.1,1.878,0.3237931,KYTC,218.634227725658
511,22184,2713,2719,CRUMS LN, ,CRUMS,LN, ,BURRELL,DR, ,HARTLAGE,CT,SHIVELY,3,STATE,MINOR ARTERIAL,KY-2049,1.102,12,056-KY-2049  -000,Crums Lane,Cheviot Drive (CS-1476F),0.618,Dixie Hwy (US 31W),1.72,3658,3319.41923775,11,9.98185118,1.102,1,KYTC,186.703876141305
512,23052,4442,4499,DIXIE HWY, ,DIXIE,HWY, ,STEWART,AVE, ,KENDALL,LN,SHIVELY,3,STATE,MAJOR ARTERIAL,US-31W,14.536,10,056-US-0031W -000,Dixie Hwy,Depot Lane,2.974,Bernheim Ln (US 31W),17.51,49906,3433,150,10.3,12.626,0.86860209,KYTC,494.289341504548
513,17962,200,299,W HILL ST,W,HILL,ST,S,2ND,ST,S,3RD,ST,LOUISVILLE,6,METRO,MINOR ARTERIAL, ,0.662,25,056-CS-1016F -000,W Hill St (CS-1016F),S 1st St (CS-1002F),0,S 7th St (CS-1011F),0.662,2714,2658.17825661,6,5.87659158,1.021,1,METRO,481.445739490761
514,27173,4910,5099,DIXIE HWY, ,DIXIE,HWY, ,BRICK KILN,LN, ,UPPER HUNTERS,TRCE,LOUISVILLE,12,STATE,MAJOR ARTERIAL,US-31W,14.536,10,056-US-0031W -000,Dixie Hwy,Depot Lane,2.974,Bernheim Ln (US 31W),17.51,49906,3433,150,10.3,12.626,0.86860209,KYTC,862.174809646326
515,21231,2900,2999,NEWBURG RD, ,NEWBURG,RD, ,DUNBARTON WYNDE, , ,SCHUFF,LN,LOUISVILLE,8,STATE,MINOR ARTERIAL,KY-1703,2.593,30,056-KY-1703  -000,Newburg Rd,Bluegrass Park Dr (CS-1185G),1.25,Bellarmine Blvd (PS-1084G),3.843,6510.5,2510.79830312,18,6.94176629,1.066,0.41110683,KYTC,190.702324756442
516,15590,510,529,S 26TH ST,S,26TH,ST, ,STONE,ALY,W,MADISON,ST,LOUISVILLE,5,METRO,MINOR ARTERIAL, ,1.846,27,056-CS-1038F -000,S 26th St,W Main St (CS-1011A),0,Wilson Ave (CS-1025F),1.846,4784,2591.54929577,10,5.4,1.846,1,METRO,199.794877722284
517,18191,1750,1765,ALGONQUIN PKY, ,ALGONQUIN,PKY, ,DE SOTO,TER, ,LA SALLE,PL,LOUISVILLE,3,STATE,MAJOR ARTERIAL,KY-2054,1.762,13,056-KY-2054  -000,Algonquin Pkwy,S 22nd St (US 31W),1.504,Winkler Ave (US 60A),3.266,5638.85,3200.2553916,15,8.51305335,1.762,1,KYTC,357.17693306087
518,18866,2601,2699,7TH STREET RD, ,7TH STREET,RD, ,LARCHMONT,AVE, ,HOMEVIEW,DR,SHIVELY,3,STATE,MAJOR ARTERIAL,KY-1931,9.06,24,056-KY-1931  -000,Greenwood Rd / St. Andrews Church Rd / Manslick Rd / 7th Street Rd,Terry Road (KY 1727),1.47,Algonquin Pkwy (KY 2054),10.53,24325,2684.8785872,73,8.05739514,7.024,0.77527594,KYTC,367.643848870152
519,9751,3910,3914,SHEPHERDSVILLE RD, ,SHEPHERDSVILLE,RD, ,SELMA,AVE, ,BASHFORD,AVE,WEST BUECHEL,10,STATE,MINOR ARTERIAL,KY-2052,2.908,39,056-KY-2052  -000,Shepherdsville Rd,Fern Valley Rd (KY 1747),1.214,Hikes Lane (KY 2052),4.122,6742,2318.43191197,20,6.87757909,2.908,1,KYTC,244.275053494054
520,14505,2234,2100,BANK ST, ,BANK,ST,N,24TH,ST,N,22ND,ST,LOUISVILLE,5,STATE,MINOR ARTERIAL,KY-3082,0.822,52,056-KY-3082  -000,Bank St,N 30th St (CS-1054A),0.716,N 22nd St (US 150),1.538,1575,1916.058394,5,6.082725,0.822,1,KYTC,974.516037373597
521,29905,10115,10199,TAYLORSVILLE RD, ,TAYLORSVILLE,RD, ,BARKLEY,DR, ,SPROWL,RD,JEFFERSONTOWN,11,STATE,MAJOR ARTERIAL,KY-155,4.24,48,056-KY-0155  -000,Taylorsville Rd,Watterson Trl (CS-1073H),9.35,Breckenridge Ln (KY 1932),13.59,8629,2035,22,5.24558894,0,0,KYTC,430.300558377588
522,28992,4708,4710,GREENWOOD RD, ,GREENWOOD,RD, ,HELEN,AVE, ,VIRGINIA,AVE,LOUISVILLE,14,STATE,MINOR ARTERIAL,KY-1931,9.06,24,056-KY-1931  -000,Greenwood Rd / St. Andrews Church Rd / Manslick Rd / 7th Street Rd,Terry Road (KY 1727),1.47,Algonquin Pkwy (KY 2054),10.53,24325,2684.8785872,73,8.05739514,7.024,0.77527594,KYTC,69.7888453322771
523,16799,1040,1099,DIXIE HWY, ,DIXIE,HWY, ,GREENWOOD,AVE,W,ST CATHERINE,ST,LOUISVILLE,4,METRO,MINOR ARTERIAL, ,2.008,29,056-CS-1030F -000,Dixie Hwy,W Broadway (US 150),0,Bernheim Lane (US 31W),2.008,5174,2576.69322709,13,6.47410359,2.008,1,METRO,258.200745545012
524,31369,2625,2699,ROCKFORD LN, ,ROCKFORD,LN, ,KOPPEL,DR, ,DOVER,RD,SHIVELY,3,STATE,MINOR ARTERIAL,KY-2051,1.975,14,056-KY-2051  -000,Rockford Ln,Dixie Hwy (US 31W),0,Cane Run Rd (KY 1934),1.975,6318,3198.98734177,20,10.12658228,1.975,1,KYTC,347.483970454651
525,26844,2800,3099,ROCKFORD LN, ,ROCKFORD,LN, ,TEANECK,LN, ,CLARION,CT,LOUISVILLE,1,STATE,MINOR ARTERIAL,KY-2051,1.975,14,056-KY-2051  -000,Rockford Ln,Dixie Hwy (US 31W),0,Cane Run Rd (KY 1934),1.975,6318,3198.98734177,20,10.12658228,1.975,1,KYTC,1217.14692170134
526,23028,4600,4614,POPLAR LEVEL RD, ,POPLAR LEVEL,RD, ,GILMORE,LN, ,DAHL,RD,LOUISVILLE,10,STATE,MAJOR ARTERIAL,KY-864,7.117,41,056-KY-0864  -000,Poplar Level Rd,Fern Valley Rd (KY 1747),6.596,Eastern Pkwy (US 60A),13.713,16064,2257.13081355,44,6.18238022,4.725,0.66390333,KYTC,683.81044409096
527,9377,8400,8499,SHELBYVILLE RD, ,SHELBYVILLE,RD,S,LYNDON,LN, ,WOOD,RD,LOUISVILLE,18,STATE,MAJOR ARTERIAL,US-60,1.413,53,056-US-0060  -000,Shelbyville Rd,Whipps Mill Rd (CS-1005C),6.435,Hurstbourne Pkwy (KY 1747),7.848,2682,1898.08917197,8,5.66171267,0,0,KYTC,411.308283293991
528,18987,2400,2416,NEWBURG RD, ,NEWBURG,RD, ,TREVILIAN,WAY, ,THACKERAY,DR,LOUISVILLE,10,STATE,MINOR ARTERIAL,KY-1703,2.593,30,056-KY-1703  -000,Newburg Rd,Bluegrass Park Dr (CS-1185G),1.25,Bellarmine Blvd (PS-1084G),3.843,6510.5,2510.79830312,18,6.94176629,1.066,0.41110683,KYTC,418.933641942444
529,31812,2015,2020,ROCKFORD LN, ,ROCKFORD,LN, ,TREE ISLAND,CT, ,JAMES R MEDER,RD,SHIVELY,3,STATE,MINOR ARTERIAL,KY-2051,1.975,14,056-KY-2051  -000,Rockford Ln,Dixie Hwy (US 31W),0,Cane Run Rd (KY 1934),1.975,6318,3198.98734177,20,10.12658228,1.975,1,KYTC,178.117669643737
530,21272,4200,4229,POPLAR LEVEL RD, ,POPLAR LEVEL,RD, ,TAYLOR,AVE, ,REDWOOD,DR,LOUISVILLE,10,STATE,MAJOR ARTERIAL,KY-864,7.117,41,056-KY-0864  -000,Poplar Level Rd,Fern Valley Rd (KY 1747),6.596,Eastern Pkwy (US 60A),13.713,16064,2257.13081355,44,6.18238022,4.725,0.66390333,KYTC,557.883575508706
531,16994,1152,1199,S 26TH ST,S,26TH,ST, ,HALE,AVE,W,OAK,ST,LOUISVILLE,4,METRO,MINOR ARTERIAL, ,1.846,27,056-CS-1038F -000,S 26th St,W Main St (CS-1011A),0,Wilson Ave (CS-1025F),1.846,4784,2591.54929577,10,5.4,1.846,1,METRO,423.729087119915
532,15167,2000,2099,W MARKET ST,W,MARKET,ST,S,20TH,ST, ,DR W J HODGE,ST,LOUISVILLE,5,STATE,MAJOR ARTERIAL,US-31W,1.064,33,056-US-0031W -000,W Market St (US 31W),Dr W J Hodge St,20.292,Roy Wilkins Ave,21.356,6500,2472.42297452,18,6.84670978,2.629,1,KYTC,480.135620072073
533,18696,2816,2899,BARDSTOWN RD, ,BARDSTOWN,RD, ,TYLER,LN, ,HAWTHORNE,AVE,LOUISVILLE,8,STATE,MAJOR ARTERIAL,US-31E,5.8,16,056-US-0031E -000,Beuchel Byp / Bardstown Rd / Baxter Ave,Hikes Lane (KY 2052),10.974,E Main St (US 31E),16.774,17471,3012.24137931,41,7.1,1.878,0.3237931,KYTC,434.415322159447
534,20518,1150,1219,BARDSTOWN RD, ,BARDSTOWN,RD, ,PATTERSON,AVE, ,LUCIA,AVE,LOUISVILLE,8,STATE,MAJOR ARTERIAL,US-31E,5.8,16,056-US-0031E -000,Beuchel Byp / Bardstown Rd / Baxter Ave,Hikes Lane (KY 2052),10.974,E Main St (US 31E),16.774,17471,3012.24137931,41,7.1,1.878,0.3237931,KYTC,231.168379112462
535,23423,5000,5099,S 3RD ST,S,3RD,ST,W,AMHERST,AVE,W,KINGSTON,AVE,LOUISVILLE,21,METRO,PRIMARY COLLECTOR, ,2.667,34,056-CS-1013F -000,S 3rd St (CS-1013F),Southern Pkwy (KY 1020),0,W Kenwood Dr (CS-1257F),2.667,6840,2445.4772971,19,6.79299249,2.797,1,METRO,609.408149726794
536,17581,1600,1604,BARDSTOWN RD, ,BARDSTOWN,RD, ,BONNYCASTLE,AVE, ,BONNYCASTLE,AVE,LOUISVILLE,8,STATE,MAJOR ARTERIAL,US-31E,5.8,16,056-US-0031E -000,Beuchel Byp / Bardstown Rd / Baxter Ave,Hikes Lane (KY 2052),10.974,E Main St (US 31E),16.774,17471,3012.24137931,41,7.1,1.878,0.3237931,KYTC,124.177431437321
537,16026,3115,3125,W BROADWAY,W,BROADWAY, ,S,31ST,ST, ,HAZEL,ST,LOUISVILLE,4,METRO,MAJOR ARTERIAL, ,1.19,3,056-CS-1021F -000,W Broadway,S 22nd St (US 31W-001),0,S 35th St (north leg),1.19,6262,5262.18487395,19,15.96638655,1.19,1,METRO,241.784220693912
538,18759,2500,2514,7TH STREET RD, ,7TH STREET,RD, ,WURTELE,AVE, ,CENTRAL,AVE,SHIVELY,6,STATE,MAJOR ARTERIAL,KY-1931,9.06,24,056-KY-1931  -000,Greenwood Rd / St. Andrews Church Rd / Manslick Rd / 7th Street Rd,Terry Road (KY 1727),1.47,Algonquin Pkwy (KY 2054),10.53,24325,2684.8785872,73,8.05739514,7.024,0.77527594,KYTC,369.3315485504
539,24590,7900,7999,PRESTON HWY, ,PRESTON,HWY, ,OUTER,LOOP, ,OKOLONA,TER,LOUISVILLE,24,STATE,MAJOR ARTERIAL,KY-61,7.502,9,056-KY-0061  -000,Preston Hwy,Cooper Chapel Rd / Commerce Crossings Dr (KY 6299),1.401,Hart Ave,8.903,25969,3461.61023727,77,10.26392962,4.884,0.65102639,KYTC,685.07448898482
540,15315,400,415,S 26TH ST,S,26TH,ST, ,GREEN,ALY, ,CEDAR,ST,LOUISVILLE,5,METRO,MINOR ARTERIAL, ,1.846,27,056-CS-1038F -000,S 26th St,W Main St (CS-1011A),0,Wilson Ave (CS-1025F),1.846,4784,2591.54929577,10,5.4,1.846,1,METRO,241.404559129115
541,29624,4910,4919,CANE RUN RD, ,CANE RUN,RD, ,WILKIE,RD, ,LINDENWOOD,DR,LOUISVILLE,1,STATE,MAJOR ARTERIAL,KY-1934,11.502,21,056-KY-1934  -000,Greenbelt Hwy / Cane Run Rd,Gene Snyder Fwy (KY 841),0,Algonquin Pkwy (KY 2054),11.502,31389,2729.00365154,100,8.69414015,9.201,0.79994784,KYTC,169.261125244697
542,11495,6951,7099,BARDSTOWN RD, ,BARDSTOWN,RD, ,CEDAR SPRINGS,BLVD, ,I 265 RAMP, ,LOUISVILLE,22,STATE,MAJOR ARTERIAL,US-31E,1.652,7,056-US-0031E -000,Bardstown Rd,Captain Place,3.909,Beulah Church Rd / Seatonville Rd (KY 1065),5.561,6005,3634.98789346,16,9.68523002,0,0,KYTC,626.369503747588
543,16818,1100,1104,DIXIE HWY, ,DIXIE,HWY,W,ST CATHERINE,ST, ,GRAND,AVE,LOUISVILLE,4,METRO,MINOR ARTERIAL, ,2.008,29,056-CS-1030F -000,Dixie Hwy,W Broadway (US 150),0,Bernheim Lane (US 31W),2.008,5174,2576.69322709,13,6.47410359,2.008,1,METRO,93.9587875164559
544,29613,4625,4639,CANE RUN RD, ,CANE RUN,RD, ,DONALD,DR, ,PATRICIA,DR,LOUISVILLE,1,STATE,MAJOR ARTERIAL,KY-1934,11.502,21,056-KY-1934  -000,Greenbelt Hwy / Cane Run Rd,Gene Snyder Fwy (KY 841),0,Algonquin Pkwy (KY 2054),11.502,31389,2729.00365154,100,8.69414015,9.201,0.79994784,KYTC,509.252770035728
545,32896,10206,10399,WESTPORT RD, ,WESTPORT,RD, ,ASSEMBLY,WAY, ,SPRINGHURST,BLVD,LOUISVILLE,17,STATE,MINOR ARTERIAL,KY-1447,5.078,18,056-KY-1447  -000,Westport Rd,I-264,1.96,Chamberlain Ln,7.038,14916,2937.37692005,45,8.8617566,0,0,KYTC,1000.13199806786
546,17561,1450,1474,S 22ND ST,S,22ND,ST,W,BURNETT,AVE, ,BOLLING,AVE,LOUISVILLE,6,STATE,MAJOR ARTERIAL,US-31W,1.145,8,056-US-0031W -000,S 22nd St / Bernheim Ln,Dixie Hwy (CS-1030F),17.51,Dumesnil St (CS-1010F),18.655,4100,3580.7860262,11,9.6069869,1.145,1,KYTC,334.258133782859
547,20641,1527,1542,BARDSTOWN RD, ,BARDSTOWN,RD, ,SHERWOOD,AVE, ,STEVENS,AVE,LOUISVILLE,8,STATE,MAJOR ARTERIAL,US-31E,5.8,16,056-US-0031E -000,Beuchel Byp / Bardstown Rd / Baxter Ave,Hikes Lane (KY 2052),10.974,E Main St (US 31E),16.774,17471,3012.24137931,41,7.1,1.878,0.3237931,KYTC,256.695868102059
548,15081,1900,1999,W MAIN ST,W,MAIN,ST,N,19TH,ST,N,20TH,ST,LOUISVILLE,5,STATE,MAJOR ARTERIAL,US-31W,1.751,45,056-US-0031W -001,W Main St,N 22nd St (US 150),20.345,S 2nd St (US 31),22.096,3743,2137.63563678,10,5.71102227,1.751,1,KYTC,481.359044435764
549,15233,1700,1799,W MARKET ST,W,MARKET,ST,S,17TH,ST,S,18TH,ST,LOUISVILLE,5,STATE,MAJOR ARTERIAL,US-31W,1.064,33,056-US-0031W -000,W Market St (US 31W),Dr W J Hodge St,20.292,Roy Wilkins Ave,21.356,6500,2472.42297452,18,6.84670978,2.629,1,KYTC,482.665897315796
550,23747,6300,6399,S 3RD ST,S,3RD,ST, ,FREEMAN,AVE, ,ARBOR,AVE,LOUISVILLE,21,METRO,PRIMARY COLLECTOR, ,2.667,34,056-CS-1013F -000,S 3rd St (CS-1013F),Southern Pkwy (KY 1020),0,W Kenwood Dr (CS-1257F),2.667,6840,2445.4772971,19,6.79299249,2.797,1,METRO,341.563765717752
551,18232,1600,1799,S 7TH ST,S,7TH,ST,W,LEE,ST, ,COMMERCE,RD,LOUISVILLE,6,METRO,MAJOR ARTERIAL, ,0.928,2,056-CS-1011F -000,S 7th St,Algonquin Pkwy (KY 2054),0,Split to S 9th St,0.928,5224,5629,15,16.2,0.928,1,METRO,881.738044685219
552,16657,1028,1031,S 26TH ST,S,26TH,ST, ,GREENWOOD,AVE, ,GREENWOOD,AVE,LOUISVILLE,4,METRO,MINOR ARTERIAL, ,1.846,27,056-CS-1038F -000,S 26th St,W Main St (CS-1011A),0,Wilson Ave (CS-1025F),1.846,4784,2591.54929577,10,5.4,1.846,1,METRO,67.7744709035047
553,9951,3900,3999,S HURSTBOURNE PKY,S,HURSTBOURNE,PKY, ,YARDLEY,CT, ,GREENHURST,DR,LOUISVILLE,26,STATE,MAJOR ARTERIAL,KY-1747,1.064,47,056-KY-1747  -000,S Hurstbourne Pkwy,Watterson Trl (CR-1004H),8.519,Six Mile Ln (CR-1002H),9.583,2196,2063.90977444,5,4.69924812,0,0,KYTC,411.044439273021
554,19805,3400,3432,TAYLOR BLVD, ,TAYLOR,BLVD, ,CLARA,AVE, ,LONGFIELD,AVE,LOUISVILLE,15,STATE,MAJOR ARTERIAL,US-60A,3.157,4,056-US-0060A -000,7th Street Rd / Berry Blvd / Taylor Blvd / Winkler Ave,Dixie Hwy (US 31W),0,S 3rd St (KY 1020),3.157,13771,4362.05258156,37,11.71998733,3.157,1,KYTC,416.466572788261
555,14608,416,430,N 22ND ST,N,22ND,ST, ,CLEVELAND,AVE, ,ST XAVIER,ST,LOUISVILLE,5,STATE,MAJOR ARTERIAL,US-150,0.741,15,056-US-0150  -000,N 22nd St,Northwestern Pkwy,0,W Main St (US 31W-001),0.741,2292,3093.11740891,6,8.09716599,0.49,0.66126856,KYTC,236.15116079357
556,16028,3100,3114,W BROADWAY,W,BROADWAY, ,S,31ST,ST,S,31ST,ST,LOUISVILLE,5,METRO,MAJOR ARTERIAL, ,1.19,3,056-CS-1021F -000,W Broadway,S 22nd St (US 31W-001),0,S 35th St (north leg),1.19,6262,5262.18487395,19,15.96638655,1.19,1,METRO,123.008647548581
557,25738,3642,3661,TAYLOR BLVD, ,TAYLOR,BLVD, ,CAMDEN,AVE, ,BEECHER,ST,LOUISVILLE,15,STATE,MAJOR ARTERIAL,KY-1865,5.273,5,056-KY-1865  -000,Taylor Blvd / New Cut Rd,Gene Snyder Fwy (KY 841),0.92,Berry Blvd (US 60A),6.193,20222,3835.00853404,51,9.67191352,4.556,0.86402427,KYTC,306.522633748309
558,17029,1160,1199,DIXIE HWY, ,DIXIE,HWY, ,HALE,AVE,W,OAK,ST,LOUISVILLE,4,METRO,MINOR ARTERIAL, ,2.008,29,056-CS-1030F -000,Dixie Hwy,W Broadway (US 150),0,Bernheim Lane (US 31W),2.008,5174,2576.69322709,13,6.47410359,2.008,1,METRO,258.121119941055
559,23535,5300,5399,S 3RD ST,S,3RD,ST,W,SOUTHLAND,BLVD, ,IROQUOIS,AVE,LOUISVILLE,21,METRO,PRIMARY COLLECTOR, ,2.667,34,056-CS-1013F -000,S 3rd St (CS-1013F),Southern Pkwy (KY 1020),0,W Kenwood Dr (CS-1257F),2.667,6840,2445.4772971,19,6.79299249,2.797,1,METRO,288.400936200912
560,4608,3326,3399,HIKES LN, ,HIKES,LN, ,BRECKENRIDGE,LN, ,HUNSINGER,LN,LOUISVILLE,26,METRO,MINOR ARTERIAL, ,2.399,36,056-CR-1002G -000,Hikes Lane,Buechel Byp (US 31E),0.797,Taylorsville Rd (KY 155),3.196,5776,2407.669862,15,6.252605,0.191,0.079617,METRO,884.923287106007
561,16724,1005,1029,DIXIE HWY, ,DIXIE,HWY,W,KENTUCKY,ST, ,PRENTICE,ST,LOUISVILLE,4,METRO,MINOR ARTERIAL, ,2.008,29,056-CS-1030F -000,Dixie Hwy,W Broadway (US 150),0,Bernheim Lane (US 31W),2.008,5174,2576.69322709,13,6.47410359,2.008,1,METRO,239.053352413222
562,21079,3450,3459,TAYLOR BLVD, ,TAYLOR,BLVD, ,SALE,AVE, ,DRESDEN,AVE,LOUISVILLE,15,STATE,MAJOR ARTERIAL,US-60A,3.157,4,056-US-0060A -000,7th Street Rd / Berry Blvd / Taylor Blvd / Winkler Ave,Dixie Hwy (US 31W),0,S 3rd St (KY 1020),3.157,13771,4362.05258156,37,11.71998733,3.157,1,KYTC,185.46727931703
563,26564,9750,9899,PRESTON HWY, ,PRESTON,HWY, ,I 265 RAMP, , ,I 265 RAMP, ,LOUISVILLE,24,STATE,MAJOR ARTERIAL,KY-61,7.502,9,056-KY-0061  -000,Preston Hwy,Cooper Chapel Rd / Commerce Crossings Dr (KY 6299),1.401,Hart Ave,8.903,25969,3461.61023727,77,10.26392962,4.884,0.65102639,KYTC,854.16433786726
564,21627,600,699,W MUHAMMAD ALI BLVD,W,MUHAMMAD ALI,BLVD,S,6TH,ST,S,7TH,ST,LOUISVILLE,4,METRO,MINOR ARTERIAL, ,1.454,22,056-CS-1001A -000,W Muhammad Ali Blvd,S 6th St (CS-1004F),0.455,S 22nd St (US 31W-001),1.909,3943.35,2712.07015131,9,6.18982118,1.454,1,METRO,479.601367675867
565,16291,745,799,DIXIE HWY, ,DIXIE,HWY, ,ANDERSON,ST, ,MAPLE,ST,LOUISVILLE,4,METRO,MINOR ARTERIAL, ,2.008,29,056-CS-1030F -000,Dixie Hwy,W Broadway (US 150),0,Bernheim Lane (US 31W),2.008,5174,2576.69322709,13,6.47410359,2.008,1,METRO,382.346318262605
566,16168,1600,1699,W BROADWAY,W,BROADWAY, ,S,16TH,ST,S,17TH,ST,LOUISVILLE,4,STATE,MAJOR ARTERIAL,US-150,3.3535,1,056-US-0150  -000,Broadway,S 22nd St (US 31W-001),0.7405,Baxter Ave (US 31E),4.094,19419.4,5792,48,14.30913698,3.353,1,KYTC,478.997732901733
567,25011,8800,8815,PRESTON HWY, ,PRESTON,HWY, ,HIGH SCHOOL,DR, ,MILES,LN,LOUISVILLE,24,STATE,MAJOR ARTERIAL,KY-61,7.502,9,056-KY-0061  -000,Preston Hwy,Cooper Chapel Rd / Commerce Crossings Dr (KY 6299),1.401,Hart Ave,8.903,25969,3461.61023727,77,10.26392962,4.884,0.65102639,KYTC,367.018936371942
568,33544,3211,3249,NEWBURG RD, ,NEWBURG,RD, ,I 264 RAMP, , ,I 264 RAMP, ,LOUISVILLE,10,STATE,MINOR ARTERIAL,KY-1703,2.593,30,056-KY-1703  -000,Newburg Rd,Bluegrass Park Dr (CS-1185G),1.25,Bellarmine Blvd (PS-1084G),3.843,6510.5,2510.79830312,18,6.94176629,1.066,0.41110683,KYTC,614.823879849607
569,19945,3900,3999,SOUTHERN PKY, ,SOUTHERN,PKY,W,KENTON,ST,W,EVELYN,AVE,LOUISVILLE,15,STATE,MINOR ARTERIAL,KY-1020,1.313,35,056-KY-1020  -000,Southern Pkwy,W Woodlawn Ave (CS-1096F),7.837,S 3rd St (CS-1013F),9.15,3174,2417.3648134,11,8.37776085,1.313,1,KYTC,512.12794230833
570,29612,4615,4624,CANE RUN RD, ,CANE RUN,RD, ,CLARINET,DR, ,DONALD,DR,LOUISVILLE,1,STATE,MAJOR ARTERIAL,KY-1934,11.502,21,056-KY-1934  -000,Greenbelt Hwy / Cane Run Rd,Gene Snyder Fwy (KY 841),0,Algonquin Pkwy (KY 2054),11.502,31389,2729.00365154,100,8.69414015,9.201,0.79994784,KYTC,315.995341206263
571,25057,8400,8402,3RD STREET RD, ,3RD STREET,RD, ,ARNOLDTOWN,RD, ,HERBERT,LN,LOUISVILLE,25,STATE,MINOR ARTERIAL,KY-907,4.91,50,056-KY-0907  -000,3rd Street Rd (KY 907),E Pages Ln / Highcrest Ave,2.09,National Turnpike (KY 1020),7,13188,2003.64630811,41,6.22910969,4.251,0.64585232,KYTC,154.455306675839
572,28997,4500,4622,GREENWOOD RD, ,GREENWOOD,RD, ,DIXIE,HWY, ,GREENWOOD MANOR,RD,LOUISVILLE,12,STATE,MINOR ARTERIAL,KY-1931,9.06,24,056-KY-1931  -000,Greenwood Rd / St. Andrews Church Rd / Manslick Rd / 7th Street Rd,Terry Road (KY 1727),1.47,Algonquin Pkwy (KY 2054),10.53,24325,2684.878587,73,8.057395,7.024,0.775276,KYTC,1115.49340077021
573,24103,7200,7299,MANSLICK RD, ,MANSLICK,RD, ,VISTA JOHN,DR, ,PALATKA,RD,LOUISVILLE,12,STATE,MINOR ARTERIAL,KY-1931,9.06,24,056-KY-1931  -000,Greenwood Rd / St. Andrews Church Rd / Manslick Rd / 7th Street Rd,Terry Road (KY 1727),1.47,Algonquin Pkwy (KY 2054),10.53,24325,2684.8785872,73,8.05739514,7.024,0.77527594,KYTC,324.638008787396
574,28978,7100,7199,DIXIE HWY, ,DIXIE,HWY, ,WELLS,DR, ,TEXTILE,AVE,LOUISVILLE,12,STATE,MAJOR ARTERIAL,US-31W,14.536,10,056-US-0031W -000,Dixie Hwy,Depot Lane,2.974,Bernheim Ln (US 31W),17.51,49906,3433,150,10.3,12.626,0.86860209,KYTC,404.923444763812
575,23335,4418,4499,TAYLOR BLVD, ,TAYLOR,BLVD, ,BROOKLINE,AVE, ,SHINGO,AVE,LOUISVILLE,15,STATE,MAJOR ARTERIAL,KY-1865,5.273,5,056-KY-1865  -000,Taylor Blvd / New Cut Rd,Gene Snyder Fwy (KY 841),0.92,Berry Blvd (US 60A),6.193,20222,3835.00853404,51,9.67191352,4.556,0.86402427,KYTC,277.179205175218
576,31452,2717,2804,FERN VALLEY RD, ,FERN VALLEY,RD, ,SIGNATURE,DR, ,PARAMOUNT PARK,DR,LOUISVILLE,21,STATE,MAJOR ARTERIAL,KY-1747,4.046,26,056-KY-1747  -000,Fern Valley Rd,Grade Ln (CR-1001G),0,Shepherdsville Rd (KY 2052),4.046,10717,2648.78892734,29,7.16757291,3.47,0.85763717,KYTC,581.282322849483
577,16398,200,299,W BROADWAY,W,BROADWAY, ,S,2ND,ST,S,3RD,ST,LOUISVILLE,4,STATE,MAJOR ARTERIAL,US-150,3.3535,1,056-US-0150  -000,Broadway,S 22nd St (US 31W-001),0.7405,Baxter Ave (US 31E),4.094,19419.4,5792,48,14.309137,3.353,1,KYTC,481.290123653667
578,24548,4050,4099,OUTER LOOP, ,OUTER,LOOP, ,LONE OAK,AVE, ,PRESTON,HWY,LOUISVILLE,13,STATE,MAJOR ARTERIAL,KY-1065,3.531,42,056-KY-1065  -000,Outer Loop,National Turnpike (KY 1020),2.514,Preston Hwy (KY 61),6.045,7853,2224.01586,20,5.664118,3.311,0.937695,KYTC,849.072613174861
579,20380,800,899,BAXTER AVE, ,BAXTER,AVE, ,CAVE HILL,RD,E,BRECKINRIDGE,ST,LOUISVILLE,8,STATE,MAJOR ARTERIAL,US-31E,5.8,16,056-US-0031E -000,Beuchel Byp / Bardstown Rd / Baxter Ave,Hikes Lane (KY 2052),10.974,E Main St (US 31E),16.774,17471,3012.24137931,41,7.1,1.878,0.3237931,KYTC,292.08711083179
580,25776,3900,3910,TAYLOR BLVD, ,TAYLOR,BLVD, ,SEELBACH,AVE, ,I 264 RAMP, ,LOUISVILLE,21,STATE,MAJOR ARTERIAL,KY-1865,5.273,5,056-KY-1865  -000,Taylor Blvd / New Cut Rd,Gene Snyder Fwy (KY 841),0.92,Berry Blvd (US 60A),6.193,20222,3835.00853404,51,9.67191352,4.556,0.86402427,KYTC,154.974438700995
581,21529,800,899,W MAIN ST,W,MAIN,ST,S,8TH,ST,N,9TH,ST,LOUISVILLE,4,STATE,MAJOR ARTERIAL,US-31W,1.751,45,056-US-0031W -001,W Main St,N 22nd St (US 150),20.345,S 2nd St (US 31),22.096,3743,2137.63563678,10,5.71102227,1.751,1,KYTC,478.488316655779
582,29908,2100,2120,CRUMS LN, ,CRUMS,LN, ,HILLVIEW,AVE, ,PARK ROW,DR,SHIVELY,3,STATE,MINOR ARTERIAL,KY-2049,1.102,12,056-KY-2049  -000,Crums Lane,Cheviot Drive (CS-1476F),0.618,Dixie Hwy (US 31W),1.72,3658,3319.41923775,11,9.98185118,1.102,1,KYTC,577.011275181564
583,23129,4656,4659,POPLAR LEVEL RD, ,POPLAR LEVEL,RD, ,HUNTINGTON PARK,DR, ,PRODUCE,RD,POPLAR HILLS,2,STATE,MAJOR ARTERIAL,KY-864,7.117,41,056-KY-0864  -000,Poplar Level Rd,Fern Valley Rd (KY 1747),6.596,Eastern Pkwy (US 60A),13.713,16064,2257.13081355,44,6.18238022,4.725,0.66390333,KYTC,161.324852922023
584,25968,5040,5047,POPLAR LEVEL RD, ,POPLAR LEVEL,RD, ,NAOMI,DR, ,POPLAR LEVEL,CT,LOUISVILLE,2,STATE,MAJOR ARTERIAL,KY-864,7.117,41,056-KY-0864  -000,Poplar Level Rd,Fern Valley Rd (KY 1747),6.596,Eastern Pkwy (US 60A),13.713,16064,2257.13081355,44,6.18238022,4.725,0.66390333,KYTC,534.012296141579
585,14854,3825,3830,W MARKET ST,W,MARKET,ST, ,AMY,AVE,S,39TH,ST,LOUISVILLE,5,METRO,MINOR ARTERIAL, ,1.565,33,056-CS-1006A -000,W Market St (CS-1006A),S 22nd St (US 31W-001),0,S 40th St (CS-1043F),1.565,6500,2472.42297452,18,6.84670978,2.629,1,METRO,129.257927108215
586,29178,12800,12889,DIXIE HWY, ,DIXIE,HWY, ,MEMORIAL,DR, ,FINCASTLE,TRL,LOUISVILLE,14,STATE,MAJOR ARTERIAL,US-31W,14.536,10,056-US-0031W -000,Dixie Hwy,Depot Lane,2.974,Bernheim Ln (US 31W),17.51,49906,3433,150,10.3,12.626,0.86860209,KYTC,625.907745068886
587,17677,1466,1499,DIXIE HWY, ,DIXIE,HWY, ,BOLLING,AVE,W,HILL,ST,LOUISVILLE,6,METRO,MINOR ARTERIAL, ,2.008,29,056-CS-1030F -000,Dixie Hwy,W Broadway (US 150),0,Bernheim Lane (US 31W),2.008,5174,2576.693227,13,6.474104,2.008,1,METRO,348.369797234203
588,8867,10000,10099,TAYLORSVILLE RD, ,TAYLORSVILLE,RD, ,GRAND,AVE, ,OLD SIX MILE,LN,JEFFERSONTOWN,11,STATE,MAJOR ARTERIAL,KY-155,4.24,48,056-KY-0155  -000,Taylorsville Rd,Watterson Trl (CS-1073H),9.35,Breckenridge Ln (KY 1932),13.59,8629,2035,22,5.24558894,0,0,KYTC,467.499989101727
589,23331,4900,4999,S 3RD ST,S,3RD,ST,W,TENNY,AVE,W,AMHERST,AVE,LOUISVILLE,21,METRO,PRIMARY COLLECTOR, ,2.667,34,056-CS-1013F -000,S 3rd St (CS-1013F),Southern Pkwy (KY 1020),0,W Kenwood Dr (CS-1257F),2.667,6840,2445.4772971,19,6.79299249,2.797,1,METRO,810.253341578461
590,20220,1300,1399,S 26TH ST,S,26TH,ST, ,DUMESNIL,ST, ,WILSON,AVE,LOUISVILLE,6,METRO,MINOR ARTERIAL, ,1.846,27,056-CS-1038F -000,S 26th St,W Main St (CS-1011A),0,Wilson Ave (CS-1025F),1.846,4784,2591.54929577,10,5.4,1.846,1,METRO,849.143971086654
591,20706,1400,1499,EASTERN PKY, ,EASTERN,PKY, ,CROSS,RD, ,HILL,RD,LOUISVILLE,10,STATE,MAJOR ARTERIAL,US-60A,3.523,40,056-US-0060A -000,Eastern Pkwy,S 3rd St (KY 1020),3.409,Willow Ave (US 60A),6.932,8026,2278.17201249,22,6.24467783,1.154,0.32756174,KYTC,693.545961014995
592,21191,2521,2699,NEWBURG RD, ,NEWBURG,RD, ,SYLVAN,WAY, ,DUNDEE,RD,LOUISVILLE,8,STATE,MINOR ARTERIAL,KY-1703,2.593,30,056-KY-1703  -000,Newburg Rd,Bluegrass Park Dr (CS-1185G),1.25,Bellarmine Blvd (PS-1084G),3.843,6510.5,2510.79830312,18,6.94176629,1.066,0.41110683,KYTC,459.951892321758
593,16034,3000,3099,W BROADWAY,W,BROADWAY, ,S,30TH,ST,S,31ST,ST,LOUISVILLE,5,METRO,MAJOR ARTERIAL, ,1.19,3,056-CS-1021F -000,W Broadway,S 22nd St (US 31W-001),0,S 35th St (north leg),1.19,6262,5262.18487395,19,15.96638655,1.19,1,METRO,467.227467131834
594,15185,1900,1999,W MARKET ST,W,MARKET,ST,S,19TH,ST,S,20TH,ST,LOUISVILLE,5,STATE,MAJOR ARTERIAL,US-31W,1.064,33,056-US-0031W -000,W Market St (US 31W),Dr W J Hodge St,20.292,Roy Wilkins Ave,21.356,6500,2472.42297452,18,6.84670978,2.629,1,KYTC,480.320807507857
595,8561,10000,10099,WESTPORT RD, ,WESTPORT,RD, ,SHINING WILLOW,DR, ,STONEBRIDGE,RD,LOUISVILLE,17,STATE,MINOR ARTERIAL,KY-1447,5.078,18,056-KY-1447  -000,Westport Rd,I-264,1.96,Chamberlain Ln,7.038,14916,2937.37692005,45,8.8617566,0,0,KYTC,598.201594429608
596,36665,9900,9999,WESTPORT RD, ,WESTPORT,RD, ,CREEKSIDE,DR, ,SHINING WILLOW,DR,HICKORY HILL,17,STATE,MINOR ARTERIAL,KY-1447,5.078,18,056-KY-1447  -000,Westport Rd,I-264,1.96,Chamberlain Ln,7.038,14916,2937.37692005,45,8.8617566,0,0,KYTC,642.198721445377
597,17271,1310,1349,S 22ND ST,S,22ND,ST, ,WILSON,AVE, ,ST LOUIS,AVE,LOUISVILLE,6,STATE,MAJOR ARTERIAL,US-31W,1.145,8,056-US-0031W -000,S 22nd St / Bernheim Ln,Dixie Hwy (CS-1030F),17.51,Dumesnil St (CS-1010F),18.655,4100,3580.7860262,11,9.6069869,1.145,1,KYTC,459.648438902436
598,22877,4200,4235,DIXIE HWY, ,DIXIE,HWY, ,HERBERT,AVE, ,I 264 RAMP, ,SHIVELY,3,STATE,MAJOR ARTERIAL,US-31W,14.536,10,056-US-0031W -000,Dixie Hwy,Depot Lane,2.974,Bernheim Ln (US 31W),17.51,49906,3433,150,10.3,12.626,0.86860209,KYTC,1008.4839190728
599,4984,2850,2899,HIKES LN, ,HIKES,LN, ,GREENWICH,RD, ,STANTON,BLVD,LOUISVILLE,26,METRO,MINOR ARTERIAL, ,2.399,36,056-CR-1002G -000,Hikes Lane,Buechel Byp (US 31E),0.797,Taylorsville Rd (KY 155),3.196,5776,2407.66986244,15,6.25260525,0.191,0.07961651,METRO,498.169182093644
600,21455,3400,3499,CANE RUN RD, ,CANE RUN,RD, ,PENWAY,AVE, ,LINWOOD,AVE,LOUISVILLE,3,STATE,MINOR ARTERIAL,KY-1934,11.502,21,056-KY-1934  -000,Greenbelt Hwy / Cane Run Rd,Gene Snyder Fwy (KY 841),0,Algonquin Pkwy (KY 2054),11.502,31389,2729.00365154,100,8.69414015,9.201,0.79994784,KYTC,355.236046798157
601,25699,7426,7427,3RD STREET RD, ,3RD STREET,RD, ,BRUCE,AVE, ,HUNT CLUB,LN,LOUISVILLE,25,STATE,MINOR ARTERIAL,KY-907,4.91,50,056-KY-0907  -000,3rd Street Rd (KY 907),E Pages Ln / Highcrest Ave,2.09,National Turnpike (KY 1020),7,13188,2003.64630811,41,6.22910969,4.251,0.64585232,KYTC,131.618220439773
602,24973,8600,8799,PRESTON HWY, ,PRESTON,HWY, ,ST RITA,DR, ,HIGH SCHOOL,DR,LOUISVILLE,24,STATE,MAJOR ARTERIAL,KY-61,7.502,9,056-KY-0061  -000,Preston Hwy,Cooper Chapel Rd / Commerce Crossings Dr (KY 6299),1.401,Hart Ave,8.903,25969,3461.61023727,77,10.26392962,4.884,0.65102639,KYTC,1215.78282214663
603,24133,5360,5362,NEW CUT RD, ,NEW CUT,RD, ,IROQUOIS GARDENS,DR, ,WILDERNESS,RD,LOUISVILLE,21,STATE,MAJOR ARTERIAL,KY-1865,5.273,5,056-KY-1865  -000,Taylor Blvd / New Cut Rd,Gene Snyder Fwy (KY 841),0.92,Berry Blvd (US 60A),6.193,20222,3835.00853404,51,9.67191352,4.556,0.86402427,KYTC,144.728842110927
604,25058,8816,8924,PRESTON HWY, ,PRESTON,HWY, ,MILES,LN, ,CREEK POINTE,TER,LOUISVILLE,24,STATE,MAJOR ARTERIAL,KY-61,7.502,9,056-KY-0061  -000,Preston Hwy,Cooper Chapel Rd / Commerce Crossings Dr (KY 6299),1.401,Hart Ave,8.903,25969,3461.61023727,77,10.26392962,4.884,0.65102639,KYTC,644.897572198745
605,18048,200,299,E HILL ST,E,HILL,ST,S,BROOK,ST,S,FLOYD,ST,LOUISVILLE,6,METRO,MINOR ARTERIAL, ,0.359,25,056-CS-1259F -000,E Hill St (CS-1259F),S Preston St (CS-1524F),0.191,S 1st St (CS-1002F),0.55,2714,2658.17825661,6,5.87659158,1.021,1,METRO,597.825476182771
606,26873,2700,2704,ROCKFORD LN, ,ROCKFORD,LN, ,DOVER,RD, ,NO STREET NAME, ,SHIVELY,3,STATE,MINOR ARTERIAL,KY-2051,1.975,14,056-KY-2051  -000,Rockford Ln,Dixie Hwy (US 31W),0,Cane Run Rd (KY 1934),1.975,6318,3198.98734177,20,10.12658228,1.975,1,KYTC,140.755400785306
607,18391,1500,1599,ALGONQUIN PKY, ,ALGONQUIN,PKY,S,13TH,ST,S,16TH,ST,LOUISVILLE,6,STATE,MAJOR ARTERIAL,KY-2054,1.762,13,056-KY-2054  -000,Algonquin Pkwy,S 22nd St (US 31W),1.504,Winkler Ave (US 60A),3.266,5638.85,3200.2553916,15,8.51305335,1.762,1,KYTC,1400.21661712507
608,28744,14100,14144,DIXIE HWY, ,DIXIE,HWY, ,RICHIE,LN, ,BOWEN,AVE,LOUISVILLE,14,STATE,MAJOR ARTERIAL,US-31W,14.536,10,056-US-0031W -000,Dixie Hwy,Depot Lane,2.974,Bernheim Ln (US 31W),17.51,49906,3433,150,10.3,12.626,0.86860209,KYTC,341.486884141956
609,15384,416,435,S 26TH ST,S,26TH,ST, ,CEDAR,ST, ,EDDY,ST,LOUISVILLE,5,METRO,MINOR ARTERIAL, ,1.846,27,056-CS-1038F -000,S 26th St,W Main St (CS-1011A),0,Wilson Ave (CS-1025F),1.846,4784,2591.54929577,10,5.4,1.846,1,METRO,242.122349740271
610,21263,4010,4199,POPLAR LEVEL RD, ,POPLAR LEVEL,RD, ,MERCER,AVE, ,TAYLOR,AVE,LOUISVILLE,10,STATE,MAJOR ARTERIAL,KY-864,7.117,41,056-KY-0864  -000,Poplar Level Rd,Fern Valley Rd (KY 1747),6.596,Eastern Pkwy (US 60A),13.713,16064,2257.13081355,44,6.18238022,4.725,0.66390333,KYTC,918.583650034754
611,16084,2300,2399,W BROADWAY,W,BROADWAY, ,S,23RD,ST,S,24TH,ST,LOUISVILLE,4,METRO,MAJOR ARTERIAL, ,1.19,3,056-CS-1021F -000,W Broadway,S 22nd St (US 31W-001),0,S 35th St (north leg),1.19,6262,5262.18487395,19,15.96638655,1.19,1,METRO,484.35994950278
612,18134,1800,1899,S 22ND ST,S,22ND,ST, ,VORSTER,AVE, ,ALGONQUIN,PKY,LOUISVILLE,1,STATE,MAJOR ARTERIAL,US-31W,1.145,8,056-US-0031W -000,S 22nd St / Bernheim Ln,Dixie Hwy (CS-1030F),17.51,Dumesnil St (CS-1010F),18.655,4100,3580.7860262,11,9.6069869,1.145,1,KYTC,682.317148045254
613,23293,4915,4924,PRESTON HWY, ,PRESTON,HWY, ,ORCHARD,AVE, ,PIGEON PASS,RD,LOUISVILLE,21,STATE,MAJOR ARTERIAL,KY-61,7.502,9,056-KY-0061  -000,Preston Hwy,Cooper Chapel Rd / Commerce Crossings Dr (KY 6299),1.401,Hart Ave,8.903,25969,3461.61023727,77,10.26392962,4.884,0.65102639,KYTC,195.827373856574
614,24234,5417,5434,NEW CUT RD, ,NEW CUT,RD, ,WESTVIEW,DR, ,JONES,DR,LOUISVILLE,25,STATE,MAJOR ARTERIAL,KY-1865,5.273,5,056-KY-1865  -000,Taylor Blvd / New Cut Rd,Gene Snyder Fwy (KY 841),0.92,Berry Blvd (US 60A),6.193,20222,3835.00853404,51,9.67191352,4.556,0.86402427,KYTC,386.462605388198
615,19928,1600,1699,BERRY BLVD, ,BERRY,BLVD, ,POWELL,AVE, ,GEORGETOWN,PL,LOUISVILLE,15,STATE,MINOR ARTERIAL,US-60A,3.157,4,056-US-0060A -000,7th Street Rd / Berry Blvd / Taylor Blvd / Winkler Ave,Dixie Hwy (US 31W),0,S 3rd St (KY 1020),3.157,13771,4362.05258156,37,11.71998733,3.157,1,KYTC,733.468348849535
616,24696,7700,7755,3RD STREET RD, ,3RD STREET,RD, ,BAMBERRIE CROSS,RD, ,VILLAGE PARK,WAY,LOUISVILLE,25,STATE,MINOR ARTERIAL,KY-907,4.91,50,056-KY-0907  -000,3rd Street Rd (KY 907),E Pages Ln / Highcrest Ave,2.09,National Turnpike (KY 1020),7,13188,2003.64630811,41,6.22910969,4.251,0.64585232,KYTC,1983.30673069669
617,18382,2600,2604,BARDSTOWN RD, ,BARDSTOWN,RD, ,LAKESIDE,DR, ,KAELIN,AVE,LOUISVILLE,8,STATE,MAJOR ARTERIAL,US-31E,5.8,16,056-US-0031E -000,Beuchel Byp / Bardstown Rd / Baxter Ave,Hikes Lane (KY 2052),10.974,E Main St (US 31E),16.774,17471,3012.24137931,41,7.1,1.878,0.3237931,KYTC,137.122897361309
618,26970,1900,1907,ROCKFORD LN, ,ROCKFORD,LN, ,HILLSIDE,DR, ,GRANDVIEW,DR,SHIVELY,3,STATE,MINOR ARTERIAL,KY-2051,1.975,14,056-KY-2051  -000,Rockford Ln,Dixie Hwy (US 31W),0,Cane Run Rd (KY 1934),1.975,6318,3198.98734177,20,10.12658228,1.975,1,KYTC,236.375151594471
619,22295,4200,4216,CANE RUN RD, ,CANE RUN,RD, ,VAN WINKLE,DR, ,KRAMERS,LN,LOUISVILLE,1,STATE,MAJOR ARTERIAL,KY-1934,11.502,21,056-KY-1934  -000,Greenbelt Hwy / Cane Run Rd,Gene Snyder Fwy (KY 841),0,Algonquin Pkwy (KY 2054),11.502,31389,2729.00365154,100,8.69414015,9.201,0.79994784,KYTC,490.614924420428
620,18520,1240,1399,ALGONQUIN PKY, ,ALGONQUIN,PKY, ,VAUGHN WALKER,WAY, ,7TH STREET,RD,LOUISVILLE,6,STATE,MAJOR ARTERIAL,KY-2054,1.762,13,056-KY-2054  -000,Algonquin Pkwy,S 22nd St (US 31W),1.504,Winkler Ave (US 60A),3.266,5638.85,3200.255392,15,8.513053,1.762,1,KYTC,357.601356726198
621,25142,9015,9089,PRESTON HWY, ,PRESTON,HWY, ,GILLS,CT, ,COOPER,AVE,LOUISVILLE,24,STATE,MAJOR ARTERIAL,KY-61,7.502,9,056-KY-0061  -000,Preston Hwy,Cooper Chapel Rd / Commerce Crossings Dr (KY 6299),1.401,Hart Ave,8.903,25969,3461.61023727,77,10.26392962,4.884,0.65102639,KYTC,232.925068091817
622,25823,4145,4154,TAYLOR BLVD, ,TAYLOR,BLVD,W,WOODLAWN,AVE, ,LEHIGH,AVE,LOUISVILLE,21,STATE,MAJOR ARTERIAL,KY-1865,5.273,5,056-KY-1865  -000,Taylor Blvd / New Cut Rd,Gene Snyder Fwy (KY 841),0.92,Berry Blvd (US 60A),6.193,20222,3835.00853404,51,9.67191352,4.556,0.86402427,KYTC,321.785795480433
623,11569,7250,7299,BARDSTOWN RD, ,BARDSTOWN,RD, ,I 265 RAMP, , ,I 265 RAMP, ,LOUISVILLE,22,STATE,MAJOR ARTERIAL,US-31E,1.652,7,056-US-0031E -000,Bardstown Rd,Captain Place,3.909,Beulah Church Rd / Seatonville Rd (KY 1065),5.561,6005,3634.98789346,16,9.68523002,0,0,KYTC,311.754524889475
624,16087,2200,2299,W BROADWAY,W,BROADWAY, ,S,22ND,ST,S,23RD,ST,LOUISVILLE,4,METRO,MAJOR ARTERIAL, ,1.19,3,056-CS-1021F -000,W Broadway,S 22nd St (US 31W-001),0,S 35th St (north leg),1.19,6262,5262.18487395,19,15.96638655,1.19,1,METRO,482.149488571488
625,9375,8200,8299,SHELBYVILLE RD, ,SHELBYVILLE,RD, ,WHIPPS MILL,RD, ,HOLLEY,RD,LOUISVILLE,18,STATE,MAJOR ARTERIAL,US-60,1.413,53,056-US-0060  -000,Shelbyville Rd,Whipps Mill Rd (CS-1005C),6.435,Hurstbourne Pkwy (KY 1747),7.848,2682,1898.08917197,8,5.66171267,0,0,KYTC,802.910372185463
626,20322,2100,2299,W HILL ST,W,HILL,ST,S,22ND,ST,S,23RD,ST,LOUISVILLE,6,METRO,PRIMARY COLLECTOR, ,1.034,51,056-CS-1016F -000,W Hill St,S 17th St (CS-1032F),1.527,Wilson Ave (CS-1025F),2.561,2010,1943.90715667,5,4.83558994,1.034,1,METRO,712.483132837452
627,18299,1049,1099,EASTERN PKY, ,EASTERN,PKY, ,ASH,ST, ,GOSS,AVE,LOUISVILLE,15,STATE,MAJOR ARTERIAL,US-60A,3.523,40,056-US-0060A -000,Eastern Pkwy,S 3rd St (KY 1020),3.409,Willow Ave (US 60A),6.932,8026,2278.17201249,22,6.24467783,1.154,0.32756174,KYTC,637.531954919529
628,19680,3150,3199,NEWBURG RD, ,NEWBURG,RD, ,GARDINER,LN, ,I 264 RAMP, ,LOUISVILLE,10,STATE,MINOR ARTERIAL,KY-1703,2.593,30,056-KY-1703  -000,Newburg Rd,Bluegrass Park Dr (CS-1185G),1.25,Bellarmine Blvd (PS-1084G),3.843,6510.5,2510.79830312,18,6.94176629,1.066,0.41110683,KYTC,430.651042147783
629,4856,3110,3139,BARDSTOWN RD, ,BARDSTOWN,RD, ,I 264 RAMP, , ,I 264 RAMP, ,LOUISVILLE,8,STATE,MAJOR ARTERIAL,US-31E,5.8,16,056-US-0031E -000,Beuchel Byp / Bardstown Rd / Baxter Ave,Hikes Lane (KY 2052),10.974,E Main St (US 31E),16.774,17471,3012.24137931,41,7.1,1.878,0.3237931,KYTC,168.092214499356
630,29043,7860,7899,ST ANDREWS CHURCH RD, ,ST ANDREWS CHURCH,RD, ,BIRNAMWOOD,DR, ,ALAMETER,DR,LOUISVILLE,12,STATE,MINOR ARTERIAL,KY-1931,9.06,24,056-KY-1931  -000,Greenwood Rd / St. Andrews Church Rd / Manslick Rd / 7th Street Rd,Terry Road (KY 1727),1.47,Algonquin Pkwy (KY 2054),10.53,24325,2684.8785872,73,8.05739514,7.024,0.77527594,KYTC,337.082878887467
631,32637,8029,8099,3RD STREET RD, ,3RD STREET,RD, ,CHURCHDOWN,LN,W,MANSLICK,RD,LOUISVILLE,25,STATE,MINOR ARTERIAL,KY-907,4.91,50,056-KY-0907  -000,3rd Street Rd (KY 907),E Pages Ln / Highcrest Ave,2.09,National Turnpike (KY 1020),7,13188,2003.64630811,41,6.22910969,4.251,0.64585232,KYTC,288.219481671252
632,23391,4500,4599,TAYLOR BLVD, ,TAYLOR,BLVD, ,SHINGO,AVE, ,ARLING,AVE,LOUISVILLE,15,STATE,MAJOR ARTERIAL,KY-1865,5.273,5,056-KY-1865  -000,Taylor Blvd / New Cut Rd,Gene Snyder Fwy (KY 841),0.92,Berry Blvd (US 60A),6.193,20222,3835.00853404,51,9.67191352,4.556,0.86402427,KYTC,334.739096632082
633,8628,902,949,BRECKENRIDGE LN, ,BRECKENRIDGE,LN, ,MILFORD,LN, ,KRESGE,WAY,ST MATTHEWS,26,STATE,MINOR ARTERIAL,KY-1932,3.189,37,056-KY-1932  -000,Breckenridge Ln,Six Mile Ln (CR-1002H),1.129,Milford Lane Connector,4.318,7558,2370.02195045,17,5.33082471,0,0,KYTC,360.430390829702
634,25808,4100,4109,TAYLOR BLVD, ,TAYLOR,BLVD, ,BICKNELL,AVE, ,MATHA,AVE,LOUISVILLE,21,STATE,MAJOR ARTERIAL,KY-1865,5.273,5,056-KY-1865  -000,Taylor Blvd / New Cut Rd,Gene Snyder Fwy (KY 841),0.92,Berry Blvd (US 60A),6.193,20222,3835.00853404,51,9.67191352,4.556,0.86402427,KYTC,250.946974703213
635,20366,700,799,BAXTER AVE, ,BAXTER,AVE,E,BROADWAY, , ,CAVE HILL,RD,LOUISVILLE,8,STATE,MAJOR ARTERIAL,US-31E,5.8,16,056-US-0031E -000,Beuchel Byp / Bardstown Rd / Baxter Ave,Hikes Lane (KY 2052),10.974,E Main St (US 31E),16.774,17471,3012.24137931,41,7.1,1.878,0.3237931,KYTC,127.200423796709
636,19859,3433,3443,TAYLOR BLVD, ,TAYLOR,BLVD, ,LONGFIELD,AVE, ,SALE,AVE,LOUISVILLE,15,STATE,MAJOR ARTERIAL,US-60A,3.157,4,056-US-0060A -000,7th Street Rd / Berry Blvd / Taylor Blvd / Winkler Ave,Dixie Hwy (US 31W),0,S 3rd St (KY 1020),3.157,13771,4362.05258156,37,11.71998733,3.157,1,KYTC,307.087288143066
637,15070,2000,2099,W MAIN ST,W,MAIN,ST,S,20TH,ST,N,21ST,ST,LOUISVILLE,5,STATE,MAJOR ARTERIAL,US-31W,1.751,45,056-US-0031W -001,W Main St,N 22nd St (US 150),20.345,S 2nd St (US 31),22.096,3743,2137.63563678,10,5.71102227,1.751,1,KYTC,479.69134763275
638,24601,3500,3599,OUTER LOOP, ,OUTER,LOOP, ,BRIARCLIFF,RD, ,LONE OAK,AVE,LOUISVILLE,13,STATE,MAJOR ARTERIAL,KY-1065,3.531,42,056-KY-1065  -000,Outer Loop,National Turnpike (KY 1020),2.514,Preston Hwy (KY 61),6.045,7853,2224.01585953,20,5.66411781,3.311,0.9376947,KYTC,2281.55615607114
639,26998,4700,4719,DIXIE HWY, ,DIXIE,HWY, ,KLAGES,AVE, ,STALLINGS,AVE,SHIVELY,3,STATE,MAJOR ARTERIAL,US-31W,14.536,10,056-US-0031W -000,Dixie Hwy,Depot Lane,2.974,Bernheim Ln (US 31W),17.51,49906,3433,150,10.3,12.626,0.86860209,KYTC,361.520381189809
640,29965,4100,4199,SOUTHERN PKY, ,SOUTHERN,PKY,W,FAIRMONT,AVE,W,WHITNEY,AVE,LOUISVILLE,15,STATE,MINOR ARTERIAL,KY-1020,1.313,35,056-KY-1020  -000,Southern Pkwy,W Woodlawn Ave (CS-1096F),7.837,S 3rd St (CS-1013F),9.15,3174,2417.3648134,11,8.37776085,1.313,1,KYTC,506.728409988437
641,33805,8310,8499,PRESTON HWY, ,PRESTON,HWY, ,SERENITY HOPE,DR, ,TRIO,AVE,LOUISVILLE,24,STATE,MAJOR ARTERIAL,KY-61,7.502,9,056-KY-0061  -000,Preston Hwy,Cooper Chapel Rd / Commerce Crossings Dr (KY 6299),1.401,Hart Ave,8.903,25969,3461.61023727,77,10.26392962,4.884,0.65102639,KYTC,695.025029933275
642,24585,2800,2849,OUTER LOOP, ,OUTER,LOOP, ,I 65 RAMP, , ,I 65 RAMP, ,LOUISVILLE,13,STATE,MAJOR ARTERIAL,KY-1065,3.531,42,056-KY-1065  -000,Outer Loop,National Turnpike (KY 1020),2.514,Preston Hwy (KY 61),6.045,7853,2224.01585953,20,5.66411781,3.311,0.9376947,KYTC,287.224005392816
643,23387,4905,4914,MANSLICK RD, ,MANSLICK,RD, ,KNIGHT,RD, ,GLENROCK,RD,LOUISVILLE,15,STATE,MINOR ARTERIAL,KY-1931,9.06,24,056-KY-1931  -000,Greenwood Rd / St. Andrews Church Rd / Manslick Rd / 7th Street Rd,Terry Road (KY 1727),1.47,Algonquin Pkwy (KY 2054),10.53,24325,2684.8785872,73,8.05739514,7.024,0.77527594,KYTC,479.612761928014
644,29294,11700,11905,DIXIE HWY, ,DIXIE,HWY, ,MOORMAN,RD,E,ORELL,RD,LOUISVILLE,14,STATE,MAJOR ARTERIAL,US-31W,14.536,10,056-US-0031W -000,Dixie Hwy,Depot Lane,2.974,Bernheim Ln (US 31W),17.51,49906,3433,150,10.3,12.626,0.86860209,KYTC,1219.10725811474
645,8483,5000,5899,U S HIGHWAY 42, ,U S HIGHWAY 42, , ,LIME KILN,LN, ,SEMINARY,DR,NORTHFIELD,16,STATE,MAJOR ARTERIAL,US-42,0.985,44,056-US-0042  -000,Brownsboro Rd / US 42,I-264,5.81,Seminary Dr (KY 22C),6.795,2172,2205.07614213,7,7.10659898,0,0,KYTC,1440.5385508924
646,14868,3800,3824,W MARKET ST,W,MARKET,ST,S,38TH,ST, ,AMY,AVE,LOUISVILLE,5,METRO,MINOR ARTERIAL, ,1.565,33,056-CS-1006A -000,W Market St (CS-1006A),S 22nd St (US 31W-001),0,S 40th St (CS-1043F),1.565,6500,2472.42297452,18,6.84670978,2.629,1,METRO,380.743721222031
647,17775,1600,1699,S 22ND ST,S,22ND,ST,W,GAULBERT,AVE,W,LEE,ST,LOUISVILLE,1,STATE,MAJOR ARTERIAL,US-31W,1.145,8,056-US-0031W -000,S 22nd St / Bernheim Ln,Dixie Hwy (CS-1030F),17.51,Dumesnil St (CS-1010F),18.655,4100,3580.7860262,11,9.6069869,1.145,1,KYTC,336.215570960433
648,24005,6700,6799,SOUTHSIDE DR, ,SOUTHSIDE,DR, ,EVANGELINE,AVE, ,SENECA,TRL,LOUISVILLE,21,STATE,MINOR ARTERIAL,KY-1020,1.672,50,056-KY-1020  -000,Southside Dr (KY 907/1020),National Turnpike (KY 1020),5.7,W Tenny Ave (KY 1020),7.372,13188,2003.64630811,41,6.22910969,4.251,0.64585232,KYTC,399.117175129124
649,16242,300,399,E CHESTNUT ST,E,CHESTNUT,ST,S,FLOYD,ST,S,PRESTON,ST,LOUISVILLE,4,METRO,MINOR ARTERIAL, ,0.928,32,056-CS-1071G -000,E Chestnut St,S 1st St (CS-1002F),0,Chestnut Street Connector (KY 864),0.928,2306,2484.9137931,5,5.38793103,0.928,1,METRO,590.66881834943
650,15116,1700,1799,W MAIN ST,W,MAIN,ST,N,17TH,ST,N,18TH,ST,LOUISVILLE,5,STATE,MAJOR ARTERIAL,US-31W,1.751,45,056-US-0031W -001,W Main St,N 22nd St (US 150),20.345,S 2nd St (US 31),22.096,3743,2137.63563678,10,5.71102227,1.751,1,KYTC,477.112747871929
651,22379,1811,1903,CRUMS LN, ,CRUMS,LN, ,VALLEY VIEW,DR, ,PARK,DR,SHIVELY,3,STATE,MINOR ARTERIAL,KY-2049,1.102,12,056-KY-2049  -000,Crums Lane,Cheviot Drive (CS-1476F),0.618,Dixie Hwy (US 31W),1.72,3658,3319.41923775,11,9.98185118,1.102,1,KYTC,122.495183585162
652,18699,2400,2499,7TH STREET RD, ,7TH STREET,RD, ,LILLIAN,AVE, ,WURTELE,AVE,LOUISVILLE,6,STATE,MAJOR ARTERIAL,KY-1931,9.06,24,056-KY-1931  -000,Greenwood Rd / St. Andrews Church Rd / Manslick Rd / 7th Street Rd,Terry Road (KY 1727),1.47,Algonquin Pkwy (KY 2054),10.53,24325,2684.8785872,73,8.05739514,7.024,0.77527594,KYTC,339.883073874311
653,11548,7180,7249,BARDSTOWN RD, ,BARDSTOWN,RD, ,I 265 RAMP, , ,I 265 RAMP, ,LOUISVILLE,22,STATE,MAJOR ARTERIAL,US-31E,1.652,7,056-US-0031E -000,Bardstown Rd,Captain Place,3.909,Beulah Church Rd / Seatonville Rd (KY 1065),5.561,6005,3634.98789346,16,9.68523002,0,0,KYTC,422.930791702358
654,25816,4110,4144,TAYLOR BLVD, ,TAYLOR,BLVD, ,MATHA,AVE,W,WOODLAWN,AVE,LOUISVILLE,15,STATE,MAJOR ARTERIAL,KY-1865,5.273,5,056-KY-1865  -000,Taylor Blvd / New Cut Rd,Gene Snyder Fwy (KY 841),0.92,Berry Blvd (US 60A),6.193,20222,3835.00853404,51,9.67191352,4.556,0.86402427,KYTC,377.165621512234
655,28384,12100,12299,GREENBELT HWY, ,GREENBELT,HWY, ,ASHBY,LN, ,BETHANY,LN,LOUISVILLE,14,STATE,MAJOR ARTERIAL,KY-1934,11.502,21,056-KY-1934  -000,Greenbelt Hwy / Cane Run Rd,Gene Snyder Fwy (KY 841),0,Algonquin Pkwy (KY 2054),11.502,31389,2729.00365154,100,8.69414015,9.201,0.79994784,KYTC,2405.4238950196
656,28780,11000,12099,GREENBELT HWY, ,GREENBELT,HWY, ,CANE RUN,RD, ,ASHBY,LN,LOUISVILLE,14,STATE,MAJOR ARTERIAL,KY-1934,11.502,21,056-KY-1934  -000,Greenbelt Hwy / Cane Run Rd,Gene Snyder Fwy (KY 841),0,Algonquin Pkwy (KY 2054),11.502,31389,2729.00365154,100,8.69414015,9.201,0.79994784,KYTC,2082.61220842083
657,34909,12700,12799,DIXIE HWY, ,DIXIE,HWY, ,BLEVINS GAP,RD, ,MEMORIAL,DR,LOUISVILLE,14,STATE,MAJOR ARTERIAL,US-31W,14.536,10,056-US-0031W -000,Dixie Hwy,Depot Lane,2.974,Bernheim Ln (US 31W),17.51,49906,3433,150,10.3,12.626,0.86860209,KYTC,466.918592535236
658,18181,1766,1779,ALGONQUIN PKY, ,ALGONQUIN,PKY, ,LA SALLE,PL, ,MAGELLAN,CT,LOUISVILLE,6,STATE,MAJOR ARTERIAL,KY-2054,1.762,13,056-KY-2054  -000,Algonquin Pkwy,S 22nd St (US 31W),1.504,Winkler Ave (US 60A),3.266,5638.85,3200.2553916,15,8.51305335,1.762,1,KYTC,352.833574437014
659,19743,3800,3899,S 3RD ST,S,3RD,ST, ,OAKDALE,AVE,W,COLLINS,CT,LOUISVILLE,15,METRO,MINOR ARTERIAL, ,2.667,34,056-CS-1013F -000,S 3rd St (CS-1013F),Southern Pkwy (KY 1020),0,W Kenwood Dr (CS-1257F),2.667,6840,2445.477297,19,6.792992,2.797,1,METRO,137.033224699406
660,14881,3620,3799,W MARKET ST,W,MARKET,ST,S,37TH,ST,S,38TH,ST,LOUISVILLE,5,METRO,MINOR ARTERIAL, ,1.565,33,056-CS-1006A -000,W Market St (CS-1006A),S 22nd St (US 31W-001),0,S 40th St (CS-1043F),1.565,6500,2472.42297452,18,6.84670978,2.629,1,METRO,283.56812731908
661,18152,1100,1159,EASTERN PKY, ,EASTERN,PKY, ,GOSS,AVE, ,CASTLEVALE,DR,LOUISVILLE,15,STATE,MAJOR ARTERIAL,US-60A,3.523,40,056-US-0060A -000,Eastern Pkwy,S 3rd St (KY 1020),3.409,Willow Ave (US 60A),6.932,8026,2278.172012,22,6.244678,1.154,0.327562,KYTC,1298.24614062397
662,27106,4800,4899,DIXIE HWY, ,DIXIE,HWY, ,KINGSFORD,DR, ,LEWISTON,DR,LOUISVILLE,12,STATE,MAJOR ARTERIAL,US-31W,14.536,10,056-US-0031W -000,Dixie Hwy,Depot Lane,2.974,Bernheim Ln (US 31W),17.51,49906,3433,150,10.3,12.626,0.86860209,KYTC,774.128794744247
663,17966,1945,1959,BARDSTOWN RD, ,BARDSTOWN,RD, ,GRASMERE,DR, ,ALFRESCO,PL,LOUISVILLE,8,STATE,MAJOR ARTERIAL,US-31E,5.8,16,056-US-0031E -000,Beuchel Byp / Bardstown Rd / Baxter Ave,Hikes Lane (KY 2052),10.974,E Main St (US 31E),16.774,17471,3012.24137931,41,7.1,1.878,0.3237931,KYTC,167.489116206453
664,4539,1700,1799,S HURSTBOURNE PKY,S,HURSTBOURNE,PKY, ,HURSTBOURNE PARK,BLVD, ,I 64 RAMP, ,LOUISVILLE,11,STATE,MAJOR ARTERIAL,KY-1747,1.476,19,056-KY-1747  -000,S Hurstbourne Pkwy,Taylorsville Rd (KY 155),10.991,Linn Station Rd (CS-1004H),12.467,4274,2895.66395664,7,4.74254743,0,0,KYTC,243.541491234607
665,10917,5200,5216,POPLAR LEVEL RD, ,POPLAR LEVEL,RD, ,GAYLE,DR, ,SHEILA,RD,LOUISVILLE,2,STATE,MAJOR ARTERIAL,KY-864,7.117,41,056-KY-0864  -000,Poplar Level Rd,Fern Valley Rd (KY 1747),6.596,Eastern Pkwy (US 60A),13.713,16064,2257.13081355,44,6.18238022,4.725,0.66390333,KYTC,343.882244511726
666,4937,2903,2909,HIKES LN, ,HIKES,LN, ,NOBLITT,DR, ,BRIARBRIDGE,LN,LOUISVILLE,26,METRO,MINOR ARTERIAL, ,2.399,36,056-CR-1002G -000,Hikes Lane,Buechel Byp (US 31E),0.797,Taylorsville Rd (KY 155),3.196,5776,2407.66986244,15,6.25260525,0.191,0.07961651,METRO,254.71494290371
667,20639,1515,1526,BARDSTOWN RD, ,BARDSTOWN,RD, ,SHERWOOD,AVE, ,SHERWOOD,AVE,LOUISVILLE,8,STATE,MAJOR ARTERIAL,US-31E,5.8,16,056-US-0031E -000,Beuchel Byp / Bardstown Rd / Baxter Ave,Hikes Lane (KY 2052),10.974,E Main St (US 31E),16.774,17471,3012.24137931,41,7.1,1.878,0.3237931,KYTC,163.943221883742
668,26371,4012,4199,FERN VALLEY RD, ,FERN VALLEY,RD, ,OLD FERN VALLEY,RD, ,VALLEY FOREST,DR,LOUISVILLE,2,STATE,MAJOR ARTERIAL,KY-1747,4.046,26,056-KY-1747  -000,Fern Valley Rd,Grade Ln (CR-1001G),0,Shepherdsville Rd (KY 2052),4.046,10717,2648.78892734,29,7.16757291,3.47,0.85763717,KYTC,933.487540623416
669,26361,2000,2010,FERN VALLEY RD, ,FERN VALLEY,RD, ,BEANBLOSSOM,RD, ,WORLDPORT,WAY,LOUISVILLE,21,STATE,MINOR ARTERIAL,KY-1747,4.046,26,056-KY-1747  -000,Fern Valley Rd,Grade Ln (CR-1001G),0,Shepherdsville Rd (KY 2052),4.046,10717,2648.78892734,29,7.16757291,3.47,0.85763717,KYTC,640.489803684656
670,19976,3350,3399,NEWBURG RD, ,NEWBURG,RD, ,MEADOWCREEK,DR, ,LARKMOOR,LN,LOUISVILLE,10,STATE,MINOR ARTERIAL,KY-1703,2.593,30,056-KY-1703  -000,Newburg Rd,Bluegrass Park Dr (CS-1185G),1.25,Bellarmine Blvd (PS-1084G),3.843,6510.5,2510.79830312,18,6.94176629,1.066,0.41110683,KYTC,781.938843945174
671,25855,4550,4599,SOUTHERN PKY, ,SOUTHERN,PKY,W,ASHLAND,AVE,W,WELLINGTON,AVE,LOUISVILLE,21,STATE,MINOR ARTERIAL,KY-1020,1.313,35,056-KY-1020  -000,Southern Pkwy,W Woodlawn Ave (CS-1096F),7.837,S 3rd St (CS-1013F),9.15,3174,2417.3648134,11,8.37776085,1.313,1,KYTC,412.206855023209
672,19965,3400,3499,MANSLICK RD, ,MANSLICK,RD, ,7TH STREET,RD, ,CONN,ST,LOUISVILLE,3,STATE,MINOR ARTERIAL,KY-1931,9.06,24,056-KY-1931  -000,Greenwood Rd / St. Andrews Church Rd / Manslick Rd / 7th Street Rd,Terry Road (KY 1727),1.47,Algonquin Pkwy (KY 2054),10.53,24325,2684.878587,73,8.057395,7.024,0.775276,KYTC,238.96492275296
673,22636,3700,3799,MANSLICK RD, ,MANSLICK,RD, ,MANSLICK,CT, ,OLD MANSLICK,RD,LOUISVILLE,3,STATE,MINOR ARTERIAL,KY-1931,9.06,24,056-KY-1931  -000,Greenwood Rd / St. Andrews Church Rd / Manslick Rd / 7th Street Rd,Terry Road (KY 1727),1.47,Algonquin Pkwy (KY 2054),10.53,24325,2684.8785872,73,8.05739514,7.024,0.77527594,KYTC,771.169359138919
674,17627,1475,1499,S 22ND ST,S,22ND,ST, ,BOLLING,AVE,W,HILL,ST,LOUISVILLE,6,STATE,MAJOR ARTERIAL,US-31W,1.145,8,056-US-0031W -000,S 22nd St / Bernheim Ln,Dixie Hwy (CS-1030F),17.51,Dumesnil St (CS-1010F),18.655,4100,3580.786026,11,9.606987,1.145,1,KYTC,336.101647846499
675,23715,6200,6203,SOUTHSIDE DR, ,SOUTHSIDE,DR, ,ALGER,AVE, ,STEEDLY,DR,LOUISVILLE,25,STATE,MINOR ARTERIAL,KY-1020,1.672,50,056-KY-1020  -000,Southside Dr (KY 907/1020),National Turnpike (KY 1020),5.7,W Tenny Ave (KY 1020),7.372,13188,2003.64630811,41,6.22910969,4.251,0.64585232,KYTC,203.02505187938
676,16316,700,742,E CHESTNUT ST,E,CHESTNUT,ST,S,CLAY,ST,S,SHELBY,ST,LOUISVILLE,4,METRO,MINOR ARTERIAL, ,0.928,32,056-CS-1071G -000,E Chestnut St,S 1st St (CS-1002F),0,Chestnut Street Connector (KY 864),0.928,2306,2484.9137931,5,5.38793103,0.928,1,METRO,583.777974973416
677,15297,1300,1499,W MARKET ST,W,MARKET,ST,S,13TH,ST,S,15TH,ST,LOUISVILLE,4,STATE,MAJOR ARTERIAL,US-31W,1.064,33,056-US-0031W -000,W Market St (US 31W),Dr W J Hodge St,20.292,Roy Wilkins Ave,21.356,6500,2472.42297452,18,6.84670978,2.629,1,KYTC,960.745028648815
678,26177,8000,8028,3RD STREET RD, ,3RD STREET,RD, ,OUTER,LOOP, ,CHURCHDOWN,LN,LOUISVILLE,25,STATE,MINOR ARTERIAL,KY-907,4.91,50,056-KY-0907  -000,3rd Street Rd (KY 907),E Pages Ln / Highcrest Ave,2.09,National Turnpike (KY 1020),7,13188,2003.64630811,41,6.22910969,4.251,0.64585232,KYTC,568.012056274659
679,18266,1900,1999,DIXIE HWY, ,DIXIE,HWY, ,ALGONQUIN,PKY, ,DIXDALE,AVE,LOUISVILLE,6,METRO,MINOR ARTERIAL, ,2.008,29,056-CS-1030F -000,Dixie Hwy,W Broadway (US 150),0,Bernheim Lane (US 31W),2.008,5174,2576.69322709,13,6.47410359,2.008,1,METRO,380.611188534512
680,18360,2500,2599,BARDSTOWN RD, ,BARDSTOWN,RD, ,TAYLORSVILLE,RD, ,LAKESIDE,DR,LOUISVILLE,8,STATE,MAJOR ARTERIAL,US-31E,5.8,16,056-US-0031E -000,Beuchel Byp / Bardstown Rd / Baxter Ave,Hikes Lane (KY 2052),10.974,E Main St (US 31E),16.774,17471,3012.24137931,41,7.1,1.878,0.3237931,KYTC,357.746585418219
681,26360,4000,4011,FERN VALLEY RD, ,FERN VALLEY,RD, ,JEANINE,DR, ,OLD FERN VALLEY,RD,LOUISVILLE,2,STATE,MAJOR ARTERIAL,KY-1747,4.046,26,056-KY-1747  -000,Fern Valley Rd,Grade Ln (CR-1001G),0,Shepherdsville Rd (KY 2052),4.046,10717,2648.78892734,29,7.16757291,3.47,0.85763717,KYTC,634.557109364802
682,14220,2900,2933,PORTLAND AVE, ,PORTLAND,AVE,N,29TH,ST,N,30TH,ST,LOUISVILLE,5,STATE,MINOR ARTERIAL,KY-3064,1.1,46,056-KY-3064  -000,Portland Ave (KY 3064),N 22nd St (US 150),0,N 33rd St / Northwestern Pky (CS-1003A),1.1,3836,2135.85746102,13,7.23830735,1.796,1,KYTC,374.209922912595
683,22287,4025,4049,CANE RUN RD, ,CANE RUN,RD, ,I 264 RAMP, , ,I 264 RAMP, ,LOUISVILLE,3,STATE,MINOR ARTERIAL,KY-1934,11.502,21,056-KY-1934  -000,Greenbelt Hwy / Cane Run Rd,Gene Snyder Fwy (KY 841),0,Algonquin Pkwy (KY 2054),11.502,31389,2729.00365154,100,8.69414015,9.201,0.79994784,KYTC,474.641701889664
684,18754,2500,2509,DIXIE HWY, ,DIXIE,HWY, ,KENNEDY,RD, ,MILLERS,LN,LOUISVILLE,3,STATE,MAJOR ARTERIAL,US-31W,14.536,10,056-US-0031W -000,Dixie Hwy,Depot Lane,2.974,Bernheim Ln (US 31W),17.51,49906,3433,150,10.3,12.626,0.86860209,KYTC,182.882540509087
685,5452,3557,3600,BARDSTOWN RD, ,BARDSTOWN,RD, ,PARIS,DR, ,BUECHEL,BYP,LOUISVILLE,26,STATE,MAJOR ARTERIAL,US-31E,5.8,16,056-US-0031E -000,Beuchel Byp / Bardstown Rd / Baxter Ave,Hikes Lane (KY 2052),10.974,E Main St (US 31E),16.774,17471,3012.24137931,41,7.1,1.878,0.3237931,KYTC,734.097556613431
686,17976,119,199,W HILL ST,W,HILL,ST, ,TIN PAN,ALY,S,2ND,ST,LOUISVILLE,6,METRO,MINOR ARTERIAL, ,0.662,25,056-CS-1016F -000,W Hill St (CS-1016F),S 1st St (CS-1002F),0,S 7th St (CS-1011F),0.662,2714,2658.17825661,6,5.87659158,1.021,1,METRO,239.544257316108
687,23546,5300,5399,SOUTHSIDE DR, ,SOUTHSIDE,DR,W,SOUTHLAND,BLVD, ,IROQUOIS,AVE,LOUISVILLE,21,STATE,MINOR ARTERIAL,KY-1020,1.672,50,056-KY-1020  -000,Southside Dr (KY 907/1020),National Turnpike (KY 1020),5.7,W Tenny Ave (KY 1020),7.372,13188,2003.64630811,41,6.22910969,4.251,0.64585232,KYTC,281.558355657624
688,21087,3475,3499,TAYLOR BLVD, ,TAYLOR,BLVD, ,BERRY,BLVD, ,BERRY,BLVD,LOUISVILLE,15,STATE,MAJOR ARTERIAL,KY-1865 ,5.273,5,056-KY-1865  -000,Taylor Blvd / New Cut Rd,Gene Snyder Fwy (KY 841),0.92,Berry Blvd (US 60A),6.193,20222,3835.00853404,51,9.67191352,4.556,0.86402427,KYTC,20.8146496262248
689,15923,634,658,S 26TH ST,S,26TH,ST, ,MAGAZINE,ST, ,ELLIOTT,AVE,LOUISVILLE,5,METRO,MINOR ARTERIAL, ,1.846,27,056-CS-1038F -000,S 26th St,W Main St (CS-1011A),0,Wilson Ave (CS-1025F),1.846,4784,2591.54929577,10,5.4,1.846,1,METRO,366.288965390725
690,23313,4925,4999,PRESTON HWY, ,PRESTON,HWY, ,PIGEON PASS,RD, ,ROSE,DR,LOUISVILLE,21,STATE,MAJOR ARTERIAL,KY-61,7.502,9,056-KY-0061  -000,Preston Hwy,Cooper Chapel Rd / Commerce Crossings Dr (KY 6299),1.401,Hart Ave,8.903,25969,3461.61023727,77,10.26392962,4.884,0.65102639,KYTC,152.411401645554
691,18010,1512,1536,S 7TH ST,S,7TH,ST,W,SHIPP,AVE, ,JORDAN,AVE,LOUISVILLE,6,METRO,MAJOR ARTERIAL, ,0.928,2,056-CS-1011F -000,S 7th St,Algonquin Pkwy (KY 2054),0,Split to S 9th St,0.928,5224,5629,15,16.2,0.928,1,METRO,507.683777939391
692,21245,3100,3149,NEWBURG RD, ,NEWBURG,RD, ,THOUSAND OAKS,DR, ,GARDINER,LN,LOUISVILLE,10,STATE,MINOR ARTERIAL,KY-1703,2.593,30,056-KY-1703  -000,Newburg Rd,Bluegrass Park Dr (CS-1185G),1.25,Bellarmine Blvd (PS-1084G),3.843,6510.5,2510.79830312,18,6.94176629,1.066,0.41110683,KYTC,376.904593596956
693,19874,3444,3449,TAYLOR BLVD, ,TAYLOR,BLVD, ,SALE,AVE, ,SALE,AVE,LOUISVILLE,15,STATE,MAJOR ARTERIAL,US-60A,3.157,4,056-US-0060A -000,7th Street Rd / Berry Blvd / Taylor Blvd / Winkler Ave,Dixie Hwy (US 31W),0,S 3rd St (KY 1020),3.157,13771,4362.05258156,37,11.71998733,3.157,1,KYTC,85.8592825863925
694,19844,3900,3999,S 3RD ST,S,3RD,ST,W,COLLINS,CT,W,KENTON,ST,LOUISVILLE,15,METRO,MINOR ARTERIAL, ,2.667,34,056-CS-1013F -000,S 3rd St (CS-1013F),Southern Pkwy (KY 1020),0,W Kenwood Dr (CS-1257F),2.667,6840,2445.4772971,19,6.79299249,2.797,1,METRO,747.323742657906
695,16044,2900,2999,W BROADWAY,W,BROADWAY, ,S,29TH,ST,S,30TH,ST,LOUISVILLE,4,METRO,MAJOR ARTERIAL, ,1.19,3,056-CS-1021F -000,W Broadway,S 22nd St (US 31W-001),0,S 35th St (north leg),1.19,6262,5262.18487395,19,15.96638655,1.19,1,METRO,485.942688614997
696,16894,1131,1151,S 26TH ST,S,26TH,ST, ,HALE,AVE, ,HALE,AVE,LOUISVILLE,1,METRO,MINOR ARTERIAL, ,1.846,27,056-CS-1038F -000,S 26th St,W Main St (CS-1011A),0,Wilson Ave (CS-1025F),1.846,4784,2591.54929577,10,5.4,1.846,1,METRO,64.0796928148848
697,25830,4155,4199,TAYLOR BLVD, ,TAYLOR,BLVD, ,LEHIGH,AVE, ,BLUEGRASS,AVE,LOUISVILLE,15,STATE,MAJOR ARTERIAL,KY-1865,5.273,5,056-KY-1865  -000,Taylor Blvd / New Cut Rd,Gene Snyder Fwy (KY 841),0.92,Berry Blvd (US 60A),6.193,20222,3835.00853404,51,9.67191352,4.556,0.86402427,KYTC,336.03173378971
698,8249,3217,3227,HIKES LN, ,HIKES,LN, ,CLINGSTONE,WAY, ,WHITEHALL,TER,LOUISVILLE,26,METRO,MINOR ARTERIAL, ,2.399,36,056-CR-1002G -000,Hikes Lane,Buechel Byp (US 31E),0.797,Taylorsville Rd (KY 155),3.196,5776,2407.66986244,15,6.25260525,0.191,0.07961651,METRO,496.494236297665
699,14504,500,522,N 22ND ST,N,22ND,ST, ,BANK,ST, ,LYTLE,ST,LOUISVILLE,5,STATE,MAJOR ARTERIAL,US-150,0.741,15,056-US-0150  -000,N 22nd St,Northwestern Pkwy,0,W Main St (US 31W-001),0.741,2292,3093.11740891,6,8.09716599,0.49,0.66126856,KYTC,355.50633903778
700,26013,6600,6610,MANSLICK RD, ,MANSLICK,RD, ,TUNISIAN,WAY, ,PIKES PEAK,BLVD,LOUISVILLE,15,STATE,MINOR ARTERIAL,KY-1931,9.06,24,056-KY-1931  -000,Greenwood Rd / St. Andrews Church Rd / Manslick Rd / 7th Street Rd,Terry Road (KY 1727),1.47,Algonquin Pkwy (KY 2054),10.53,24325,2684.8785872,73,8.05739514,7.024,0.77527594,KYTC,363.477104268021
701,20717,1200,1299,EASTERN PKY, ,EASTERN,PKY, ,DAHLIA,DR, ,BARRET,AVE,LOUISVILLE,10,STATE,MAJOR ARTERIAL,US-60A,3.523,40,056-US-0060A -000,Eastern Pkwy,S 3rd St (KY 1020),3.409,Willow Ave (US 60A),6.932,8026,2278.17201249,22,6.24467783,1.154,0.32756174,KYTC,1260.67399452135
702,22358,2000,2099,CRUMS LN, ,CRUMS,LN, ,DELORES,AVE, ,HILLVIEW,AVE,SHIVELY,3,STATE,MINOR ARTERIAL,KY-2049,1.102,12,056-KY-2049  -000,Crums Lane,Cheviot Drive (CS-1476F),0.618,Dixie Hwy (US 31W),1.72,3658,3319.41923775,11,9.98185118,1.102,1,KYTC,350.38835391293
703,25763,3700,3799,TAYLOR BLVD, ,TAYLOR,BLVD, ,STRADER,AVE, ,I 264 RAMP, ,LOUISVILLE,15,STATE,MAJOR ARTERIAL,KY-1865,5.273,5,056-KY-1865  -000,Taylor Blvd / New Cut Rd,Gene Snyder Fwy (KY 841),0.92,Berry Blvd (US 60A),6.193,20222,3835.00853404,51,9.67191352,4.556,0.86402427,KYTC,572.168849687031
704,24179,5380,5399,NEW CUT RD, ,NEW CUT,RD, ,WOODMORE,AVE, ,PALATKA,RD,LOUISVILLE,25,STATE,MAJOR ARTERIAL,KY-1865,5.273,5,056-KY-1865  -000,Taylor Blvd / New Cut Rd,Gene Snyder Fwy (KY 841),0.92,Berry Blvd (US 60A),6.193,20222,3835.00853404,51,9.67191352,4.556,0.86402427,KYTC,300.165433500367
705,18600,1500,1524,POPLAR LEVEL RD, ,POPLAR LEVEL,RD, ,PARKWAY,DR, ,ARDMORE,DR,LOUISVILLE,10,STATE,MAJOR ARTERIAL,KY-864,7.117,41,056-KY-0864  -000,Poplar Level Rd,Fern Valley Rd (KY 1747),6.596,Eastern Pkwy (US 60A),13.713,16064,2257.13081355,44,6.18238022,4.725,0.66390333,KYTC,353.259294154096
706,22997,4500,4599,MANSLICK RD, ,MANSLICK,RD, ,OLD MANSLICK,RD, ,ANNA,LN,LOUISVILLE,15,STATE,MINOR ARTERIAL,KY-1931,9.06,24,056-KY-1931  -000,Greenwood Rd / St. Andrews Church Rd / Manslick Rd / 7th Street Rd,Terry Road (KY 1727),1.47,Algonquin Pkwy (KY 2054),10.53,24325,2684.8785872,73,8.05739514,7.024,0.77527594,KYTC,442.857494863191
707,28990,4711,4715,GREENWOOD RD, ,GREENWOOD,RD, ,VIRGINIA,AVE, ,LUCILLE,AVE,LOUISVILLE,14,STATE,MINOR ARTERIAL,KY-1931,9.06,24,056-KY-1931  -000,Greenwood Rd / St. Andrews Church Rd / Manslick Rd / 7th Street Rd,Terry Road (KY 1727),1.47,Algonquin Pkwy (KY 2054),10.53,24325,2684.8785872,73,8.05739514,7.024,0.77527594,KYTC,238.28361933904
708,28994,4700,4707,GREENWOOD RD, ,GREENWOOD,RD, ,BROWNS,LN, ,HELEN,AVE,LOUISVILLE,14,STATE,MINOR ARTERIAL,KY-1931,9.06,24,056-KY-1931  -000,Greenwood Rd / St. Andrews Church Rd / Manslick Rd / 7th Street Rd,Terry Road (KY 1727),1.47,Algonquin Pkwy (KY 2054),10.53,24325,2684.8785872,73,8.05739514,7.024,0.77527594,KYTC,167.932611898531
709,16049,2800,2899,W BROADWAY,W,BROADWAY, ,S,28TH,ST,S,29TH,ST,LOUISVILLE,4,METRO,MAJOR ARTERIAL, ,1.19,3,056-CS-1021F -000,W Broadway,S 22nd St (US 31W-001),0,S 35th St (north leg),1.19,6262,5262.18487395,19,15.96638655,1.19,1,METRO,476.59584687336
710,20356,900,999,E BROADWAY,E,BROADWAY, ,S,CAMPBELL,ST, ,BRENT,ST,LOUISVILLE,4,STATE,MAJOR ARTERIAL,US-150,3.3535,1,056-US-0150  -000,Broadway,S 22nd St (US 31W-001),0.7405,Baxter Ave (US 31E),4.094,19419.4,5792,48,14.30913698,3.353,1,KYTC,575.141190411259
711,18154,1800,1899,DIXIE HWY, ,DIXIE,HWY, ,VORSTER,AVE, ,ALGONQUIN,PKY,LOUISVILLE,6,METRO,MINOR ARTERIAL, ,2.008,29,056-CS-1030F -000,Dixie Hwy,W Broadway (US 150),0,Bernheim Lane (US 31W),2.008,5174,2576.69322709,13,6.47410359,2.008,1,METRO,561.536268641644
712,8641,2900,2949,BRECKENRIDGE LN, ,BRECKENRIDGE,LN, ,BERKSHIRE,AVE, ,TAYLORSVILLE,RD,MEADOWVIEW ESTATES,26,STATE,MINOR ARTERIAL,KY-1932,3.189,37,056-KY-1932  -000,Breckenridge Ln,Six Mile Ln (CR-1002H),1.129,Milford Lane Connector,4.318,7558,2370.02195045,17,5.33082471,0,0,KYTC,1049.34416035037
713,23077,4615,4630,POPLAR LEVEL RD, ,POPLAR LEVEL,RD, ,DAHL,RD, ,POPLAR PLACE,DR,LOUISVILLE,10,STATE,MAJOR ARTERIAL,KY-864,7.117,41,056-KY-0864  -000,Poplar Level Rd,Fern Valley Rd (KY 1747),6.596,Eastern Pkwy (US 60A),13.713,16064,2257.13081355,44,6.18238022,4.725,0.66390333,KYTC,772.353347090908
714,22972,4300,4359,DIXIE HWY, ,DIXIE,HWY, ,I 264 RAMP, , ,I 264 RAMP, ,SHIVELY,3,STATE,MAJOR ARTERIAL,US-31W,14.536,10,056-US-0031W -000,Dixie Hwy,Depot Lane,2.974,Bernheim Ln (US 31W),17.51,49906,3433,150,10.3,12.626,0.86860209,KYTC,454.489294132477
715,19944,4000,4099,S 3RD ST,S,3RD,ST,W,KENTON,ST,W,EVELYN,AVE,LOUISVILLE,15,METRO,MINOR ARTERIAL, ,2.667,34,056-CS-1013F -000,S 3rd St (CS-1013F),Southern Pkwy (KY 1020),0,W Kenwood Dr (CS-1257F),2.667,6840,2445.4772971,19,6.79299249,2.797,1,METRO,512.377225844458
716,25856,4540,4599,S 3RD ST,S,3RD,ST,W,WAMPUM,AVE,W,WELLINGTON,AVE,LOUISVILLE,21,METRO,MINOR ARTERIAL, ,2.667,34,056-CS-1013F -000,S 3rd St (CS-1013F),Southern Pkwy (KY 1020),0,W Kenwood Dr (CS-1257F),2.667,6840,2445.4772971,19,6.79299249,2.797,1,METRO,918.031936676395
717,13432,5004,5219,BARDSTOWN RD, ,BARDSTOWN,RD, ,DREAMS END,DR, ,RANDOM,WAY,LOUISVILLE,2,STATE,MAJOR ARTERIAL,US-31E,1.418,38,056-US-0031E -000,Bardstown Rd,S Hurstbourne Pkwy (KY 1747),7.245,Breckenridge Ln (KY 1932),8.663,3289,2319.46403385,9,6.34696756,0,0,KYTC,2624.885903177
718,23900,6700,6799,S 3RD ST,S,3RD,ST,W,ESPLANADE,AVE,W,KENWOOD,DR,LOUISVILLE,21,METRO,PRIMARY COLLECTOR, ,2.667,34,056-CS-1013F -000,S 3rd St (CS-1013F),Southern Pkwy (KY 1020),0,W Kenwood Dr (CS-1257F),2.667,6840,2445.4772971,19,6.79299249,2.797,1,METRO,597.488583284892
719,17837,1465,1499,S 7TH ST,S,7TH,ST,W,BURNETT,AVE,W,HILL,ST,LOUISVILLE,6,METRO,MAJOR ARTERIAL, ,0.928,2,056-CS-1011F -000,S 7th St,Algonquin Pkwy (KY 2054),0,Split to S 9th St,0.928,5224,5629,15,16.2,0.928,1,METRO,216.672167398122
720,21084,1400,1499,BERRY BLVD, ,BERRY,BLVD, ,LENTZ,AVE, ,WHEELER,AVE,LOUISVILLE,15,STATE,MINOR ARTERIAL,US-60A,3.157,4,056-US-0060A -000,7th Street Rd / Berry Blvd / Taylor Blvd / Winkler Ave,Dixie Hwy (US 31W),0,S 3rd St (KY 1020),3.157,13771,4362.05258156,37,11.71998733,3.157,1,KYTC,739.337927668439
721,18554,1430,1499,POPLAR LEVEL RD, ,POPLAR LEVEL,RD, ,POPLAR LEVEL,PLZ, ,PARKWAY,DR,LOUISVILLE,10,STATE,MAJOR ARTERIAL,KY-864,7.117,41,056-KY-0864  -000,Poplar Level Rd,Fern Valley Rd (KY 1747),6.596,Eastern Pkwy (US 60A),13.713,16064,2257.13081355,44,6.18238022,4.725,0.66390333,KYTC,123.958930197954
722,23770,5015,5039,POPLAR LEVEL RD, ,POPLAR LEVEL,RD, ,ALETHA,DR, ,NAOMI,DR,LOUISVILLE,2,STATE,MAJOR ARTERIAL,KY-864,7.117,41,056-KY-0864  -000,Poplar Level Rd,Fern Valley Rd (KY 1747),6.596,Eastern Pkwy (US 60A),13.713,16064,2257.13081355,44,6.18238022,4.725,0.66390333,KYTC,269.598712341055
723,17314,1337,1359,DIXIE HWY, ,DIXIE,HWY, ,WILSON,AVE, ,ST LOUIS,AVE,LOUISVILLE,6,METRO,MINOR ARTERIAL, ,2.008,29,056-CS-1030F -000,Dixie Hwy,W Broadway (US 150),0,Bernheim Lane (US 31W),2.008,5174,2576.69322709,13,6.47410359,2.008,1,METRO,386.24198547074
724,27445,6000,6699,DIXIE HWY, ,DIXIE,HWY, ,LOWER HUNTERS,TRCE, ,KERRICK,LN,LOUISVILLE,12,STATE,MAJOR ARTERIAL,US-31W,14.536,10,056-US-0031W -000,Dixie Hwy,Depot Lane,2.974,Bernheim Ln (US 31W),17.51,49906,3433,150,10.3,12.626,0.86860209,KYTC,1063.2756010592
725,13923,5700,5799,S HURSTBOURNE PKY,S,HURSTBOURNE,PKY, ,STONY BROOK,DR, ,GOVERNOURS,WAY,LOUISVILLE,26,STATE,MAJOR ARTERIAL,KY-1747,0.7891,20,056-KY-1747  -000,S Hurstbourne Pkwy,S Watterson Trl (CR-1005H),6.847,Stony Brook Dr (CR-1010H),7.6361,2254.15,2856.60879483,5,6.33633253,0,0,KYTC,527.648882173623
726,18013,1960,1979,BARDSTOWN RD, ,BARDSTOWN,RD, ,ALFRESCO,PL, ,LAUDERDALE,RD,LOUISVILLE,8,STATE,MAJOR ARTERIAL,US-31E,5.8,16,056-US-0031E -000,Beuchel Byp / Bardstown Rd / Baxter Ave,Hikes Lane (KY 2052),10.974,E Main St (US 31E),16.774,17471,3012.24137931,41,7.1,1.878,0.3237931,KYTC,281.152086048898
727,22797,4147,4242,PRESTON HWY, ,PRESTON,HWY, ,I 264 RAMP, , ,I 264 RAMP, ,LOUISVILLE,21,STATE,MAJOR ARTERIAL,KY-61,7.502,9,056-KY-0061  -000,Preston Hwy,Cooper Chapel Rd / Commerce Crossings Dr (KY 6299),1.401,Hart Ave,8.903,25969,3461.61023727,77,10.26392962,4.884,0.65102639,KYTC,1689.85357856415
728,20047,2254,2299,CRUMS LN, ,CRUMS,LN, ,FERN LEA,RD, ,NORTH,LN,SHIVELY,3,STATE,MINOR ARTERIAL,KY-2049,1.102,12,056-KY-2049  -000,Crums Lane,Cheviot Drive (CS-1476F),0.618,Dixie Hwy (US 31W),1.72,3658,3319.41923775,11,9.98185118,1.102,1,KYTC,518.660911024727
729,24134,7400,7424,ST ANDREWS CHURCH RD, ,ST ANDREWS CHURCH,RD, ,QUILLMAN,DR, ,WINDEMERE,DR,LOUISVILLE,12,STATE,MINOR ARTERIAL,KY-1931,9.06,24,056-KY-1931  -000,Greenwood Rd / St. Andrews Church Rd / Manslick Rd / 7th Street Rd,Terry Road (KY 1727),1.47,Algonquin Pkwy (KY 2054),10.53,24325,2684.8785872,73,8.05739514,7.024,0.77527594,KYTC,564.375933366136
730,18674,2300,2399,7TH STREET RD, ,7TH STREET,RD, ,WELLER,AVE, ,LILLIAN,AVE,LOUISVILLE,6,STATE,MAJOR ARTERIAL,KY-1931,9.06,24,056-KY-1931  -000,Greenwood Rd / St. Andrews Church Rd / Manslick Rd / 7th Street Rd,Terry Road (KY 1727),1.47,Algonquin Pkwy (KY 2054),10.53,24325,2684.8785872,73,8.05739514,7.024,0.77527594,KYTC,287.989067717856
731,9344,3941,3999,SHELBYVILLE RD, ,SHELBYVILLE,RD, ,MERIDIAN,AVE, ,ST MATTHEWS,AVE,ST MATTHEWS,9,STATE,MAJOR ARTERIAL,US-60,0.638,6,056-US-0060  -000,Shelbyville Rd,Lexington Rd (US 60A),3.482,Thierman Ln (CS-1098B),4.12,2413,3782.13166144,7,10.97178683,0,0,KYTC,238.523094482615
732,28999,8350,8499,ST ANDREWS CHURCH RD, ,ST ANDREWS CHURCH,RD, ,OLD ST ANDREWS CHURCH,RD, ,GREENWOOD,RD,LOUISVILLE,12,STATE,MINOR ARTERIAL,KY-1931,9.06,24,056-KY-1931  -000,Greenwood Rd / St. Andrews Church Rd / Manslick Rd / 7th Street Rd,Terry Road (KY 1727),1.47,Algonquin Pkwy (KY 2054),10.53,24325,2684.8785872,73,8.05739514,7.024,0.77527594,KYTC,520.760771612071
733,29086,7800,7829,ST ANDREWS CHURCH RD, ,ST ANDREWS CHURCH,RD, ,BLANTON,LN, ,ST ANTHONY CHURCH,RD,LOUISVILLE,12,STATE,MINOR ARTERIAL,KY-1931,9.06,24,056-KY-1931  -000,Greenwood Rd / St. Andrews Church Rd / Manslick Rd / 7th Street Rd,Terry Road (KY 1727),1.47,Algonquin Pkwy (KY 2054),10.53,24325,2684.8785872,73,8.05739514,7.024,0.77527594,KYTC,792.444958141329
734,26004,6611,6699,MANSLICK RD, ,MANSLICK,RD, ,PIKES PEAK,BLVD, ,PARKWOOD,RD,LOUISVILLE,15,STATE,MINOR ARTERIAL,KY-1931,9.06,24,056-KY-1931  -000,Greenwood Rd / St. Andrews Church Rd / Manslick Rd / 7th Street Rd,Terry Road (KY 1727),1.47,Algonquin Pkwy (KY 2054),10.53,24325,2684.8785872,73,8.05739514,7.024,0.77527594,KYTC,306.456577828757
735,16738,1032,1053,S 26TH ST,S,26TH,ST, ,GREENWOOD,AVE, ,GRAND,AVE,LOUISVILLE,4,METRO,MINOR ARTERIAL, ,1.846,27,056-CS-1038F -000,S 26th St,W Main St (CS-1011A),0,Wilson Ave (CS-1025F),1.846,4784,2591.54929577,10,5.4,1.846,1,METRO,345.093759904464
736,27593,5100,5199,GREENWOOD RD, ,GREENWOOD,RD, ,NANCY,LN, ,SKY BLUE,AVE,LOUISVILLE,14,STATE,MINOR ARTERIAL,KY-1931,9.06,24,056-KY-1931  -000,Greenwood Rd / St. Andrews Church Rd / Manslick Rd / 7th Street Rd,Terry Road (KY 1727),1.47,Algonquin Pkwy (KY 2054),10.53,24325,2684.8785872,73,8.05739514,7.024,0.77527594,KYTC,357.098234497526
737,21085,3460,3474,TAYLOR BLVD, ,TAYLOR,BLVD, ,DRESDEN,AVE, ,BERRY,BLVD,LOUISVILLE,15,STATE,MAJOR ARTERIAL,US-60A,3.157,4,056-US-0060A -000,7th Street Rd / Berry Blvd / Taylor Blvd / Winkler Ave,Dixie Hwy (US 31W),0,S 3rd St (KY 1020),3.157,13771,4362.052582,37,11.719987,3.157,1,KYTC,249.345016245444
738,18611,912,946,EASTERN PKY, ,EASTERN,PKY, ,PINDELL,AVE,E,BURNETT,AVE,LOUISVILLE,15,STATE,MAJOR ARTERIAL,US-60A,3.523,40,056-US-0060A -000,Eastern Pkwy,S 3rd St (KY 1020),3.409,Willow Ave (US 60A),6.932,8026,2278.17201249,22,6.24467783,1.154,0.32756174,KYTC,590.124982209065
739,15213,1100,1199,W MAIN ST,W,MAIN,ST,N,11TH,ST,N,12TH,ST,LOUISVILLE,4,STATE,MAJOR ARTERIAL,US-31W,1.751,45,056-US-0031W -001,W Main St,N 22nd St (US 150),20.345,S 2nd St (US 31),22.096,3743,2137.63563678,10,5.71102227,1.751,1,KYTC,480.428586005831
740,5401,2400,2499,HIKES LN, ,HIKES,LN, ,YOUNGWOOD,RD, ,CHEVY CHASE,RD,LOUISVILLE,26,METRO,MINOR ARTERIAL, ,2.399,36,056-CR-1002G -000,Hikes Lane,Buechel Byp (US 31E),0.797,Taylorsville Rd (KY 155),3.196,5776,2407.66986244,15,6.25260525,0.191,0.07961651,METRO,409.852830089967
741,19846,3839,3899,SOUTHERN PKY, ,SOUTHERN,PKY, ,WINN,AVE,W,KENTON,ST,LOUISVILLE,15,STATE,MINOR ARTERIAL,KY-1020,1.313,35,056-KY-1020  -000,Southern Pkwy,W Woodlawn Ave (CS-1096F),7.837,S 3rd St (CS-1013F),9.15,3174,2417.3648134,11,8.37776085,1.313,1,KYTC,319.293929542881
742,23510,5200,5299,S 3RD ST,S,3RD,ST, ,ASHBURY,RD,W,SOUTHLAND,BLVD,LOUISVILLE,21,METRO,PRIMARY COLLECTOR, ,2.667,34,056-CS-1013F -000,S 3rd St (CS-1013F),Southern Pkwy (KY 1020),0,W Kenwood Dr (CS-1257F),2.667,6840,2445.4772971,19,6.79299249,2.797,1,METRO,291.487844313983
743,8256,3019,3028,HIKES LN, ,HIKES,LN, ,ST MICHAEL CHURCH,DR, ,ST MICHAEL CHURCH,DR,LOUISVILLE,26,METRO,MINOR ARTERIAL, ,2.399,36,056-CR-1002G -000,Hikes Lane,Buechel Byp (US 31E),0.797,Taylorsville Rd (KY 155),3.196,5776,2407.66986244,15,6.25260525,0.191,0.07961651,METRO,261.822595102581
744,18706,844,883,EASTERN PKY, ,EASTERN,PKY, ,ALEXANDER,AVE, ,DELOR,AVE,LOUISVILLE,15,STATE,MAJOR ARTERIAL,US-60A,3.523,40,056-US-0060A -000,Eastern Pkwy,S 3rd St (KY 1020),3.409,Willow Ave (US 60A),6.932,8026,2278.17201249,22,6.24467783,1.154,0.32756174,KYTC,686.189168365391
745,15148,2200,2235,W MARKET ST,W,MARKET,ST,S,22ND,ST,S,23RD,ST,LOUISVILLE,5,METRO,MINOR ARTERIAL, ,1.565,33,056-CS-1006A -000,W Market St (CS-1006A),S 22nd St (US 31W-001),0,S 40th St (CS-1043F),1.565,6500,2472.42297452,18,6.84670978,2.629,1,METRO,479.923868543361
746,11423,6900,6950,BARDSTOWN RD, ,BARDSTOWN,RD, ,CEDARLOOK,DR, ,CEDAR SPRINGS,BLVD,LOUISVILLE,22,STATE,MAJOR ARTERIAL,US-31E,1.652,7,056-US-0031E -000,Bardstown Rd,Captain Place,3.909,Beulah Church Rd / Seatonville Rd (KY 1065),5.561,6005,3634.98789346,16,9.68523002,0,0,KYTC,724.408624159217
747,19531,3235,3237,TAYLOR BLVD, ,TAYLOR,BLVD, ,THORNBERRY,AVE, ,THORNBERRY,AVE,LOUISVILLE,3,STATE,MAJOR ARTERIAL,US-60A,3.157,4,056-US-0060A -000,7th Street Rd / Berry Blvd / Taylor Blvd / Winkler Ave,Dixie Hwy (US 31W),0,S 3rd St (KY 1020),3.157,13771,4362.05258156,37,11.71998733,3.157,1,KYTC,76.5949229816344
748,5236,2700,2708,HIKES LN, ,HIKES,LN, ,GLENCREEK,LN, ,GLEN OAK,DR,LOUISVILLE,26,METRO,MINOR ARTERIAL, ,2.399,36,056-CR-1002G -000,Hikes Lane,Buechel Byp (US 31E),0.797,Taylorsville Rd (KY 155),3.196,5776,2407.66986244,15,6.25260525,0.191,0.07961651,METRO,417.800994261872
749,8557,10100,10199,WESTPORT RD, ,WESTPORT,RD, ,STONEBRIDGE,RD, ,GRAYSTONE MANOR,PKY,LOUISVILLE,17,STATE,MINOR ARTERIAL,KY-1447,5.078,18,056-KY-1447  -000,Westport Rd,I-264,1.96,Chamberlain Ln,7.038,14916,2937.37692005,45,8.8617566,0,0,KYTC,599.289925694619
750,18848,2510,2514,DIXIE HWY, ,DIXIE,HWY, ,MILLERS,LN, ,SONNE,AVE,SHIVELY,3,STATE,MAJOR ARTERIAL,US-31W,14.536,10,056-US-0031W -000,Dixie Hwy,Depot Lane,2.974,Bernheim Ln (US 31W),17.51,49906,3433,150,10.3,12.626,0.86860209,KYTC,494.265187022426
751,15237,1000,1015,W MAIN ST,W,MAIN,ST,N,10TH,ST, ,CHAPEL,ST,LOUISVILLE,4,STATE,MAJOR ARTERIAL,US-31W,1.751,45,056-US-0031W -001,W Main St,N 22nd St (US 150),20.345,S 2nd St (US 31),22.096,3743,2137.63563678,10,5.71102227,1.751,1,KYTC,236.793754660298
752,5174,2800,2809,HIKES LN, ,HIKES,LN, ,GOLDSMITH,LN, ,ROSEMONT,CT,LOUISVILLE,10,METRO,MINOR ARTERIAL, ,2.399,36,056-CR-1002G -000,Hikes Lane,Buechel Byp (US 31E),0.797,Taylorsville Rd (KY 155),3.196,5776,2407.66986244,15,6.25260525,0.191,0.07961651,METRO,332.484363788992
753,15279,1500,1599,W MARKET ST,W,MARKET,ST,S,15TH,ST,S,16TH,ST,LOUISVILLE,5,STATE,MAJOR ARTERIAL,US-31W,1.064,33,056-US-0031W -000,W Market St (US 31W),Dr W J Hodge St,20.292,Roy Wilkins Ave,21.356,6500,2472.42297452,18,6.84670978,2.629,1,KYTC,480.459466985581
754,31692,7314,7325,ST ANDREWS CHURCH RD, ,ST ANDREWS CHURCH,RD, ,PENNACOOK,RD, ,CARDINAL WOODS,DR,LOUISVILLE,12,STATE,MINOR ARTERIAL,KY-1931,9.06,24,056-KY-1931  -000,Greenwood Rd / St. Andrews Church Rd / Manslick Rd / 7th Street Rd,Terry Road (KY 1727),1.47,Algonquin Pkwy (KY 2054),10.53,24325,2684.8785872,73,8.05739514,7.024,0.77527594,KYTC,292.185910323796
755,18490,2702,2710,BARDSTOWN RD, ,BARDSTOWN,RD, ,EASTVIEW,AVE, ,LOWELL,AVE,LOUISVILLE,8,STATE,MAJOR ARTERIAL,US-31E,5.8,16,056-US-0031E -000,Beuchel Byp / Bardstown Rd / Baxter Ave,Hikes Lane (KY 2052),10.974,E Main St (US 31E),16.774,17471,3012.24137931,41,7.1,1.878,0.3237931,KYTC,319.332871822873
756,4902,3171,3199,BARDSTOWN RD, ,BARDSTOWN,RD, ,I 264 RAMP, , ,I 264 RAMP, ,LOUISVILLE,8,STATE,MAJOR ARTERIAL,US-31E,5.8,16,056-US-0031E -000,Beuchel Byp / Bardstown Rd / Baxter Ave,Hikes Lane (KY 2052),10.974,E Main St (US 31E),16.774,17471,3012.24137931,41,7.1,1.878,0.3237931,KYTC,287.17648168986
757,14373,2651,2611,BANK ST, ,BANK,ST, ,LOCHER,ALY,N,27TH,ST,LOUISVILLE,5,STATE,MINOR ARTERIAL,KY-3082,0.822,52,056-KY-3082  -000,Bank St,N 30th St (CS-1054A),0.716,N 22nd St (US 150),1.538,1575,1916.05839416,5,6.08272506,0.822,1,KYTC,499.013001317466
758,23948,6600,6699,SOUTHSIDE DR, ,SOUTHSIDE,DR, ,CAMBRIDGE,DR, ,EVANGELINE,AVE,LOUISVILLE,21,STATE,MINOR ARTERIAL,KY-1020,1.672,50,056-KY-1020  -000,Southside Dr (KY 907/1020),National Turnpike (KY 1020),5.7,W Tenny Ave (KY 1020),7.372,13188,2003.64630811,41,6.22910969,4.251,0.64585232,KYTC,372.91224135452
759,18078,1559,1599,S 7TH ST,S,7TH,ST,S,9TH,ST,W,LEE,ST,LOUISVILLE,6,METRO,MAJOR ARTERIAL, ,0.928,2,056-CS-1011F -000,S 7th St,Algonquin Pkwy (KY 2054),0,Split to S 9th St,0.928,5224,5629,15,16.2,0.928,1,METRO,198.770225893366
760,36584,5000,5005,POPLAR LEVEL RD, ,POPLAR LEVEL,RD, ,RANGELAND,RD, ,MEDALLION,CT,LOUISVILLE,2,STATE,MAJOR ARTERIAL,KY-864,7.117,41,056-KY-0864  -000,Poplar Level Rd,Fern Valley Rd (KY 1747),6.596,Eastern Pkwy (US 60A),13.713,16064,2257.13081355,44,6.18238022,4.725,0.66390333,KYTC,182.244892289537
761,35807,5006,5010,POPLAR LEVEL RD, ,POPLAR LEVEL,RD, ,MEDALLION,CT, ,MEDALLION,CT,LOUISVILLE,2,STATE,MAJOR ARTERIAL,KY-864,7.117,41,056-KY-0864  -000,Poplar Level Rd,Fern Valley Rd (KY 1747),6.596,Eastern Pkwy (US 60A),13.713,16064,2257.13081355,44,6.18238022,4.725,0.66390333,KYTC,225.696709726239
762,19526,3200,3234,TAYLOR BLVD, ,TAYLOR,BLVD, ,HOMEVIEW,DR, ,THORNBERRY,AVE,LOUISVILLE,15,STATE,MAJOR ARTERIAL,US-60A,3.157,4,056-US-0060A -000,7th Street Rd / Berry Blvd / Taylor Blvd / Winkler Ave,Dixie Hwy (US 31W),0,S 3rd St (KY 1020),3.157,13771,4362.05258156,37,11.71998733,3.157,1,KYTC,400.703011096882
763,18684,1140,1199,ALGONQUIN PKY, ,ALGONQUIN,PKY, ,LINDBERGH,DR, ,SHARP,AVE,LOUISVILLE,6,STATE,MAJOR ARTERIAL,KY-2054,1.762,13,056-KY-2054  -000,Algonquin Pkwy,S 22nd St (US 31W),1.504,Winkler Ave (US 60A),3.266,5638.85,3200.2553916,15,8.51305335,1.762,1,KYTC,688.964431796918
764,24676,8100,8199,PRESTON HWY, ,PRESTON,HWY, ,LAMBERT,RD, ,BLUE LICK,RD,LOUISVILLE,24,STATE,MAJOR ARTERIAL,KY-61,7.502,9,056-KY-0061  -000,Preston Hwy,Cooper Chapel Rd / Commerce Crossings Dr (KY 6299),1.401,Hart Ave,8.903,25969,3461.61023727,77,10.26392962,4.884,0.65102639,KYTC,264.167054347601
765,20060,2200,2253,CRUMS LN, ,CRUMS,LN, ,JANELL,RD, ,FERN LEA,RD,SHIVELY,3,STATE,MINOR ARTERIAL,KY-2049,1.102,12,056-KY-2049  -000,Crums Lane,Cheviot Drive (CS-1476F),0.618,Dixie Hwy (US 31W),1.72,3658,3319.41923775,11,9.98185118,1.102,1,KYTC,870.709876179524
766,14650,400,415,N 22ND ST,N,22ND,ST, ,GRIFFITHS,AVE, ,CLEVELAND,AVE,LOUISVILLE,5,STATE,MAJOR ARTERIAL,US-150,0.741,15,056-US-0150  -000,N 22nd St,Northwestern Pkwy,0,W Main St (US 31W-001),0.741,2292,3093.11740891,6,8.09716599,0.49,0.66126856,KYTC,240.633883565359
767,23270,4900,4914,PRESTON HWY, ,PRESTON,HWY, ,MEADOW,AVE, ,ORCHARD,AVE,LOUISVILLE,21,STATE,MAJOR ARTERIAL,KY-61,7.502,9,056-KY-0061  -000,Preston Hwy,Cooper Chapel Rd / Commerce Crossings Dr (KY 6299),1.401,Hart Ave,8.903,25969,3461.61023727,77,10.26392962,4.884,0.65102639,KYTC,359.297948261606
768,5143,3400,3404,BARDSTOWN RD, ,BARDSTOWN,RD, ,BELMONT,RD, ,HEATHER,LN,LOUISVILLE,26,STATE,MAJOR ARTERIAL,US-31E,5.8,16,056-US-0031E -000,Beuchel Byp / Bardstown Rd / Baxter Ave,Hikes Lane (KY 2052),10.974,E Main St (US 31E),16.774,17471,3012.24137931,41,7.1,1.878,0.3237931,KYTC,267.166847669878
769,8643,950,969,BRECKENRIDGE LN, ,BRECKENRIDGE,LN, ,KRESGE,WAY, ,DUTCHMANS,LN,ST MATTHEWS,26,STATE,MINOR ARTERIAL,KY-1932,3.189,37,056-KY-1932  -000,Breckenridge Ln,Six Mile Ln (CR-1002H),1.129,Milford Lane Connector,4.318,7558,2370.02195045,17,5.33082471,0,0,KYTC,1096.88782929944
770,19983,4230,4244,POPLAR LEVEL RD, ,POPLAR LEVEL,RD, ,REDWOOD,DR, ,LINCOLN,AVE,LOUISVILLE,10,STATE,MAJOR ARTERIAL,KY-864,7.117,41,056-KY-0864  -000,Poplar Level Rd,Fern Valley Rd (KY 1747),6.596,Eastern Pkwy (US 60A),13.713,16064,2257.13081355,44,6.18238022,4.725,0.66390333,KYTC,263.909811760346
771,17120,1200,1228,DIXIE HWY, ,DIXIE,HWY,W,OAK,ST, ,DUMESNIL,ST,LOUISVILLE,4,METRO,MINOR ARTERIAL, ,2.008,29,056-CS-1030F -000,Dixie Hwy,W Broadway (US 150),0,Bernheim Lane (US 31W),2.008,5174,2576.69322709,13,6.47410359,2.008,1,METRO,393.920044110926
772,16578,915,949,DIXIE HWY, ,DIXIE,HWY, ,GARLAND,AVE, ,DATE,ST,LOUISVILLE,4,METRO,MINOR ARTERIAL, ,2.008,29,056-CS-1030F -000,Dixie Hwy,W Broadway (US 150),0,Bernheim Lane (US 31W),2.008,5174,2576.69322709,13,6.47410359,2.008,1,METRO,224.325769320535
773,8868,10100,10114,TAYLORSVILLE RD, ,TAYLORSVILLE,RD, ,OLD SIX MILE,LN, ,BARKLEY,DR,JEFFERSONTOWN,11,STATE,MAJOR ARTERIAL,KY-155,4.24,48,056-KY-0155  -000,Taylorsville Rd,Watterson Trl (CS-1073H),9.35,Breckenridge Ln (KY 1932),13.59,8629,2035,22,5.24558894,0,0,KYTC,532.293453178255
774,26871,2705,2714,ROCKFORD LN, ,ROCKFORD,LN, ,NO STREET NAME, , ,SADDLEBROOK,LN,SHIVELY,1,STATE,MINOR ARTERIAL,KY-2051,1.975,14,056-KY-2051  -000,Rockford Ln,Dixie Hwy (US 31W),0,Cane Run Rd (KY 1934),1.975,6318,3198.98734177,20,10.12658228,1.975,1,KYTC,292.519626856509
775,21281,3400,3404,NEWBURG RD, ,NEWBURG,RD, ,LARKMOOR,LN, ,SWAINSBORO,DR,LOUISVILLE,10,STATE,MINOR ARTERIAL,KY-1703,2.593,30,056-KY-1703  -000,Newburg Rd,Bluegrass Park Dr (CS-1185G),1.25,Bellarmine Blvd (PS-1084G),3.843,6510.5,2510.79830312,18,6.94176629,1.066,0.41110683,KYTC,288.146447753785
776,20666,1565,1599,BARDSTOWN RD, ,BARDSTOWN,RD, ,ALTA,AVE, ,BONNYCASTLE,AVE,LOUISVILLE,8,STATE,MAJOR ARTERIAL,US-31E,5.8,16,056-US-0031E -000,Beuchel Byp / Bardstown Rd / Baxter Ave,Hikes Lane (KY 2052),10.974,E Main St (US 31E),16.774,17471,3012.24137931,41,7.1,1.878,0.3237931,KYTC,364.896732609512
777,26072,5100,5199,NEW CUT RD, ,NEW CUT,RD, ,INVERNESS,AVE,W,KENWOOD,DR,LOUISVILLE,15,STATE,MAJOR ARTERIAL,KY-1865,5.273,5,056-KY-1865  -000,Taylor Blvd / New Cut Rd,Gene Snyder Fwy (KY 841),0.92,Berry Blvd (US 60A),6.193,20222,3835.00853404,51,9.67191352,4.556,0.86402427,KYTC,809.067620770228
778,31355,3000,3007,HIKES LN, ,HIKES,LN, ,KLONDIKE,LN, ,TYANNE,PL,LOUISVILLE,26,METRO,MINOR ARTERIAL, ,2.399,36,056-CR-1002G -000,Hikes Lane,Buechel Byp (US 31E),0.797,Taylorsville Rd (KY 155),3.196,5776,2407.66986244,15,6.25260525,0.191,0.07961651,METRO,291.720935767414
779,14982,3000,3199,W MARKET ST,W,MARKET,ST,S,30TH,ST,S,32ND,ST,LOUISVILLE,5,METRO,MINOR ARTERIAL, ,1.565,33,056-CS-1006A -000,W Market St (CS-1006A),S 22nd St (US 31W-001),0,S 40th St (CS-1043F),1.565,6500,2472.42297452,18,6.84670978,2.629,1,METRO,1023.50034639238
780,8866,9907,9999,TAYLORSVILLE RD, ,TAYLORSVILLE,RD, ,SNIVELY,AVE, ,GRAND,AVE,JEFFERSONTOWN,11,STATE,MAJOR ARTERIAL,KY-155,4.24,48,056-KY-0155  -000,Taylorsville Rd,Watterson Trl (CS-1073H),9.35,Breckenridge Ln (KY 1932),13.59,8629,2035,22,5.24558894,0,0,KYTC,449.905162939288
781,26009,6510,6549,MANSLICK RD, ,MANSLICK,RD, ,STEPHAN,LN, ,ALICE KAY,DR,LOUISVILLE,12,STATE,MINOR ARTERIAL,KY-1931,9.06,24,056-KY-1931  -000,Greenwood Rd / St. Andrews Church Rd / Manslick Rd / 7th Street Rd,Terry Road (KY 1727),1.47,Algonquin Pkwy (KY 2054),10.53,24325,2684.8785872,73,8.05739514,7.024,0.77527594,KYTC,392.484520612495
782,24654,8000,8099,PRESTON HWY, ,PRESTON,HWY, ,OKOLONA,TER, ,LAMBERT,RD,LOUISVILLE,24,STATE,MAJOR ARTERIAL,KY-61,7.502,9,056-KY-0061  -000,Preston Hwy,Cooper Chapel Rd / Commerce Crossings Dr (KY 6299),1.401,Hart Ave,8.903,25969,3461.61023727,77,10.26392962,4.884,0.65102639,KYTC,898.756139578913
783,29623,4900,4909,CANE RUN RD, ,CANE RUN,RD, ,BRIDWELL,DR, ,WILKIE,RD,LOUISVILLE,1,STATE,MAJOR ARTERIAL,KY-1934,11.502,21,056-KY-1934  -000,Greenbelt Hwy / Cane Run Rd,Gene Snyder Fwy (KY 841),0,Algonquin Pkwy (KY 2054),11.502,31389,2729.00365154,100,8.69414015,9.201,0.79994784,KYTC,417.272591221572
784,24747,7800,7899,3RD STREET RD, ,3RD STREET,RD, ,MCNAIR,RD, ,WISERTOWN,RD,LOUISVILLE,25,STATE,MINOR ARTERIAL,KY-907,4.91,50,056-KY-0907  -000,3rd Street Rd (KY 907),E Pages Ln / Highcrest Ave,2.09,National Turnpike (KY 1020),7,13188,2003.64630811,41,6.22910969,4.251,0.64585232,KYTC,646.149982586678
785,18254,2403,2444,BARDSTOWN RD, ,BARDSTOWN,RD, ,WROCKLAGE,AVE, ,WEBER,AVE,LOUISVILLE,8,STATE,MAJOR ARTERIAL,US-31E,5.8,16,056-US-0031E -000,Beuchel Byp / Bardstown Rd / Baxter Ave,Hikes Lane (KY 2052),10.974,E Main St (US 31E),16.774,17471,3012.24137931,41,7.1,1.878,0.3237931,KYTC,573.825525706287
786,24098,6909,6999,SOUTHSIDE DR, ,SOUTHSIDE,DR, ,KENNETH,CT,E,KENWOOD,DR,LOUISVILLE,21,STATE,MINOR ARTERIAL,KY-1020,1.672,50,056-KY-1020  -000,Southside Dr (KY 907/1020),National Turnpike (KY 1020),5.7,W Tenny Ave (KY 1020),7.372,13188,2003.64630811,41,6.22910969,4.251,0.64585232,KYTC,351.504025821799
787,23267,4700,4799,MANSLICK RD, ,MANSLICK,RD, ,HOBART,DR, ,CLOVER TRACE,PL,LOUISVILLE,15,STATE,MINOR ARTERIAL,KY-1931,9.06,24,056-KY-1931  -000,Greenwood Rd / St. Andrews Church Rd / Manslick Rd / 7th Street Rd,Terry Road (KY 1727),1.47,Algonquin Pkwy (KY 2054),10.53,24325,2684.8785872,73,8.05739514,7.024,0.77527594,KYTC,895.885371411555
788,22291,4100,4109,CANE RUN RD, ,CANE RUN,RD, ,RICHELLE,DR, ,FARNSLEY,RD,LOUISVILLE,1,STATE,MAJOR ARTERIAL,KY-1934,11.502,21,056-KY-1934  -000,Greenbelt Hwy / Cane Run Rd,Gene Snyder Fwy (KY 841),0,Algonquin Pkwy (KY 2054),11.502,31389,2729.00365154,100,8.69414015,9.201,0.79994784,KYTC,498.405410409036
789,34837,4000,4049,TAYLORSVILLE RD, ,TAYLORSVILLE,RD, ,BROWNS,LN, ,GOODWILL,WAY,LOUISVILLE,26,STATE,MAJOR ARTERIAL,KY-155,4.24,48,056-KY-0155  -000,Taylorsville Rd,Watterson Trl (CS-1073H),9.35,Breckenridge Ln (KY 1932),13.59,8629,2035,22,5.24558894,0,0,KYTC,1519.75770304278
790,19522,3114,3199,DIXIE HWY, ,DIXIE,HWY, ,CLINTON,PL, ,GILLETTE,AVE,SHIVELY,3,STATE,MAJOR ARTERIAL,US-31W,14.536,10,056-US-0031W -000,Dixie Hwy,Depot Lane,2.974,Bernheim Ln (US 31W),17.51,49906,3433,150,10.3,12.626,0.86860209,KYTC,350.774817130466
791,22186,2711,2712,CRUMS LN, ,CRUMS,LN, ,BURRELL,DR, ,BURRELL,DR,SHIVELY,3,STATE,MINOR ARTERIAL,KY-2049,1.102,12,056-KY-2049  -000,Crums Lane,Cheviot Drive (CS-1476F),0.618,Dixie Hwy (US 31W),1.72,3658,3319.41923775,11,9.98185118,1.102,1,KYTC,156.042462169757
792,23617,5600,5699,S 3RD ST,S,3RD,ST, ,CUMBERLAND,AVE, ,GHEENS,AVE,LOUISVILLE,21,METRO,PRIMARY COLLECTOR, ,2.667,34,056-CS-1013F -000,S 3rd St (CS-1013F),Southern Pkwy (KY 1020),0,W Kenwood Dr (CS-1257F),2.667,6840,2445.4772971,19,6.79299249,2.797,1,METRO,288.422233626328
793,4594,1800,1899,S HURSTBOURNE PKY,S,HURSTBOURNE,PKY, ,BLUEGRASS,PKY, ,BUNSEN,PKY,LOUISVILLE,11,STATE,MAJOR ARTERIAL,KY-1747,1.476,19,056-KY-1747  -000,S Hurstbourne Pkwy,Taylorsville Rd (KY 155),10.991,Linn Station Rd (CS-1004H),12.467,4274,2895.66395664,7,4.74254743,0,0,KYTC,898.699078721197
794,25933,4915,4939,MANSLICK RD, ,MANSLICK,RD, ,GLENROCK,RD, ,FRIDEN,WAY,LOUISVILLE,15,STATE,MINOR ARTERIAL,KY-1931,9.06,24,056-KY-1931  -000,Greenwood Rd / St. Andrews Church Rd / Manslick Rd / 7th Street Rd,Terry Road (KY 1727),1.47,Algonquin Pkwy (KY 2054),10.53,24325,2684.8785872,73,8.05739514,7.024,0.77527594,KYTC,481.562057106443
795,22431,1800,1810,CRUMS LN, ,CRUMS,LN, ,7TH STREET,RD, ,VALLEY VIEW,DR,SHIVELY,3,STATE,MINOR ARTERIAL,KY-2049,1.102,12,056-KY-2049  -000,Crums Lane,Cheviot Drive (CS-1476F),0.618,Dixie Hwy (US 31W),1.72,3658,3319.41923775,11,9.98185118,1.102,1,KYTC,382.058644215982
796,21086,1300,1399,BERRY BLVD, ,BERRY,BLVD, ,TAYLOR,BLVD, ,LENTZ,AVE,LOUISVILLE,15,STATE,MINOR ARTERIAL,US-60A,3.157,4,056-US-0060A -000,7th Street Rd / Berry Blvd / Taylor Blvd / Winkler Ave,Dixie Hwy (US 31W),0,S 3rd St (KY 1020),3.157,13771,4362.052582,37,11.719987,3.157,1,KYTC,769.354632650802
797,10465,5000,5099,SHEPHERDSVILLE RD, ,SHEPHERDSVILLE,RD, ,BUECHEL BANK,RD, ,ARMSMERE,WAY,LOUISVILLE,2,STATE,MINOR ARTERIAL,KY-2052,2.908,39,056-KY-2052  -000,Shepherdsville Rd,Fern Valley Rd (KY 1747),1.214,Hikes Lane (KY 2052),4.122,6742,2318.43191197,20,6.87757909,2.908,1,KYTC,722.580469736276
798,19040,525,542,EASTERN PKY, ,EASTERN,PKY, ,EMIL,AVE, ,CONCORD,DR,LOUISVILLE,15,STATE,MAJOR ARTERIAL,US-60A,3.523,40,056-US-0060A -000,Eastern Pkwy,S 3rd St (KY 1020),3.409,Willow Ave (US 60A),6.932,8026,2278.17201249,22,6.24467783,1.154,0.32756174,KYTC,303.651364650492
799,23795,6400,6409,SOUTHSIDE DR, ,SOUTHSIDE,DR,N,ARBOR,PARK, ,LAWNDALE,AVE,LOUISVILLE,25,STATE,MINOR ARTERIAL,KY-1020,1.672,50,056-KY-1020  -000,Southside Dr (KY 907/1020),National Turnpike (KY 1020),5.7,W Tenny Ave (KY 1020),7.372,13188,2003.64630811,41,6.22910969,4.251,0.64585232,KYTC,328.153395266604
800,25720,3600,3619,TAYLOR BLVD, ,TAYLOR,BLVD, ,CARLISLE,AVE,W,WHITNEY,AVE,LOUISVILLE,15,STATE,MAJOR ARTERIAL,KY-1865,5.273,5,056-KY-1865  -000,Taylor Blvd / New Cut Rd,Gene Snyder Fwy (KY 841),0.92,Berry Blvd (US 60A),6.193,20222,3835.00853404,51,9.67191352,4.556,0.86402427,KYTC,294.898771901945
801,17251,1319,1336,DIXIE HWY, ,DIXIE,HWY, ,WILSON,AVE, ,WILSON,AVE,LOUISVILLE,6,METRO,MINOR ARTERIAL, ,2.008,29,056-CS-1030F -000,Dixie Hwy,W Broadway (US 150),0,Bernheim Lane (US 31W),2.008,5174,2576.69322709,13,6.47410359,2.008,1,METRO,230.040311315113
802,16509,850,899,DIXIE HWY, ,DIXIE,HWY,W,BRECKINRIDGE,ST, ,GARLAND,AVE,LOUISVILLE,4,METRO,MINOR ARTERIAL, ,2.008,29,056-CS-1030F -000,Dixie Hwy,W Broadway (US 150),0,Bernheim Lane (US 31W),2.008,5174,2576.69322709,13,6.47410359,2.008,1,METRO,287.453046437588
803,20607,1375,1399,BARDSTOWN RD, ,BARDSTOWN,RD, ,TYLER,PKY, ,EDGELAND,AVE,LOUISVILLE,8,STATE,MAJOR ARTERIAL,US-31E,5.8,16,056-US-0031E -000,Beuchel Byp / Bardstown Rd / Baxter Ave,Hikes Lane (KY 2052),10.974,E Main St (US 31E),16.774,17471,3012.24137931,41,7.1,1.878,0.3237931,KYTC,120.101299180444
804,8502,4805,4899,U S HIGHWAY 42, ,U S HIGHWAY 42, , ,BROWNSBORO,RD, ,GLENVIEW,AVE,NORTHFIELD,7,STATE,MAJOR ARTERIAL,US-42,0.985,44,056-US-0042  -000,Brownsboro Rd / US 42,I-264,5.81,Seminary Dr (KY 22C),6.795,2172,2205.07614213,7,7.10659898,0,0,KYTC,835.627787054664
805,19043,434,499,EASTERN PKY, ,EASTERN,PKY, ,I 65 RAMP, , ,CRITTENDEN,DR,LOUISVILLE,15,STATE,MAJOR ARTERIAL,US-60A,3.523,40,056-US-0060A -000,Eastern Pkwy,S 3rd St (KY 1020),3.409,Willow Ave (US 60A),6.932,8026,2278.17201249,22,6.24467783,1.154,0.32756174,KYTC,134.703373910564
806,26178,8100,8399,3RD STREET RD, ,3RD STREET,RD,W,MANSLICK,RD, ,ARNOLDTOWN,RD,LOUISVILLE,25,STATE,MINOR ARTERIAL,KY-907,4.91,50,056-KY-0907  -000,3rd Street Rd (KY 907),E Pages Ln / Highcrest Ave,2.09,National Turnpike (KY 1020),7,13188,2003.64630811,41,6.22910969,4.251,0.64585232,KYTC,2655.31674548845
807,17641,1400,1464,S 7TH ST,S,7TH,ST,W,MAGNOLIA,AVE,W,BURNETT,AVE,LOUISVILLE,6,METRO,MAJOR ARTERIAL, ,0.928,2,056-CS-1011F -000,S 7th St,Algonquin Pkwy (KY 2054),0,Split to S 9th St,0.928,5224,5629,15,16.2,0.928,1,METRO,912.097230787826
808,17511,1440,1449,S 22ND ST,S,22ND,ST, ,STANDARD,AVE,W,BURNETT,AVE,LOUISVILLE,6,STATE,MAJOR ARTERIAL,US-31W,1.145,8,056-US-0031W -000,S 22nd St / Bernheim Ln,Dixie Hwy (CS-1030F),17.51,Dumesnil St (CS-1010F),18.655,4100,3580.7860262,11,9.6069869,1.145,1,KYTC,350.13117817524
809,16190,729,732,S 26TH ST,S,26TH,ST, ,MAPLE,ST, ,MAPLE,ST,LOUISVILLE,4,METRO,MINOR ARTERIAL, ,1.846,27,056-CS-1038F -000,S 26th St,W Main St (CS-1011A),0,Wilson Ave (CS-1025F),1.846,4784,2591.54929577,10,5.4,1.846,1,METRO,99.2744734430227
810,18022,1726,1799,DIXIE HWY, ,DIXIE,HWY, ,BURWELL,AVE, ,VORSTER,AVE,LOUISVILLE,6,METRO,MINOR ARTERIAL, ,2.008,29,056-CS-1030F -000,Dixie Hwy,W Broadway (US 150),0,Bernheim Lane (US 31W),2.008,5174,2576.69322709,13,6.47410359,2.008,1,METRO,343.823363620698
811,15802,399,300,E JEFFERSON ST,E,JEFFERSON,ST,S,PRESTON,ST,S,FLOYD,ST,LOUISVILLE,4,METRO,MINOR ARTERIAL, ,1.05,43,056-CS-1014B -000,E Jefferson St,Baxter Ave (US 31E),0,S 1st St (CS-1002F),1.05,2331,2220,6,5.71428571,1.05,1,METRO,590.390704058814
812,23474,5100,5199,S 3RD ST,S,3RD,ST,W,KINGSTON,AVE, ,ASHBURY,RD,LOUISVILLE,21,METRO,PRIMARY COLLECTOR, ,2.667,34,056-CS-1013F -000,S 3rd St (CS-1013F),Southern Pkwy (KY 1020),0,W Kenwood Dr (CS-1257F),2.667,6840,2445.4772971,19,6.79299249,2.797,1,METRO,290.738901073225
813,17941,1905,1944,BARDSTOWN RD, ,BARDSTOWN,RD, ,RICHMOND,DR, ,GRASMERE,DR,LOUISVILLE,8,STATE,MAJOR ARTERIAL,US-31E,5.8,16,056-US-0031E -000,Beuchel Byp / Bardstown Rd / Baxter Ave,Hikes Lane (KY 2052),10.974,E Main St (US 31E),16.774,17471,3012.24137931,41,7.1,1.878,0.3237931,KYTC,229.486198244991
814,25840,4200,4299,TAYLOR BLVD, ,TAYLOR,BLVD, ,BLUEGRASS,AVE, ,LYNNHURST,AVE,LOUISVILLE,15,STATE,MAJOR ARTERIAL,KY-1865,5.273,5,056-KY-1865  -000,Taylor Blvd / New Cut Rd,Gene Snyder Fwy (KY 841),0.92,Berry Blvd (US 60A),6.193,20222,3835.00853404,51,9.67191352,4.556,0.86402427,KYTC,386.015885773713
815,18425,2605,2699,BARDSTOWN RD, ,BARDSTOWN,RD, ,KAELIN,AVE, ,EASTVIEW,AVE,LOUISVILLE,8,STATE,MAJOR ARTERIAL,US-31E,5.8,16,056-US-0031E -000,Beuchel Byp / Bardstown Rd / Baxter Ave,Hikes Lane (KY 2052),10.974,E Main St (US 31E),16.774,17471,3012.24137931,41,7.1,1.878,0.3237931,KYTC,329.158055695639
816,18524,2711,2717,BARDSTOWN RD, ,BARDSTOWN,RD, ,LOWELL,AVE, ,STRATHMOOR,BLVD,LOUISVILLE,8,STATE,MAJOR ARTERIAL,US-31E,5.8,16,056-US-0031E -000,Beuchel Byp / Bardstown Rd / Baxter Ave,Hikes Lane (KY 2052),10.974,E Main St (US 31E),16.774,17471,3012.24137931,41,7.1,1.878,0.3237931,KYTC,308.65373856763
817,28803,5800,6899,GREENBELT HWY, ,GREENBELT,HWY, ,GLO JEAN,WAY, ,LOGISTICS,DR,LOUISVILLE,1,STATE,MAJOR ARTERIAL,KY-1934,11.502,21,056-KY-1934  -000,Greenbelt Hwy / Cane Run Rd,Gene Snyder Fwy (KY 841),0,Algonquin Pkwy (KY 2054),11.502,31389,2729.00365154,100,8.69414015,9.201,0.79994784,KYTC,1064.1681175782
818,30114,7721,7733,ST ANDREWS CHURCH RD, ,ST ANDREWS CHURCH,RD, ,CARDINAL OAKS,DR, ,BROOKVIEW,DR,LOUISVILLE,12,STATE,MINOR ARTERIAL,KY-1931,9.06,24,056-KY-1931  -000,Greenwood Rd / St. Andrews Church Rd / Manslick Rd / 7th Street Rd,Terry Road (KY 1727),1.47,Algonquin Pkwy (KY 2054),10.53,24325,2684.8785872,73,8.05739514,7.024,0.77527594,KYTC,418.755072226743
819,15159,1300,1499,W MAIN ST,W,MAIN,ST,S,13TH,ST,N,15TH,ST,LOUISVILLE,4,STATE,MAJOR ARTERIAL,US-31W,1.751,45,056-US-0031W -001,W Main St,N 22nd St (US 150),20.345,S 2nd St (US 31),22.096,3743,2137.63563678,10,5.71102227,1.751,1,KYTC,961.350244401526
820,28995,4623,4699,GREENWOOD RD, ,GREENWOOD,RD, ,GREENWOOD MANOR,RD, ,BROWNS,LN,LOUISVILLE,12,STATE,MINOR ARTERIAL,KY-1931,9.06,24,056-KY-1931  -000,Greenwood Rd / St. Andrews Church Rd / Manslick Rd / 7th Street Rd,Terry Road (KY 1727),1.47,Algonquin Pkwy (KY 2054),10.53,24325,2684.8785872,73,8.05739514,7.024,0.77527594,KYTC,51.8296069708132
821,17813,1602,1615,DIXIE HWY, ,DIXIE,HWY,W,GAULBERT,AVE,W,LEE,ST,LOUISVILLE,6,METRO,MINOR ARTERIAL, ,2.008,29,056-CS-1030F -000,Dixie Hwy,W Broadway (US 150),0,Bernheim Lane (US 31W),2.008,5174,2576.69322709,13,6.47410359,2.008,1,METRO,248.557064111397
822,25639,7534,7599,3RD STREET RD, ,3RD STREET,RD, ,CLAYBORNE,RD, ,CRISTLAND,RD,LOUISVILLE,25,STATE,MINOR ARTERIAL,KY-907,4.91,50,056-KY-0907  -000,3rd Street Rd (KY 907),E Pages Ln / Highcrest Ave,2.09,National Turnpike (KY 1020),7,13188,2003.64630811,41,6.22910969,4.251,0.64585232,KYTC,454.597481035765
823,18556,947,999,EASTERN PKY, ,EASTERN,PKY,E,BURNETT,AVE, ,LYDIA,ST,LOUISVILLE,15,STATE,MAJOR ARTERIAL,US-60A,3.523,40,056-US-0060A -000,Eastern Pkwy,S 3rd St (KY 1020),3.409,Willow Ave (US 60A),6.932,8026,2278.17201249,22,6.24467783,1.154,0.32756174,KYTC,905.843861532301
824,21322,4260,4279,POPLAR LEVEL RD, ,POPLAR LEVEL,RD, ,I 264 RAMP, , ,I 264 RAMP, ,LOUISVILLE,10,STATE,MAJOR ARTERIAL,KY-864,7.117,41,056-KY-0864  -000,Poplar Level Rd,Fern Valley Rd (KY 1747),6.596,Eastern Pkwy (US 60A),13.713,16064,2257.13081355,44,6.18238022,4.725,0.66390333,KYTC,383.95671150088
825,25361,9550,9650,PRESTON HWY, ,PRESTON,HWY, ,I 265 RAMP, , ,I 265 RAMP, ,LOUISVILLE,24,STATE,MAJOR ARTERIAL,KY-61,7.502,9,056-KY-0061  -000,Preston Hwy,Cooper Chapel Rd / Commerce Crossings Dr (KY 6299),1.401,Hart Ave,8.903,25969,3461.61023727,77,10.26392962,4.884,0.65102639,KYTC,635.934392329636
826,14887,3603,3619,W MARKET ST,W,MARKET,ST,S,36TH,ST,S,37TH,ST,LOUISVILLE,5,METRO,MINOR ARTERIAL, ,1.565,33,056-CS-1006A -000,W Market St (CS-1006A),S 22nd St (US 31W-001),0,S 40th St (CS-1043F),1.565,6500,2472.42297452,18,6.84670978,2.629,1,METRO,293.409472189145
827,27339,5280,5299,DIXIE HWY, ,DIXIE,HWY, ,TRENT,AVE, ,KURZ,WAY,LOUISVILLE,12,STATE,MAJOR ARTERIAL,US-31W,14.536,10,056-US-0031W -000,Dixie Hwy,Depot Lane,2.974,Bernheim Ln (US 31W),17.51,49906,3433,150,10.3,12.626,0.86860209,KYTC,321.729636159741
828,27604,4900,4913,GREENWOOD RD, ,GREENWOOD,RD, ,BEECHLAND,AVE, ,RALSTON,AVE,LOUISVILLE,12,STATE,MINOR ARTERIAL,KY-1931,9.06,24,056-KY-1931  -000,Greenwood Rd / St. Andrews Church Rd / Manslick Rd / 7th Street Rd,Terry Road (KY 1727),1.47,Algonquin Pkwy (KY 2054),10.53,24325,2684.8785872,73,8.05739514,7.024,0.77527594,KYTC,343.375899789502
829,14803,313,300,N 22ND ST,N,22ND,ST, ,DUNCAN,ST, ,OWEN,ST,LOUISVILLE,5,STATE,MAJOR ARTERIAL,US-150,0.741,15,056-US-0150  -000,N 22nd St,Northwestern Pkwy,0,W Main St (US 31W-001),0.741,2292,3093.11740891,6,8.09716599,0.49,0.66126856,KYTC,229.356608737035
830,23604,5500,5599,SOUTHSIDE DR, ,SOUTHSIDE,DR, ,ROCHESTER,DR, ,CUMBERLAND,AVE,LOUISVILLE,21,STATE,MINOR ARTERIAL,KY-1020,1.672,50,056-KY-1020  -000,Southside Dr (KY 907/1020),National Turnpike (KY 1020),5.7,W Tenny Ave (KY 1020),7.372,13188,2003.64630811,41,6.22910969,4.251,0.64585232,KYTC,283.323429783106
831,16303,733,840,S 26TH ST,S,26TH,ST, ,MAPLE,ST, ,HOWARD,ST,LOUISVILLE,4,METRO,MINOR ARTERIAL, ,1.846,27,056-CS-1038F -000,S 26th St,W Main St (CS-1011A),0,Wilson Ave (CS-1025F),1.846,4784,2591.54929577,10,5.4,1.846,1,METRO,576.040820717881
832,24124,5345,5359,NEW CUT RD, ,NEW CUT,RD, ,PARK,RD, ,IROQUOIS GARDENS,DR,LOUISVILLE,21,STATE,MAJOR ARTERIAL,KY-1865,5.273,5,056-KY-1865  -000,Taylor Blvd / New Cut Rd,Gene Snyder Fwy (KY 841),0.92,Berry Blvd (US 60A),6.193,20222,3835.00853404,51,9.67191352,4.556,0.86402427,KYTC,595.822740019629
833,21551,949,900,W MARKET ST,W,MARKET,ST, ,ROY WILKINS,AVE, ,I 64 RAMP, ,LOUISVILLE,4,STATE,MAJOR ARTERIAL,US-31W,1.064,33,056-US-0031W -000,W Market St (US 31W),Dr W J Hodge St,20.292,Roy Wilkins Ave,21.356,6500,2472.42297452,18,6.84670978,2.629,1,KYTC,93.5927065885077
834,20062,3430,3499,PRESTON HWY, ,PRESTON,HWY, ,WOLFE,AVE, ,BOURBON,AVE,LOUISVILLE,21,STATE,MAJOR ARTERIAL,KY-61,7.502,9,056-KY-0061  -000,Preston Hwy,Cooper Chapel Rd / Commerce Crossings Dr (KY 6299),1.401,Hart Ave,8.903,25969,3461.61023727,77,10.26392962,4.884,0.65102639,KYTC,347.274107149719
835,4930,3200,3249,BARDSTOWN RD, ,BARDSTOWN,RD, ,I 264 RAMP, , ,I 264 RAMP, ,LOUISVILLE,8,STATE,MAJOR ARTERIAL,US-31E,5.8,16,056-US-0031E -000,Beuchel Byp / Bardstown Rd / Baxter Ave,Hikes Lane (KY 2052),10.974,E Main St (US 31E),16.774,17471,3012.24137931,41,7.1,1.878,0.3237931,KYTC,349.586540918244
836,25310,9400,9499,PRESTON HWY, ,PRESTON,HWY, ,BOERSTE,WAY, ,I 265 RAMP, ,LOUISVILLE,24,STATE,MAJOR ARTERIAL,KY-61,7.502,9,056-KY-0061  -000,Preston Hwy,Cooper Chapel Rd / Commerce Crossings Dr (KY 6299),1.401,Hart Ave,8.903,25969,3461.61023727,77,10.26392962,4.884,0.65102639,KYTC,501.488006746325
837,20089,3531,3599,MANSLICK RD, ,MANSLICK,RD, ,NICHOLS,DR, ,ELDERWOOD,WAY,LOUISVILLE,3,STATE,MINOR ARTERIAL,KY-1931,9.06,24,056-KY-1931  -000,Greenwood Rd / St. Andrews Church Rd / Manslick Rd / 7th Street Rd,Terry Road (KY 1727),1.47,Algonquin Pkwy (KY 2054),10.53,24325,2684.8785872,73,8.05739514,7.024,0.77527594,KYTC,585.944640118667
838,26027,7425,7599,ST ANDREWS CHURCH RD, ,ST ANDREWS CHURCH,RD, ,MOUNT CALVARY,DR, ,DEAD END, ,LOUISVILLE,12,STATE,MINOR ARTERIAL,KY-1931,9.06,24,056-KY-1931  -000,Greenwood Rd / St. Andrews Church Rd / Manslick Rd / 7th Street Rd,Terry Road (KY 1727),1.47,Algonquin Pkwy (KY 2054),10.53,24325,2684.8785872,73,8.05739514,7.024,0.77527594,KYTC,1621.6771594359
839,18634,2225,2299,7TH STREET RD, ,7TH STREET,RD, ,TENNESSEE,AVE, ,WELLER,AVE,LOUISVILLE,6,STATE,MAJOR ARTERIAL,KY-1931,9.06,24,056-KY-1931  -000,Greenwood Rd / St. Andrews Church Rd / Manslick Rd / 7th Street Rd,Terry Road (KY 1727),1.47,Algonquin Pkwy (KY 2054),10.53,24325,2684.8785872,73,8.05739514,7.024,0.77527594,KYTC,390.678196377786
840,4949,2900,2902,HIKES LN, ,HIKES,LN, ,STANTON,BLVD, ,NOBLITT,DR,LOUISVILLE,26,METRO,MINOR ARTERIAL, ,2.399,36,056-CR-1002G -000,Hikes Lane,Buechel Byp (US 31E),0.797,Taylorsville Rd (KY 155),3.196,5776,2407.66986244,15,6.25260525,0.191,0.07961651,METRO,118.069979801037
841,19023,558,600,EASTERN PKY, ,EASTERN,PKY, ,SHERRY,RD, ,BRADLEY,AVE,LOUISVILLE,15,STATE,MAJOR ARTERIAL,US-60A,3.523,40,056-US-0060A -000,Eastern Pkwy,S 3rd St (KY 1020),3.409,Willow Ave (US 60A),6.932,8026,2278.17201249,22,6.24467783,1.154,0.32756174,KYTC,373.395081557311
842,27421,5400,5599,DIXIE HWY, ,DIXIE,HWY, ,BLANTON,LN, ,WELBY,RD,LOUISVILLE,12,STATE,MAJOR ARTERIAL,US-31W,14.536,10,056-US-0031W -000,Dixie Hwy,Depot Lane,2.974,Bernheim Ln (US 31W),17.51,49906,3433,150,10.3,12.626,0.86860209,KYTC,341.775870816406
843,8555,10203,10205,WESTPORT RD, ,WESTPORT,RD, ,WESTPORT GREEN,PL, ,ASSEMBLY,WAY,LOUISVILLE,17,STATE,MINOR ARTERIAL,KY-1447,5.078,18,056-KY-1447  -000,Westport Rd,I-264,1.96,Chamberlain Ln,7.038,14916,2937.37692005,45,8.8617566,0,0,KYTC,164.830967632375
844,9382,8900,8999,SHELBYVILLE RD, ,SHELBYVILLE,RD,N,CHADWICK,RD, ,CHIPPING,WAY,LOUISVILLE,18,STATE,MAJOR ARTERIAL,US-60,1.413,53,056-US-0060  -000,Shelbyville Rd,Whipps Mill Rd (CS-1005C),6.435,Hurstbourne Pkwy (KY 1747),7.848,2682,1898.08917197,8,5.66171267,0,0,KYTC,976.434475722439
845,17649,1700,1709,BARDSTOWN RD, ,BARDSTOWN,RD, ,DUKER,AVE, ,MURRAY,AVE,LOUISVILLE,8,STATE,MAJOR ARTERIAL,US-31E,5.8,16,056-US-0031E -000,Beuchel Byp / Bardstown Rd / Baxter Ave,Hikes Lane (KY 2052),10.974,E Main St (US 31E),16.774,17471,3012.24137931,41,7.1,1.878,0.3237931,KYTC,171.466892633791
846,23681,4900,4999,POPLAR LEVEL RD, ,POPLAR LEVEL,RD,E,INDIAN,TRL, ,RANGELAND,RD,LOUISVILLE,10,STATE,MAJOR ARTERIAL,KY-864,7.117,41,056-KY-0864  -000,Poplar Level Rd,Fern Valley Rd (KY 1747),6.596,Eastern Pkwy (US 60A),13.713,16064,2257.13081355,44,6.18238022,4.725,0.66390333,KYTC,1816.51924327212
847,22288,4050,4074,CANE RUN RD, ,CANE RUN,RD, ,I 264 RAMP, , ,I 264 RAMP, ,LOUISVILLE,3,STATE,MINOR ARTERIAL,KY-1934,11.502,21,056-KY-1934  -000,Greenbelt Hwy / Cane Run Rd,Gene Snyder Fwy (KY 841),0,Algonquin Pkwy (KY 2054),11.502,31389,2729.00365154,100,8.69414015,9.201,0.79994784,KYTC,161.365533716502
848,25803,4036,4099,TAYLOR BLVD, ,TAYLOR,BLVD, ,CARRICO,AVE, ,BICKNELL,AVE,LOUISVILLE,21,STATE,MAJOR ARTERIAL,KY-1865,5.273,5,056-KY-1865  -000,Taylor Blvd / New Cut Rd,Gene Snyder Fwy (KY 841),0.92,Berry Blvd (US 60A),6.193,20222,3835.00853404,51,9.67191352,4.556,0.86402427,KYTC,368.289149385191
849,22284,3930,3999,CANE RUN RD, ,CANE RUN,RD, ,KINGSWOOD,WAY, ,RALPH,AVE,LOUISVILLE,1,STATE,MINOR ARTERIAL,KY-1934,11.502,21,056-KY-1934  -000,Greenbelt Hwy / Cane Run Rd,Gene Snyder Fwy (KY 841),0,Algonquin Pkwy (KY 2054),11.502,31389,2729.00365154,100,8.69414015,9.201,0.79994784,KYTC,1241.59867197121
850,24527,7707,7899,PRESTON HWY, ,PRESTON,HWY, ,MARKWELL,LN, ,OUTER,LOOP,LOUISVILLE,13,STATE,MAJOR ARTERIAL,KY-61,7.502,9,056-KY-0061  -000,Preston Hwy,Cooper Chapel Rd / Commerce Crossings Dr (KY 6299),1.401,Hart Ave,8.903,25969,3461.61023727,77,10.26392962,4.884,0.65102639,KYTC,634.111449493009
851,4631,1905,1959,S HURSTBOURNE PKY,S,HURSTBOURNE,PKY, ,HURSTBOURNE,CIR, ,HURSTBOURNE,CIR,LOUISVILLE,11,STATE,MAJOR ARTERIAL,KY-1747,1.476,19,056-KY-1747  -000,S Hurstbourne Pkwy,Taylorsville Rd (KY 155),10.991,Linn Station Rd (CS-1004H),12.467,4274,2895.66395664,7,4.74254743,0,0,KYTC,300.915283811654
852,24188,7200,7228,SOUTHSIDE DR, ,SOUTHSIDE,DR, ,ALVINA,WAY, ,MEADOWOOD,CT,LOUISVILLE,25,STATE,MINOR ARTERIAL,KY-907,4.91,50,056-KY-0907  -000,3rd Street Rd (KY 907),E Pages Ln / Highcrest Ave,2.09,National Turnpike (KY 1020),7,13188,2003.64630811,41,6.22910969,4.251,0.64585232,KYTC,51.2548724021955
853,23645,5700,5704,SOUTHSIDE DR, ,SOUTHSIDE,DR, ,GHEENS,AVE, ,ORDNANCE,DR,LOUISVILLE,25,STATE,MINOR ARTERIAL,KY-1020,1.672,50,056-KY-1020  -000,Southside Dr (KY 907/1020),National Turnpike (KY 1020),5.7,W Tenny Ave (KY 1020),7.372,13188,2003.64630811,41,6.22910969,4.251,0.64585232,KYTC,180.141333098834
854,20291,2600,2699,W HILL ST,W,HILL,ST, ,CYPRESS,ST, ,OLIVE,ST,LOUISVILLE,1,METRO,PRIMARY COLLECTOR, ,1.034,51,056-CS-1016F -000,W Hill St,S 17th St (CS-1032F),1.527,Wilson Ave (CS-1025F),2.561,2010,1943.90715667,5,4.83558994,1.034,1,METRO,374.370165037003
855,14324,2899,2750,BANK ST, ,BANK,ST,N,29TH,ST,N,29TH,ST,LOUISVILLE,5,STATE,MINOR ARTERIAL,KY-3082,0.822,52,056-KY-3082  -000,Bank St,N 30th St (CS-1054A),0.716,N 22nd St (US 150),1.538,1575,1916.05839416,5,6.08272506,0.822,1,KYTC,70.3365451770752
856,21082,1540,1599,BERRY BLVD, ,BERRY,BLVD, ,POWELL,AVE, ,POWELL,AVE,LOUISVILLE,15,STATE,MINOR ARTERIAL,US-60A,3.157,4,056-US-0060A -000,7th Street Rd / Berry Blvd / Taylor Blvd / Winkler Ave,Dixie Hwy (US 31W),0,S 3rd St (KY 1020),3.157,13771,4362.05258156,37,11.71998733,3.157,1,KYTC,165.722969256113
857,17906,1900,1904,BARDSTOWN RD, ,BARDSTOWN,RD, ,KENILWORTH,AVE, ,RICHMOND,DR,LOUISVILLE,8,STATE,MAJOR ARTERIAL,US-31E,5.8,16,056-US-0031E -000,Beuchel Byp / Bardstown Rd / Baxter Ave,Hikes Lane (KY 2052),10.974,E Main St (US 31E),16.774,17471,3012.24137931,41,7.1,1.878,0.3237931,KYTC,220.037629049554
858,8257,3015,3018,HIKES LN, ,HIKES,LN, ,FURMAN,BLVD, ,ST MICHAEL CHURCH,DR,LOUISVILLE,26,METRO,MINOR ARTERIAL, ,2.399,36,056-CR-1002G -000,Hikes Lane,Buechel Byp (US 31E),0.797,Taylorsville Rd (KY 155),3.196,5776,2407.66986244,15,6.25260525,0.191,0.07961651,METRO,191.628211103232
859,24387,7409,7499,PRESTON HWY, ,PRESTON,HWY, ,RACHEL,DR, ,CLAY,AVE,LOUISVILLE,13,STATE,MAJOR ARTERIAL,KY-61,7.502,9,056-KY-0061  -000,Preston Hwy,Cooper Chapel Rd / Commerce Crossings Dr (KY 6299),1.401,Hart Ave,8.903,25969,3461.61023727,77,10.26392962,4.884,0.65102639,KYTC,289.273984596027
860,16338,841,850,S 26TH ST,S,26TH,ST, ,HOWARD,ST, ,HOWARD,ST,LOUISVILLE,4,METRO,MINOR ARTERIAL, ,1.846,27,056-CS-1038F -000,S 26th St,W Main St (CS-1011A),0,Wilson Ave (CS-1025F),1.846,4784,2591.54929577,10,5.4,1.846,1,METRO,148.24988248836
861,22672,4400,4499,SOUTHERN PKY, ,SOUTHERN,PKY,W,FLORENCE,AVE,W,SOUTHERN HEIGHTS,AVE,LOUISVILLE,15,STATE,MINOR ARTERIAL,KY-1020,1.313,35,056-KY-1020  -000,Southern Pkwy,W Woodlawn Ave (CS-1096F),7.837,S 3rd St (CS-1013F),9.15,3174,2417.3648134,11,8.37776085,1.313,1,KYTC,693.703376460302
862,26011,6550,6599,MANSLICK RD, ,MANSLICK,RD, ,ALICE KAY,DR, ,TUNISIAN,WAY,LOUISVILLE,12,STATE,MINOR ARTERIAL,KY-1931,9.06,24,056-KY-1931  -000,Greenwood Rd / St. Andrews Church Rd / Manslick Rd / 7th Street Rd,Terry Road (KY 1727),1.47,Algonquin Pkwy (KY 2054),10.53,24325,2684.8785872,73,8.05739514,7.024,0.77527594,KYTC,132.273258366506
863,10114,4300,4399,SHEPHERDSVILLE RD, ,SHEPHERDSVILLE,RD, ,DELAWARE,DR,E,INDIAN,TRL,LOUISVILLE,2,STATE,MINOR ARTERIAL,KY-2052,2.908,39,056-KY-2052  -000,Shepherdsville Rd,Fern Valley Rd (KY 1747),1.214,Hikes Lane (KY 2052),4.122,6742,2318.43191197,20,6.87757909,2.908,1,KYTC,941.542085020123
864,16297,600,699,E CHESTNUT ST,E,CHESTNUT,ST,S,HANCOCK,ST,S,CLAY,ST,LOUISVILLE,4,METRO,MINOR ARTERIAL, ,0.928,32,056-CS-1071G -000,E Chestnut St,S 1st St (CS-1002F),0,Chestnut Street Connector (KY 864),0.928,2306,2484.9137931,5,5.38793103,0.928,1,METRO,584.816976556123
865,16967,1135,1155,DIXIE HWY, ,DIXIE,HWY, ,OSAGE,AVE, ,HALE,AVE,LOUISVILLE,4,METRO,MINOR ARTERIAL, ,2.008,29,056-CS-1030F -000,Dixie Hwy,W Broadway (US 150),0,Bernheim Lane (US 31W),2.008,5174,2576.69322709,13,6.47410359,2.008,1,METRO,296.543262020906
866,22429,3925,3999,7TH STREET RD, ,7TH STREET,RD, ,PARK,RD, ,DIXIE,HWY,SHIVELY,3,STATE,MAJOR ARTERIAL,US-60A,3.157,4,056-US-0060A -000,7th Street Rd / Berry Blvd / Taylor Blvd / Winkler Ave,Dixie Hwy (US 31W),0,S 3rd St (KY 1020),3.157,13771,4362.052582,37,11.719987,3.157,1,KYTC,964.271985150035
867,14991,2913,2999,W MARKET ST,W,MARKET,ST,S,30TH,ST,S,30TH,ST,LOUISVILLE,5,METRO,MINOR ARTERIAL, ,1.565,33,056-CS-1006A -000,W Market St (CS-1006A),S 22nd St (US 31W-001),0,S 40th St (CS-1043F),1.565,6500,2472.42297452,18,6.84670978,2.629,1,METRO,276.888377073776
868,15078,2500,2599,W MARKET ST,W,MARKET,ST,S,25TH,ST,S,26TH,ST,LOUISVILLE,5,METRO,MINOR ARTERIAL, ,1.565,33,056-CS-1006A -000,W Market St (CS-1006A),S 22nd St (US 31W-001),0,S 40th St (CS-1043F),1.565,6500,2472.422975,18,6.84671,2.629,1,METRO,648.717581078238
869,29038,7830,7855,ST ANDREWS CHURCH RD, ,ST ANDREWS CHURCH,RD, ,ST ANTHONY CHURCH,RD, ,ARNOLDTOWN,RD,LOUISVILLE,12,STATE,MINOR ARTERIAL,KY-1931,9.06,24,056-KY-1931  -000,Greenwood Rd / St. Andrews Church Rd / Manslick Rd / 7th Street Rd,Terry Road (KY 1727),1.47,Algonquin Pkwy (KY 2054),10.53,24325,2684.8785872,73,8.05739514,7.024,0.77527594,KYTC,788.425332598346
870,17173,1300,1301,DIXIE HWY, ,DIXIE,HWY,W,ORMSBY,AVE,W,ORMSBY,AVE,LOUISVILLE,6,METRO,MINOR ARTERIAL, ,2.008,29,056-CS-1030F -000,Dixie Hwy,W Broadway (US 150),0,Bernheim Lane (US 31W),2.008,5174,2576.69322709,13,6.47410359,2.008,1,METRO,46.4823975419728
871,10536,5100,5199,SHEPHERDSVILLE RD, ,SHEPHERDSVILLE,RD, ,ARMSMERE,WAY, ,MANSFIELD,LN,LOUISVILLE,2,STATE,MINOR ARTERIAL,KY-2052,2.908,39,056-KY-2052  -000,Shepherdsville Rd,Fern Valley Rd (KY 1747),1.214,Hikes Lane (KY 2052),4.122,6742,2318.43191197,20,6.87757909,2.908,1,KYTC,627.651408280828
872,20036,4100,4199,S 3RD ST,S,3RD,ST,W,EVELYN,AVE,W,FAIRMONT,AVE,LOUISVILLE,15,METRO,MINOR ARTERIAL, ,2.667,34,056-CS-1013F -000,S 3rd St (CS-1013F),Southern Pkwy (KY 1020),0,W Kenwood Dr (CS-1257F),2.667,6840,2445.4772971,19,6.79299249,2.797,1,METRO,509.846422764983
873,24599,3450,3499,OUTER LOOP, ,OUTER,LOOP, ,I 65 RAMP, , ,BRIARCLIFF,RD,LOUISVILLE,24,STATE,MAJOR ARTERIAL,KY-1065,3.531,42,056-KY-1065  -000,Outer Loop,National Turnpike (KY 1020),2.514,Preston Hwy (KY 61),6.045,7853,2224.01585953,20,5.66411781,3.311,0.9376947,KYTC,713.215266297818
874,21198,2700,2799,NEWBURG RD, ,NEWBURG,RD, ,DUNDEE,RD, ,TARTAN,WAY,LOUISVILLE,10,STATE,MINOR ARTERIAL,KY-1703,2.593,30,056-KY-1703  -000,Newburg Rd,Bluegrass Park Dr (CS-1185G),1.25,Bellarmine Blvd (PS-1084G),3.843,6510.5,2510.79830312,18,6.94176629,1.066,0.41110683,KYTC,281.055467039342
875,20286,2800,2899,W HILL ST,W,HILL,ST,S,28TH,ST, ,CATALPA,ST,LOUISVILLE,1,METRO,PRIMARY COLLECTOR, ,1.034,51,056-CS-1016F -000,W Hill St,S 17th St (CS-1032F),1.527,Wilson Ave (CS-1025F),2.561,2010,1943.90715667,5,4.83558994,1.034,1,METRO,374.152028761789
876,20510,1130,1149,BARDSTOWN RD, ,BARDSTOWN,RD, ,ELLWOOD,AVE, ,PATTERSON,AVE,LOUISVILLE,8,STATE,MAJOR ARTERIAL,US-31E,5.8,16,056-US-0031E -000,Beuchel Byp / Bardstown Rd / Baxter Ave,Hikes Lane (KY 2052),10.974,E Main St (US 31E),16.774,17471,3012.24137931,41,7.1,1.878,0.3237931,KYTC,230.521930532108
877,22377,4000,4025,PRESTON HWY, ,PRESTON,HWY, ,BELMAR,DR, ,SHORT,ST,LOUISVILLE,21,STATE,MAJOR ARTERIAL,KY-61,7.502,9,056-KY-0061  -000,Preston Hwy,Cooper Chapel Rd / Commerce Crossings Dr (KY 6299),1.401,Hart Ave,8.903,25969,3461.61023727,77,10.26392962,4.884,0.65102639,KYTC,373.690404867775
878,31504,8102,8108,ST ANDREWS CHURCH RD, ,ST ANDREWS CHURCH,RD, ,OAKBURN,DR, ,SAND,DR,LOUISVILLE,12,STATE,MINOR ARTERIAL,KY-1931,9.06,24,056-KY-1931  -000,Greenwood Rd / St. Andrews Church Rd / Manslick Rd / 7th Street Rd,Terry Road (KY 1727),1.47,Algonquin Pkwy (KY 2054),10.53,24325,2684.8785872,73,8.05739514,7.024,0.77527594,KYTC,200.903176710845
879,16882,1105,1129,DIXIE HWY, ,DIXIE,HWY, ,GRAND,AVE, ,GALLAGHER,ST,LOUISVILLE,4,METRO,MINOR ARTERIAL, ,2.008,29,056-CS-1030F -000,Dixie Hwy,W Broadway (US 150),0,Bernheim Lane (US 31W),2.008,5174,2576.69322709,13,6.47410359,2.008,1,METRO,277.293254067896
880,19994,3700,3799,7TH STREET RD, ,7TH STREET,RD, ,BERRY,BLVD, ,NOBEL,PL,LOUISVILLE,3,STATE,MAJOR ARTERIAL,US-60A,3.157,4,056-US-0060A -000,7th Street Rd / Berry Blvd / Taylor Blvd / Winkler Ave,Dixie Hwy (US 31W),0,S 3rd St (KY 1020),3.157,13771,4362.05258156,37,11.71998733,3.157,1,KYTC,951.835516383653
881,29620,4776,4799,CANE RUN RD, ,CANE RUN,RD, ,ROCKFORD,LN, ,LEES,LN,LOUISVILLE,1,STATE,MAJOR ARTERIAL,KY-1934,11.502,21,056-KY-1934  -000,Greenbelt Hwy / Cane Run Rd,Gene Snyder Fwy (KY 841),0,Algonquin Pkwy (KY 2054),11.502,31389,2729.00365154,100,8.69414015,9.201,0.79994784,KYTC,292.116131896755
882,22300,4500,4514,CANE RUN RD, ,CANE RUN,RD, ,SHANKS,LN, ,COVENTRY COMMONS,DR,LOUISVILLE,1,STATE,MAJOR ARTERIAL,KY-1934,11.502,21,056-KY-1934  -000,Greenbelt Hwy / Cane Run Rd,Gene Snyder Fwy (KY 841),0,Algonquin Pkwy (KY 2054),11.502,31389,2729.00365154,100,8.69414015,9.201,0.79994784,KYTC,304.459804777248
883,30920,11500,11550,DIXIE HWY, ,DIXIE,HWY, ,KY-841 RAMP, , ,GREENBELT RAMP, ,LOUISVILLE,14,STATE,MAJOR ARTERIAL,US-31W,14.536,10,056-US-0031W -000,Dixie Hwy,Depot Lane,2.974,Bernheim Ln (US 31W),17.51,49906,3433,150,10.3,12.626,0.86860209,KYTC,536.275540119312
884,15363,1100,1199,W MARKET ST,W,MARKET,ST,S,11TH,ST,S,12TH,ST,LOUISVILLE,4,STATE,MAJOR ARTERIAL,US-31W,1.064,33,056-US-0031W -000,W Market St (US 31W),Dr W J Hodge St,20.292,Roy Wilkins Ave,21.356,6500,2472.42297452,18,6.84670978,2.629,1,KYTC,480.473013192468
885,26336,4300,4324,POPLAR LEVEL RD, ,POPLAR LEVEL,RD, ,I 264 RAMP, , ,BUNTON,RD,LOUISVILLE,10,STATE,MAJOR ARTERIAL,KY-864,7.117,41,056-KY-0864  -000,Poplar Level Rd,Fern Valley Rd (KY 1747),6.596,Eastern Pkwy (US 60A),13.713,16064,2257.13081355,44,6.18238022,4.725,0.66390333,KYTC,328.999267548422
886,33925,7756,7799,3RD STREET RD, ,3RD STREET,RD, ,VILLAGE PARK,WAY, ,MCNAIR,RD,LOUISVILLE,25,STATE,MINOR ARTERIAL,KY-907,4.91,50,056-KY-0907  -000,3rd Street Rd (KY 907),E Pages Ln / Highcrest Ave,2.09,National Turnpike (KY 1020),7,13188,2003.64630811,41,6.22910969,4.251,0.64585232,KYTC,318.786491796429
887,22438,4300,4329,S 3RD ST,S,3RD,ST,W,WHITNEY,AVE,W,LANSING,AVE,LOUISVILLE,21,METRO,MINOR ARTERIAL, ,2.667,34,056-CS-1013F -000,S 3rd St (CS-1013F),Southern Pkwy (KY 1020),0,W Kenwood Dr (CS-1257F),2.667,6840,2445.4772971,19,6.79299249,2.797,1,METRO,509.934264336519
888,21624,700,799,W MUHAMMAD ALI BLVD,W,MUHAMMAD ALI,BLVD,S,7TH,ST,S,8TH,ST,LOUISVILLE,4,METRO,MINOR ARTERIAL, ,1.454,22,056-CS-1001A -000,W Muhammad Ali Blvd,S 6th St (CS-1004F),0.455,S 22nd St (US 31W-001),1.909,3943.35,2712.07015131,9,6.18982118,1.454,1,METRO,479.921451211543
889,25957,3450,3499,NEWBURG RD, ,NEWBURG,RD, ,CHAMPIONS TRACE,LN, ,BLUEGRASS PARK,DR,WEST BUECHEL,10,STATE,MINOR ARTERIAL,KY-1703,2.593,30,056-KY-1703  -000,Newburg Rd,Bluegrass Park Dr (CS-1185G),1.25,Bellarmine Blvd (PS-1084G),3.843,6510.5,2510.79830312,18,6.94176629,1.066,0.41110683,KYTC,691.057688077765
890,10027,4000,4499,S HURSTBOURNE PKY,S,HURSTBOURNE,PKY, ,GREENHURST,DR, ,HURSTBOURNE CROSSINGS,DR,LOUISVILLE,26,STATE,MAJOR ARTERIAL,KY-1747,1.064,47,056-KY-1747  -000,S Hurstbourne Pkwy,Watterson Trl (CR-1004H),8.519,Six Mile Ln (CR-1002H),9.583,2196,2063.90977444,5,4.69924812,0,0,KYTC,949.303654223864
891,28503,12300,12399,GREENBELT HWY, ,GREENBELT,HWY, ,BETHANY,LN, ,LOWER RIVER,RD,LOUISVILLE,14,STATE,MAJOR ARTERIAL,KY-1934,11.502,21,056-KY-1934  -000,Greenbelt Hwy / Cane Run Rd,Gene Snyder Fwy (KY 841),0,Algonquin Pkwy (KY 2054),11.502,31389,2729.00365154,100,8.69414015,9.201,0.79994784,KYTC,2238.3814624385
892,16566,1000,1011,S 26TH ST,S,26TH,ST,W,KENTUCKY,ST,W,KENTUCKY,ST,LOUISVILLE,4,METRO,MINOR ARTERIAL, ,1.846,27,056-CS-1038F -000,S 26th St,W Main St (CS-1011A),0,Wilson Ave (CS-1025F),1.846,4784,2591.54929577,10,5.4,1.846,1,METRO,214.757612277772
893,21066,3000,3011,DIXIE HWY, ,DIXIE,HWY, ,ARGONNE,AVE, ,GAREY,LN,SHIVELY,3,STATE,MAJOR ARTERIAL,US-31W,14.536,10,056-US-0031W -000,Dixie Hwy,Depot Lane,2.974,Bernheim Ln (US 31W),17.51,49906,3433,150,10.3,12.626,0.86860209,KYTC,347.143434624963
894,19999,3420,3429,PRESTON HWY, ,PRESTON,HWY, ,LARUE,AVE, ,WOLFE,AVE,LOUISVILLE,21,STATE,MAJOR ARTERIAL,KY-61,7.502,9,056-KY-0061  -000,Preston Hwy,Cooper Chapel Rd / Commerce Crossings Dr (KY 6299),1.401,Hart Ave,8.903,25969,3461.61023727,77,10.26392962,4.884,0.65102639,KYTC,349.329737676311
895,21060,2900,2911,DIXIE HWY, ,DIXIE,HWY, ,DUBOURG,AVE, ,LONEY,LN,SHIVELY,3,STATE,MAJOR ARTERIAL,US-31W,14.536,10,056-US-0031W -000,Dixie Hwy,Depot Lane,2.974,Bernheim Ln (US 31W),17.51,49906,3433,150,10.3,12.626,0.86860209,KYTC,318.923288082498
896,25969,5048,5059,POPLAR LEVEL RD, ,POPLAR LEVEL,RD, ,POPLAR LEVEL,CT, ,SHADY VILLA,DR,LOUISVILLE,2,STATE,MAJOR ARTERIAL,KY-864,7.117,41,056-KY-0864  -000,Poplar Level Rd,Fern Valley Rd (KY 1747),6.596,Eastern Pkwy (US 60A),13.713,16064,2257.13081355,44,6.18238022,4.725,0.66390333,KYTC,386.885809738529
897,23994,5075,5099,POPLAR LEVEL RD, ,POPLAR LEVEL,RD, ,ROEDERER,DR, ,FREY,DR,LOUISVILLE,2,STATE,MAJOR ARTERIAL,KY-864,7.117,41,056-KY-0864  -000,Poplar Level Rd,Fern Valley Rd (KY 1747),6.596,Eastern Pkwy (US 60A),13.713,16064,2257.13081355,44,6.18238022,4.725,0.66390333,KYTC,277.655869634939
898,22290,4078,4099,CANE RUN RD, ,CANE RUN,RD, ,I 264 RAMP, , ,RICHELLE,DR,LOUISVILLE,3,STATE,MAJOR ARTERIAL,KY-1934,11.502,21,056-KY-1934  -000,Greenbelt Hwy / Cane Run Rd,Gene Snyder Fwy (KY 841),0,Algonquin Pkwy (KY 2054),11.502,31389,2729.00365154,100,8.69414015,9.201,0.79994784,KYTC,348.463391737568
899,27599,5000,5050,GREENWOOD RD, ,GREENWOOD,RD, ,KENTUCKY,AVE, ,DAISY,AVE,LOUISVILLE,12,STATE,MINOR ARTERIAL,KY-1931,9.06,24,056-KY-1931  -000,Greenwood Rd / St. Andrews Church Rd / Manslick Rd / 7th Street Rd,Terry Road (KY 1727),1.47,Algonquin Pkwy (KY 2054),10.53,24325,2684.8785872,73,8.05739514,7.024,0.77527594,KYTC,481.277118757024
900,8556,10200,10202,WESTPORT RD, ,WESTPORT,RD, ,GRAYSTONE MANOR,PKY, ,WESTPORT GREEN,PL,LOUISVILLE,17,STATE,MINOR ARTERIAL,KY-1447,5.078,18,056-KY-1447  -000,Westport Rd,I-264,1.96,Chamberlain Ln,7.038,14916,2937.37692005,45,8.8617566,0,0,KYTC,121.538297076477
901,18541,1425,1429,POPLAR LEVEL RD, ,POPLAR LEVEL,RD, ,CLARKS,LN, ,POPLAR LEVEL,PLZ,LOUISVILLE,10,STATE,MAJOR ARTERIAL,KY-864,7.117,41,056-KY-0864  -000,Poplar Level Rd,Fern Valley Rd (KY 1747),6.596,Eastern Pkwy (US 60A),13.713,16064,2257.13081355,44,6.18238022,4.725,0.66390333,KYTC,220.826357814663
902,29392,13013,13099,DIXIE HWY, ,DIXIE,HWY, ,STARDUST,DR, ,LANDSTAR,DR,LOUISVILLE,14,STATE,MAJOR ARTERIAL,US-31W,14.536,10,056-US-0031W -000,Dixie Hwy,Depot Lane,2.974,Bernheim Ln (US 31W),17.51,49906,3433,150,10.3,12.626,0.86860209,KYTC,327.922052072838
903,19751,3343,3399,TAYLOR BLVD, ,TAYLOR,BLVD, ,OLEANDA,AVE, ,CLARA,AVE,LOUISVILLE,15,STATE,MAJOR ARTERIAL,US-60A,3.157,4,056-US-0060A -000,7th Street Rd / Berry Blvd / Taylor Blvd / Winkler Ave,Dixie Hwy (US 31W),0,S 3rd St (KY 1020),3.157,13771,4362.05258156,37,11.71998733,3.157,1,KYTC,310.498519325468
904,15061,118,199,S 26TH ST,S,26TH,ST, ,PIRTLE,ST,W,MARKET,ST,LOUISVILLE,5,METRO,MINOR ARTERIAL, ,1.846,27,056-CS-1038F -000,S 26th St,W Main St (CS-1011A),0,Wilson Ave (CS-1025F),1.846,4784,2591.54929577,10,5.4,1.846,1,METRO,203.743440628771
905,29389,13000,13010,DIXIE HWY, ,DIXIE,HWY, ,BRUNER,LN, ,STARDUST,DR,LOUISVILLE,14,STATE,MAJOR ARTERIAL,US-31W,14.536,10,056-US-0031W -000,Dixie Hwy,Depot Lane,2.974,Bernheim Ln (US 31W),17.51,49906,3433,150,10.3,12.626,0.86860209,KYTC,362.299087248619
906,23913,5060,5069,POPLAR LEVEL RD, ,POPLAR LEVEL,RD, ,SHADY VILLA,DR, ,HANSES,DR,LOUISVILLE,2,STATE,MAJOR ARTERIAL,KY-864,7.117,41,056-KY-0864  -000,Poplar Level Rd,Fern Valley Rd (KY 1747),6.596,Eastern Pkwy (US 60A),13.713,16064,2257.13081355,44,6.18238022,4.725,0.66390333,KYTC,467.065497638615
907,16181,525,599,S 2ND ST,S,2ND,ST, ,GUTHRIE,ST,W,CHESTNUT,ST,LOUISVILLE,4,STATE,MAJOR ARTERIAL,KY-1020,0.6271,11,056-KY-1020  -000,S 2nd St,W Broadway (US 150),12.097,W Market St (US 31E/31W),12.7241,2102,3351.93749003,4,6.37856801,0.6271,1,KYTC,407.821216898886
908,15091,2400,2499,W MARKET ST,W,MARKET,ST,S,24TH,ST,S,25TH,ST,LOUISVILLE,5,METRO,MINOR ARTERIAL, ,1.565,33,056-CS-1006A -000,W Market St (CS-1006A),S 22nd St (US 31W-001),0,S 40th St (CS-1043F),1.565,6500,2472.42297452,18,6.84670978,2.629,1,METRO,379.250441671216
909,15111,200,214,S 26TH ST,S,26TH,ST,W,MARKET,ST, ,CONGRESS,ST,LOUISVILLE,5,METRO,MINOR ARTERIAL, ,1.846,27,056-CS-1038F -000,S 26th St,W Main St (CS-1011A),0,Wilson Ave (CS-1025F),1.846,4784,2591.54929577,10,5.4,1.846,1,METRO,229.794198861911
910,24294,7324,7399,SOUTHSIDE DR, ,SOUTHSIDE,DR, ,LILLIAN,WAY, ,NEW CUT,RD,LOUISVILLE,25,STATE,MINOR ARTERIAL,KY-907,4.91,50,056-KY-0907  -000,3rd Street Rd (KY 907),E Pages Ln / Highcrest Ave,2.09,National Turnpike (KY 1020),7,13188,2003.64630811,41,6.22910969,4.251,0.64585232,KYTC,822.939239125848
911,25283,9200,9399,PRESTON HWY, ,PRESTON,HWY,E,MANSLICK,RD, ,BOERSTE,WAY,LOUISVILLE,24,STATE,MAJOR ARTERIAL,KY-61,7.502,9,056-KY-0061  -000,Preston Hwy,Cooper Chapel Rd / Commerce Crossings Dr (KY 6299),1.401,Hart Ave,8.903,25969,3461.61023727,77,10.26392962,4.884,0.65102639,KYTC,1536.6157324987
912,20354,828,899,E BROADWAY,E,BROADWAY, , ,LOGAN,ST,S,CAMPBELL,ST,LOUISVILLE,4,STATE,MAJOR ARTERIAL,US-150,3.3535,1,056-US-0150  -000,Broadway,S 22nd St (US 31W-001),0.7405,Baxter Ave (US 31E),4.094,19419.4,5792,48,14.30913698,3.353,1,KYTC,204.102652311204
913,23915,6100,6199,PRESTON HWY, ,PRESTON,HWY, ,LACLEDE,LN, ,FOREST,DR,LOUISVILLE,2,STATE,MAJOR ARTERIAL,KY-61,7.502,9,056-KY-0061  -000,Preston Hwy,Cooper Chapel Rd / Commerce Crossings Dr (KY 6299),1.401,Hart Ave,8.903,25969,3461.61023727,77,10.26392962,4.884,0.65102639,KYTC,394.212202005171
914,18365,2100,2109,DIXIE HWY, ,DIXIE,HWY, ,BERNHEIM,LN, ,OREGON,AVE,LOUISVILLE,3,STATE,MAJOR ARTERIAL,US-31W,14.536,10,056-US-0031W -000,Dixie Hwy,Depot Lane,2.974,Bernheim Ln (US 31W),17.51,49906,3433,150,10.3,12.626,0.86860209,KYTC,150.074501752777
915,25197,8700,8799,3RD STREET RD, ,3RD STREET,RD, ,WINDSOR PARK,DR, ,LAKERIDGE,DR,LOUISVILLE,25,STATE,MINOR ARTERIAL,KY-907,4.91,50,056-KY-0907  -000,3rd Street Rd (KY 907),E Pages Ln / Highcrest Ave,2.09,National Turnpike (KY 1020),7,13188,2003.64630811,41,6.22910969,4.251,0.64585232,KYTC,1561.74111179198
916,21548,980,999,W MARKET ST,W,MARKET,ST, ,I 64 RAMP, ,S,10TH,ST,LOUISVILLE,4,STATE,MAJOR ARTERIAL,US-31W,1.064,33,056-US-0031W -000,W Market St (US 31W),Dr W J Hodge St,20.292,Roy Wilkins Ave,21.356,6500,2472.42297452,18,6.84670978,2.629,1,KYTC,144.759394260139
917,14559,431,435,N 22ND ST,N,22ND,ST, ,ST XAVIER,ST, ,GILLIGAN,ST,LOUISVILLE,5,STATE,MAJOR ARTERIAL,US-150,0.741,15,056-US-0150  -000,N 22nd St,Northwestern Pkwy,0,W Main St (US 31W-001),0.741,2292,3093.11740891,6,8.09716599,0.49,0.66126856,KYTC,248.792874981327
918,5362,2500,2512,HIKES LN, ,HIKES,LN, ,CHEVY CHASE,RD, ,DOWNING,WAY,LOUISVILLE,26,METRO,MINOR ARTERIAL, ,2.399,36,056-CR-1002G -000,Hikes Lane,Buechel Byp (US 31E),0.797,Taylorsville Rd (KY 155),3.196,5776,2407.66986244,15,6.25260525,0.191,0.07961651,METRO,431.672637538189
919,23449,5012,5099,SOUTHSIDE DR, ,SOUTHSIDE,DR, ,COLONIAL OAKS,CT,W,KINGSTON,AVE,LOUISVILLE,21,STATE,MINOR ARTERIAL,KY-1020,1.672,50,056-KY-1020  -000,Southside Dr (KY 907/1020),National Turnpike (KY 1020),5.7,W Tenny Ave (KY 1020),7.372,13188,2003.64630811,41,6.22910969,4.251,0.64585232,KYTC,239.135226830237
920,17985,100,118,W HILL ST,W,HILL,ST,S,1ST,ST, ,TIN PAN,ALY,LOUISVILLE,6,METRO,MINOR ARTERIAL, ,0.662,25,056-CS-1016F -000,W Hill St (CS-1016F),S 1st St (CS-1002F),0,S 7th St (CS-1011F),0.662,2714,2658.17825661,6,5.87659158,1.021,1,METRO,239.854247985016
921,20570,1295,1299,BARDSTOWN RD, ,BARDSTOWN,RD, ,LONGEST,AVE, ,ROSEWOOD,AVE,LOUISVILLE,8,STATE,MAJOR ARTERIAL,US-31E,5.8,16,056-US-0031E -000,Beuchel Byp / Bardstown Rd / Baxter Ave,Hikes Lane (KY 2052),10.974,E Main St (US 31E),16.774,17471,3012.24137931,41,7.1,1.878,0.3237931,KYTC,101.699938727534
922,14446,2437,2235,BANK ST, ,BANK,ST,N,24TH,ST,N,24TH,ST,LOUISVILLE,5,STATE,MINOR ARTERIAL,KY-3082,0.822,52,056-KY-3082  -000,Bank St,N 30th St (CS-1054A),0.716,N 22nd St (US 150),1.538,1575,1916.05839416,5,6.08272506,0.822,1,KYTC,492.639399688048
923,27595,5051,5099,GREENWOOD RD, ,GREENWOOD,RD, ,DAISY,AVE, ,NANCY,LN,LOUISVILLE,14,STATE,MINOR ARTERIAL,KY-1931,9.06,24,056-KY-1931  -000,Greenwood Rd / St. Andrews Church Rd / Manslick Rd / 7th Street Rd,Terry Road (KY 1727),1.47,Algonquin Pkwy (KY 2054),10.53,24325,2684.8785872,73,8.05739514,7.024,0.77527594,KYTC,114.834300543217
924,23655,5706,5799,SOUTHSIDE DR, ,SOUTHSIDE,DR, ,ORDNANCE,DR, ,INVERNESS,AVE,LOUISVILLE,25,STATE,MINOR ARTERIAL,KY-1020,1.672,50,056-KY-1020  -000,Southside Dr (KY 907/1020),National Turnpike (KY 1020),5.7,W Tenny Ave (KY 1020),7.372,13188,2003.64630811,41,6.22910969,4.251,0.64585232,KYTC,155.152983475182
925,9343,3900,3940,SHELBYVILLE RD, ,SHELBYVILLE,RD, ,CHENOWETH,LN, ,MERIDIAN,AVE,ST MATTHEWS,9,STATE,MAJOR ARTERIAL,US-60,0.638,6,056-US-0060  -000,Shelbyville Rd,Lexington Rd (US 60A),3.482,Thierman Ln (CS-1098B),4.12,2413,3782.13166144,7,10.97178683,0,0,KYTC,579.363006470848
926,16293,900,999,W BROADWAY,W,BROADWAY, , ,ROY WILKINS,AVE,S,10TH,ST,LOUISVILLE,4,STATE,MAJOR ARTERIAL,US-150,3.3535,1,056-US-0150  -000,Broadway,S 22nd St (US 31W-001),0.7405,Baxter Ave (US 31E),4.094,19419.4,5792,48,14.30913698,3.353,1,KYTC,527.700630889536
927,9348,4050,4074,SHELBYVILLE RD, ,SHELBYVILLE,RD,S,SHERRIN,AVE, ,RIDGEWAY,AVE,ST MATTHEWS,9,STATE,MAJOR ARTERIAL,US-60,0.638,6,056-US-0060  -000,Shelbyville Rd,Lexington Rd (US 60A),3.482,Thierman Ln (CS-1098B),4.12,2413,3782.13166144,7,10.97178683,0,0,KYTC,76.5458799970797
928,24568,3000,3099,OUTER LOOP, ,OUTER,LOOP, ,I 65 RAMP, , ,I 65 RAMP, ,LOUISVILLE,13,STATE,MAJOR ARTERIAL,KY-1065,3.531,42,056-KY-1065  -000,Outer Loop,National Turnpike (KY 1020),2.514,Preston Hwy (KY 61),6.045,7853,2224.01585953,20,5.66411781,3.311,0.9376947,KYTC,563.543256353341
929,9345,4000,4006,SHELBYVILLE RD, ,SHELBYVILLE,RD, ,ST MATTHEWS,AVE, ,FAIRFAX,AVE,ST MATTHEWS,9,STATE,MAJOR ARTERIAL,US-60,0.638,6,056-US-0060  -000,Shelbyville Rd,Lexington Rd (US 60A),3.482,Thierman Ln (CS-1098B),4.12,2413,3782.13166144,7,10.97178683,0,0,KYTC,333.912045164966
930,26364,2300,2499,FERN VALLEY RD, ,FERN VALLEY,RD, ,I 65 RAMP, , ,I 65 RAMP, ,LOUISVILLE,21,STATE,MINOR ARTERIAL,KY-1747,4.046,26,056-KY-1747  -000,Fern Valley Rd,Grade Ln (CR-1001G),0,Shepherdsville Rd (KY 2052),4.046,10717,2648.78892734,29,7.16757291,3.47,0.85763717,KYTC,563.108985396367
931,15781,234,200,E JEFFERSON ST,E,JEFFERSON,ST, ,NO STREET NAME, , ,I 65 RAMP, ,LOUISVILLE,4,METRO,MINOR ARTERIAL, ,1.05,43,056-CS-1014B -000,E Jefferson St,Baxter Ave (US 31E),0,S 1st St (CS-1002F),1.05,2331,2220,6,5.71428571,1.05,1,METRO,336.819394476211
932,4922,2910,2924,HIKES LN, ,HIKES,LN, ,BRIARBRIDGE,LN, ,NOE,WAY,LOUISVILLE,26,METRO,MINOR ARTERIAL, ,2.399,36,056-CR-1002G -000,Hikes Lane,Buechel Byp (US 31E),0.797,Taylorsville Rd (KY 155),3.196,5776,2407.66986244,15,6.25260525,0.191,0.07961651,METRO,271.512693391778
933,18327,2000,2099,DIXIE HWY, ,DIXIE,HWY, ,DIXDALE,AVE, ,BERNHEIM,LN,LOUISVILLE,3,METRO,MINOR ARTERIAL, ,2.008,29,056-CS-1030F -000,Dixie Hwy,W Broadway (US 150),0,Bernheim Lane (US 31W),2.008,5174,2576.69322709,13,6.47410359,2.008,1,METRO,289.899069640332
934,15192,1200,1299,W MAIN ST,W,MAIN,ST,S,12TH,ST,S,13TH,ST,LOUISVILLE,4,STATE,MAJOR ARTERIAL,US-31W,1.751,45,056-US-0031W -001,W Main St,N 22nd St (US 150),20.345,S 2nd St (US 31),22.096,3743,2137.63563678,10,5.71102227,1.751,1,KYTC,480.624499521924
935,23643,5700,6099,S 3RD ST,S,3RD,ST, ,GHEENS,AVE, ,INVERNESS,AVE,LOUISVILLE,21,METRO,PRIMARY COLLECTOR, ,2.667,34,056-CS-1013F -000,S 3rd St (CS-1013F),Southern Pkwy (KY 1020),0,W Kenwood Dr (CS-1257F),2.667,6840,2445.4772971,19,6.79299249,2.797,1,METRO,341.574138247068
936,17748,1600,1601,DIXIE HWY, ,DIXIE,HWY,W,GAULBERT,AVE,W,GAULBERT,AVE,LOUISVILLE,6,METRO,MINOR ARTERIAL, ,2.008,29,056-CS-1030F -000,Dixie Hwy,W Broadway (US 150),0,Bernheim Lane (US 31W),2.008,5174,2576.69322709,13,6.47410359,2.008,1,METRO,55.3202678161449
937,17434,1400,1439,S 22ND ST,S,22ND,ST, ,WOODLAND,AVE, ,STANDARD,AVE,LOUISVILLE,6,STATE,MAJOR ARTERIAL,US-31W,1.145,8,056-US-0031W -000,S 22nd St / Bernheim Ln,Dixie Hwy (CS-1030F),17.51,Dumesnil St (CS-1010F),18.655,4100,3580.7860262,11,9.6069869,1.145,1,KYTC,508.433246572041
938,18203,1700,1749,ALGONQUIN PKY, ,ALGONQUIN,PKY, ,MCCLOSKEY,AVE, ,DE SOTO,TER,LOUISVILLE,3,STATE,MAJOR ARTERIAL,KY-2054,1.762,13,056-KY-2054  -000,Algonquin Pkwy,S 22nd St (US 31W),1.504,Winkler Ave (US 60A),3.266,5638.85,3200.2553916,15,8.51305335,1.762,1,KYTC,246.390101645871
939,19864,3343,3344,PRESTON HWY, ,PRESTON,HWY, ,UNION,AVE, ,MANNING,RD,LOUISVILLE,21,STATE,MAJOR ARTERIAL,KY-61,7.502,9,056-KY-0061  -000,Preston Hwy,Cooper Chapel Rd / Commerce Crossings Dr (KY 6299),1.401,Hart Ave,8.903,25969,3461.61023727,77,10.26392962,4.884,0.65102639,KYTC,70.0509022515057
940,14318,2933,2900,BANK ST, ,BANK,ST,N,29TH,ST, ,BANK,CT,LOUISVILLE,5,STATE,MINOR ARTERIAL,KY-3082,0.822,52,056-KY-3082  -000,Bank St,N 30th St (CS-1054A),0.716,N 22nd St (US 150),1.538,1575,1916.05839416,5,6.08272506,0.822,1,KYTC,410.590418785593
941,16811,1100,1115,S 26TH ST,S,26TH,ST, ,GRAND,AVE, ,OSAGE,AVE,LOUISVILLE,1,METRO,MINOR ARTERIAL, ,1.846,27,056-CS-1038F -000,S 26th St,W Main St (CS-1011A),0,Wilson Ave (CS-1025F),1.846,4784,2591.54929577,10,5.4,1.846,1,METRO,235.229851358862
942,20987,500,508,BAXTER AVE, ,BAXTER,AVE, ,BARRET,AVE, ,HULL,ST,LOUISVILLE,9,STATE,MAJOR ARTERIAL,US-31E,5.8,16,056-US-0031E -000,Beuchel Byp / Bardstown Rd / Baxter Ave,Hikes Lane (KY 2052),10.974,E Main St (US 31E),16.774,17471,3012.24137931,41,7.1,1.878,0.3237931,KYTC,208.684295110884
943,19702,3500,3503,DIXIE HWY, ,DIXIE,HWY, ,FARNSLEY,RD, ,BACHMANN,DR,SHIVELY,3,STATE,MAJOR ARTERIAL,US-31W,14.536,10,056-US-0031W -000,Dixie Hwy,Depot Lane,2.974,Bernheim Ln (US 31W),17.51,49906,3433,150,10.3,12.626,0.86860209,KYTC,134.986689158598
944,10685,5300,5399,SHEPHERDSVILLE RD, ,SHEPHERDSVILLE,RD, ,REGENT,WAY, ,RURAL,WAY,LOUISVILLE,2,STATE,MINOR ARTERIAL,KY-2052,2.908,39,056-KY-2052  -000,Shepherdsville Rd,Fern Valley Rd (KY 1747),1.214,Hikes Lane (KY 2052),4.122,6742,2318.43191197,20,6.87757909,2.908,1,KYTC,1049.20673553723
945,4618,1900,1904,S HURSTBOURNE PKY,S,HURSTBOURNE,PKY, ,BUNSEN,PKY, ,HURSTBOURNE,CIR,LOUISVILLE,11,STATE,MAJOR ARTERIAL,KY-1747,1.476,19,056-KY-1747  -000,S Hurstbourne Pkwy,Taylorsville Rd (KY 155),10.991,Linn Station Rd (CS-1004H),12.467,4274,2895.66395664,7,4.74254743,0,0,KYTC,356.196682039903
946,15102,1800,1899,W MAIN ST,W,MAIN,ST,N,18TH,ST,N,19TH,ST,LOUISVILLE,5,STATE,MAJOR ARTERIAL,US-31W,1.751,45,056-US-0031W -001,W Main St,N 22nd St (US 150),20.345,S 2nd St (US 31),22.096,3743,2137.63563678,10,5.71102227,1.751,1,KYTC,478.30194505228
947,10911,5163,5179,POPLAR LEVEL RD, ,POPLAR LEVEL,RD, ,EMERALD,DR, ,MADDIX,LN,LOUISVILLE,2,STATE,MAJOR ARTERIAL,KY-864,7.117,41,056-KY-0864  -000,Poplar Level Rd,Fern Valley Rd (KY 1747),6.596,Eastern Pkwy (US 60A),13.713,16064,2257.13081355,44,6.18238022,4.725,0.66390333,KYTC,701.073797355929
948,32925,3232,3243,HIKES LN, ,HIKES,LN, ,EL PATIO,PL, ,EL PATIO,PL,LOUISVILLE,26,METRO,MINOR ARTERIAL, ,2.399,36,056-CR-1002G -000,Hikes Lane,Buechel Byp (US 31E),0.797,Taylorsville Rd (KY 155),3.196,5776,2407.66986244,15,6.25260525,0.191,0.07961651,METRO,273.355565155646
949,4650,1960,1999,S HURSTBOURNE PKY,S,HURSTBOURNE,PKY, ,HURSTBOURNE,CIR, ,HURSTBOURNE,LN,LOUISVILLE,11,STATE,MAJOR ARTERIAL,KY-1747,1.476,19,056-KY-1747  -000,S Hurstbourne Pkwy,Taylorsville Rd (KY 155),10.991,Linn Station Rd (CS-1004H),12.467,4274,2895.66395664,7,4.74254743,0,0,KYTC,299.200921553937
950,21083,1500,1539,BERRY BLVD, ,BERRY,BLVD, ,WHEELER,AVE, ,POWELL,AVE,LOUISVILLE,15,STATE,MINOR ARTERIAL,US-60A,3.157,4,056-US-0060A -000,7th Street Rd / Berry Blvd / Taylor Blvd / Winkler Ave,Dixie Hwy (US 31W),0,S 3rd St (KY 1020),3.157,13771,4362.05258156,37,11.71998733,3.157,1,KYTC,575.55704081052
951,17888,600,699,W HILL ST,W,HILL,ST,S,6TH,ST,S,7TH,ST,LOUISVILLE,6,METRO,MINOR ARTERIAL, ,0.662,25,056-CS-1016F -000,W Hill St (CS-1016F),S 1st St (CS-1002F),0,S 7th St (CS-1011F),0.662,2714,2658.178257,6,5.876592,1.021,1,METRO,1095.34644205612
952,20284,2900,2999,W HILL ST,W,HILL,ST, ,CATALPA,ST, ,WILSON,AVE,LOUISVILLE,1,METRO,PRIMARY COLLECTOR, ,1.034,51,056-CS-1016F -000,W Hill St,S 17th St (CS-1032F),1.527,Wilson Ave (CS-1025F),2.561,2010,1943.90715667,5,4.83558994,1.034,1,METRO,234.754138319633
953,19565,3238,3249,TAYLOR BLVD, ,TAYLOR,BLVD, ,THORNBERRY,AVE, ,PHYLLIS,AVE,LOUISVILLE,3,STATE,MAJOR ARTERIAL,US-60A,3.157,4,056-US-0060A -000,7th Street Rd / Berry Blvd / Taylor Blvd / Winkler Ave,Dixie Hwy (US 31W),0,S 3rd St (KY 1020),3.157,13771,4362.05258156,37,11.71998733,3.157,1,KYTC,243.209283996388
954,31503,8000,8101,ST ANDREWS CHURCH RD, ,ST ANDREWS CHURCH,RD, ,GAYMONT,DR, ,OAKBURN,DR,LOUISVILLE,12,STATE,MINOR ARTERIAL,KY-1931,9.06,24,056-KY-1931  -000,Greenwood Rd / St. Andrews Church Rd / Manslick Rd / 7th Street Rd,Terry Road (KY 1727),1.47,Algonquin Pkwy (KY 2054),10.53,24325,2684.8785872,73,8.05739514,7.024,0.77527594,KYTC,1200.94392911673
955,18682,2302,2399,DIXIE HWY, ,DIXIE,HWY, ,WATHEN,LN, ,FUST,AVE,LOUISVILLE,3,STATE,MAJOR ARTERIAL,US-31W,14.536,10,056-US-0031W -000,Dixie Hwy,Depot Lane,2.974,Bernheim Ln (US 31W),17.51,49906,3433,150,10.3,12.626,0.86860209,KYTC,298.376110901985
956,17597,1442,1465,DIXIE HWY, ,DIXIE,HWY,W,BURNETT,AVE, ,BOLLING,AVE,LOUISVILLE,6,METRO,MINOR ARTERIAL, ,2.008,29,056-CS-1030F -000,Dixie Hwy,W Broadway (US 150),0,Bernheim Lane (US 31W),2.008,5174,2576.69322709,13,6.47410359,2.008,1,METRO,329.314763805278
957,30883,4319,4405,CANE RUN RD, ,CANE RUN,RD, ,CRUMS,LN, ,KRISTIN,WAY,LOUISVILLE,1,STATE,MAJOR ARTERIAL,KY-1934,11.502,21,056-KY-1934  -000,Greenbelt Hwy / Cane Run Rd,Gene Snyder Fwy (KY 841),0,Algonquin Pkwy (KY 2054),11.502,31389,2729.00365154,100,8.69414015,9.201,0.79994784,KYTC,912.30106778478
958,14691,332,399,N 22ND ST,N,22ND,ST, ,GARFIELD,AVE, ,GRIFFITHS,AVE,LOUISVILLE,5,STATE,MAJOR ARTERIAL,US-150,0.741,15,056-US-0150  -000,N 22nd St,Northwestern Pkwy,0,W Main St (US 31W-001),0.741,2292,3093.11740891,6,8.09716599,0.49,0.66126856,KYTC,223.295527290209
959,21314,2725,2727,BARDSTOWN RD, ,BARDSTOWN,RD, ,EMERSON,AVE, ,WINSTON,AVE,LOUISVILLE,8,STATE,MAJOR ARTERIAL,US-31E,5.8,16,056-US-0031E -000,Beuchel Byp / Bardstown Rd / Baxter Ave,Hikes Lane (KY 2052),10.974,E Main St (US 31E),16.774,17471,3012.24137931,41,7.1,1.878,0.3237931,KYTC,304.930027792502
960,8708,3307,3325,HIKES LN, ,HIKES,LN, ,EL CONQUISTADOR,PL, ,BRECKENRIDGE,LN,LOUISVILLE,26,METRO,MINOR ARTERIAL, ,2.399,36,056-CR-1002G -000,Hikes Lane,Buechel Byp (US 31E),0.797,Taylorsville Rd (KY 155),3.196,5776,2407.66986244,15,6.25260525,0.191,0.07961651,METRO,660.766037689637
961,30921,11600,11699,DIXIE HWY, ,DIXIE,HWY, ,KY-841 RAMP, , ,MOORMAN,RD,LOUISVILLE,14,STATE,MAJOR ARTERIAL,US-31W,14.536,10,056-US-0031W -000,Dixie Hwy,Depot Lane,2.974,Bernheim Ln (US 31W),17.51,49906,3433,150,10.3,12.626,0.86860209,KYTC,1890.01259548673
962,17548,1400,1441,DIXIE HWY, ,DIXIE,HWY, ,STANDARD,AVE,W,BURNETT,AVE,LOUISVILLE,6,METRO,MINOR ARTERIAL, ,2.008,29,056-CS-1030F -000,Dixie Hwy,W Broadway (US 150),0,Bernheim Lane (US 31W),2.008,5174,2576.69322709,13,6.47410359,2.008,1,METRO,335.758722463704
963,5327,2513,2599,HIKES LN, ,HIKES,LN, ,DOWNING,WAY, ,WILLMAR,AVE,LOUISVILLE,10,METRO,MINOR ARTERIAL, ,2.399,36,056-CR-1002G -000,Hikes Lane,Buechel Byp (US 31E),0.797,Taylorsville Rd (KY 155),3.196,5776,2407.66986244,15,6.25260525,0.191,0.07961651,METRO,438.92436169643
964,9346,4007,4024,SHELBYVILLE RD, ,SHELBYVILLE,RD, ,FAIRFAX,AVE,N,SHERRIN,AVE,ST MATTHEWS,9,STATE,MAJOR ARTERIAL,US-60,0.638,6,056-US-0060  -000,Shelbyville Rd,Lexington Rd (US 60A),3.482,Thierman Ln (CS-1098B),4.12,2413,3782.13166144,7,10.97178683,0,0,KYTC,292.533539472789
965,29621,4800,4819,CANE RUN RD, ,CANE RUN,RD, ,LEES,LN, ,ROCKAWAY,DR,LOUISVILLE,1,STATE,MAJOR ARTERIAL,KY-1934,11.502,21,056-KY-1934  -000,Greenbelt Hwy / Cane Run Rd,Gene Snyder Fwy (KY 841),0,Algonquin Pkwy (KY 2054),11.502,31389,2729.00365154,100,8.69414015,9.201,0.79994784,KYTC,548.586127388735
966,24326,7400,7422,3RD STREET RD, ,3RD STREET,RD, ,NEW CUT,RD, ,SHOREWOOD,DR,LOUISVILLE,25,STATE,MINOR ARTERIAL,KY-907,4.91,50,056-KY-0907  -000,3rd Street Rd (KY 907),E Pages Ln / Highcrest Ave,2.09,National Turnpike (KY 1020),7,13188,2003.64630811,41,6.22910969,4.251,0.64585232,KYTC,480.208991774675
967,29084,7734,7799,ST ANDREWS CHURCH RD, ,ST ANDREWS CHURCH,RD, ,BROOKVIEW,DR, ,BLANTON,LN,LOUISVILLE,12,STATE,MINOR ARTERIAL,KY-1931,9.06,24,056-KY-1931  -000,Greenwood Rd / St. Andrews Church Rd / Manslick Rd / 7th Street Rd,Terry Road (KY 1727),1.47,Algonquin Pkwy (KY 2054),10.53,24325,2684.8785872,73,8.05739514,7.024,0.77527594,KYTC,328.655251770727
968,17733,1500,1599,DIXIE HWY, ,DIXIE,HWY,W,HILL,ST,W,GAULBERT,AVE,LOUISVILLE,6,METRO,MINOR ARTERIAL, ,2.008,29,056-CS-1030F -000,Dixie Hwy,W Broadway (US 150),0,Bernheim Lane (US 31W),2.008,5174,2576.69322709,13,6.47410359,2.008,1,METRO,285.121143638674
969,5021,2841,2849,HIKES LN, ,HIKES,LN, ,ALGIERS,CT, ,GREENWICH,RD,LOUISVILLE,10,METRO,MINOR ARTERIAL, ,2.399,36,056-CR-1002G -000,Hikes Lane,Buechel Byp (US 31E),0.797,Taylorsville Rd (KY 155),3.196,5776,2407.66986244,15,6.25260525,0.191,0.07961651,METRO,505.039942774632
970,22297,4300,4318,CANE RUN RD, ,CANE RUN,RD, ,HARTLAGE,CT, ,CRUMS,LN,LOUISVILLE,1,STATE,MAJOR ARTERIAL,KY-1934,11.502,21,056-KY-1934  -000,Greenbelt Hwy / Cane Run Rd,Gene Snyder Fwy (KY 841),0,Algonquin Pkwy (KY 2054),11.502,31389,2729.00365154,100,8.69414015,9.201,0.79994784,KYTC,557.49976965382
971,26950,2028,2112,ROCKFORD LN, ,ROCKFORD,LN, ,LYNN LEA,RD, ,DOHN,RD,SHIVELY,12,STATE,MINOR ARTERIAL,KY-2051,1.975,14,056-KY-2051  -000,Rockford Ln,Dixie Hwy (US 31W),0,Cane Run Rd (KY 1934),1.975,6318,3198.98734177,20,10.12658228,1.975,1,KYTC,661.428357008273
972,8565,9700,9899,WESTPORT RD, ,WESTPORT,RD,N,HURSTBOURNE,PKY, ,CREEKSIDE,DR,LOUISVILLE,17,STATE,MINOR ARTERIAL,KY-1447,5.078,18,056-KY-1447  -000,Westport Rd,I-264,1.96,Chamberlain Ln,7.038,14916,2937.37692005,45,8.8617566,0,0,KYTC,1250.75356927153
973,29250,10500,10609,DIXIE HWY, ,DIXIE,HWY, ,ASHBY,LN, ,BROWNS PARK,CIR,LOUISVILLE,25,STATE,MAJOR ARTERIAL,US-31W,14.536,10,056-US-0031W -000,Dixie Hwy,Depot Lane,2.974,Bernheim Ln (US 31W),17.51,49906,3433,150,10.3,12.626,0.86860209,KYTC,902.45428646691
974,28969,6902,7099,DIXIE HWY, ,DIXIE,HWY, ,CRAWFORD,AVE, ,WELLS,DR,LOUISVILLE,12,STATE,MAJOR ARTERIAL,US-31W,14.536,10,056-US-0031W -000,Dixie Hwy,Depot Lane,2.974,Bernheim Ln (US 31W),17.51,49906,3433,150,10.3,12.626,0.86860209,KYTC,898.533012792588
975,25791,4023,4024,TAYLOR BLVD, ,TAYLOR,BLVD, ,MANITAU,AVE, ,CARRICO,AVE,LOUISVILLE,15,STATE,MAJOR ARTERIAL,KY-1865,5.273,5,056-KY-1865  -000,Taylor Blvd / New Cut Rd,Gene Snyder Fwy (KY 841),0.92,Berry Blvd (US 60A),6.193,20222,3835.00853404,51,9.67191352,4.556,0.86402427,KYTC,64.976946645041
976,22986,4565,4599,POPLAR LEVEL RD, ,POPLAR LEVEL,RD, ,WILLOW,DR, ,GILMORE,LN,LOUISVILLE,10,STATE,MAJOR ARTERIAL,KY-864,7.117,41,056-KY-0864  -000,Poplar Level Rd,Fern Valley Rd (KY 1747),6.596,Eastern Pkwy (US 60A),13.713,16064,2257.13081355,44,6.18238022,4.725,0.66390333,KYTC,470.466622581211
977,25330,9500,9549,PRESTON HWY, ,PRESTON,HWY, ,I 265 RAMP, , ,I 265 RAMP, ,LOUISVILLE,24,STATE,MAJOR ARTERIAL,KY-61,7.502,9,056-KY-0061  -000,Preston Hwy,Cooper Chapel Rd / Commerce Crossings Dr (KY 6299),1.401,Hart Ave,8.903,25969,3461.61023727,77,10.26392962,4.884,0.65102639,KYTC,286.832370074182
978,24111,7300,7313,ST ANDREWS CHURCH RD, ,ST ANDREWS CHURCH,RD, ,PALATKA,RD, ,PENNACOOK,RD,LOUISVILLE,12,STATE,MINOR ARTERIAL,KY-1931,9.06,24,056-KY-1931  -000,Greenwood Rd / St. Andrews Church Rd / Manslick Rd / 7th Street Rd,Terry Road (KY 1727),1.47,Algonquin Pkwy (KY 2054),10.53,24325,2684.8785872,73,8.05739514,7.024,0.77527594,KYTC,408.535403076143
979,38019,1910,1999,FERN VALLEY RD, ,FERN VALLEY,RD, ,WEST,DR, ,BEANBLOSSOM,RD,LOUISVILLE,21,STATE,MINOR ARTERIAL,KY-1747,4.046,26,056-KY-1747  -000,Fern Valley Rd,Grade Ln (CR-1001G),0,Shepherdsville Rd (KY 2052),4.046,10717,2648.78892734,29,7.16757291,3.47,0.85763717,KYTC,539.244808042419
980,25174,8403,8699,3RD STREET RD, ,3RD STREET,RD, ,HERBERT,LN, ,WINDSOR PARK,DR,LOUISVILLE,25,STATE,MINOR ARTERIAL,KY-907,4.91,50,056-KY-0907  -000,3rd Street Rd (KY 907),E Pages Ln / Highcrest Ave,2.09,National Turnpike (KY 1020),7,13188,2003.64630811,41,6.22910969,4.251,0.64585232,KYTC,1578.59157330706
981,25206,8800,8899,3RD STREET RD, ,3RD STREET,RD, ,LAKERIDGE,DR, ,LAMBORNE,BLVD,LOUISVILLE,25,STATE,MINOR ARTERIAL,KY-907,4.91,50,056-KY-0907  -000,3rd Street Rd (KY 907),E Pages Ln / Highcrest Ave,2.09,National Turnpike (KY 1020),7,13188,2003.64630811,41,6.22910969,4.251,0.64585232,KYTC,500.851527265692
982,25203,8900,8999,3RD STREET RD, ,3RD STREET,RD, ,LAMBORNE,BLVD, ,MITCHELL,LN,LOUISVILLE,12,STATE,MINOR ARTERIAL,KY-907,4.91,50,056-KY-0907  -000,3rd Street Rd (KY 907),E Pages Ln / Highcrest Ave,2.09,National Turnpike (KY 1020),7,13188,2003.64630811,41,6.22910969,4.251,0.64585232,KYTC,753.742073438266
983,25647,7618,7640,3RD STREET RD, ,3RD STREET,RD, ,TWIN WILLOWS,LN, ,CARTLEDGE,CT,LOUISVILLE,25,STATE,MINOR ARTERIAL,KY-907,4.91,50,056-KY-0907  -000,3rd Street Rd (KY 907),E Pages Ln / Highcrest Ave,2.09,National Turnpike (KY 1020),7,13188,2003.64630811,41,6.22910969,4.251,0.64585232,KYTC,908.083034574069
984,26352,4325,4339,POPLAR LEVEL RD, ,POPLAR LEVEL,RD, ,BUNTON,RD, ,SANITA,RD,LOUISVILLE,10,STATE,MAJOR ARTERIAL,KY-864,7.117,41,056-KY-0864  -000,Poplar Level Rd,Fern Valley Rd (KY 1747),6.596,Eastern Pkwy (US 60A),13.713,16064,2257.13081355,44,6.18238022,4.725,0.66390333,KYTC,392.348419151034
985,8485,4960,4999,U S HIGHWAY 42, ,U S HIGHWAY 42, , ,GLEN EAGLE,DR, ,LIME KILN,LN,NORTHFIELD,7,STATE,MAJOR ARTERIAL,US-42,0.985,44,056-US-0042  -000,Brownsboro Rd / US 42,I-264,5.81,Seminary Dr (KY 22C),6.795,2172,2205.07614213,7,7.10659898,0,0,KYTC,1034.43263754325
986,21098,3520,3529,TAYLOR BLVD, ,TAYLOR,BLVD, ,CONN,ST, ,HATHAWAY,AVE,LOUISVILLE,15,STATE,MAJOR ARTERIAL,KY-1865,5.273,5,056-KY-1865  -000,Taylor Blvd / New Cut Rd,Gene Snyder Fwy (KY 841),0.92,Berry Blvd (US 60A),6.193,20222,3835.00853404,51,9.67191352,4.556,0.86402427,KYTC,124.827208697663
987,19747,3250,3279,NEWBURG RD, ,NEWBURG,RD, ,I 264 RAMP, , ,I 264 RAMP, ,LOUISVILLE,10,STATE,MINOR ARTERIAL,KY-1703,2.593,30,056-KY-1703  -000,Newburg Rd,Bluegrass Park Dr (CS-1185G),1.25,Bellarmine Blvd (PS-1084G),3.843,6510.5,2510.79830312,18,6.94176629,1.066,0.41110683,KYTC,393.765246333793
988,17489,1370,1399,DIXIE HWY, ,DIXIE,HWY, ,ST LOUIS,AVE, ,STANDARD,AVE,LOUISVILLE,6,METRO,MINOR ARTERIAL, ,2.008,29,056-CS-1030F -000,Dixie Hwy,W Broadway (US 150),0,Bernheim Lane (US 31W),2.008,5174,2576.69322709,13,6.47410359,2.008,1,METRO,769.855471074374
989,27406,5315,5399,DIXIE HWY, ,DIXIE,HWY, ,FLINTLOCK,DR, ,BLANTON,LN,LOUISVILLE,12,STATE,MAJOR ARTERIAL,US-31W,14.536,10,056-US-0031W -000,Dixie Hwy,Depot Lane,2.974,Bernheim Ln (US 31W),17.51,49906,3433,150,10.3,12.626,0.86860209,KYTC,1046.12433687574
990,16759,1054,1099,S 26TH ST,S,26TH,ST, ,GRAND,AVE, ,GRAND,AVE,LOUISVILLE,4,METRO,MINOR ARTERIAL, ,1.846,27,056-CS-1038F -000,S 26th St,W Main St (CS-1011A),0,Wilson Ave (CS-1025F),1.846,4784,2591.54929577,10,5.4,1.846,1,METRO,109.76921813514
991,29179,12890,12899,DIXIE HWY, ,DIXIE,HWY, ,FINCASTLE,TRL, ,CHISM,RD,LOUISVILLE,14,STATE,MAJOR ARTERIAL,US-31W,14.536,10,056-US-0031W -000,Dixie Hwy,Depot Lane,2.974,Bernheim Ln (US 31W),17.51,49906,3433,150,10.3,12.626,0.86860209,KYTC,71.2180217822436
992,15793,300,399,S 2ND ST,S,2ND,ST,W,JEFFERSON,ST,W,LIBERTY,ST,LOUISVILLE,4,STATE,MAJOR ARTERIAL,KY-1020,0.6271,11,056-KY-1020  -000,S 2nd St,W Broadway (US 150),12.097,W Market St (US 31E/31W),12.7241,2102,3351.93749003,4,6.37856801,0.6271,1,KYTC,285.474853463099
993,8863,9700,9799,TAYLORSVILLE RD, ,TAYLORSVILLE,RD, ,MERIONETH,DR, ,OAKSHIRE,DR,JEFFERSONTOWN,11,STATE,MAJOR ARTERIAL,KY-155,4.24,48,056-KY-0155  -000,Taylorsville Rd,Watterson Trl (CS-1073H),9.35,Breckenridge Ln (KY 1932),13.59,8629,2035,22,5.24558894,0,0,KYTC,688.371039140926
994,20012,4245,4259,POPLAR LEVEL RD, ,POPLAR LEVEL,RD, ,LINCOLN,AVE, ,I 264 RAMP, ,LOUISVILLE,10,STATE,MAJOR ARTERIAL,KY-864,7.117,41,056-KY-0864  -000,Poplar Level Rd,Fern Valley Rd (KY 1747),6.596,Eastern Pkwy (US 60A),13.713,16064,2257.13081355,44,6.18238022,4.725,0.66390333,KYTC,154.020006163948
995,19560,3200,3299,DIXIE HWY, ,DIXIE,HWY, ,GILLETTE,AVE, ,APPLETON,LN,SHIVELY,3,STATE,MAJOR ARTERIAL,US-31W,14.536,10,056-US-0031W -000,Dixie Hwy,Depot Lane,2.974,Bernheim Ln (US 31W),17.51,49906,3433,150,10.3,12.626,0.86860209,KYTC,231.069475940656
996,15117,2300,2337,W MARKET ST,W,MARKET,ST,S,23RD,ST,S,24TH,ST,LOUISVILLE,5,METRO,MINOR ARTERIAL, ,1.565,33,056-CS-1006A -000,W Market St (CS-1006A),S 22nd St (US 31W-001),0,S 40th St (CS-1043F),1.565,6500,2472.42297452,18,6.84670978,2.629,1,METRO,311.351466611331
997,29618,4740,4751,CANE RUN RD, ,CANE RUN,RD, ,MELODY ACRES,LN, ,POPLAR VIEW,DR,LOUISVILLE,1,STATE,MAJOR ARTERIAL,KY-1934,11.502,21,056-KY-1934  -000,Greenbelt Hwy / Cane Run Rd,Gene Snyder Fwy (KY 841),0,Algonquin Pkwy (KY 2054),11.502,31389,2729.00365154,100,8.69414015,9.201,0.79994784,KYTC,628.389997725635
998,20691,1600,1699,EASTERN PKY, ,EASTERN,PKY, ,BAXTER,AVE, ,QUADRANT,AVE,LOUISVILLE,8,STATE,MAJOR ARTERIAL,US-60A,3.523,40,056-US-0060A -000,Eastern Pkwy,S 3rd St (KY 1020),3.409,Willow Ave (US 60A),6.932,8026,2278.17201249,22,6.24467783,1.154,0.32756174,KYTC,906.046698853685
999,29374,5504,5599,GREENWOOD RD, ,GREENWOOD,RD, ,FEYHURST,DR, ,DAFFODIL,DR,LOUISVILLE,12,STATE,MINOR ARTERIAL,KY-1931,9.06,24,056-KY-1931  -000,Greenwood Rd / St. Andrews Church Rd / Manslick Rd / 7th Street Rd,Terry Road (KY 1727),1.47,Algonquin Pkwy (KY 2054),10.53,24325,2684.8785872,73,8.05739514,7.024,0.77527594,KYTC,340.155252481312
1000,19038,543,557,EASTERN PKY, ,EASTERN,PKY, ,CONCORD,DR, ,SHERRY,RD,LOUISVILLE,15,STATE,MAJOR ARTERIAL,US-60A,3.523,40,056-US-0060A -000,Eastern Pkwy,S 3rd St (KY 1020),3.409,Willow Ave (US 60A),6.932,8026,2278.17201249,22,6.24467783,1.154,0.32756174,KYTC,307.677597466763
1001,5060,2830,2840,HIKES LN, ,HIKES,LN, ,CHANEL,CT, ,ALGIERS,CT,LOUISVILLE,10,METRO,MINOR ARTERIAL, ,2.399,36,056-CR-1002G -000,Hikes Lane,Buechel Byp (US 31E),0.797,Taylorsville Rd (KY 155),3.196,5776,2407.66986244,15,6.25260525,0.191,0.07961651,METRO,434.798427834937
1002,29514,12400,12550,GREENBELT HWY, ,GREENBELT,HWY, ,LOWER RIVER,RD, ,GREENBELT RAMP, ,LOUISVILLE,14,STATE,MAJOR ARTERIAL,KY-1934,11.502,21,056-KY-1934  -000,Greenbelt Hwy / Cane Run Rd,Gene Snyder Fwy (KY 841),0,Algonquin Pkwy (KY 2054),11.502,31389,2729.00365154,100,8.69414015,9.201,0.79994784,KYTC,3734.92602623185
1003,24574,2850,2999,OUTER LOOP, ,OUTER,LOOP, ,I 65 RAMP, , ,I 65 RAMP, ,LOUISVILLE,13,STATE,MAJOR ARTERIAL,KY-1065,3.531,42,056-KY-1065  -000,Outer Loop,National Turnpike (KY 1020),2.514,Preston Hwy (KY 61),6.045,7853,2224.01585953,20,5.66411781,3.311,0.9376947,KYTC,875.635312636078
1004,31838,4500,4574,S HURSTBOURNE PKY,S,HURSTBOURNE,PKY, ,HURSTBOURNE CROSSINGS,DR, ,HURSTBOURNE CROSSINGS,DR,LOUISVILLE,26,STATE,MAJOR ARTERIAL,KY-1747,1.064,47,056-KY-1747  -000,S Hurstbourne Pkwy,Watterson Trl (CR-1004H),8.519,Six Mile Ln (CR-1002H),9.583,2196,2063.90977444,5,4.69924812,0,0,KYTC,649.997372310479
1005,17605,1605,1699,BARDSTOWN RD, ,BARDSTOWN,RD, ,BONNYCASTLE,AVE, ,DUKER,AVE,LOUISVILLE,8,STATE,MAJOR ARTERIAL,US-31E,5.8,16,056-US-0031E -000,Beuchel Byp / Bardstown Rd / Baxter Ave,Hikes Lane (KY 2052),10.974,E Main St (US 31E),16.774,17471,3012.24137931,41,7.1,1.878,0.3237931,KYTC,272.929537705646
1006,24013,6800,6809,SOUTHSIDE DR, ,SOUTHSIDE,DR, ,SENECA,TRL, ,CAROLYN,RD,LOUISVILLE,25,STATE,MINOR ARTERIAL,KY-1020,1.672,50,056-KY-1020  -000,Southside Dr (KY 907/1020),National Turnpike (KY 1020),5.7,W Tenny Ave (KY 1020),7.372,13188,2003.64630811,41,6.22910969,4.251,0.64585232,KYTC,87.4733523839721
1007,20600,1350,1354,BARDSTOWN RD, ,BARDSTOWN,RD, ,WINDSOR,PL, ,MIDLAND,AVE,LOUISVILLE,8,STATE,MAJOR ARTERIAL,US-31E,5.8,16,056-US-0031E -000,Beuchel Byp / Bardstown Rd / Baxter Ave,Hikes Lane (KY 2052),10.974,E Main St (US 31E),16.774,17471,3012.24137931,41,7.1,1.878,0.3237931,KYTC,54.9675247681126
1008,20042,4000,4099,SOUTHERN PKY, ,SOUTHERN,PKY,W,EVELYN,AVE,W,FAIRMONT,AVE,LOUISVILLE,15,STATE,MINOR ARTERIAL,KY-1020,1.313,35,056-KY-1020  -000,Southern Pkwy,W Woodlawn Ave (CS-1096F),7.837,S 3rd St (CS-1013F),9.15,3174,2417.3648134,11,8.37776085,1.313,1,KYTC,512.914870536011
1009,29971,3400,3599,S HURSTBOURNE PKY,S,HURSTBOURNE,PKY, ,SIX MILE,LN, ,AMBROSSE,LN,LOUISVILLE,26,STATE,MAJOR ARTERIAL,KY-1747,1.064,47,056-KY-1747  -000,S Hurstbourne Pkwy,Watterson Trl (CR-1004H),8.519,Six Mile Ln (CR-1002H),9.583,2196,2063.90977444,5,4.69924812,0,0,KYTC,1006.37230020145
1010,16745,1030,1039,DIXIE HWY, ,DIXIE,HWY, ,PRENTICE,ST, ,GREENWOOD,AVE,LOUISVILLE,4,METRO,MINOR ARTERIAL, ,2.008,29,056-CS-1030F -000,Dixie Hwy,W Broadway (US 150),0,Bernheim Lane (US 31W),2.008,5174,2576.69322709,13,6.47410359,2.008,1,METRO,112.142278490318
1011,24202,7229,7245,SOUTHSIDE DR, ,SOUTHSIDE,DR, ,MEADOWOOD,CT, ,WOODMORE,AVE,LOUISVILLE,21,STATE,MINOR ARTERIAL,KY-907,4.91,50,056-KY-0907  -000,3rd Street Rd (KY 907),E Pages Ln / Highcrest Ave,2.09,National Turnpike (KY 1020),7,13188,2003.64630811,41,6.22910969,4.251,0.64585232,KYTC,617.422032096259
1012,19703,3200,3210,NEWBURG RD, ,NEWBURG,RD, ,I 264 RAMP, , ,I 264 RAMP, ,LOUISVILLE,10,STATE,MINOR ARTERIAL,KY-1703,2.593,30,056-KY-1703  -000,Newburg Rd,Bluegrass Park Dr (CS-1185G),1.25,Bellarmine Blvd (PS-1084G),3.843,6510.5,2510.79830312,18,6.94176629,1.066,0.41110683,KYTC,85.516787505802
1013,16003,3312,3409,W BROADWAY,W,BROADWAY, , ,LOUIS COLEMAN JR,DR, ,MADELON,CT,LOUISVILLE,5,METRO,MINOR ARTERIAL, ,1.19,3,056-CS-1021F -000,W Broadway,S 22nd St (US 31W-001),0,S 35th St (north leg),1.19,6262,5262.18487395,19,15.96638655,1.19,1,METRO,279.265311617236
1014,19435,3600,3699,POPLAR LEVEL RD, ,POPLAR LEVEL,RD, ,FINCASTLE,RD, ,BOONE,ST,LOUISVILLE,10,STATE,MAJOR ARTERIAL,KY-864,7.117,41,056-KY-0864  -000,Poplar Level Rd,Fern Valley Rd (KY 1747),6.596,Eastern Pkwy (US 60A),13.713,16064,2257.13081355,44,6.18238022,4.725,0.66390333,KYTC,406.399762531185
1015,23682,5804,6199,SOUTHSIDE DR, ,SOUTHSIDE,DR, ,NAVY,DR, ,ALGER,AVE,LOUISVILLE,25,STATE,MINOR ARTERIAL,KY-1020,1.672,50,056-KY-1020  -000,Southside Dr (KY 907/1020),National Turnpike (KY 1020),5.7,W Tenny Ave (KY 1020),7.372,13188,2003.64630811,41,6.22910969,4.251,0.64585232,KYTC,167.314864589183
1016,18045,1537,1558,S 7TH ST,S,7TH,ST, ,JORDAN,AVE,S,9TH,ST,LOUISVILLE,6,METRO,MAJOR ARTERIAL, ,0.928,2,056-CS-1011F -000,S 7th St,Algonquin Pkwy (KY 2054),0,Split to S 9th St,0.928,5224,5629,15,16.2,0.928,1,METRO,172.958630235732
1017,19484,3127,3199,TAYLOR BLVD, ,TAYLOR,BLVD, ,LARCHMONT,AVE, ,HOMEVIEW,DR,LOUISVILLE,3,STATE,MAJOR ARTERIAL,US-60A,3.157,4,056-US-0060A -000,7th Street Rd / Berry Blvd / Taylor Blvd / Winkler Ave,Dixie Hwy (US 31W),0,S 3rd St (KY 1020),3.157,13771,4362.05258156,37,11.71998733,3.157,1,KYTC,366.212328881266
1018,18553,2109,2200,7TH STREET RD, ,7TH STREET,RD, ,EUCLID,AVE, ,LINCOLN,AVE,LOUISVILLE,6,STATE,MAJOR ARTERIAL,KY-1931,9.06,24,056-KY-1931  -000,Greenwood Rd / St. Andrews Church Rd / Manslick Rd / 7th Street Rd,Terry Road (KY 1727),1.47,Algonquin Pkwy (KY 2054),10.53,24325,2684.8785872,73,8.05739514,7.024,0.77527594,KYTC,379.205402511709
1019,24148,7100,7110,SOUTHSIDE DR, ,SOUTHSIDE,DR, ,HATCHER,AVE, ,HILLVIEW,DR,LOUISVILLE,25,STATE,MINOR ARTERIAL,KY-1020,1.672,50,056-KY-1020  -000,Southside Dr (KY 907/1020),National Turnpike (KY 1020),5.7,W Tenny Ave (KY 1020),7.372,13188,2003.64630811,41,6.22910969,4.251,0.64585232,KYTC,283.85536145398
1020,22283,3927,3929,CANE RUN RD, ,CANE RUN,RD, ,LINDA,LN, ,KINGSWOOD,WAY,LOUISVILLE,1,STATE,MINOR ARTERIAL,KY-1934,11.502,21,056-KY-1934  -000,Greenbelt Hwy / Cane Run Rd,Gene Snyder Fwy (KY 841),0,Algonquin Pkwy (KY 2054),11.502,31389,2729.00365154,100,8.69414015,9.201,0.79994784,KYTC,74.6320400783069
1021,20696,1500,1599,EASTERN PKY, ,EASTERN,PKY, ,HILL,RD, ,BAXTER,AVE,LOUISVILLE,8,STATE,MAJOR ARTERIAL,US-60A,3.523,40,056-US-0060A -000,Eastern Pkwy,S 3rd St (KY 1020),3.409,Willow Ave (US 60A),6.932,8026,2278.17201249,22,6.24467783,1.154,0.32756174,KYTC,224.49455450077
1022,14914,215,200,N 22ND ST,N,22ND,ST, ,ROWAN,ST, ,COLUMBIA,ST,LOUISVILLE,5,STATE,MAJOR ARTERIAL,US-150,0.741,15,056-US-0150  -000,N 22nd St,Northwestern Pkwy,0,W Main St (US 31W-001),0.741,2292,3093.11740891,6,8.09716599,0.49,0.66126856,KYTC,238.59947461937
1023,18274,1600,1609,ALGONQUIN PKY, ,ALGONQUIN,PKY,S,16TH,ST, ,WINGFIELD,AVE,LOUISVILLE,6,STATE,MAJOR ARTERIAL,KY-2054,1.762,13,056-KY-2054  -000,Algonquin Pkwy,S 22nd St (US 31W),1.504,Winkler Ave (US 60A),3.266,5638.85,3200.2553916,15,8.51305335,1.762,1,KYTC,314.227302290129
1024,5267,3500,3509,BARDSTOWN RD, ,BARDSTOWN,RD, ,GLENWORTH,AVE, ,BRAY,AVE,LOUISVILLE,10,STATE,MAJOR ARTERIAL,US-31E,5.8,16,056-US-0031E -000,Beuchel Byp / Bardstown Rd / Baxter Ave,Hikes Lane (KY 2052),10.974,E Main St (US 31E),16.774,17471,3012.241379,41,7.1,1.878,0.323793,KYTC,112.177332408335
1025,20192,1220,1299,S 26TH ST,S,26TH,ST, ,DUMESNIL,ST, ,DUMESNIL,ST,LOUISVILLE,1,METRO,MINOR ARTERIAL, ,1.846,27,056-CS-1038F -000,S 26th St,W Main St (CS-1011A),0,Wilson Ave (CS-1025F),1.846,4784,2591.54929577,10,5.4,1.846,1,METRO,195.357659242385
1026,22299,4416,4499,CANE RUN RD, ,CANE RUN,RD, ,RICHMONT,RD, ,SHANKS,LN,LOUISVILLE,1,STATE,MAJOR ARTERIAL,KY-1934,11.502,21,056-KY-1934  -000,Greenbelt Hwy / Cane Run Rd,Gene Snyder Fwy (KY 841),0,Algonquin Pkwy (KY 2054),11.502,31389,2729.00365154,100,8.69414015,9.201,0.79994784,KYTC,967.474717046911
1027,16138,1700,1799,W BROADWAY,W,BROADWAY, ,S,17TH,ST,S,18TH,ST,LOUISVILLE,4,STATE,MAJOR ARTERIAL,US-150,3.3535,1,056-US-0150  -000,Broadway,S 22nd St (US 31W-001),0.7405,Baxter Ave (US 31E),4.094,19419.4,5792,48,14.30913698,3.353,1,KYTC,481.737987168596
1028,27627,7700,7799,GREENBELT HWY, ,GREENBELT,HWY, ,GREENWOOD,RD, ,RIVER FIELD,DR,LOUISVILLE,12,STATE,MAJOR ARTERIAL,KY-1934,11.502,21,056-KY-1934  -000,Greenbelt Hwy / Cane Run Rd,Gene Snyder Fwy (KY 841),0,Algonquin Pkwy (KY 2054),11.502,31389,2729.00365154,100,8.69414015,9.201,0.79994784,KYTC,1519.15115069275
1029,23897,6500,6599,SOUTHSIDE DR, ,SOUTHSIDE,DR,S,ARBOR,PARK, ,CAMBRIDGE,DR,LOUISVILLE,25,STATE,MINOR ARTERIAL,KY-1020,1.672,50,056-KY-1020  -000,Southside Dr (KY 907/1020),National Turnpike (KY 1020),5.7,W Tenny Ave (KY 1020),7.372,13188,2003.64630811,41,6.22910969,4.251,0.64585232,KYTC,346.747261238316
1030,28986,7231,7263,DIXIE HWY, ,DIXIE,HWY, ,SAFFRON,AVE, ,GUTERMUTH,RD,LOUISVILLE,12,STATE,MAJOR ARTERIAL,US-31W,14.536,10,056-US-0031W -000,Dixie Hwy,Depot Lane,2.974,Bernheim Ln (US 31W),17.51,49906,3433,150,10.3,12.626,0.86860209,KYTC,187.402719058349
1031,25865,4600,4699,SOUTHERN PKY, ,SOUTHERN,PKY,W,WELLINGTON,AVE,W,KENWOOD,WAY,LOUISVILLE,21,STATE,MINOR ARTERIAL,KY-1020,1.313,35,056-KY-1020  -000,Southern Pkwy,W Woodlawn Ave (CS-1096F),7.837,S 3rd St (CS-1013F),9.15,3174,2417.3648134,11,8.37776085,1.313,1,KYTC,885.008635921143
1032,29869,2919,2999,BARDSTOWN RD, ,BARDSTOWN,RD, ,LANCASHIRE,AVE, ,MANCHESTER,RD,LOUISVILLE,8,STATE,MAJOR ARTERIAL,US-31E,5.8,16,056-US-0031E -000,Beuchel Byp / Bardstown Rd / Baxter Ave,Hikes Lane (KY 2052),10.974,E Main St (US 31E),16.774,17471,3012.24137931,41,7.1,1.878,0.3237931,KYTC,319.108202690953
1033,4710,3000,3005,BARDSTOWN RD, ,BARDSTOWN,RD, ,MANCHESTER,RD, ,WADSWORTH,AVE,LOUISVILLE,8,STATE,MAJOR ARTERIAL,US-31E,5.8,16,056-US-0031E -000,Beuchel Byp / Bardstown Rd / Baxter Ave,Hikes Lane (KY 2052),10.974,E Main St (US 31E),16.774,17471,3012.24137931,41,7.1,1.878,0.3237931,KYTC,319.791691580497
1034,30008,3929,3955,DIXIE HWY, ,DIXIE,HWY, ,PARK,RD, ,SCHMITTS,LN,SHIVELY,3,STATE,MAJOR ARTERIAL,US-31W,14.536,10,056-US-0031W -000,Dixie Hwy,Depot Lane,2.974,Bernheim Ln (US 31W),17.51,49906,3433,150,10.3,12.626,0.86860209,KYTC,707.273072755318
1035,4820,3060,3099,BARDSTOWN RD, ,BARDSTOWN,RD, ,WENDELL,AVE, ,GARDINER,LN,LOUISVILLE,8,STATE,MAJOR ARTERIAL,US-31E,5.8,16,056-US-0031E -000,Beuchel Byp / Bardstown Rd / Baxter Ave,Hikes Lane (KY 2052),10.974,E Main St (US 31E),16.774,17471,3012.24137931,41,7.1,1.878,0.3237931,KYTC,315.649663454695
1036,29296,11907,12099,DIXIE HWY, ,DIXIE,HWY,E,ORELL,RD, ,STONEGATE MANOR,DR,LOUISVILLE,14,STATE,MAJOR ARTERIAL,US-31W,14.536,10,056-US-0031W -000,Dixie Hwy,Depot Lane,2.974,Bernheim Ln (US 31W),17.51,49906,3433,150,10.3,12.626,0.86860209,KYTC,706.165673772001
1037,4784,3030,3059,BARDSTOWN RD, ,BARDSTOWN,RD, ,BRIGHTON,DR, ,WENDELL,AVE,LOUISVILLE,8,STATE,MAJOR ARTERIAL,US-31E,5.8,16,056-US-0031E -000,Beuchel Byp / Bardstown Rd / Baxter Ave,Hikes Lane (KY 2052),10.974,E Main St (US 31E),16.774,17471,3012.24137931,41,7.1,1.878,0.3237931,KYTC,319.778727220577
1038,4836,3100,3109,BARDSTOWN RD, ,BARDSTOWN,RD, ,GARDINER,LN, ,I 264 RAMP, ,LOUISVILLE,8,STATE,MAJOR ARTERIAL,US-31E,5.8,16,056-US-0031E -000,Beuchel Byp / Bardstown Rd / Baxter Ave,Hikes Lane (KY 2052),10.974,E Main St (US 31E),16.774,17471,3012.24137931,41,7.1,1.878,0.3237931,KYTC,114.768876007391
1039,18752,2900,2918,BARDSTOWN RD, ,BARDSTOWN,RD, ,HAWTHORNE,AVE, ,LANCASHIRE,AVE,LOUISVILLE,8,STATE,MAJOR ARTERIAL,US-31E,5.8,16,056-US-0031E -000,Beuchel Byp / Bardstown Rd / Baxter Ave,Hikes Lane (KY 2052),10.974,E Main St (US 31E),16.774,17471,3012.24137931,41,7.1,1.878,0.3237931,KYTC,380.974447207421
1040,4747,3006,3029,BARDSTOWN RD, ,BARDSTOWN,RD, ,WADSWORTH,AVE, ,BRIGHTON,DR,LOUISVILLE,8,STATE,MAJOR ARTERIAL,US-31E,5.8,16,056-US-0031E -000,Beuchel Byp / Bardstown Rd / Baxter Ave,Hikes Lane (KY 2052),10.974,E Main St (US 31E),16.774,17471,3012.24137931,41,7.1,1.878,0.3237931,KYTC,321.979576992082
1041,26596,12600,12699,DIXIE HWY, ,DIXIE,HWY, ,ORELL CROSSING,DR, ,SCENIC,TRL,LOUISVILLE,14,STATE,MAJOR ARTERIAL,US-31W,14.536,10,056-US-0031W -000,Dixie Hwy,Depot Lane,2.974,Bernheim Ln (US 31W),17.51,49906,3433,150,10.3,12.626,0.86860209,KYTC,708.106987081326
1042,19832,3608,3699,DIXIE HWY, ,DIXIE,HWY, ,LUKEN,DR, ,OEHRLE,DR,SHIVELY,3,STATE,MAJOR ARTERIAL,US-31W,14.536,10,056-US-0031W -000,Dixie Hwy,Depot Lane,2.974,Bernheim Ln (US 31W),17.51,49906,3433,150,10.3,12.626,0.86860209,KYTC,499.642106600115
1043,16103,300,360,BAXTER AVE, ,BAXTER,AVE,E,CHESTNUT,ST,E,LIBERTY,ST,LOUISVILLE,4,STATE,MAJOR ARTERIAL,US-31E,5.8,16,056-US-0031E -000,Beuchel Byp / Bardstown Rd / Baxter Ave,Hikes Lane (KY 2052),10.974,E Main St (US 31E),16.774,17471,3012.24137931,41,7.1,1.878,0.3237931,KYTC,635.107983117165
1044,28786,7000,7099,GREENBELT HWY, ,GREENBELT,HWY, ,RIVERPORT,DR, ,INTERMODAL,DR,LOUISVILLE,12,STATE,MAJOR ARTERIAL,KY-1934,11.502,21,056-KY-1934  -000,Greenbelt Hwy / Cane Run Rd,Gene Snyder Fwy (KY 841),0,Algonquin Pkwy (KY 2054),11.502,31389,2729.00365154,100,8.69414015,9.201,0.79994784,KYTC,1751.98445507983
1045,28806,6901,6999,GREENBELT HWY, ,GREENBELT,HWY, ,LOGISTICS,DR, ,RIVERPORT,DR,LOUISVILLE,1,STATE,MAJOR ARTERIAL,KY-1934,11.502,21,056-KY-1934  -000,Greenbelt Hwy / Cane Run Rd,Gene Snyder Fwy (KY 841),0,Algonquin Pkwy (KY 2054),11.502,31389,2729.00365154,100,8.69414015,9.201,0.79994784,KYTC,1806.27835215857
1046,19053,700,710,ALGONQUIN PKY, ,ALGONQUIN,PKY, ,RODMAN,ST, ,RODMAN,ST,LOUISVILLE,3,STATE,MAJOR ARTERIAL,KY-2054,1.762,13,056-KY-2054  -000,Algonquin Pkwy,S 22nd St (US 31W),1.504,Winkler Ave (US 60A),3.266,5638.85,3200.2553916,15,8.51305335,1.762,1,KYTC,81.8799922891323
1047,18376,1803,1899,S 7TH ST,S,7TH,ST,S,11TH,ST, ,INDUSTRY,RD,LOUISVILLE,6,METRO,MAJOR ARTERIAL, ,0.928,2,056-CS-1011F -000,S 7th St,Algonquin Pkwy (KY 2054),0,Split to S 9th St,0.928,5224,5629,15,16.2,0.928,1,METRO,747.525357132619
1048,19326,2900,2949,TAYLOR BLVD, ,TAYLOR,BLVD, ,WELLER,AVE, ,ROADWAY,AVE,LOUISVILLE,3,STATE,MAJOR ARTERIAL,US-60A,3.157,4,056-US-0060A -000,7th Street Rd / Berry Blvd / Taylor Blvd / Winkler Ave,Dixie Hwy (US 31W),0,S 3rd St (KY 1020),3.157,13771,4362.05258156,37,11.71998733,3.157,1,KYTC,366.733016849257
1049,21366,3016,3099,TAYLOR BLVD, ,TAYLOR,BLVD, ,BURTON,AVE, ,CENTRAL,AVE,LOUISVILLE,3,STATE,MAJOR ARTERIAL,US-60A,3.157,4,056-US-0060A -000,7th Street Rd / Berry Blvd / Taylor Blvd / Winkler Ave,Dixie Hwy (US 31W),0,S 3rd St (KY 1020),3.157,13771,4362.05258156,37,11.71998733,3.157,1,KYTC,367.282967523424
1050,19134,2710,2719,TAYLOR BLVD, ,TAYLOR,BLVD, ,EUCLID,AVE, ,HARDY,AVE,LOUISVILLE,3,STATE,MAJOR ARTERIAL,US-60A,3.157,4,056-US-0060A -000,7th Street Rd / Berry Blvd / Taylor Blvd / Winkler Ave,Dixie Hwy (US 31W),0,S 3rd St (KY 1020),3.157,13771,4362.05258156,37,11.71998733,3.157,1,KYTC,100.555384591341
1051,19342,2950,2999,TAYLOR BLVD, ,TAYLOR,BLVD, ,ROADWAY,AVE, ,LILLIAN,AVE,LOUISVILLE,3,STATE,MAJOR ARTERIAL,US-60A,3.157,4,056-US-0060A -000,7th Street Rd / Berry Blvd / Taylor Blvd / Winkler Ave,Dixie Hwy (US 31W),0,S 3rd St (KY 1020),3.157,13771,4362.05258156,37,11.71998733,3.157,1,KYTC,92.5577412011011
1052,19119,2700,2709,TAYLOR BLVD, ,TAYLOR,BLVD, ,WINKLER,AVE, ,EUCLID,AVE,LOUISVILLE,3,STATE,MAJOR ARTERIAL,US-60A,3.157,4,056-US-0060A -000,7th Street Rd / Berry Blvd / Taylor Blvd / Winkler Ave,Dixie Hwy (US 31W),0,S 3rd St (KY 1020),3.157,13771,4362.05258156,37,11.71998733,3.157,1,KYTC,203.482268351819
1053,19276,2830,2899,TAYLOR BLVD, ,TAYLOR,BLVD, ,IOWA,AVE, ,WELLER,AVE,LOUISVILLE,3,STATE,MAJOR ARTERIAL,US-60A,3.157,4,056-US-0060A -000,7th Street Rd / Berry Blvd / Taylor Blvd / Winkler Ave,Dixie Hwy (US 31W),0,S 3rd St (KY 1020),3.157,13771,4362.05258156,37,11.71998733,3.157,1,KYTC,143.446503628095
1054,19218,2805,2819,TAYLOR BLVD, ,TAYLOR,BLVD, ,M,ST, ,TENNESSEE,AVE,LOUISVILLE,3,STATE,MAJOR ARTERIAL,US-60A,3.157,4,056-US-0060A -000,7th Street Rd / Berry Blvd / Taylor Blvd / Winkler Ave,Dixie Hwy (US 31W),0,S 3rd St (KY 1020),3.157,13771,4362.05258156,37,11.71998733,3.157,1,KYTC,165.206489419459
1055,19088,700,716,WINKLER AVE, ,WINKLER,AVE, ,RODMAN,ST, ,TAYLOR,BLVD,LOUISVILLE,3,STATE,MAJOR ARTERIAL,US-60A,3.157,4,056-US-0060A -000,7th Street Rd / Berry Blvd / Taylor Blvd / Winkler Ave,Dixie Hwy (US 31W),0,S 3rd St (KY 1020),3.157,13771,4362.05258156,37,11.71998733,3.157,1,KYTC,296.645730379075
1056,18464,1900,1999,S 7TH ST,S,7TH,ST, ,INDUSTRY,RD, ,ALGONQUIN,PKY,LOUISVILLE,6,METRO,MAJOR ARTERIAL, ,0.928,2,056-CS-1011F -000,S 7th St,Algonquin Pkwy (KY 2054),0,Split to S 9th St,0.928,5224,5629,15,16.2,0.928,1,METRO,617.759520142395
1057,19110,500,599,WINKLER AVE, ,WINKLER,AVE,S,5TH,ST,S,6TH,ST,LOUISVILLE,15,STATE,MAJOR ARTERIAL,US-60A,3.157,4,056-US-0060A -000,7th Street Rd / Berry Blvd / Taylor Blvd / Winkler Ave,Dixie Hwy (US 31W),0,S 3rd St (KY 1020),3.157,13771,4362.05258156,37,11.71998733,3.157,1,KYTC,481.496114030594
1058,19172,2720,2799,TAYLOR BLVD, ,TAYLOR,BLVD, ,HARDY,AVE, ,LINCOLN,AVE,LOUISVILLE,3,STATE,MAJOR ARTERIAL,US-60A,3.157,4,056-US-0060A -000,7th Street Rd / Berry Blvd / Taylor Blvd / Winkler Ave,Dixie Hwy (US 31W),0,S 3rd St (KY 1020),3.157,13771,4362.05258156,37,11.71998733,3.157,1,KYTC,229.978509756995
1059,18839,811,899,ALGONQUIN PKY, ,ALGONQUIN,PKY, ,COLORADO,AVE, ,COLORADO,AVE,LOUISVILLE,3,STATE,MAJOR ARTERIAL,KY-2054,1.762,13,056-KY-2054  -000,Algonquin Pkwy,S 22nd St (US 31W),1.504,Winkler Ave (US 60A),3.266,5638.85,3200.2553916,15,8.51305335,1.762,1,KYTC,120.563576099082
1060,19094,600,629,WINKLER AVE, ,WINKLER,AVE,S,6TH,ST, ,ALGONQUIN,PKY,LOUISVILLE,3,STATE,MAJOR ARTERIAL,US-60A,3.157,4,056-US-0060A -000,7th Street Rd / Berry Blvd / Taylor Blvd / Winkler Ave,Dixie Hwy (US 31W),0,S 3rd St (KY 1020),3.157,13771,4362.05258156,37,11.71998733,3.157,1,KYTC,269.716564192858
1061,18875,800,810,ALGONQUIN PKY, ,ALGONQUIN,PKY, ,COMPTON,ST, ,COLORADO,AVE,LOUISVILLE,3,STATE,MAJOR ARTERIAL,KY-2054,1.762,13,056-KY-2054  -000,Algonquin Pkwy,S 22nd St (US 31W),1.504,Winkler Ave (US 60A),3.266,5638.85,3200.2553916,15,8.51305335,1.762,1,KYTC,242.105545065121
1062,19253,2820,2829,TAYLOR BLVD, ,TAYLOR,BLVD, ,TENNESSEE,AVE, ,IOWA,AVE,LOUISVILLE,3,STATE,MAJOR ARTERIAL,US-60A,3.157,4,056-US-0060A -000,7th Street Rd / Berry Blvd / Taylor Blvd / Winkler Ave,Dixie Hwy (US 31W),0,S 3rd St (KY 1020),3.157,13771,4362.05258156,37,11.71998733,3.157,1,KYTC,233.077270707189
1063,19362,3000,3015,TAYLOR BLVD, ,TAYLOR,BLVD, ,LILLIAN,AVE, ,BURTON,AVE,LOUISVILLE,3,STATE,MAJOR ARTERIAL,US-60A,3.157,4,056-US-0060A -000,7th Street Rd / Berry Blvd / Taylor Blvd / Winkler Ave,Dixie Hwy (US 31W),0,S 3rd St (KY 1020),3.157,13771,4362.05258156,37,11.71998733,3.157,1,KYTC,198.786870172869
1064,19196,2800,2804,TAYLOR BLVD, ,TAYLOR,BLVD, ,LINCOLN,AVE, ,M,ST,LOUISVILLE,3,STATE,MAJOR ARTERIAL,US-60A,3.157,4,056-US-0060A -000,7th Street Rd / Berry Blvd / Taylor Blvd / Winkler Ave,Dixie Hwy (US 31W),0,S 3rd St (KY 1020),3.157,13771,4362.05258156,37,11.71998733,3.157,1,KYTC,163.838964520997
1065,19448,3100,3126,TAYLOR BLVD, ,TAYLOR,BLVD, ,CENTRAL,AVE, ,LARCHMONT,AVE,LOUISVILLE,3,STATE,MAJOR ARTERIAL,US-60A,3.157,4,056-US-0060A -000,7th Street Rd / Berry Blvd / Taylor Blvd / Winkler Ave,Dixie Hwy (US 31W),0,S 3rd St (KY 1020),3.157,13771,4362.05258156,37,11.71998733,3.157,1,KYTC,376.561734724326
1066,22292,4110,4124,CANE RUN RD, ,CANE RUN,RD, ,FARNSLEY,RD, ,TRAPPERS,TRL,LOUISVILLE,3,STATE,MAJOR ARTERIAL,KY-1934,11.502,21,056-KY-1934  -000,Greenbelt Hwy / Cane Run Rd,Gene Snyder Fwy (KY 841),0,Algonquin Pkwy (KY 2054),11.502,31389,2729.00365154,100,8.69414015,9.201,0.79994784,KYTC,279.869405954032
1067,22294,4145,4199,CANE RUN RD, ,CANE RUN,RD, ,FARNSLEY,RD, ,VAN WINKLE,DR,LOUISVILLE,1,STATE,MAJOR ARTERIAL,KY-1934,11.502,21,056-KY-1934  -000,Greenbelt Hwy / Cane Run Rd,Gene Snyder Fwy (KY 841),0,Algonquin Pkwy (KY 2054),11.502,31389,2729.00365154,100,8.69414015,9.201,0.79994784,KYTC,289.787875169601
1068,39462,7500,7599,BARDSTOWN RD, ,BARDSTOWN,RD, ,BARTLEY,DR, ,SOUTHPOINTE,BLVD,LOUISVILLE,22,STATE,MAJOR ARTERIAL,US-31E,1.652,7,056-US-0031E -000,Bardstown Rd,Captain Place,3.909,Beulah Church Rd / Seatonville Rd (KY 1065),5.561,6005,3634.98789346,16,9.68523002,0,0,KYTC,325.596867354786
1069,26005,6700,6799,MANSLICK RD, ,MANSLICK,RD, ,PARKWOOD,RD, ,LEDGEWOOD,PKY,LOUISVILLE,12,STATE,MINOR ARTERIAL,KY-1931,9.06,24,056-KY-1931  -000,Greenwood Rd / St. Andrews Church Rd / Manslick Rd / 7th Street Rd,Terry Road (KY 1727),1.47,Algonquin Pkwy (KY 2054),10.53,24325,2684.8785872,73,8.05739514,7.024,0.77527594,KYTC,640.50949523406
1070,24036,6909,7099,MANSLICK RD, ,MANSLICK,RD, ,HOLLY PARK,DR, ,TERUDON,DR,LOUISVILLE,12,STATE,MINOR ARTERIAL,KY-1931,9.06,24,056-KY-1931  -000,Greenwood Rd / St. Andrews Church Rd / Manslick Rd / 7th Street Rd,Terry Road (KY 1727),1.47,Algonquin Pkwy (KY 2054),10.53,24325,2684.8785872,73,8.05739514,7.024,0.77527594,KYTC,802.137664466907
1071,23914,6800,6899,MANSLICK RD, ,MANSLICK,RD, ,LEDGEWOOD,PKY, ,MELODY,LN,LOUISVILLE,15,STATE,MINOR ARTERIAL,KY-1931,9.06,24,056-KY-1931  -000,Greenwood Rd / St. Andrews Church Rd / Manslick Rd / 7th Street Rd,Terry Road (KY 1727),1.47,Algonquin Pkwy (KY 2054),10.53,24325,2684.8785872,73,8.05739514,7.024,0.77527594,KYTC,987.930681245052
1072,23975,6900,6908,MANSLICK RD, ,MANSLICK,RD, ,MELODY,LN, ,HOLLY PARK,DR,LOUISVILLE,12,STATE,MINOR ARTERIAL,KY-1931,9.06,24,056-KY-1931  -000,Greenwood Rd / St. Andrews Church Rd / Manslick Rd / 7th Street Rd,Terry Road (KY 1727),1.47,Algonquin Pkwy (KY 2054),10.53,24325,2684.8785872,73,8.05739514,7.024,0.77527594,KYTC,350.65812634115
1073,24090,7100,7199,MANSLICK RD, ,MANSLICK,RD, ,TERUDON,DR, ,VISTA JOHN,DR,LOUISVILLE,12,STATE,MINOR ARTERIAL,KY-1931,9.06,24,056-KY-1931  -000,Greenwood Rd / St. Andrews Church Rd / Manslick Rd / 7th Street Rd,Terry Road (KY 1727),1.47,Algonquin Pkwy (KY 2054),10.53,24325,2684.8785872,73,8.05739514,7.024,0.77527594,KYTC,756.033935734293
1074,9391,9300,9499,SHELBYVILLE RD, ,SHELBYVILLE,RD, ,EDEN,AVE,N,HURSTBOURNE,PKY,LOUISVILLE,18,STATE,MAJOR ARTERIAL,US-60,1.413,53,056-US-0060  -000,Shelbyville Rd,Whipps Mill Rd (CS-1005C),6.435,Hurstbourne Pkwy (KY 1747),7.848,2682,1898.08917197,8,5.66171267,0,0,KYTC,624.224863016375
1075,9390,9200,9299,SHELBYVILLE RD, ,SHELBYVILLE,RD, ,WHITTINGTON,PKY, ,EDEN,AVE,LOUISVILLE,18,STATE,MAJOR ARTERIAL,US-60,1.413,53,056-US-0060  -000,Shelbyville Rd,Whipps Mill Rd (CS-1005C),6.435,Hurstbourne Pkwy (KY 1747),7.848,2682,1898.08917197,8,5.66171267,0,0,KYTC,599.742042711125
1076,16183,1500,1599,W BROADWAY,W,BROADWAY, ,S,15TH,ST,S,16TH,ST,LOUISVILLE,4,STATE,MAJOR ARTERIAL,US-150,3.3535,1,056-US-0150  -000,Broadway,S 22nd St (US 31W-001),0.7405,Baxter Ave (US 31E),4.094,19419.4,5792,48,14.30913698,3.353,1,KYTC,481.935557705851
1077,15877,699,600,E JEFFERSON ST,E,JEFFERSON,ST,S,HANCOCK,ST,S,CLAY,ST,LOUISVILLE,4,METRO,MINOR ARTERIAL, ,1.05,43,056-CS-1014B -000,E Jefferson St,Baxter Ave (US 31E),0,S 1st St (CS-1002F),1.05,2331,2220,6,5.71428571,1.05,1,METRO,581.589600097309
1078,15893,799,700,E JEFFERSON ST,E,JEFFERSON,ST,S,CLAY,ST,S,SHELBY,ST,LOUISVILLE,4,METRO,MINOR ARTERIAL, ,1.05,43,056-CS-1014B -000,E Jefferson St,Baxter Ave (US 31E),0,S 1st St (CS-1002F),1.05,2331,2220,6,5.71428571,1.05,1,METRO,585.530523181044
1079,28801,6200,6208,GREENWOOD RD, ,GREENWOOD,RD, ,WALLER,LN, ,DEWITT,DR,LOUISVILLE,12,STATE,MINOR ARTERIAL,KY-1931,9.06,24,056-KY-1931  -000,Greenwood Rd / St. Andrews Church Rd / Manslick Rd / 7th Street Rd,Terry Road (KY 1727),1.47,Algonquin Pkwy (KY 2054),10.53,24325,2684.8785872,73,8.05739514,7.024,0.77527594,KYTC,267.606361754654
1080,27586,5600,5999,GREENWOOD RD, ,GREENWOOD,RD, ,DAFFODIL,DR, ,COLUMBINE,DR,LOUISVILLE,12,STATE,MINOR ARTERIAL,KY-1931,9.06,24,056-KY-1931  -000,Greenwood Rd / St. Andrews Church Rd / Manslick Rd / 7th Street Rd,Terry Road (KY 1727),1.47,Algonquin Pkwy (KY 2054),10.53,24325,2684.8785872,73,8.05739514,7.024,0.77527594,KYTC,1392.88206400241
1081,33503,6209,6299,GREENWOOD RD, ,GREENWOOD,RD, ,DEWITT,DR, ,BEAHL,BLVD,LOUISVILLE,12,STATE,MINOR ARTERIAL,KY-1931,9.06,24,056-KY-1931  -000,Greenwood Rd / St. Andrews Church Rd / Manslick Rd / 7th Street Rd,Terry Road (KY 1727),1.47,Algonquin Pkwy (KY 2054),10.53,24325,2684.8785872,73,8.05739514,7.024,0.77527594,KYTC,328.469429613511
1082,27521,7600,7699,GREENBELT HWY, ,GREENBELT,HWY, ,DISTRIBUTION,DR, ,GREENWOOD,RD,LOUISVILLE,12,STATE,MAJOR ARTERIAL,KY-1934,11.502,21,056-KY-1934  -000,Greenbelt Hwy / Cane Run Rd,Gene Snyder Fwy (KY 841),0,Algonquin Pkwy (KY 2054),11.502,31389,2729.00365154,100,8.69414015,9.201,0.79994784,KYTC,1338.38946975985
1083,28802,6000,6199,GREENWOOD RD, ,GREENWOOD,RD, ,COLUMBINE,DR, ,WALLER,LN,LOUISVILLE,12,STATE,MINOR ARTERIAL,KY-1931,9.06,24,056-KY-1931  -000,Greenwood Rd / St. Andrews Church Rd / Manslick Rd / 7th Street Rd,Terry Road (KY 1727),1.47,Algonquin Pkwy (KY 2054),10.53,24325,2684.8785872,73,8.05739514,7.024,0.77527594,KYTC,690.629149516946
1084,27871,9600,9999,GREENBELT HWY, ,GREENBELT,HWY, ,GLOBAL,DR, ,WINSTEAD,DR,LOUISVILLE,12,STATE,MAJOR ARTERIAL,KY-1934,11.502,21,056-KY-1934  -000,Greenbelt Hwy / Cane Run Rd,Gene Snyder Fwy (KY 841),0,Algonquin Pkwy (KY 2054),11.502,31389,2729.00365154,100,8.69414015,9.201,0.79994784,KYTC,2693.20647426529
1085,27690,9400,9599,GREENBELT HWY, ,GREENBELT,HWY, ,RIVER FIELD,DR, ,GLOBAL,DR,LOUISVILLE,12,STATE,MAJOR ARTERIAL,KY-1934,11.502,21,056-KY-1934  -000,Greenbelt Hwy / Cane Run Rd,Gene Snyder Fwy (KY 841),0,Algonquin Pkwy (KY 2054),11.502,31389,2729.00365154,100,8.69414015,9.201,0.79994784,KYTC,1211.37470831542
1086,29256,10613,10699,DIXIE HWY, ,DIXIE,HWY, ,BROWNS PARK,CIR, ,DIXIE GARDEN,DR,LOUISVILLE,14,STATE,MAJOR ARTERIAL,US-31W,14.536,10,056-US-0031W -000,Dixie Hwy,Depot Lane,2.974,Bernheim Ln (US 31W),17.51,49906,3433,150,10.3,12.626,0.86860209,KYTC,583.041918095303
1087,29260,10700,10999,DIXIE HWY, ,DIXIE,HWY, ,DIXIE GARDEN,DR, ,BETHANY,LN,LOUISVILLE,14,STATE,MAJOR ARTERIAL,US-31W,14.536,10,056-US-0031W -000,Dixie Hwy,Depot Lane,2.974,Bernheim Ln (US 31W),17.51,49906,3433,150,10.3,12.626,0.86860209,KYTC,1355.25663392055
1088,29252,10610,10611,DIXIE HWY, ,DIXIE,HWY, ,BROWNS PARK,CIR, ,BROWNS PARK,CIR,LOUISVILLE,14,STATE,MAJOR ARTERIAL,US-31W,14.536,10,056-US-0031W -000,Dixie Hwy,Depot Lane,2.974,Bernheim Ln (US 31W),17.51,49906,3433,150,10.3,12.626,0.86860209,KYTC,91.1874892760272
1089,29268,11000,11450,DIXIE HWY, ,DIXIE,HWY, ,BETHANY,LN, ,GREENBELT RAMP, ,LOUISVILLE,14,STATE,MAJOR ARTERIAL,US-31W,14.536,10,056-US-0031W -000,Dixie Hwy,Depot Lane,2.974,Bernheim Ln (US 31W),17.51,49906,3433,150,10.3,12.626,0.86860209,KYTC,761.288636016224
1090,39704,12500,12599,DIXIE HWY, ,DIXIE,HWY,W,ORELL,RD, ,ORELL CROSSING,DR,LOUISVILLE,14,STATE,MAJOR ARTERIAL,US-31W,14.536,10,056-US-0031W -000,Dixie Hwy,Depot Lane,2.974,Bernheim Ln (US 31W),17.51,49906,3433,150,10.3,12.626,0.86860209,KYTC,647.945786250574
1091,13925,5230,5299,BARDSTOWN RD, ,BARDSTOWN,RD, ,DEL MARIA,WAY,S,HURSTBOURNE,PKY,LOUISVILLE,26,STATE,MAJOR ARTERIAL,US-31E,1.418,38,056-US-0031E -000,Bardstown Rd,S Hurstbourne Pkwy (KY 1747),7.245,Breckenridge Ln (KY 1932),8.663,3289,2319.464034,9,6.346968,0,0,KYTC,699.310862807275
1092,31706,6251,6299,S HURSTBOURNE PKY,S,HURSTBOURNE,PKY, ,CANONERO,WAY, ,LISA,CT,LOUISVILLE,24,STATE,MAJOR ARTERIAL,KY-1747,0.7891,20,056-KY-1747  -000,S Hurstbourne Pkwy,S Watterson Trl (CR-1005H),6.847,Stony Brook Dr (CR-1010H),7.6361,2254.15,2856.60879483,5,6.33633253,0,0,KYTC,276.829077562617
1093,31707,6200,6250,S HURSTBOURNE PKY,S,HURSTBOURNE,PKY, ,LISA,CT, ,CANONERO,WAY,LOUISVILLE,24,STATE,MAJOR ARTERIAL,KY-1747,0.7891,20,056-KY-1747  -000,S Hurstbourne Pkwy,S Watterson Trl (CR-1005H),6.847,Stony Brook Dr (CR-1010H),7.6361,2254.15,2856.60879483,5,6.33633253,0,0,KYTC,312.191599859475
1094,13539,6100,6199,S HURSTBOURNE PKY,S,HURSTBOURNE,PKY, ,HAMES,TRCE, ,LISA,CT,LOUISVILLE,24,STATE,MAJOR ARTERIAL,KY-1747,0.7891,20,056-KY-1747  -000,S Hurstbourne Pkwy,S Watterson Trl (CR-1005H),6.847,Stony Brook Dr (CR-1010H),7.6361,2254.15,2856.60879483,5,6.33633253,0,0,KYTC,351.229151052181
1095,8842,9100,9199,TAYLORSVILLE RD, ,TAYLORSVILLE,RD, ,AXMINSTER,DR, ,NARWOOD,DR,JEFFERSONTOWN,11,STATE,MAJOR ARTERIAL,KY-155,4.24,48,056-KY-0155  -000,Taylorsville Rd,Watterson Trl (CS-1073H),9.35,Breckenridge Ln (KY 1932),13.59,8629,2035,22,5.24558894,0,0,KYTC,947.412659437399
1096,8847,9332,9399,TAYLORSVILLE RD, ,TAYLORSVILLE,RD, ,FARISH,DR, ,JANLYN,RD,JEFFERSONTOWN,11,STATE,MAJOR ARTERIAL,KY-155,4.24,48,056-KY-0155  -000,Taylorsville Rd,Watterson Trl (CS-1073H),9.35,Breckenridge Ln (KY 1932),13.59,8629,2035,22,5.24558894,0,0,KYTC,212.299990627208
1097,8848,9400,9415,TAYLORSVILLE RD, ,TAYLORSVILLE,RD, ,JANLYN,RD, ,HARMONY,RD,JEFFERSONTOWN,11,STATE,MAJOR ARTERIAL,KY-155,4.24,48,056-KY-0155  -000,Taylorsville Rd,Watterson Trl (CS-1073H),9.35,Breckenridge Ln (KY 1932),13.59,8629,2035,22,5.24558894,0,0,KYTC,291.693454937071
1098,31144,12599,12551,GREENBELT HWY, ,GREENBELT,HWY, ,KY 841, , ,GREENBELT RAMP, ,LOUISVILLE,14,STATE,MAJOR ARTERIAL,KY-1934,11.502,21,056-KY-1934  -000,Greenbelt Hwy / Cane Run Rd,Gene Snyder Fwy (KY 841),0,Algonquin Pkwy (KY 2054),11.502,31389,2729.00365154,100,8.69414015,9.201,0.79994784,KYTC,1282.71071821131
1099,26437,10511,10515,W MANSLICK RD,W,MANSLICK,RD, ,LEOPOLD WOOD,LOOP, ,STARLET,DR,LOUISVILLE,13,STATE,PRIMARY COLLECTOR,KY-2055,0.664,23,056-KY-2055  -000,W Manslick Rd,Fairdale Rd (CR-1005M),1.333,W Manslick Rd (KY 2055) / Brown Austin Rd,1.997,1795,2703.31325301,7,10.54216867,0,0,KYTC,170.188232705297
1100,40796,10500,10510,W MANSLICK RD,W,MANSLICK,RD, ,MASON,LN, ,LEOPOLD WOOD,LOOP,LOUISVILLE,13,STATE,PRIMARY COLLECTOR,KY-2055,0.664,23,056-KY-2055  -000,W Manslick Rd,Fairdale Rd (CR-1005M),1.333,W Manslick Rd (KY 2055) / Brown Austin Rd,1.997,1795,2703.31325301,7,10.54216867,0,0,KYTC,626.088324618918
1101,26436,10411,10499,W MANSLICK RD,W,MANSLICK,RD, ,SHARON,LN, ,MASON,LN,LOUISVILLE,13,STATE,PRIMARY COLLECTOR,KY-2055,0.664,23,056-KY-2055  -000,W Manslick Rd,Fairdale Rd (CR-1005M),1.333,W Manslick Rd (KY 2055) / Brown Austin Rd,1.997,1795,2703.31325301,7,10.54216867,0,0,KYTC,366.996166681622
1102,26438,10516,10709,W MANSLICK RD,W,MANSLICK,RD, ,STARLET,DR, ,MITCHELL HILL,RD,LOUISVILLE,13,STATE,PRIMARY COLLECTOR,KY-2055,0.664,23,056-KY-2055  -000,W Manslick Rd,Fairdale Rd (CR-1005M),1.333,W Manslick Rd (KY 2055) / Brown Austin Rd,1.997,1795,2703.31325301,7,10.54216867,0,0,KYTC,1290.49492787806
1103,29307,12305,12499,DIXIE HWY, ,DIXIE,HWY, ,MANOR ISLE,DR,W,ORELL,RD,LOUISVILLE,14,STATE,MAJOR ARTERIAL,US-31W,14.536,10,056-US-0031W -000,Dixie Hwy,Depot Lane,2.974,Bernheim Ln (US 31W),17.51,49906,3433,150,10.3,12.626,0.86860209,KYTC,618.471630072494
1104,24004,5100,5113,POPLAR LEVEL RD, ,POPLAR LEVEL,RD, ,FREY,DR, ,PATTERSON,DR,LOUISVILLE,2,STATE,MAJOR ARTERIAL,KY-864,7.117,41,056-KY-0864  -000,Poplar Level Rd,Fern Valley Rd (KY 1747),6.596,Eastern Pkwy (US 60A),13.713,16064,2257.13081355,44,6.18238022,4.725,0.66390333,KYTC,303.979716896621
1105,24009,5114,5119,POPLAR LEVEL RD, ,POPLAR LEVEL,RD, ,PATTERSON,DR, ,ATHENS,DR,LOUISVILLE,2,STATE,MAJOR ARTERIAL,KY-864,7.117,41,056-KY-0864  -000,Poplar Level Rd,Fern Valley Rd (KY 1747),6.596,Eastern Pkwy (US 60A),13.713,16064,2257.13081355,44,6.18238022,4.725,0.66390333,KYTC,278.47404755517
1106,22293,4125,4144,CANE RUN RD, ,CANE RUN,RD, ,TRAPPERS,TRL, ,FARNSLEY,RD,LOUISVILLE,3,STATE,MAJOR ARTERIAL,KY-1934,11.502,21,056-KY-1934  -000,Greenbelt Hwy / Cane Run Rd,Gene Snyder Fwy (KY 841),0,Algonquin Pkwy (KY 2054),11.502,31389,2729.00365154,100,8.69414015,9.201,0.79994784,KYTC,378.327819414255
1107,33335,5138,5150,POPLAR LEVEL RD, ,POPLAR LEVEL,RD, ,MARTY,LN, ,OAKDALE,LN,LOUISVILLE,2,STATE,MAJOR ARTERIAL,KY-864,7.117,41,056-KY-0864  -000,Poplar Level Rd,Fern Valley Rd (KY 1747),6.596,Eastern Pkwy (US 60A),13.713,16064,2257.13081355,44,6.18238022,4.725,0.66390333,KYTC,378.718747103721
1108,10905,5151,5154,POPLAR LEVEL RD, ,POPLAR LEVEL,RD, ,OAKDALE,LN, ,JEFFERSON,BLVD,LOUISVILLE,2,STATE,MAJOR ARTERIAL,KY-864,7.117,41,056-KY-0864  -000,Poplar Level Rd,Fern Valley Rd (KY 1747),6.596,Eastern Pkwy (US 60A),13.713,16064,2257.13081355,44,6.18238022,4.725,0.66390333,KYTC,180.648853361422
1109,30109,5120,5126,POPLAR LEVEL RD, ,POPLAR LEVEL,RD, ,ATHENS,DR, ,BRAIDWOOD,DR,LOUISVILLE,2,STATE,MAJOR ARTERIAL,KY-864,7.117,41,056-KY-0864  -000,Poplar Level Rd,Fern Valley Rd (KY 1747),6.596,Eastern Pkwy (US 60A),13.713,16064,2257.13081355,44,6.18238022,4.725,0.66390333,KYTC,231.295354471291
1110,10900,5127,5137,POPLAR LEVEL RD, ,POPLAR LEVEL,RD, ,BRAIDWOOD,DR, ,MARTY,LN,LOUISVILLE,2,STATE,MAJOR ARTERIAL,KY-864,7.117,41,056-KY-0864  -000,Poplar Level Rd,Fern Valley Rd (KY 1747),6.596,Eastern Pkwy (US 60A),13.713,16064,2257.13081355,44,6.18238022,4.725,0.66390333,KYTC,187.739991760546
1111,22430,3956,3999,DIXIE HWY, ,DIXIE,HWY, ,SCHMITTS,LN, ,7TH STREET,RD,SHIVELY,3,STATE,MAJOR ARTERIAL,US-31W,14.536,10,056-US-0031W -000,Dixie Hwy,Depot Lane,2.974,Bernheim Ln (US 31W),17.51,49906,3433,150,10.3,12.626,0.86860209,KYTC,301.739275051732
1112,13924,5800,5899,S HURSTBOURNE PKY,S,HURSTBOURNE,PKY, ,GOVERNOURS,WAY, ,BARDSTOWN,RD,LOUISVILLE,26,STATE,MAJOR ARTERIAL,KY-1747,0.7891,20,056-KY-1747  -000,S Hurstbourne Pkwy,S Watterson Trl (CR-1005H),6.847,Stony Brook Dr (CR-1010H),7.6361,2254.15,2856.60879483,5,6.33633253,0,0,KYTC,302.4379476184
1113,31719,6300,6599,S HURSTBOURNE PKY,S,HURSTBOURNE,PKY, ,LISA,CT,S,WATTERSON,TRL,LOUISVILLE,24,STATE,MAJOR ARTERIAL,KY-1747,0.7891,20,056-KY-1747  -000,S Hurstbourne Pkwy,S Watterson Trl (CR-1005H),6.847,Stony Brook Dr (CR-1010H),7.6361,2254.15,2856.60879483,5,6.33633253,0,0,KYTC,1522.44930904638
1114,14176,3104,3129,PORTLAND AVE, ,PORTLAND,AVE,N,31ST,ST,N,32ND,ST,LOUISVILLE,5,STATE,MINOR ARTERIAL,KY-3064,1.1,46,056-KY-3064  -000,Portland Ave (KY 3064),N 22nd St (US 150),0,N 33rd St / Northwestern Pky (CS-1003A),1.1,3836,2135.85746102,13,7.23830735,1.796,1,KYTC,387.049819144771
1115,14422,600,612,N 22ND ST,N,22ND,ST, ,PORTLAND,AVE, ,I 64 RAMP, ,LOUISVILLE,5,STATE,LOCAL,US-150,0.741,15,056-US-0150  -000,N 22nd St,Northwestern Pkwy,0,W Main St (US 31W-001),0.741,2292,3093.11740891,6,8.09716599,0.49,0.66126856,KYTC,96.9998803431471
1116,14490,2000,2099,PORTLAND AVE, ,PORTLAND,AVE,N,20TH,ST,N,22ND,ST,LOUISVILLE,5,METRO,MINOR ARTERIAL, ,0.696,46,056-CS-1053A -000,Portland Ave (CS-1053A),N 15th St (CS-1103A),0,N 22nd St (US 150),0.696,3836,2135.85746102,13,7.23830735,1.796,1,METRO,842.606727811919
1117,14200,2934,3027,PORTLAND AVE, ,PORTLAND,AVE,N,30TH,ST,N,31ST,ST,LOUISVILLE,5,STATE,MINOR ARTERIAL,KY-3064,1.1,46,056-KY-3064  -000,Portland Ave (KY 3064),N 22nd St (US 150),0,N 33rd St / Northwestern Pky (CS-1003A),1.1,3836,2135.85746102,13,7.23830735,1.796,1,KYTC,480.418620352344
1118,14276,2700,2729,PORTLAND AVE, ,PORTLAND,AVE,N,27TH,ST,N,28TH,ST,LOUISVILLE,5,STATE,MINOR ARTERIAL,KY-3064,1.1,46,056-KY-3064  -000,Portland Ave (KY 3064),N 22nd St (US 150),0,N 33rd St / Northwestern Pky (CS-1003A),1.1,3836,2135.85746102,13,7.23830735,1.796,1,KYTC,408.770663470439
1119,14351,2329,2400,PORTLAND AVE, ,PORTLAND,AVE,N,24TH,ST,N,24TH,ST,LOUISVILLE,5,STATE,MINOR ARTERIAL,KY-3064,1.1,46,056-KY-3064  -000,Portland Ave (KY 3064),N 22nd St (US 150),0,N 33rd St / Northwestern Pky (CS-1003A),1.1,3836,2135.85746102,13,7.23830735,1.796,1,KYTC,56.0323567235932
1120,14181,3028,3103,PORTLAND AVE, ,PORTLAND,AVE,N,31ST,ST,N,31ST,ST,LOUISVILLE,5,STATE,MINOR ARTERIAL,KY-3064,1.1,46,056-KY-3064  -000,Portland Ave (KY 3064),N 22nd St (US 150),0,N 33rd St / Northwestern Pky (CS-1003A),1.1,3836,2135.85746102,13,7.23830735,1.796,1,KYTC,81.7530580467789
1121,14721,1637,1716,PORTLAND AVE, ,PORTLAND,AVE,N,17TH,ST,N,17TH,ST,LOUISVILLE,5,METRO,MINOR ARTERIAL, ,0.696,46,056-CS-1053A -000,Portland Ave (CS-1053A),N 15th St (CS-1103A),0,N 22nd St (US 150),0.696,3836,2135.85746102,13,7.23830735,1.796,1,METRO,300.119914896572
1122,14672,1717,1730,PORTLAND AVE, ,PORTLAND,AVE,N,17TH,ST,N,18TH,ST,LOUISVILLE,5,METRO,MINOR ARTERIAL, ,0.696,46,056-CS-1053A -000,Portland Ave (CS-1053A),N 15th St (CS-1103A),0,N 22nd St (US 150),0.696,3836,2135.85746102,13,7.23830735,1.796,1,METRO,165.78966455808
1123,14378,2238,2328,PORTLAND AVE, ,PORTLAND,AVE,N,23RD,ST,N,24TH,ST,LOUISVILLE,5,STATE,MINOR ARTERIAL,KY-3064,1.1,46,056-KY-3064  -000,Portland Ave (KY 3064),N 22nd St (US 150),0,N 33rd St / Northwestern Pky (CS-1003A),1.1,3836,2135.85746102,13,7.23830735,1.796,1,KYTC,419.82504261448
1124,14800,1600,1636,PORTLAND AVE, ,PORTLAND,AVE,N,16TH,ST,N,17TH,ST,LOUISVILLE,5,METRO,MINOR ARTERIAL, ,0.696,46,056-CS-1053A -000,Portland Ave (CS-1053A),N 15th St (CS-1103A),0,N 22nd St (US 150),0.696,3836,2135.85746102,13,7.23830735,1.796,1,METRO,426.086242920667
1125,14228,2827,2899,PORTLAND AVE, ,PORTLAND,AVE,N,29TH,ST,N,29TH,ST,LOUISVILLE,5,STATE,MINOR ARTERIAL,KY-3064,1.1,46,056-KY-3064  -000,Portland Ave (KY 3064),N 22nd St (US 150),0,N 33rd St / Northwestern Pky (CS-1003A),1.1,3836,2135.85746102,13,7.23830735,1.796,1,KYTC,208.5674725958
1126,14285,2644,2699,PORTLAND AVE, ,PORTLAND,AVE,N,27TH,ST,N,27TH,ST,LOUISVILLE,5,STATE,MINOR ARTERIAL,KY-3064,1.1,46,056-KY-3064  -000,Portland Ave (KY 3064),N 22nd St (US 150),0,N 33rd St / Northwestern Pky (CS-1003A),1.1,3836,2135.85746102,13,7.23830735,1.796,1,KYTC,71.2080194307495
1127,14251,2730,2826,PORTLAND AVE, ,PORTLAND,AVE,N,28TH,ST,N,29TH,ST,LOUISVILLE,5,STATE,MINOR ARTERIAL,KY-3064,1.1,46,056-KY-3064  -000,Portland Ave (KY 3064),N 22nd St (US 150),0,N 33rd St / Northwestern Pky (CS-1003A),1.1,3836,2135.85746102,13,7.23830735,1.796,1,KYTC,270.734372820598
1128,14457,527,599,N 22ND ST,N,22ND,ST, ,LYTLE,ST, ,PORTLAND,AVE,LOUISVILLE,5,STATE,MAJOR ARTERIAL,US-150,0.741,15,056-US-0150  -000,N 22nd St,Northwestern Pkwy,0,W Main St (US 31W-001),0.741,2292,3093.11740891,6,8.09716599,0.49,0.66126856,KYTC,338.1603028151
1129,14625,1800,1899,PORTLAND AVE, ,PORTLAND,AVE,N,18TH,ST,N,19TH,ST,LOUISVILLE,5,METRO,MINOR ARTERIAL, ,0.696,46,056-CS-1053A -000,Portland Ave (CS-1053A),N 15th St (CS-1103A),0,N 22nd St (US 150),0.696,3836,2135.85746102,13,7.23830735,1.796,1,METRO,506.588351178795
1130,14350,2401,2437,PORTLAND AVE, ,PORTLAND,AVE,N,24TH,ST,N,25TH,ST,LOUISVILLE,5,STATE,MINOR ARTERIAL,KY-3064,1.1,46,056-KY-3064  -000,Portland Ave (KY 3064),N 22nd St (US 150),0,N 33rd St / Northwestern Pky (CS-1003A),1.1,3836,2135.85746102,13,7.23830735,1.796,1,KYTC,481.407441778791
1131,14311,2600,2643,PORTLAND AVE, ,PORTLAND,AVE,N,26TH,ST,N,27TH,ST,LOUISVILLE,5,STATE,MINOR ARTERIAL,KY-3064,1.1,46,056-KY-3064  -000,Portland Ave (KY 3064),N 22nd St (US 150),0,N 33rd St / Northwestern Pky (CS-1003A),1.1,3836,2135.85746102,13,7.23830735,1.796,1,KYTC,478.303577762074
1132,14546,1900,1999,PORTLAND AVE, ,PORTLAND,AVE,N,19TH,ST,N,20TH,ST,LOUISVILLE,5,METRO,MINOR ARTERIAL, ,0.696,46,056-CS-1053A -000,Portland Ave (CS-1053A),N 15th St (CS-1103A),0,N 22nd St (US 150),0.696,3836,2135.85746102,13,7.23830735,1.796,1,METRO,519.578218994579
1133,14423,2100,2199,PORTLAND AVE, ,PORTLAND,AVE,N,22ND,ST, ,CARTER,ST,LOUISVILLE,5,STATE,MINOR ARTERIAL,KY-3064,1.1,46,056-KY-3064  -000,Portland Ave (KY 3064),N 22nd St (US 150),0,N 33rd St / Northwestern Pky (CS-1003A),1.1,3836,2135.85746102,13,7.23830735,1.796,1,KYTC,503.6766625355
1134,14853,1500,1599,PORTLAND AVE, ,PORTLAND,AVE,N,15TH,ST,N,16TH,ST,LOUISVILLE,5,METRO,MINOR ARTERIAL, ,0.696,46,056-CS-1053A -000,Portland Ave (CS-1053A),N 15th St (CS-1103A),0,N 22nd St (US 150),0.696,3836,2135.85746102,13,7.23830735,1.796,1,METRO,336.233174417608
1135,20481,1000,1099,BARDSTOWN RD, ,BARDSTOWN,RD, ,BAXTER,AVE, ,GRINSTEAD,DR,LOUISVILLE,8,STATE,MAJOR ARTERIAL,US-31E,5.8,16,056-US-0031E -000,Beuchel Byp / Bardstown Rd / Baxter Ave,Hikes Lane (KY 2052),10.974,E Main St (US 31E),16.774,17471,3012.24137931,41,7.1,1.878,0.3237931,KYTC,1112.21587476218
1136,20440,970,979,BAXTER AVE, ,BAXTER,AVE, ,HIGHLAND,AVE, ,BARDSTOWN,RD,LOUISVILLE,8,STATE,MAJOR ARTERIAL,US-31E,5.8,16,056-US-0031E -000,Beuchel Byp / Bardstown Rd / Baxter Ave,Hikes Lane (KY 2052),10.974,E Main St (US 31E),16.774,17471,3012.24137931,41,7.1,1.878,0.3237931,KYTC,50.7016780417572
1137,23529,4700,4713,TAYLOR BLVD, ,TAYLOR,BLVD, ,HUNTOON,AVE, ,CAROL JEAN,CT,LOUISVILLE,15,STATE,MAJOR ARTERIAL,KY-1865,5.273,5,056-KY-1865  -000,Taylor Blvd / New Cut Rd,Gene Snyder Fwy (KY 841),0.92,Berry Blvd (US 60A),6.193,20222,3835.00853404,51,9.67191352,4.556,0.86402427,KYTC,312.552657368522
1138,23245,4340,4389,TAYLOR BLVD, ,TAYLOR,BLVD, ,OAKWOOD,AVE, ,WALTER,AVE,LOUISVILLE,15,STATE,MAJOR ARTERIAL,KY-1865,5.273,5,056-KY-1865  -000,Taylor Blvd / New Cut Rd,Gene Snyder Fwy (KY 841),0.92,Berry Blvd (US 60A),6.193,20222,3835.00853404,51,9.67191352,4.556,0.86402427,KYTC,290.691381303372
1139,26061,4900,4999,NEW CUT RD, ,NEW CUT,RD, ,SOUTHLAND,TER, ,IROQUOIS,AVE,LOUISVILLE,15,STATE,MAJOR ARTERIAL,KY-1865,5.273,5,056-KY-1865  -000,Taylor Blvd / New Cut Rd,Gene Snyder Fwy (KY 841),0.92,Berry Blvd (US 60A),6.193,20222,3835.00853404,51,9.67191352,4.556,0.86402427,KYTC,530.147317296467
1140,23451,4600,4617,TAYLOR BLVD, ,TAYLOR,BLVD, ,ARLING,AVE, ,HASKIN,AVE,LOUISVILLE,15,STATE,MAJOR ARTERIAL,KY-1865,5.273,5,056-KY-1865  -000,Taylor Blvd / New Cut Rd,Gene Snyder Fwy (KY 841),0.92,Berry Blvd (US 60A),6.193,20222,3835.00853404,51,9.67191352,4.556,0.86402427,KYTC,335.006454725596
1141,23500,4618,4699,TAYLOR BLVD, ,TAYLOR,BLVD, ,HASKIN,AVE, ,HUNTOON,AVE,LOUISVILLE,15,STATE,MAJOR ARTERIAL,KY-1865,5.273,5,056-KY-1865  -000,Taylor Blvd / New Cut Rd,Gene Snyder Fwy (KY 841),0.92,Berry Blvd (US 60A),6.193,20222,3835.00853404,51,9.67191352,4.556,0.86402427,KYTC,338.611264904628
1142,25868,4600,4699,S 3RD ST,S,3RD,ST,W,WELLINGTON,AVE,W,WOODLAWN,AVE,LOUISVILLE,21,METRO,MINOR ARTERIAL, ,2.667,34,056-CS-1013F -000,S 3rd St (CS-1013F),Southern Pkwy (KY 1020),0,W Kenwood Dr (CS-1257F),2.667,6840,2445.4772971,19,6.79299249,2.797,1,METRO,860.337963798602
1143,25879,4700,4799,S 3RD ST,S,3RD,ST,W,WOODLAWN,AVE,W,KENWOOD,WAY,LOUISVILLE,21,METRO,MINOR ARTERIAL, ,2.667,34,056-CS-1013F -000,S 3rd St (CS-1013F),Southern Pkwy (KY 1020),0,W Kenwood Dr (CS-1257F),2.667,6840,2445.4772971,19,6.79299249,2.797,1,METRO,1016.99470763203
1144,23256,4390,4399,TAYLOR BLVD, ,TAYLOR,BLVD, ,WALTER,AVE, ,WALTER,AVE,LOUISVILLE,15,STATE,MAJOR ARTERIAL,KY-1865,5.273,5,056-KY-1865  -000,Taylor Blvd / New Cut Rd,Gene Snyder Fwy (KY 841),0.92,Berry Blvd (US 60A),6.193,20222,3835.00853404,51,9.67191352,4.556,0.86402427,KYTC,54.9296090607106
1145,23561,4714,4799,TAYLOR BLVD, ,TAYLOR,BLVD, ,CAROL JEAN,CT, ,MARRET,PL,LOUISVILLE,15,STATE,MAJOR ARTERIAL,KY-1865,5.273,5,056-KY-1865  -000,Taylor Blvd / New Cut Rd,Gene Snyder Fwy (KY 841),0.92,Berry Blvd (US 60A),6.193,20222,3835.00853404,51,9.67191352,4.556,0.86402427,KYTC,359.155533530565
1146,26057,4800,4899,NEW CUT RD, ,NEW CUT,RD, ,MARRET,PL, ,SOUTHLAND,TER,LOUISVILLE,15,STATE,MAJOR ARTERIAL,KY-1865,5.273,5,056-KY-1865  -000,Taylor Blvd / New Cut Rd,Gene Snyder Fwy (KY 841),0.92,Berry Blvd (US 60A),6.193,20222,3835.00853404,51,9.67191352,4.556,0.86402427,KYTC,830.510169704629
1147,29298,12100,12304,DIXIE HWY, ,DIXIE,HWY, ,STONEGATE MANOR,DR, ,MANOR ISLE,DR,LOUISVILLE,14,STATE,MAJOR ARTERIAL,US-31W,14.536,10,056-US-0031W -000,Dixie Hwy,Depot Lane,2.974,Bernheim Ln (US 31W),17.51,49906,3433,150,10.3,12.626,0.86860209,KYTC,1338.60325565713
1148,25208,9100,9199,PRESTON HWY, ,PRESTON,HWY, ,SPRINGVIEW,DR,E,MANSLICK,RD,LOUISVILLE,24,STATE,MAJOR ARTERIAL,KY-61,7.502,9,056-KY-0061  -000,Preston Hwy,Cooper Chapel Rd / Commerce Crossings Dr (KY 6299),1.401,Hart Ave,8.903,25969,3461.61023727,77,10.26392962,4.884,0.65102639,KYTC,616.657013696127
1149,25153,9090,9099,PRESTON HWY, ,PRESTON,HWY, ,COOPER,AVE, ,SPRINGVIEW,DR,LOUISVILLE,24,STATE,MAJOR ARTERIAL,KY-61,7.502,9,056-KY-0061  -000,Preston Hwy,Cooper Chapel Rd / Commerce Crossings Dr (KY 6299),1.401,Hart Ave,8.903,25969,3461.61023727,77,10.26392962,4.884,0.65102639,KYTC,84.5544388249369
1150,20357,1000,1022,E BROADWAY,E,BROADWAY, , ,BRENT,ST, ,BARRET,AVE,LOUISVILLE,4,STATE,MAJOR ARTERIAL,US-150,3.3535,1,056-US-0150  -000,Broadway,S 22nd St (US 31W-001),0.7405,Baxter Ave (US 31E),4.094,19419.4,5792,48,14.30913698,3.353,1,KYTC,441.992215701391
1151,18186,2215,2244,BARDSTOWN RD, ,BARDSTOWN,RD, ,HARVARD,DR, ,WOODBOURNE,AVE,LOUISVILLE,8,STATE,MAJOR ARTERIAL,US-31E,5.8,16,056-US-0031E -000,Beuchel Byp / Bardstown Rd / Baxter Ave,Hikes Lane (KY 2052),10.974,E Main St (US 31E),16.774,17471,3012.24137931,41,7.1,1.878,0.3237931,KYTC,440.065677181046
1152,18197,2245,2287,BARDSTOWN RD, ,BARDSTOWN,RD, ,WOODBOURNE,AVE, ,WOODBOURNE,AVE,LOUISVILLE,8,STATE,MAJOR ARTERIAL,US-31E,5.8,16,056-US-0031E -000,Beuchel Byp / Bardstown Rd / Baxter Ave,Hikes Lane (KY 2052),10.974,E Main St (US 31E),16.774,17471,3012.24137931,41,7.1,1.878,0.3237931,KYTC,176.949996648947
1153,18208,2288,2299,BARDSTOWN RD, ,BARDSTOWN,RD, ,WOODBOURNE,AVE, ,SILS,AVE,LOUISVILLE,8,STATE,MAJOR ARTERIAL,US-31E,5.8,16,056-US-0031E -000,Beuchel Byp / Bardstown Rd / Baxter Ave,Hikes Lane (KY 2052),10.974,E Main St (US 31E),16.774,17471,3012.24137931,41,7.1,1.878,0.3237931,KYTC,228.780141555845
1154,18231,2391,2402,BARDSTOWN RD, ,BARDSTOWN,RD, ,WROCKLAGE,AVE, ,WROCKLAGE,AVE,LOUISVILLE,8,STATE,MAJOR ARTERIAL,US-31E,5.8,16,056-US-0031E -000,Beuchel Byp / Bardstown Rd / Baxter Ave,Hikes Lane (KY 2052),10.974,E Main St (US 31E),16.774,17471,3012.24137931,41,7.1,1.878,0.3237931,KYTC,116.166832642756
1155,18224,2300,2390,BARDSTOWN RD, ,BARDSTOWN,RD, ,SILS,AVE, ,WROCKLAGE,AVE,LOUISVILLE,8,STATE,MAJOR ARTERIAL,US-31E,5.8,16,056-US-0031E -000,Beuchel Byp / Bardstown Rd / Baxter Ave,Hikes Lane (KY 2052),10.974,E Main St (US 31E),16.774,17471,3012.24137931,41,7.1,1.878,0.3237931,KYTC,348.413829465049
1156,40942,5800,5999,PRESTON HWY, ,PRESTON,HWY, ,VINEWOOD,RD, ,SHEEHAN LANDING,DR,LOUISVILLE,2,STATE,MAJOR ARTERIAL,KY-61,7.502,9,056-KY-0061  -000,Preston Hwy,Cooper Chapel Rd / Commerce Crossings Dr (KY 6299),1.401,Hart Ave,8.903,25969,3461.61023727,77,10.26392962,4.884,0.65102639,KYTC,1123.499585256
1157,23854,6000,6018,PRESTON HWY, ,PRESTON,HWY, ,SHEEHAN LANDING,DR, ,BENNETT,LN,LOUISVILLE,2,STATE,MAJOR ARTERIAL,KY-61,7.502,9,056-KY-0061  -000,Preston Hwy,Cooper Chapel Rd / Commerce Crossings Dr (KY 6299),1.401,Hart Ave,8.903,25969,3461.61023727,77,10.26392962,4.884,0.65102639,KYTC,495.295373132622
1158,23863,6019,6099,PRESTON HWY, ,PRESTON,HWY, ,BENNETT,LN, ,PRESTWOOD,DR,LOUISVILLE,21,STATE,MAJOR ARTERIAL,KY-61,7.502,9,056-KY-0061  -000,Preston Hwy,Cooper Chapel Rd / Commerce Crossings Dr (KY 6299),1.401,Hart Ave,8.903,25969,3461.61023727,77,10.26392962,4.884,0.65102639,KYTC,137.851186681422
1159,23719,5600,5799,PRESTON HWY, ,PRESTON,HWY,E,INDIAN,TRL, ,VINEWOOD,RD,LOUISVILLE,21,STATE,MAJOR ARTERIAL,KY-61,7.502,9,056-KY-0061  -000,Preston Hwy,Cooper Chapel Rd / Commerce Crossings Dr (KY 6299),1.401,Hart Ave,8.903,25969,3461.61023727,77,10.26392962,4.884,0.65102639,KYTC,1096.83846517378
1160,20436,946,969,BAXTER AVE, ,BAXTER,AVE, ,MORTON,AVE, ,HIGHLAND,AVE,LOUISVILLE,8,STATE,MAJOR ARTERIAL,US-31E,5.8,16,056-US-0031E -000,Beuchel Byp / Bardstown Rd / Baxter Ave,Hikes Lane (KY 2052),10.974,E Main St (US 31E),16.774,17471,3012.24137931,41,7.1,1.878,0.3237931,KYTC,503.061888326666
1161,14645,1731,1799,PORTLAND AVE, ,PORTLAND,AVE,N,18TH,ST,N,18TH,ST,LOUISVILLE,5,METRO,MINOR ARTERIAL, ,0.696,46,056-CS-1053A -000,Portland Ave (CS-1053A),N 15th St (CS-1103A),0,N 22nd St (US 150),0.696,3836,2135.85746102,13,7.23830735,1.796,1,METRO,228.3687635198
1162,20988,509,522,BAXTER AVE, ,BAXTER,AVE, ,HULL,ST, ,HULL,ST,LOUISVILLE,4,STATE,MAJOR ARTERIAL,US-31E,5.8,16,056-US-0031E -000,Beuchel Byp / Bardstown Rd / Baxter Ave,Hikes Lane (KY 2052),10.974,E Main St (US 31E),16.774,17471,3012.24137931,41,7.1,1.878,0.3237931,KYTC,184.569880537325
1163,20358,1023,1199,E BROADWAY,E,BROADWAY, , ,BARRET,AVE, ,ST ANTHONY,PL,LOUISVILLE,8,STATE,MAJOR ARTERIAL,US-150,3.3535,1,056-US-0150  -000,Broadway,S 22nd St (US 31W-001),0.7405,Baxter Ave (US 31E),4.094,19419.4,5792,48,14.30913698,3.353,1,KYTC,1207.73982635807
1164,20360,1200,1203,E BROADWAY,E,BROADWAY, , ,ST ANTHONY,PL, ,RUBEL,AVE,LOUISVILLE,8,STATE,MAJOR ARTERIAL,US-150,3.3535,1,056-US-0150  -000,Broadway,S 22nd St (US 31W-001),0.7405,Baxter Ave (US 31E),4.094,19419.4,5792,48,14.30913698,3.353,1,KYTC,78.7739568718622
1165,20994,523,599,BAXTER AVE, ,BAXTER,AVE, ,HULL,ST, ,PAYNE,ST,LOUISVILLE,4,STATE,MAJOR ARTERIAL,US-31E,5.8,16,056-US-0031E -000,Beuchel Byp / Bardstown Rd / Baxter Ave,Hikes Lane (KY 2052),10.974,E Main St (US 31E),16.774,17471,3012.24137931,41,7.1,1.878,0.3237931,KYTC,291.691440976698
1166,20362,1204,1218,E BROADWAY,E,BROADWAY, , ,RUBEL,AVE, ,RUBEL,AVE,LOUISVILLE,4,STATE,MAJOR ARTERIAL,US-150,3.3535,1,056-US-0150  -000,Broadway,S 22nd St (US 31W-001),0.7405,Baxter Ave (US 31E),4.094,19419.4,5792,48,14.30913698,3.353,1,KYTC,233.166241559804
1167,20364,1219,1299,E BROADWAY,E,BROADWAY, , ,RUBEL,AVE, ,BAXTER,AVE,LOUISVILLE,4,STATE,MAJOR ARTERIAL,US-150,3.3535,1,056-US-0150  -000,Broadway,S 22nd St (US 31W-001),0.7405,Baxter Ave (US 31E),4.094,19419.4,5792,48,14.309137,3.353,1,KYTC,486.004444010329
1168,20390,900,919,BAXTER AVE, ,BAXTER,AVE,E,BRECKINRIDGE,ST, ,CHRISTY,AVE,LOUISVILLE,8,STATE,MAJOR ARTERIAL,US-31E,5.8,16,056-US-0031E -000,Beuchel Byp / Bardstown Rd / Baxter Ave,Hikes Lane (KY 2052),10.974,E Main St (US 31E),16.774,17471,3012.24137931,41,7.1,1.878,0.3237931,KYTC,282.709767252566
1169,20400,920,945,BAXTER AVE, ,BAXTER,AVE, ,CHRISTY,AVE, ,MORTON,AVE,LOUISVILLE,8,STATE,MAJOR ARTERIAL,US-31E,5.8,16,056-US-0031E -000,Beuchel Byp / Bardstown Rd / Baxter Ave,Hikes Lane (KY 2052),10.974,E Main St (US 31E),16.774,17471,3012.24137931,41,7.1,1.878,0.3237931,KYTC,284.383540336044
1170,1936,9500,9699,WESTPORT RD, ,WESTPORT,RD, ,WESTPORT,CIR,N,HURSTBOURNE,PKY,LOUISVILLE,7,STATE,MINOR ARTERIAL,KY-1447,5.078,18,056-KY-1447  -000,Westport Rd,I-264,1.96,Chamberlain Ln,7.038,14916,2937.37692005,45,8.8617566,0,0,KYTC,1412.77568864454
1171,24421,5605,5614,NEW CUT RD, ,NEW CUT,RD, ,COGAN,BLVD, ,BAKERS,LN,LOUISVILLE,25,STATE,MINOR ARTERIAL,KY-1865,5.273,5,056-KY-1865  -000,Taylor Blvd / New Cut Rd,Gene Snyder Fwy (KY 841),0.92,Berry Blvd (US 60A),6.193,20222,3835.00853404,51,9.67191352,4.556,0.86402427,KYTC,441.405649390085
1172,6358,7480,7499,WESTPORT RD, ,WESTPORT,RD, ,LYNDON,LN, ,LYNN,WAY,GRAYMOOR/DEVONDALE,7,STATE,MINOR ARTERIAL,KY-1447,5.078,18,056-KY-1447  -000,Westport Rd,I-264,1.96,Chamberlain Ln,7.038,14916,2937.37692005,45,8.8617566,0,0,KYTC,143.05640465936
1173,34539,4550,4649,WESTPORT RD, ,WESTPORT,RD, ,I 264 RAMP, , ,WASHBURN,AVE,ST MATTHEWS,7,STATE,MINOR ARTERIAL,KY-1447,5.078,18,056-KY-1447  -000,Westport Rd,I-264,1.96,Chamberlain Ln,7.038,14916,2937.37692005,45,8.8617566,0,0,KYTC,357.886001640624
1174,8293,7500,7599,WESTPORT RD, ,WESTPORT,RD, ,LYNN,WAY, ,DEVONDALE,DR,GRAYMOOR/DEVONDALE,7,STATE,MINOR ARTERIAL,KY-1447,5.078,18,056-KY-1447  -000,Westport Rd,I-264,1.96,Chamberlain Ln,7.038,14916,2937.37692005,45,8.8617566,0,0,KYTC,1069.96621813057
1175,6392,4800,4809,WESTPORT RD, ,WESTPORT,RD, ,GIRARD,DR, ,ABBEYWOOD,RD,GRAYMOOR/DEVONDALE,7,STATE,MINOR ARTERIAL,KY-1447,5.078,18,056-KY-1447  -000,Westport Rd,I-264,1.96,Chamberlain Ln,7.038,14916,2937.37692005,45,8.8617566,0,0,KYTC,373.407874569782
1176,2128,8600,8699,WESTPORT RD, ,WESTPORT,RD, ,REDLEAF,DR, ,DOVE CREEK,BLVD,PLANTATION,7,STATE,MINOR ARTERIAL,KY-1447,5.078,18,056-KY-1447  -000,Westport Rd,I-264,1.96,Chamberlain Ln,7.038,14916,2937.37692005,45,8.8617566,0,0,KYTC,475.952789290323
1177,6406,4710,4799,WESTPORT RD, ,WESTPORT,RD, ,FENLEY,AVE, ,GIRARD,DR,ST MATTHEWS,7,STATE,MINOR ARTERIAL,KY-1447,5.078,18,056-KY-1447  -000,Westport Rd,I-264,1.96,Chamberlain Ln,7.038,14916,2937.37692005,45,8.8617566,0,0,KYTC,291.531233495015
1178,2027,9100,9199,WESTPORT RD, ,WESTPORT,RD, ,KENNERSLEY,DR, ,LANGDON,DR,LANGDON PLACE,7,STATE,MINOR ARTERIAL,KY-1447,5.078,18,056-KY-1447  -000,Westport Rd,I-264,1.96,Chamberlain Ln,7.038,14916,2937.37692005,45,8.8617566,0,0,KYTC,1028.09112370481
1179,2097,8700,8799,WESTPORT RD, ,WESTPORT,RD, ,DOVE CREEK,BLVD, ,HERMITAGE,WAY,LOUISVILLE,7,STATE,MINOR ARTERIAL,KY-1447,5.078,18,056-KY-1447  -000,Westport Rd,I-264,1.96,Chamberlain Ln,7.038,14916,2937.37692005,45,8.8617566,0,0,KYTC,1003.55583544983
1180,24565,5644,5725,NEW CUT RD, ,NEW CUT,RD, ,SCOTTSDALE,BLVD,W,INDIAN,TRL,LOUISVILLE,25,STATE,MINOR ARTERIAL,KY-1865,5.273,5,056-KY-1865  -000,Taylor Blvd / New Cut Rd,Gene Snyder Fwy (KY 841),0.92,Berry Blvd (US 60A),6.193,20222,3835.00853404,51,9.67191352,4.556,0.86402427,KYTC,1042.24809500565
1181,2070,9000,9099,WESTPORT RD, ,WESTPORT,RD, ,STONEHURST,DR, ,KENNERSLEY,DR,LOUISVILLE,7,STATE,MINOR ARTERIAL,KY-1447,5.078,18,056-KY-1447  -000,Westport Rd,I-264,1.96,Chamberlain Ln,7.038,14916,2937.37692005,45,8.8617566,0,0,KYTC,786.385182083183
1182,2092,8800,8999,WESTPORT RD, ,WESTPORT,RD, ,HERMITAGE,WAY, ,STONEHURST,DR,LOUISVILLE,7,STATE,MINOR ARTERIAL,KY-1447,5.078,18,056-KY-1447  -000,Westport Rd,I-264,1.96,Chamberlain Ln,7.038,14916,2937.37692005,45,8.8617566,0,0,KYTC,610.42192997474
1183,24702,5800,5813,NEW CUT RD, ,NEW CUT,RD, ,ANGELETTA,WAY, ,HARPERS FERRY,RD,LOUISVILLE,25,STATE,MINOR ARTERIAL,KY-1865,5.273,5,056-KY-1865  -000,Taylor Blvd / New Cut Rd,Gene Snyder Fwy (KY 841),0.92,Berry Blvd (US 60A),6.193,20222,3835.00853404,51,9.67191352,4.556,0.86402427,KYTC,513.169350523643
1184,30806,4828,4899,WESTPORT RD, ,WESTPORT,RD, ,GRAYMOOR PLACE,DR, ,HERR,LN,GRAYMOOR/DEVONDALE,7,STATE,MINOR ARTERIAL,KY-1447,5.078,18,056-KY-1447  -000,Westport Rd,I-264,1.96,Chamberlain Ln,7.038,14916,2937.37692005,45,8.8617566,0,0,KYTC,429.154034154696
1185,30807,4810,4827,WESTPORT RD, ,WESTPORT,RD, ,ABBEYWOOD,RD, ,GRAYMOOR PLACE,DR,GRAYMOOR/DEVONDALE,7,STATE,MINOR ARTERIAL,KY-1447,5.078,18,056-KY-1447  -000,Westport Rd,I-264,1.96,Chamberlain Ln,7.038,14916,2937.37692005,45,8.8617566,0,0,KYTC,426.479025487894
1186,24649,5726,5799,NEW CUT RD, ,NEW CUT,RD,W,INDIAN,TRL, ,ANGELETTA,WAY,LOUISVILLE,25,STATE,MINOR ARTERIAL,KY-1865,5.273,5,056-KY-1865  -000,Taylor Blvd / New Cut Rd,Gene Snyder Fwy (KY 841),0.92,Berry Blvd (US 60A),6.193,20222,3835.00853404,51,9.67191352,4.556,0.86402427,KYTC,1062.12099099446
1187,6365,7400,7479,WESTPORT RD, ,WESTPORT,RD, ,HERR,LN, ,LYNDON,LN,GRAYMOOR/DEVONDALE,7,STATE,MINOR ARTERIAL,KY-1447,5.078,18,056-KY-1447  -000,Westport Rd,I-264,1.96,Chamberlain Ln,7.038,14916,2937.37692005,45,8.8617566,0,0,KYTC,491.979491666383
1188,6101,11251,11279,WESTPORT RD, ,WESTPORT,RD, ,I 265 RAMP, , ,I 265 RAMP, ,LOUISVILLE,17,STATE,MINOR ARTERIAL,KY-1447,5.078,18,056-KY-1447  -000,Westport Rd,I-264,1.96,Chamberlain Ln,7.038,14916,2937.37692,45,8.861757,0,0,KYTC,428.591890551326
1189,6336,7605,7699,WESTPORT RD, ,WESTPORT,RD, ,CROSSRIDGE,LN, ,APPLEWOOD,LN,GRAYMOOR/DEVONDALE,7,STATE,MINOR ARTERIAL,KY-1447,5.078,18,056-KY-1447  -000,Westport Rd,I-264,1.96,Chamberlain Ln,7.038,14916,2937.37692005,45,8.8617566,0,0,KYTC,309.4459069677
1190,6421,4700,4709,WESTPORT RD, ,WESTPORT,RD, ,FOUNTAIN,AVE, ,FENLEY,AVE,ST MATTHEWS,7,STATE,MINOR ARTERIAL,KY-1447,5.078,18,056-KY-1447  -000,Westport Rd,I-264,1.96,Chamberlain Ln,7.038,14916,2937.37692005,45,8.8617566,0,0,KYTC,432.986986497934
1191,24781,5814,5845,NEW CUT RD, ,NEW CUT,RD, ,HARPERS FERRY,RD, ,CANDLELIGHT,LN,LOUISVILLE,25,STATE,MINOR ARTERIAL,KY-1865,5.273,5,056-KY-1865  -000,Taylor Blvd / New Cut Rd,Gene Snyder Fwy (KY 841),0.92,Berry Blvd (US 60A),6.193,20222,3835.00853404,51,9.67191352,4.556,0.86402427,KYTC,913.3049555208
1192,6103,11200,11250,WESTPORT RD, ,WESTPORT,RD, ,I 265 RAMP, , ,I 265 RAMP, ,LOUISVILLE,17,STATE,MINOR ARTERIAL,KY-1447,5.078,18,056-KY-1447  -000,Westport Rd,I-264,1.96,Chamberlain Ln,7.038,14916,2937.37692,45,8.861757,0,0,KYTC,930.957043945476
1193,1937,9400,9499,WESTPORT RD, ,WESTPORT,RD, ,GOOSE CREEK,RD, ,WESTPORT,CIR,ROLLING HILLS,7,STATE,MINOR ARTERIAL,KY-1447,5.078,18,056-KY-1447  -000,Westport Rd,I-264,1.96,Chamberlain Ln,7.038,14916,2937.37692005,45,8.8617566,0,0,KYTC,230.471656787789
1194,2629,4650,4699,WESTPORT RD, ,WESTPORT,RD, ,WASHBURN,AVE, ,FOUNTAIN,AVE,ST MATTHEWS,7,STATE,MINOR ARTERIAL,KY-1447,5.078,18,056-KY-1447  -000,Westport Rd,I-264,1.96,Chamberlain Ln,7.038,14916,2937.37692005,45,8.8617566,0,0,KYTC,416.573166795502
1195,6339,7600,7604,WESTPORT RD, ,WESTPORT,RD, ,DEVONDALE,DR, ,CROSSRIDGE,LN,GRAYMOOR/DEVONDALE,7,STATE,MINOR ARTERIAL,KY-1447,5.078,18,056-KY-1447  -000,Westport Rd,I-264,1.96,Chamberlain Ln,7.038,14916,2937.37692005,45,8.8617566,0,0,KYTC,173.531209085174
1196,2162,8502,8599,WESTPORT RD, ,WESTPORT,RD, ,JAPONICA,WAY, ,REDLEAF,DR,LOUISVILLE,7,STATE,MINOR ARTERIAL,KY-1447,5.078,18,056-KY-1447  -000,Westport Rd,I-264,1.96,Chamberlain Ln,7.038,14916,2937.37692005,45,8.8617566,0,0,KYTC,706.208229696189
1197,8545,8000,8299,WESTPORT RD, ,WESTPORT,RD, ,WEST CREEK,WAY, ,OLD WESTPORT,RD,LOUISVILLE,7,STATE,MINOR ARTERIAL,KY-1447,5.078,18,056-KY-1447  -000,Westport Rd,I-264,1.96,Chamberlain Ln,7.038,14916,2937.37692005,45,8.8617566,0,0,KYTC,1629.1336829305
1198,1733,10900,11099,WESTPORT RD, ,WESTPORT,RD, ,I 265 RAMP, , ,I 265 RAMP, ,LOUISVILLE,17,STATE,MINOR ARTERIAL,KY-1447,5.078,18,056-KY-1447  -000,Westport Rd,I-264,1.96,Chamberlain Ln,7.038,14916,2937.37692,45,8.861757,0,0,KYTC,1217.62113683918
1199,25686,5615,5633,NEW CUT RD, ,NEW CUT,RD, ,BAKERS,LN, ,AUBURN OAKS,DR,LOUISVILLE,25,STATE,MINOR ARTERIAL,KY-1865,5.273,5,056-KY-1865  -000,Taylor Blvd / New Cut Rd,Gene Snyder Fwy (KY 841),0.92,Berry Blvd (US 60A),6.193,20222,3835.00853404,51,9.67191352,4.556,0.86402427,KYTC,416.610864463545
1200,25689,5634,5643,NEW CUT RD, ,NEW CUT,RD, ,AUBURN OAKS,DR, ,SCOTTSDALE,BLVD,LOUISVILLE,25,STATE,MINOR ARTERIAL,KY-1865,5.273,5,056-KY-1865  -000,Taylor Blvd / New Cut Rd,Gene Snyder Fwy (KY 841),0.92,Berry Blvd (US 60A),6.193,20222,3835.00853404,51,9.67191352,4.556,0.86402427,KYTC,238.43777537992
1201,6333,7700,7701,WESTPORT RD, ,WESTPORT,RD, ,APPLEWOOD,LN, ,ORMSBY,LN,GRAYMOOR/DEVONDALE,7,STATE,MINOR ARTERIAL,KY-1447,5.078,18,056-KY-1447  -000,Westport Rd,I-264,1.96,Chamberlain Ln,7.038,14916,2937.37692005,45,8.8617566,0,0,KYTC,309.007553128763
1202,6325,7702,7799,WESTPORT RD, ,WESTPORT,RD, ,ORMSBY,LN, ,OLD WESTPORT,RD,GRAYMOOR/DEVONDALE,7,STATE,MINOR ARTERIAL,KY-1447,5.078,18,056-KY-1447  -000,Westport Rd,I-264,1.96,Chamberlain Ln,7.038,14916,2937.37692005,45,8.8617566,0,0,KYTC,806.512416096891
1203,8546,7800,7999,WESTPORT RD, ,WESTPORT,RD, ,OLD WESTPORT,RD, ,WEST CREEK,WAY,LOUISVILLE,7,STATE,MINOR ARTERIAL,KY-1447,5.078,18,056-KY-1447  -000,Westport Rd,I-264,1.96,Chamberlain Ln,7.038,14916,2937.37692005,45,8.8617566,0,0,KYTC,422.103153194301
1204,8550,10690,10899,WESTPORT RD, ,WESTPORT,RD, ,TOWNE CENTER,DR, ,I 265 RAMP, ,LOUISVILLE,17,STATE,MINOR ARTERIAL,KY-1447,5.078,18,056-KY-1447  -000,Westport Rd,I-264,1.96,Chamberlain Ln,7.038,14916,2937.37692,45,8.861757,0,0,KYTC,688.726929786841
1205,8554,10400,10499,WESTPORT RD, ,WESTPORT,RD, ,SPRINGHURST,BLVD, ,SHELBURN PARK,DR,LOUISVILLE,17,STATE,MINOR ARTERIAL,KY-1447,5.078,18,056-KY-1447  -000,Westport Rd,I-264,1.96,Chamberlain Ln,7.038,14916,2937.37692005,45,8.8617566,0,0,KYTC,919.192873655949
1206,25962,6100,6299,NEW CUT RD, ,NEW CUT,RD, ,BROWN AUSTIN,RD, ,KY-841 RAMP, ,LOUISVILLE,25,STATE,MINOR ARTERIAL,KY-1865,5.273,5,056-KY-1865  -000,Taylor Blvd / New Cut Rd,Gene Snyder Fwy (KY 841),0.92,Berry Blvd (US 60A),6.193,20222,3835.00853404,51,9.67191352,4.556,0.86402427,KYTC,938.854130376493
1207,6099,11280,11299,WESTPORT RD, ,WESTPORT,RD, ,I 265 RAMP, , ,CHAMBERLAIN,LN,LOUISVILLE,17,STATE,MINOR ARTERIAL,KY-1447,5.078,18,056-KY-1447  -000,Westport Rd,I-264,1.96,Chamberlain Ln,7.038,14916,2937.37692,45,8.861757,0,0,KYTC,250.142415744103
1208,2223,8300,8499,WESTPORT RD, ,WESTPORT,RD, ,OLD WESTPORT,RD, ,JAPONICA,WAY,LOUISVILLE,7,STATE,MINOR ARTERIAL,KY-1447,5.078,18,056-KY-1447  -000,Westport Rd,I-264,1.96,Chamberlain Ln,7.038,14916,2937.37692005,45,8.8617566,0,0,KYTC,1168.8510700907
1209,24816,5846,5856,NEW CUT RD, ,NEW CUT,RD, ,CANDLELIGHT,LN, ,STAR,LN,LOUISVILLE,25,STATE,MINOR ARTERIAL,KY-1865,5.273,5,056-KY-1865  -000,Taylor Blvd / New Cut Rd,Gene Snyder Fwy (KY 841),0.92,Berry Blvd (US 60A),6.193,20222,3835.00853404,51,9.67191352,4.556,0.86402427,KYTC,404.597235937327
1210,8552,10500,10689,WESTPORT RD, ,WESTPORT,RD, ,SHELBURN PARK,DR, ,TOWNE CENTER,DR,LOUISVILLE,17,STATE,MINOR ARTERIAL,KY-1447,5.078,18,056-KY-1447  -000,Westport Rd,I-264,1.96,Chamberlain Ln,7.038,14916,2937.37692,45,8.861757,0,0,KYTC,1005.70457588771
1211,1982,9200,9399,WESTPORT RD, ,WESTPORT,RD, ,LANGDON,DR, ,GOOSE CREEK,RD,LOUISVILLE,17,STATE,MINOR ARTERIAL,KY-1447,5.078,18,056-KY-1447  -000,Westport Rd,I-264,1.96,Chamberlain Ln,7.038,14916,2937.37692005,45,8.8617566,0,0,KYTC,1368.08292804286
1212,8844,9209,9299,TAYLORSVILLE RD, ,TAYLORSVILLE,RD, ,SIX MILE,LN, ,CHERIAN,DR,JEFFERSONTOWN,11,STATE,MAJOR ARTERIAL,KY-155,4.24,48,056-KY-0155  -000,Taylorsville Rd,Watterson Trl (CS-1073H),9.35,Breckenridge Ln (KY 1932),13.59,8629,2035,22,5.24558894,0,0,KYTC,420.490838855715
1213,8845,9300,9319,TAYLORSVILLE RD, ,TAYLORSVILLE,RD, ,CHERIAN,DR, ,FARISH,DR,JEFFERSONTOWN,11,STATE,MAJOR ARTERIAL,KY-155,4.24,48,056-KY-0155  -000,Taylorsville Rd,Watterson Trl (CS-1073H),9.35,Breckenridge Ln (KY 1932),13.59,8629,2035,22,5.24558894,0,0,KYTC,965.331438706431
1214,8846,9320,9331,TAYLORSVILLE RD, ,TAYLORSVILLE,RD, ,FARISH,DR, ,FARISH,DR,JEFFERSONTOWN,11,STATE,MAJOR ARTERIAL,KY-155,4.24,48,056-KY-0155  -000,Taylorsville Rd,Watterson Trl (CS-1073H),9.35,Breckenridge Ln (KY 1932),13.59,8629,2035,22,5.24558894,0,0,KYTC,193.524394981699
1215,8839,4600,4799,TAYLORSVILLE RD, ,TAYLORSVILLE,RD, ,DEERCROSS,DR, ,HURSTBOURNE,LN,JEFFERSONTOWN,26,STATE,MAJOR ARTERIAL,KY-155,4.24,48,056-KY-0155  -000,Taylorsville Rd,Watterson Trl (CS-1073H),9.35,Breckenridge Ln (KY 1932),13.59,8629,2035,22,5.24558894,0,0,KYTC,1139.03597742018
1216,8861,9500,9599,TAYLORSVILLE RD, ,TAYLORSVILLE,RD, ,TUCKER,RD, ,PATTI,LN,JEFFERSONTOWN,11,STATE,MAJOR ARTERIAL,KY-155,4.24,48,056-KY-0155  -000,Taylorsville Rd,Watterson Trl (CS-1073H),9.35,Breckenridge Ln (KY 1932),13.59,8629,2035,22,5.24558894,0,0,KYTC,707.93524056118
1217,8849,9416,9499,TAYLORSVILLE RD, ,TAYLORSVILLE,RD, ,HARMONY,RD, ,TUCKER,RD,JEFFERSONTOWN,11,STATE,MAJOR ARTERIAL,KY-155,4.24,48,056-KY-0155  -000,Taylorsville Rd,Watterson Trl (CS-1073H),9.35,Breckenridge Ln (KY 1932),13.59,8629,2035,22,5.24558894,0,0,KYTC,270.076149286248
1218,8837,4410,4439,TAYLORSVILLE RD, ,TAYLORSVILLE,RD, ,HALLSDALE,DR, ,ARBORO,PL,LOUISVILLE,18,STATE,MAJOR ARTERIAL,KY-155,4.24,48,056-KY-0155  -000,Taylorsville Rd,Watterson Trl (CS-1073H),9.35,Breckenridge Ln (KY 1932),13.59,8629,2035,22,5.24558894,0,0,KYTC,524.277167965745
1219,8843,9200,9208,TAYLORSVILLE RD, ,TAYLORSVILLE,RD, ,NARWOOD,DR, ,SIX MILE,LN,JEFFERSONTOWN,11,STATE,MAJOR ARTERIAL,KY-155,4.24,48,056-KY-0155  -000,Taylorsville Rd,Watterson Trl (CS-1073H),9.35,Breckenridge Ln (KY 1932),13.59,8629,2035,22,5.24558894,0,0,KYTC,300.39780409125
1220,8838,4440,4499,TAYLORSVILLE RD, ,TAYLORSVILLE,RD, ,ARBORO,PL, ,CARDWELL,WAY,LOUISVILLE,26,STATE,MAJOR ARTERIAL,KY-155,4.24,48,056-KY-0155  -000,Taylorsville Rd,Watterson Trl (CS-1073H),9.35,Breckenridge Ln (KY 1932),13.59,8629,2035,22,5.24558894,0,0,KYTC,579.921720108331
1221,8850,4500,4539,TAYLORSVILLE RD, ,TAYLORSVILLE,RD, ,CARDWELL,WAY, ,SALSMAN,DR,HURSTBOURNE ACRES,11,STATE,MAJOR ARTERIAL,KY-155,4.24,48,056-KY-0155  -000,Taylorsville Rd,Watterson Trl (CS-1073H),9.35,Breckenridge Ln (KY 1932),13.59,8629,2035,22,5.24558894,0,0,KYTC,744.280497722294
1222,8836,4400,4409,TAYLORSVILLE RD, ,TAYLORSVILLE,RD, ,LOWE,RD, ,HALLSDALE,DR,LOUISVILLE,26,STATE,MAJOR ARTERIAL,KY-155,4.24,48,056-KY-0155  -000,Taylorsville Rd,Watterson Trl (CS-1073H),9.35,Breckenridge Ln (KY 1932),13.59,8629,2035,22,5.24558894,0,0,KYTC,431.822718815203
1223,39692,4212,4226,TAYLORSVILLE RD, ,TAYLORSVILLE,RD, ,TAYLOR COVE,DR, ,KENLIE WYNDE,PL,LOUISVILLE,26,STATE,MAJOR ARTERIAL,KY-155,4.24,48,056-KY-0155  -000,Taylorsville Rd,Watterson Trl (CS-1073H),9.35,Breckenridge Ln (KY 1932),13.59,8629,2035,22,5.24558894,0,0,KYTC,421.064159721013
1224,8835,4227,4399,TAYLORSVILLE RD, ,TAYLORSVILLE,RD, ,KENLIE WYNDE,PL, ,LOWE,RD,LOUISVILLE,26,STATE,MAJOR ARTERIAL,KY-155,4.24,48,056-KY-0155  -000,Taylorsville Rd,Watterson Trl (CS-1073H),9.35,Breckenridge Ln (KY 1932),13.59,8629,2035,22,5.24558894,0,0,KYTC,1850.07982140003
1225,8862,9600,9699,TAYLORSVILLE RD, ,TAYLORSVILLE,RD, ,PATTI,LN, ,MERIONETH,DR,JEFFERSONTOWN,11,STATE,MAJOR ARTERIAL,KY-155,4.24,48,056-KY-0155  -000,Taylorsville Rd,Watterson Trl (CS-1073H),9.35,Breckenridge Ln (KY 1932),13.59,8629,2035,22,5.24558894,0,0,KYTC,1055.38603395941
1226,8855,4050,4099,TAYLORSVILLE RD, ,TAYLORSVILLE,RD, ,GOODWILL,WAY, ,MCMAHAN,BLVD,LOUISVILLE,26,STATE,MAJOR ARTERIAL,KY-155,4.24,48,056-KY-0155  -000,Taylorsville Rd,Watterson Trl (CS-1073H),9.35,Breckenridge Ln (KY 1932),13.59,8629,2035,22,5.24558894,0,0,KYTC,289.640394838671
1227,38440,4200,4213,TAYLORSVILLE RD, ,TAYLORSVILLE,RD, ,HOUSTON,BLVD, ,TAYLOR COVE,DR,LOUISVILLE,18,STATE,MAJOR ARTERIAL,KY-155,4.24,48,056-KY-0155  -000,Taylorsville Rd,Watterson Trl (CS-1073H),9.35,Breckenridge Ln (KY 1932),13.59,8629,2035,22,5.24558894,0,0,KYTC,395.946347920081
1228,9352,4120,4124,SHELBYVILLE RD, ,SHELBYVILLE,RD, ,SEARS,AVE, ,THIERMAN,LN,ST MATTHEWS,9,STATE,MAJOR ARTERIAL,US-60,0.638,6,056-US-0060  -000,Shelbyville Rd,Lexington Rd (US 60A),3.482,Thierman Ln (CS-1098B),4.12,2413,3782.13166144,7,10.97178683,0,0,KYTC,416.799807432799
1229,8944,4896,4899,BROWNSBORO RD, ,BROWNSBORO,RD, ,I 264 RAMP, , ,NORTHFIELD,DR,NORTHFIELD,16,STATE,MAJOR ARTERIAL,US-42,0.985,44,056-US-0042  -000,Brownsboro Rd / US 42,I-264,5.81,Seminary Dr (KY 22C),6.795,2172,2205.07614213,7,7.10659898,0,0,KYTC,427.862451587102
1230,13926,5900,6099,S HURSTBOURNE PKY,S,HURSTBOURNE,PKY, ,BARDSTOWN,RD, ,HAMES,TRCE,LOUISVILLE,26,STATE,MAJOR ARTERIAL,KY-1747,0.7891,20,056-KY-1747  -000,S Hurstbourne Pkwy,S Watterson Trl (CR-1005H),6.847,Stony Brook Dr (CR-1010H),7.6361,2254.15,2856.60879483,5,6.33633253,0,0,KYTC,912.480699859576
1231,13833,5400,5425,FERN VALLEY RD, ,FERN VALLEY,RD, ,FERN VALLEY,WAY, ,CLEARWATER FARM,BLVD,LOUISVILLE,21,STATE,MAJOR ARTERIAL,KY-1747,4.046,26,056-KY-1747  -000,Fern Valley Rd,Grade Ln (CR-1001G),0,Shepherdsville Rd (KY 2052),4.046,10717,2648.78892734,29,7.16757291,3.47,0.85763717,KYTC,553.970367263839
1232,8637,3300,3322,BRECKENRIDGE LN, ,BRECKENRIDGE,LN, ,MANNER GATE,DR, ,MANNER DALE,DR,LOUISVILLE,26,STATE,MINOR ARTERIAL,KY-1932,3.189,37,056-KY-1932  -000,Breckenridge Ln,Six Mile Ln (CR-1002H),1.129,Milford Lane Connector,4.318,7558,2370.02195045,17,5.33082471,0,0,KYTC,833.313326741981
1233,33625,5459,5499,FERN VALLEY RD, ,FERN VALLEY,RD, ,GREENRIDGE FARM,DR, ,SHEPHERDSVILLE,RD,LOUISVILLE,2,STATE,MAJOR ARTERIAL,KY-1747,4.046,26,056-KY-1747  -000,Fern Valley Rd,Grade Ln (CR-1001G),0,Shepherdsville Rd (KY 2052),4.046,10717,2648.788927,29,7.167573,3.47,0.857637,KYTC,479.293348605062
1234,40417,5426,5458,FERN VALLEY RD, ,FERN VALLEY,RD, ,CLEARWATER FARM,BLVD, ,GREENRIDGE FARM,DR,LOUISVILLE,2,STATE,MAJOR ARTERIAL,KY-1747,4.046,26,056-KY-1747  -000,Fern Valley Rd,Grade Ln (CR-1001G),0,Shepherdsville Rd (KY 2052),4.046,10717,2648.78892734,29,7.16757291,3.47,0.85763717,KYTC,551.398084777748
1235,24597,7900,7999,NATIONAL TPKE, ,NATIONAL,TPKE, ,PATRICK HENRY,RD, ,TOLLS,LN,LOUISVILLE,13,STATE,MINOR ARTERIAL,KY-1020,3.031,49,056-KY-1020  -000,National Turnpike,Fairdale Rd (CR-1005M),2.669,Southside Dr (KY 907),5.7,6130,2022.43483999,18,5.93863411,3.031,1,KYTC,1400.38787605989
1236,24474,7500,7899,NATIONAL TPKE, ,NATIONAL,TPKE, ,YORKTOWN,RD, ,PATRICK HENRY,RD,LOUISVILLE,13,STATE,MINOR ARTERIAL,KY-1020,3.031,49,056-KY-1020  -000,National Turnpike,Fairdale Rd (CR-1005M),2.669,Southside Dr (KY 907),5.7,6130,2022.43483999,18,5.93863411,3.031,1,KYTC,621.651277761864
1237,9713,5900,6099,POPLAR LEVEL RD, ,POPLAR LEVEL,RD, ,FERN VALLEY,PASS, ,FERN VALLEY,RD,LOUISVILLE,2,STATE,MINOR ARTERIAL,KY-864,7.117,41,056-KY-0864  -000,Poplar Level Rd,Fern Valley Rd (KY 1747),6.596,Eastern Pkwy (US 60A),13.713,16064,2257.13081355,44,6.18238022,4.725,0.66390333,KYTC,1628.95200648503
1238,24807,8000,8299,NATIONAL TPKE, ,NATIONAL,TPKE, ,TOLLS,LN, ,HAY,CT,LOUISVILLE,13,STATE,MINOR ARTERIAL,KY-1020,3.031,49,056-KY-1020  -000,National Turnpike,Fairdale Rd (CR-1005M),2.669,Southside Dr (KY 907),5.7,6130,2022.43483999,18,5.93863411,3.031,1,KYTC,2296.96791736929
1239,10928,5500,5699,POPLAR LEVEL RD, ,POPLAR LEVEL,RD, ,SHEPHERDSVILLE,RD, ,POPLAR TREE,CT,LOUISVILLE,2,STATE,MINOR ARTERIAL,KY-864,7.117,41,056-KY-0864  -000,Poplar Level Rd,Fern Valley Rd (KY 1747),6.596,Eastern Pkwy (US 60A),13.713,16064,2257.13081355,44,6.18238022,4.725,0.66390333,KYTC,1408.25826164124
1240,35543,5520,5539,NATIONAL TPKE, ,NATIONAL,TPKE, ,GERBER,AVE, ,KENWOOD BUSINESS,DR,LOUISVILLE,25,STATE,MINOR ARTERIAL,KY-1020,3.031,49,056-KY-1020  -000,National Turnpike,Fairdale Rd (CR-1005M),2.669,Southside Dr (KY 907),5.7,6130,2022.43483999,18,5.93863411,3.031,1,KYTC,481.894537718381
1241,24219,5540,5699,NATIONAL TPKE, ,NATIONAL,TPKE, ,KENWOOD BUSINESS,DR, ,NEW VENTURE,DR,LOUISVILLE,25,STATE,MINOR ARTERIAL,KY-1020,3.031,49,056-KY-1020  -000,National Turnpike,Fairdale Rd (CR-1005M),2.669,Southside Dr (KY 907),5.7,6130,2022.43483999,18,5.93863411,3.031,1,KYTC,889.331927955862
1242,10908,5900,6099,SHEPHERDSVILLE RD, ,SHEPHERDSVILLE,RD, ,RANGELAND,RD, ,POPLAR LEVEL,RD,LOUISVILLE,2,STATE,MINOR ARTERIAL,KY-2052,2.908,39,056-KY-2052  -000,Shepherdsville Rd,Fern Valley Rd (KY 1747),1.214,Hikes Lane (KY 2052),4.122,6742,2318.431912,20,6.877579,2.908,1,KYTC,1590.78030701318
1243,10926,6100,6209,SHEPHERDSVILLE RD, ,SHEPHERDSVILLE,RD, ,POPLAR LEVEL,RD, ,JANIES,WAY,LOUISVILLE,2,STATE,MINOR ARTERIAL,KY-2052,2.908,39,056-KY-2052  -000,Shepherdsville Rd,Fern Valley Rd (KY 1747),1.214,Hikes Lane (KY 2052),4.122,6742,2318.431912,20,6.877579,2.908,1,KYTC,424.016626667664
1244,22335,6600,6699,PRESTON HWY, ,PRESTON,HWY, ,FERN VALLEY,RD, ,OLD FERN VALLEY,RD,LOUISVILLE,2,STATE,MAJOR ARTERIAL,KY-61,7.502,9,056-KY-0061  -000,Preston Hwy,Cooper Chapel Rd / Commerce Crossings Dr (KY 6299),1.401,Hart Ave,8.903,25969,3461.61023727,77,10.26392962,4.884,0.65102639,KYTC,720.309303816119
1245,31453,2805,3099,FERN VALLEY RD, ,FERN VALLEY,RD, ,PARAMOUNT PARK,DR, ,ULRICH,AVE,LOUISVILLE,21,STATE,MAJOR ARTERIAL,KY-1747,4.046,26,056-KY-1747  -000,Fern Valley Rd,Grade Ln (CR-1001G),0,Shepherdsville Rd (KY 2052),4.046,10717,2648.78892734,29,7.16757291,3.47,0.85763717,KYTC,1255.64524444192
1246,26366,3600,3999,FERN VALLEY RD, ,FERN VALLEY,RD, ,PRESTON,HWY, ,JEANINE,DR,LOUISVILLE,2,STATE,MAJOR ARTERIAL,KY-1747,4.046,26,056-KY-1747  -000,Fern Valley Rd,Grade Ln (CR-1001G),0,Shepherdsville Rd (KY 2052),4.046,10717,2648.78892734,29,7.16757291,3.47,0.85763717,KYTC,2506.35854514372
1247,22330,6500,6599,PRESTON HWY, ,PRESTON,HWY, ,ULRICH,AVE, ,FERN VALLEY,RD,LOUISVILLE,21,STATE,MAJOR ARTERIAL,KY-61,7.502,9,056-KY-0061  -000,Preston Hwy,Cooper Chapel Rd / Commerce Crossings Dr (KY 6299),1.401,Hart Ave,8.903,25969,3461.61023727,77,10.26392962,4.884,0.65102639,KYTC,539.416456257361
1248,34457,4200,4299,FERN VALLEY RD, ,FERN VALLEY,RD, ,VALLEY FOREST,DR, ,GEIL,LN,LOUISVILLE,2,STATE,MAJOR ARTERIAL,KY-1747,4.046,26,056-KY-1747  -000,Fern Valley Rd,Grade Ln (CR-1001G),0,Shepherdsville Rd (KY 2052),4.046,10717,2648.78892734,29,7.16757291,3.47,0.85763717,KYTC,969.913684339414
1249,10918,5217,5499,POPLAR LEVEL RD, ,POPLAR LEVEL,RD, ,SHEILA,RD, ,SHEPHERDSVILLE,RD,LOUISVILLE,2,STATE,MAJOR ARTERIAL,KY-864,7.117,41,056-KY-0864  -000,Poplar Level Rd,Fern Valley Rd (KY 1747),6.596,Eastern Pkwy (US 60A),13.713,16064,2257.13081355,44,6.18238022,4.725,0.66390333,KYTC,1403.46286717802
1250,25954,8800,8812,NATIONAL TPKE, ,NATIONAL,TPKE, ,SINCLAIR,ST, ,CHERI,WAY,LOUISVILLE,13,STATE,MINOR ARTERIAL,KY-1020,3.031,49,056-KY-1020  -000,National Turnpike,Fairdale Rd (CR-1005M),2.669,Southside Dr (KY 907),5.7,6130,2022.43483999,18,5.93863411,3.031,1,KYTC,507.032457239395
1251,26257,5800,5999,NATIONAL TPKE, ,NATIONAL,TPKE, ,OLD TOWNE,RD, ,ENTERPRISE,DR,LOUISVILLE,13,STATE,MINOR ARTERIAL,KY-1020,3.031,49,056-KY-1020  -000,National Turnpike,Fairdale Rd (CR-1005M),2.669,Southside Dr (KY 907),5.7,6130,2022.43483999,18,5.93863411,3.031,1,KYTC,433.703064030136
1252,26259,6000,7099,NATIONAL TPKE, ,NATIONAL,TPKE, ,ENTERPRISE,DR, ,SAM,DR,LOUISVILLE,13,STATE,MINOR ARTERIAL,KY-1020,3.031,49,056-KY-1020  -000,National Turnpike,Fairdale Rd (CR-1005M),2.669,Southside Dr (KY 907),5.7,6130,2022.43484,18,5.938634,3.031,1,KYTC,1014.17733932408
1253,25216,8900,8999,NATIONAL TPKE, ,NATIONAL,TPKE, ,KY-841 RAMP, , ,KY-841 RAMP, ,LOUISVILLE,13,STATE,MINOR ARTERIAL,KY-1020,3.031,49,056-KY-1020  -000,National Turnpike,Fairdale Rd (CR-1005M),2.669,Southside Dr (KY 907),5.7,6130,2022.43483999,18,5.93863411,3.031,1,KYTC,941.272386451404
1254,33203,7200,7499,NATIONAL TPKE, ,NATIONAL,TPKE, ,RECOVERY,RD, ,YORKTOWN,RD,LOUISVILLE,13,STATE,MINOR ARTERIAL,KY-1020,3.031,49,056-KY-1020  -000,National Turnpike,Fairdale Rd (CR-1005M),2.669,Southside Dr (KY 907),5.7,6130,2022.43483999,18,5.93863411,3.031,1,KYTC,1164.97766464485
1255,25139,8813,8899,NATIONAL TPKE, ,NATIONAL,TPKE, ,CHERI,WAY, ,KY-841 RAMP, ,LOUISVILLE,13,STATE,MINOR ARTERIAL,KY-1020,3.031,49,056-KY-1020  -000,National Turnpike,Fairdale Rd (CR-1005M),2.669,Southside Dr (KY 907),5.7,6130,2022.43483999,18,5.93863411,3.031,1,KYTC,419.83720043862
1256,9715,6210,6399,SHEPHERDSVILLE RD, ,SHEPHERDSVILLE,RD, ,JANIES,WAY, ,FERN VALLEY,RD,LOUISVILLE,2,STATE,MINOR ARTERIAL,KY-2052,2.908,39,056-KY-2052  -000,Shepherdsville Rd,Fern Valley Rd (KY 1747),1.214,Hikes Lane (KY 2052),4.122,6742,2318.43191197,20,6.87757909,2.908,1,KYTC,962.822746024443
1257,25952,8700,8799,NATIONAL TPKE, ,NATIONAL,TPKE, ,GLENGARRY,DR, ,SINCLAIR,ST,LOUISVILLE,13,STATE,MINOR ARTERIAL,KY-1020,3.031,49,056-KY-1020  -000,National Turnpike,Fairdale Rd (CR-1005M),2.669,Southside Dr (KY 907),5.7,6130,2022.43483999,18,5.93863411,3.031,1,KYTC,663.531174606645
1258,24166,5500,5519,NATIONAL TPKE, ,NATIONAL,TPKE, ,SOUTHSIDE,DR, ,GERBER,AVE,LOUISVILLE,25,STATE,MINOR ARTERIAL,KY-1020,3.031,49,056-KY-1020  -000,National Turnpike,Fairdale Rd (CR-1005M),2.669,Southside Dr (KY 907),5.7,6130,2022.43484,18,5.938634,3.031,1,KYTC,456.444329445347
1259,25245,9000,9199,NATIONAL TPKE, ,NATIONAL,TPKE, ,KY-841 RAMP, , ,NEIGHBORHOOD,PL,LOUISVILLE,13,STATE,MINOR ARTERIAL,KY-1020,3.031,49,056-KY-1020  -000,National Turnpike,Fairdale Rd (CR-1005M),2.669,Southside Dr (KY 907),5.7,6130,2022.43483999,18,5.93863411,3.031,1,KYTC,592.481586644428
1260,26255,5700,5799,NATIONAL TPKE, ,NATIONAL,TPKE, ,NEW VENTURE,DR, ,OLD TOWNE,RD,LOUISVILLE,13,STATE,MINOR ARTERIAL,KY-1020,3.031,49,056-KY-1020  -000,National Turnpike,Fairdale Rd (CR-1005M),2.669,Southside Dr (KY 907),5.7,6130,2022.43484,18,5.938634,3.031,1,KYTC,353.940281448164
1261,24432,7100,7199,NATIONAL TPKE, ,NATIONAL,TPKE, ,SAM,DR, ,RECOVERY,RD,LOUISVILLE,13,STATE,MINOR ARTERIAL,KY-1020,3.031,49,056-KY-1020  -000,National Turnpike,Fairdale Rd (CR-1005M),2.669,Southside Dr (KY 907),5.7,6130,2022.43484,18,5.938634,3.031,1,KYTC,591.455030294663
1262,10929,5700,5899,POPLAR LEVEL RD, ,POPLAR LEVEL,RD, ,POPLAR TREE,CT, ,FERN VALLEY,PASS,LOUISVILLE,2,STATE,MINOR ARTERIAL,KY-864,7.117,41,056-KY-0864  -000,Poplar Level Rd,Fern Valley Rd (KY 1747),6.596,Eastern Pkwy (US 60A),13.713,16064,2257.13081355,44,6.18238022,4.725,0.66390333,KYTC,1219.65213446358
1263,25950,8610,8699,NATIONAL TPKE, ,NATIONAL,TPKE, ,RUBEN,LN, ,GLENGARRY,DR,LOUISVILLE,13,STATE,MINOR ARTERIAL,KY-1020,3.031,49,056-KY-1020  -000,National Turnpike,Fairdale Rd (CR-1005M),2.669,Southside Dr (KY 907),5.7,6130,2022.43483999,18,5.93863411,3.031,1,KYTC,429.890508673334
1264,26410,4400,4999,FERN VALLEY RD, ,FERN VALLEY,RD, ,ROEDERER,DR, ,JEFFERSON,BLVD,LOUISVILLE,2,STATE,MAJOR ARTERIAL,KY-1747,4.046,26,056-KY-1747  -000,Fern Valley Rd,Grade Ln (CR-1001G),0,Shepherdsville Rd (KY 2052),4.046,10717,2648.78892734,29,7.16757291,3.47,0.85763717,KYTC,2012.86665217591
1265,36408,5000,5199,FERN VALLEY RD, ,FERN VALLEY,RD, ,JEFFERSON,BLVD, ,JEFFERSON POST,DR,LOUISVILLE,2,STATE,MAJOR ARTERIAL,KY-1747,4.046,26,056-KY-1747  -000,Fern Valley Rd,Grade Ln (CR-1001G),0,Shepherdsville Rd (KY 2052),4.046,10717,2648.78892734,29,7.16757291,3.47,0.85763717,KYTC,855.482793882292
1266,32230,5200,5399,FERN VALLEY RD, ,FERN VALLEY,RD, ,JEFFERSON POST,DR, ,FERN VALLEY,WAY,LOUISVILLE,2,STATE,MAJOR ARTERIAL,KY-1747,4.046,26,056-KY-1747  -000,Fern Valley Rd,Grade Ln (CR-1001G),0,Shepherdsville Rd (KY 2052),4.046,10717,2648.78892734,29,7.16757291,3.47,0.85763717,KYTC,937.936706328153
1267,26407,3100,3499,FERN VALLEY RD, ,FERN VALLEY,RD, ,INDUSTRIAL,BLVD, ,PRESTON,HWY,LOUISVILLE,21,STATE,MAJOR ARTERIAL,KY-1747,4.046,26,056-KY-1747  -000,Fern Valley Rd,Grade Ln (CR-1001G),0,Shepherdsville Rd (KY 2052),4.046,10717,2648.788927,29,7.167573,3.47,0.857637,KYTC,3215.64040953823
1268,26372,4300,4399,FERN VALLEY RD, ,FERN VALLEY,RD, ,HANSES,DR, ,ROEDERER,DR,LOUISVILLE,21,STATE,MAJOR ARTERIAL,KY-1747,4.046,26,056-KY-1747  -000,Fern Valley Rd,Grade Ln (CR-1001G),0,Shepherdsville Rd (KY 2052),4.046,10717,2648.78892734,29,7.16757291,3.47,0.85763717,KYTC,359.682236289332
1269,8638,3323,3399,BRECKENRIDGE LN, ,BRECKENRIDGE,LN, ,MANNER DALE,DR, ,LANDSIDE,DR,LOUISVILLE,26,STATE,MINOR ARTERIAL,KY-1932,3.189,37,056-KY-1932  -000,Breckenridge Ln,Six Mile Ln (CR-1002H),1.129,Milford Lane Connector,4.318,7558,2370.02195045,17,5.33082471,0,0,KYTC,862.099560802194
1270,8639,3400,3599,BRECKENRIDGE LN, ,BRECKENRIDGE,LN, ,LANDSIDE,DR, ,SIX MILE,LN,LOUISVILLE,26,STATE,MINOR ARTERIAL,KY-1932,3.189,37,056-KY-1932  -000,Breckenridge Ln,Six Mile Ln (CR-1002H),1.129,Milford Lane Connector,4.318,7558,2370.02195045,17,5.33082471,0,0,KYTC,1111.47338448845
1271,28800,6300,6499,GREENWOOD RD, ,GREENWOOD,RD, ,BEAHL,BLVD, ,TERRY,RD,LOUISVILLE,14,STATE,MINOR ARTERIAL,KY-1931,9.06,24,056-KY-1931  -000,Greenwood Rd / St. Andrews Church Rd / Manslick Rd / 7th Street Rd,Terry Road (KY 1727),1.47,Algonquin Pkwy (KY 2054),10.53,24325,2684.8785872,73,8.05739514,7.024,0.77527594,KYTC,916.795651970506
1272,29625,4920,4939,CANE RUN RD, ,CANE RUN,RD, ,LINDENWOOD,DR, ,TERRY,RD,LOUISVILLE,1,STATE,MAJOR ARTERIAL,KY-1934,11.502,21,056-KY-1934  -000,Greenbelt Hwy / Cane Run Rd,Gene Snyder Fwy (KY 841),0,Algonquin Pkwy (KY 2054),11.502,31389,2729.00365154,100,8.69414015,9.201,0.79994784,KYTC,416.287698820581
1273,8630,1010,1039,BRECKENRIDGE LN, ,BRECKENRIDGE,LN, ,I 264 RAMP, , ,I 264 RAMP, ,ST MATTHEWS,26,STATE,MINOR ARTERIAL,KY-1932,3.189,37,056-KY-1932  -000,Breckenridge Ln,Six Mile Ln (CR-1002H),1.129,Milford Lane Connector,4.318,7558,2370.02195045,17,5.33082471,0,0,KYTC,514.193811000647
1274,8640,2815,2899,BRECKENRIDGE LN, ,BRECKENRIDGE,LN, ,DEEBET,DR, ,BERKSHIRE,AVE,MEADOWVIEW ESTATES,26,STATE,MINOR ARTERIAL,KY-1932,3.189,37,056-KY-1932  -000,Breckenridge Ln,Six Mile Ln (CR-1002H),1.129,Milford Lane Connector,4.318,7558,2370.02195045,17,5.33082471,0,0,KYTC,751.444914629982
1275,29626,4940,4999,CANE RUN RD, ,CANE RUN,RD, ,TERRY,RD, ,LIONS ARMS,DR,LOUISVILLE,1,STATE,MAJOR ARTERIAL,KY-1934,11.502,21,056-KY-1934  -000,Greenbelt Hwy / Cane Run Rd,Gene Snyder Fwy (KY 841),0,Algonquin Pkwy (KY 2054),11.502,31389,2729.00365154,100,8.69414015,9.201,0.79994784,KYTC,670.090549949248
1276,8633,2800,2804,BRECKENRIDGE LN, ,BRECKENRIDGE,LN, ,I 264 RAMP, , ,I 264 RAMP, ,LOUISVILLE,26,STATE,MINOR ARTERIAL,KY-1932,3.189,37,056-KY-1932  -000,Breckenridge Ln,Six Mile Ln (CR-1002H),1.129,Milford Lane Connector,4.318,7558,2370.02195045,17,5.33082471,0,0,KYTC,234.295521940908
1277,19894,3720,3799,DIXIE HWY, ,DIXIE,HWY, ,NOBEL,PL, ,NOBEL,PL,SHIVELY,3,STATE,MAJOR ARTERIAL,US-31W,14.536,10,056-US-0031W -000,Dixie Hwy,Depot Lane,2.974,Bernheim Ln (US 31W),17.51,49906,3433,150,10.3,12.626,0.86860209,KYTC,77.5890869017673
1278,19979,3805,3899,DIXIE HWY, ,DIXIE,HWY, ,MATHEIS,LN, ,LEROY,AVE,SHIVELY,3,STATE,MAJOR ARTERIAL,US-31W,14.536,10,056-US-0031W -000,Dixie Hwy,Depot Lane,2.974,Bernheim Ln (US 31W),17.51,49906,3433,150,10.3,12.626,0.86860209,KYTC,423.630606176039
1279,8632,1060,1099,BRECKENRIDGE LN, ,BRECKENRIDGE,LN, ,I 264 RAMP, , ,I 264 RAMP, ,LOUISVILLE,26,STATE,MINOR ARTERIAL,KY-1932,3.189,37,056-KY-1932  -000,Breckenridge Ln,Six Mile Ln (CR-1002H),1.129,Milford Lane Connector,4.318,7558,2370.02195045,17,5.33082471,0,0,KYTC,721.954391236652
1280,19882,3700,3719,DIXIE HWY, ,DIXIE,HWY, ,OEHRLE,DR, ,NOBEL,PL,SHIVELY,3,STATE,MAJOR ARTERIAL,US-31W,14.536,10,056-US-0031W -000,Dixie Hwy,Depot Lane,2.974,Bernheim Ln (US 31W),17.51,49906,3433,150,10.3,12.626,0.86860209,KYTC,351.722923178263
1281,19914,3800,3804,DIXIE HWY, ,DIXIE,HWY, ,NOBEL,PL, ,MATHEIS,LN,SHIVELY,3,STATE,MAJOR ARTERIAL,US-31W,14.536,10,056-US-0031W -000,Dixie Hwy,Depot Lane,2.974,Bernheim Ln (US 31W),17.51,49906,3433,150,10.3,12.626,0.86860209,KYTC,137.194205416993
1282,20068,3900,3928,DIXIE HWY, ,DIXIE,HWY, ,LEROY,AVE, ,PARK,RD,SHIVELY,3,STATE,MAJOR ARTERIAL,US-31W,14.536,10,056-US-0031W -000,Dixie Hwy,Depot Lane,2.974,Bernheim Ln (US 31W),17.51,49906,3433,150,10.3,12.626,0.86860209,KYTC,427.378350891685
1283,8631,1040,1059,BRECKENRIDGE LN, ,BRECKENRIDGE,LN, ,I 264 RAMP, , ,I 264 RAMP, ,ST MATTHEWS,26,STATE,MINOR ARTERIAL,KY-1932,3.189,37,056-KY-1932  -000,Breckenridge Ln,Six Mile Ln (CR-1002H),1.129,Milford Lane Connector,4.318,7558,2370.02195045,17,5.33082471,0,0,KYTC,335.855199339873
1284,26930,2500,2599,ROCKFORD LN, ,ROCKFORD,LN, ,JEAN,AVE, ,IMPERIAL,TER,SHIVELY,3,STATE,MINOR ARTERIAL,KY-2051,1.975,14,056-KY-2051  -000,Rockford Ln,Dixie Hwy (US 31W),0,Cane Run Rd (KY 1934),1.975,6318,3198.98734177,20,10.12658228,1.975,1,KYTC,647.156128101062
1285,27215,5100,5115,DIXIE HWY, ,DIXIE,HWY, ,UPPER HUNTERS,TRCE, ,BONNYVILLE,BLVD,LOUISVILLE,12,STATE,MAJOR ARTERIAL,US-31W,14.536,10,056-US-0031W -000,Dixie Hwy,Depot Lane,2.974,Bernheim Ln (US 31W),17.51,49906,3433,150,10.3,12.626,0.86860209,KYTC,629.465176097475
1286,27277,5116,5199,DIXIE HWY, ,DIXIE,HWY, ,BONNYVILLE,BLVD, ,MEYERS,LN,LOUISVILLE,12,STATE,MAJOR ARTERIAL,US-31W,14.536,10,056-US-0031W -000,Dixie Hwy,Depot Lane,2.974,Bernheim Ln (US 31W),17.51,49906,3433,150,10.3,12.626,0.86860209,KYTC,791.679816315771
1287,8634,2805,2814,BRECKENRIDGE LN, ,BRECKENRIDGE,LN, ,I 264 RAMP, , ,HILLBROOK,DR,MEADOWVIEW ESTATES,26,STATE,MINOR ARTERIAL,KY-1932,3.189,37,056-KY-1932  -000,Breckenridge Ln,Six Mile Ln (CR-1002H),1.129,Milford Lane Connector,4.318,7558,2370.02195045,17,5.33082471,0,0,KYTC,511.418922842424
1288,26923,5000,5099,GREENBELT HWY, ,GREENBELT,HWY, ,CANE RUN,RD, ,BRIDGE,AVE,LOUISVILLE,1,STATE,MAJOR ARTERIAL,KY-1934,11.502,21,056-KY-1934  -000,Greenbelt Hwy / Cane Run Rd,Gene Snyder Fwy (KY 841),0,Algonquin Pkwy (KY 2054),11.502,31389,2729.00365154,100,8.69414015,9.201,0.79994784,KYTC,878.458068895765
1289,15959,1099,1000,E JEFFERSON ST,E,JEFFERSON,ST,E,CHESTNUT,ST,S,WENZEL,ST,LOUISVILLE,4,METRO,MINOR ARTERIAL, ,1.05,43,056-CS-1014B -000,E Jefferson St,Baxter Ave (US 31E),0,S 1st St (CS-1002F),1.05,2331,2220,6,5.71428571,1.05,1,METRO,379.71097485654
1290,15958,200,299,BAXTER AVE, ,BAXTER,AVE,E,MARKET,ST,E,CHESTNUT,ST,LOUISVILLE,4,STATE,MAJOR ARTERIAL,US-31E,5.8,16,056-US-0031E -000,Beuchel Byp / Bardstown Rd / Baxter Ave,Hikes Lane (KY 2052),10.974,E Main St (US 31E),16.774,17471,3012.24137931,41,7.1,1.878,0.3237931,KYTC,520.294991997842
1291,26941,2300,2352,ROCKFORD LN, ,ROCKFORD,LN, ,QUINN,DR, ,DUANE,AVE,SHIVELY,3,STATE,MINOR ARTERIAL,KY-2051,1.975,14,056-KY-2051  -000,Rockford Ln,Dixie Hwy (US 31W),0,Cane Run Rd (KY 1934),1.975,6318,3198.98734177,20,10.12658228,1.975,1,KYTC,1294.08065256829
1292,26936,2353,2399,ROCKFORD LN, ,ROCKFORD,LN, ,DUANE,AVE, ,VAN HOOSE,RD,SHIVELY,1,STATE,MINOR ARTERIAL,KY-2051,1.975,14,056-KY-2051  -000,Rockford Ln,Dixie Hwy (US 31W),0,Cane Run Rd (KY 1934),1.975,6318,3198.98734177,20,10.12658228,1.975,1,KYTC,271.596146724553
1293,26942,2217,2299,ROCKFORD LN, ,ROCKFORD,LN, ,GRASTON,AVE, ,QUINN,DR,SHIVELY,1,STATE,MINOR ARTERIAL,KY-2051,1.975,14,056-KY-2051  -000,Rockford Ln,Dixie Hwy (US 31W),0,Cane Run Rd (KY 1934),1.975,6318,3198.98734177,20,10.12658228,1.975,1,KYTC,148.6673746363
1294,26933,2400,2499,ROCKFORD LN, ,ROCKFORD,LN, ,VAN HOOSE,RD, ,JEAN,AVE,SHIVELY,1,STATE,MINOR ARTERIAL,KY-2051,1.975,14,056-KY-2051  -000,Rockford Ln,Dixie Hwy (US 31W),0,Cane Run Rd (KY 1934),1.975,6318,3198.98734177,20,10.12658228,1.975,1,KYTC,680.077507537055
1295,13666,8000,8017,BARDSTOWN RD, ,BARDSTOWN,RD, ,ICHABOD,DR, ,OLD BARDSTOWN,RD,LOUISVILLE,22,STATE,MAJOR ARTERIAL,US-31E,1.652,7,056-US-0031E -000,Bardstown Rd,Captain Place,3.909,Beulah Church Rd / Seatonville Rd (KY 1065),5.561,6005,3634.98789346,16,9.68523002,0,0,KYTC,456.125776612795
1296,12008,8018,8099,BARDSTOWN RD, ,BARDSTOWN,RD, ,OLD BARDSTOWN,RD, ,CAPTAIN,PL,LOUISVILLE,22,STATE,MAJOR ARTERIAL,US-31E,1.652,7,056-US-0031E -000,Bardstown Rd,Captain Place,3.909,Beulah Church Rd / Seatonville Rd (KY 1065),5.561,6005,3634.98789346,16,9.68523002,0,0,KYTC,954.317186785098
1297,8856,4100,4123,TAYLORSVILLE RD, ,TAYLORSVILLE,RD, ,MCMAHAN,BLVD, ,TAYLOR SPRINGS,DR,LOUISVILLE,26,STATE,MAJOR ARTERIAL,KY-155,4.24,48,056-KY-0155  -000,Taylorsville Rd,Watterson Trl (CS-1073H),9.35,Breckenridge Ln (KY 1932),13.59,8629,2035,22,5.24558894,0,0,KYTC,464.617351295666
1298,8857,4124,4199,TAYLORSVILLE RD, ,TAYLORSVILLE,RD, ,TAYLOR SPRINGS,DR, ,HOUSTON,BLVD,LOUISVILLE,26,STATE,MAJOR ARTERIAL,KY-155,4.24,48,056-KY-0155  -000,Taylorsville Rd,Watterson Trl (CS-1073H),9.35,Breckenridge Ln (KY 1932),13.59,8629,2035,22,5.24558894,0,0,KYTC,510.138449046249
1299,11767,7600,7799,BARDSTOWN RD, ,BARDSTOWN,RD, ,SOUTHPOINTE,BLVD, ,BRENTLINGER,LN,LOUISVILLE,22,STATE,MAJOR ARTERIAL,US-31E,1.652,7,056-US-0031E -000,Bardstown Rd,Captain Place,3.909,Beulah Church Rd / Seatonville Rd (KY 1065),5.561,6005,3634.98789346,16,9.68523002,0,0,KYTC,1195.63938498534
1300,31102,7800,7999,BARDSTOWN RD, ,BARDSTOWN,RD, ,BRENTLINGER,LN, ,ICHABOD,DR,LOUISVILLE,22,STATE,MAJOR ARTERIAL,US-31E,1.652,7,056-US-0031E -000,Bardstown Rd,Captain Place,3.909,Beulah Church Rd / Seatonville Rd (KY 1065),5.561,6005,3634.98789346,16,9.68523002,0,0,KYTC,1040.87212236396
1301,24797,1600,2739,OUTER LOOP, ,OUTER,LOOP, ,GRADE,LN, ,AIR COMMERCE,DR,LOUISVILLE,13,STATE,MAJOR ARTERIAL,KY-1065,3.531,42,056-KY-1065  -000,Outer Loop,National Turnpike (KY 1020),2.514,Preston Hwy (KY 61),6.045,7853,2224.01585953,20,5.66411781,3.311,0.9376947,KYTC,5434.23143072567
1302,26367,1500,1909,FERN VALLEY RD, ,FERN VALLEY,RD, ,GRADE,LN, ,WEST,DR,LOUISVILLE,21,STATE,MINOR ARTERIAL,KY-1747,4.046,26,056-KY-1747  -000,Fern Valley Rd,Grade Ln (CR-1001G),0,Shepherdsville Rd (KY 2052),4.046,10717,2648.78892734,29,7.16757291,3.47,0.85763717,KYTC,616.565325718498
1303,16213,1300,1499,W BROADWAY,W,BROADWAY, ,S,13TH,ST,S,15TH,ST,LOUISVILLE,4,STATE,MAJOR ARTERIAL,US-150,3.3535,1,056-US-0150  -000,Broadway,S 22nd St (US 31W-001),0.7405,Baxter Ave (US 31E),4.094,19419.4,5792,48,14.30913698,3.353,1,KYTC,959.932021929971
1304,16235,1200,1299,W BROADWAY,W,BROADWAY, ,S,12TH,ST,S,13TH,ST,LOUISVILLE,4,STATE,MAJOR ARTERIAL,US-150,3.3535,1,056-US-0150  -000,Broadway,S 22nd St (US 31W-001),0.7405,Baxter Ave (US 31E),4.094,19419.4,5792,48,14.30913698,3.353,1,KYTC,477.157563345498
1305,16254,1100,1199,W BROADWAY,W,BROADWAY, ,S,11TH,ST,S,12TH,ST,LOUISVILLE,4,STATE,MAJOR ARTERIAL,US-150,3.3535,1,056-US-0150  -000,Broadway,S 22nd St (US 31W-001),0.7405,Baxter Ave (US 31E),4.094,19419.4,5792,48,14.30913698,3.353,1,KYTC,492.093820449922
1306,28828,5700,5799,GREENBELT HWY, ,GREENBELT,HWY, ,LOWER HUNTERS,TRCE, ,GLO JEAN,WAY,LOUISVILLE,1,STATE,MAJOR ARTERIAL,KY-1934,11.502,21,056-KY-1934  -000,Greenbelt Hwy / Cane Run Rd,Gene Snyder Fwy (KY 841),0,Algonquin Pkwy (KY 2054),11.502,31389,2729.00365154,100,8.69414015,9.201,0.79994784,KYTC,825.301059580028
1307,33480,5551,5699,GREENBELT HWY, ,GREENBELT,HWY, ,RAGGARD,RD, ,LOWER HUNTERS,TRCE,LOUISVILLE,1,STATE,MAJOR ARTERIAL,KY-1934,11.502,21,056-KY-1934  -000,Greenbelt Hwy / Cane Run Rd,Gene Snyder Fwy (KY 841),0,Algonquin Pkwy (KY 2054),11.502,31389,2729.00365154,100,8.69414015,9.201,0.79994784,KYTC,2194.04386383354
1308,24185,7140,7199,SOUTHSIDE DR, ,SOUTHSIDE,DR, ,SOUTHVIEW,SQ, ,ALVINA,WAY,LOUISVILLE,21,STATE,MINOR ARTERIAL,KY-907,4.91,50,056-KY-0907  -000,3rd Street Rd (KY 907),E Pages Ln / Highcrest Ave,2.09,National Turnpike (KY 1020),7,13188,2003.64630811,41,6.22910969,4.251,0.64585232,KYTC,590.196134470709
1309,24172,7120,7139,SOUTHSIDE DR, ,SOUTHSIDE,DR, ,NATIONAL,TPKE, ,SOUTHVIEW,SQ,LOUISVILLE,25,STATE,MINOR ARTERIAL,KY-907,4.91,50,056-KY-0907  -000,3rd Street Rd (KY 907),E Pages Ln / Highcrest Ave,2.09,National Turnpike (KY 1020),7,13188,2003.64630811,41,6.22910969,4.251,0.64585232,KYTC,458.165379274367
1310,16401,100,199,W BROADWAY,W,BROADWAY, ,S,1ST,ST,S,2ND,ST,LOUISVILLE,4,STATE,MAJOR ARTERIAL,US-150,3.3535,1,056-US-0150  -000,Broadway,S 22nd St (US 31W-001),0.7405,Baxter Ave (US 31E),4.094,19419.4,5792,48,14.309137,3.353,1,KYTC,481.136856644373
1311,16262,400,499,E CHESTNUT ST,E,CHESTNUT,ST,S,PRESTON,ST,S,JACKSON,ST,LOUISVILLE,4,METRO,MINOR ARTERIAL, ,0.928,32,056-CS-1071G -000,E Chestnut St,S 1st St (CS-1002F),0,Chestnut Street Connector (KY 864),0.928,2306,2484.9137931,5,5.38793103,0.928,1,METRO,584.686295988357
1312,16202,100,199,E CHESTNUT ST,E,CHESTNUT,ST,S,1ST,ST,S,BROOK,ST,LOUISVILLE,4,METRO,MINOR ARTERIAL, ,0.928,32,056-CS-1071G -000,E Chestnut St,S 1st St (CS-1002F),0,Chestnut Street Connector (KY 864),0.928,2306,2484.9137931,5,5.38793103,0.928,1,METRO,315.793766763799
1313,16282,500,599,E CHESTNUT ST,E,CHESTNUT,ST,S,JACKSON,ST,S,HANCOCK,ST,LOUISVILLE,4,METRO,MINOR ARTERIAL, ,0.928,32,056-CS-1071G -000,E Chestnut St,S 1st St (CS-1002F),0,Chestnut Street Connector (KY 864),0.928,2306,2484.9137931,5,5.38793103,0.928,1,METRO,585.136836724982
1314,15826,499,400,E JEFFERSON ST,E,JEFFERSON,ST,S,JACKSON,ST,S,PRESTON,ST,LOUISVILLE,4,METRO,MINOR ARTERIAL, ,1.05,43,056-CS-1014B -000,E Jefferson St,Baxter Ave (US 31E),0,S 1st St (CS-1002F),1.05,2331,2220,6,5.71428571,1.05,1,METRO,584.037168540915
1315,16450,500,599,E BROADWAY,E,BROADWAY, ,S,JACKSON,ST,S,HANCOCK,ST,LOUISVILLE,4,STATE,MAJOR ARTERIAL,US-150,3.3535,1,056-US-0150  -000,Broadway,S 22nd St (US 31W-001),0.7405,Baxter Ave (US 31E),4.094,19419.4,5792,48,14.30913698,3.353,1,KYTC,585.009205527299
1316,15846,599,500,E JEFFERSON ST,E,JEFFERSON,ST,S,HANCOCK,ST,S,JACKSON,ST,LOUISVILLE,4,METRO,MINOR ARTERIAL, ,1.05,43,056-CS-1014B -000,E Jefferson St,Baxter Ave (US 31E),0,S 1st St (CS-1002F),1.05,2331,2220,6,5.71428571,1.05,1,METRO,584.260764235457
1317,15762,199,100,E JEFFERSON ST,E,JEFFERSON,ST,S,BROOK,ST,S,1ST,ST,LOUISVILLE,4,METRO,MINOR ARTERIAL, ,1.05,43,056-CS-1014B -000,E Jefferson St,Baxter Ave (US 31E),0,S 1st St (CS-1002F),1.05,2331,2220,6,5.71428571,1.05,1,METRO,478.715011776318
1318,16410,100,199,E BROADWAY,E,BROADWAY, ,S,1ST,ST,S,BROOK,ST,LOUISVILLE,4,STATE,MAJOR ARTERIAL,US-150,3.3535,1,056-US-0150  -000,Broadway,S 22nd St (US 31W-001),0.7405,Baxter Ave (US 31E),4.094,19419.4,5792,48,14.30913698,3.353,1,KYTC,480.222003331769
1319,16437,400,499,E BROADWAY,E,BROADWAY, ,S,PRESTON,ST,S,JACKSON,ST,LOUISVILLE,4,STATE,MAJOR ARTERIAL,US-150,3.3535,1,056-US-0150  -000,Broadway,S 22nd St (US 31W-001),0.7405,Baxter Ave (US 31E),4.094,19419.4,5792,48,14.30913698,3.353,1,KYTC,573.75465129299
1320,28171,9707,9778,3RD STREET RD, ,3RD STREET,RD, ,DEAD END, ,E,PAGES,LN,LOUISVILLE,25,STATE,MINOR ARTERIAL,KY-907,4.91,50,056-KY-0907  -000,3rd Street Rd (KY 907),E Pages Ln / Highcrest Ave,2.09,National Turnpike (KY 1020),7,13188,2003.64630811,41,6.22910969,4.251,0.64585232,KYTC,894.53371051564
1321,41201,9300,9599,3RD STREET RD, ,3RD STREET,RD, ,JAMES HILL,RD, ,DEAD END, ,LOUISVILLE,12,STATE,MINOR ARTERIAL,KY-907,4.91,50,056-KY-0907  -000,3rd Street Rd (KY 907),E Pages Ln / Highcrest Ave,2.09,National Turnpike (KY 1020),7,13188,2003.64630811,41,6.22910969,4.251,0.64585232,KYTC,2121.44547337968
1322,28174,9620,9699,3RD STREET RD, ,3RD STREET,RD, ,DEAD END, , ,HOLIDAY,DR,LOUISVILLE,12,STATE,MINOR ARTERIAL,KY-907,4.91,50,056-KY-0907  -000,3rd Street Rd (KY 907),E Pages Ln / Highcrest Ave,2.09,National Turnpike (KY 1020),7,13188,2003.64630811,41,6.22910969,4.251,0.64585232,KYTC,364.272251173763
1323,29622,4820,4899,CANE RUN RD, ,CANE RUN,RD, ,ROCKAWAY,DR, ,BRIDWELL,DR,LOUISVILLE,1,STATE,MAJOR ARTERIAL,KY-1934,11.502,21,056-KY-1934  -000,Greenbelt Hwy / Cane Run Rd,Gene Snyder Fwy (KY 841),0,Algonquin Pkwy (KY 2054),11.502,31389,2729.00365154,100,8.69414015,9.201,0.79994784,KYTC,1306.2266417774
1324,41200,9700,9714,3RD STREET RD, ,3RD STREET,RD, ,HOLIDAY,DR, ,DEAD END, ,LOUISVILLE,25,STATE,MINOR ARTERIAL,KY-907,4.91,50,056-KY-0907  -000,3rd Street Rd (KY 907),E Pages Ln / Highcrest Ave,2.09,National Turnpike (KY 1020),7,13188,2003.64630811,41,6.22910969,4.251,0.64585232,KYTC,664.394062301074
1325,30898,9008,9299,3RD STREET RD, ,3RD STREET,RD, ,HAWTHORNE POINTE,DR, ,JAMES HILL,RD,LOUISVILLE,12,STATE,MINOR ARTERIAL,KY-907,4.91,50,056-KY-0907  -000,3rd Street Rd (KY 907),E Pages Ln / Highcrest Ave,2.09,National Turnpike (KY 1020),7,13188,2003.64630811,41,6.22910969,4.251,0.64585232,KYTC,1149.44326160652
1326,21541,400,499,W MAIN ST,W,MAIN,ST,N,4TH,ST, ,PLACE MONTPELLIER, ,LOUISVILLE,4,STATE,MAJOR ARTERIAL,US-31W,1.751,45,056-US-0031W -001,W Main St,N 22nd St (US 150),20.345,S 2nd St (US 31),22.096,3743,2137.63563678,10,5.71102227,1.751,1,KYTC,467.796166383194
1327,34265,252,299,W MAIN ST,W,MAIN,ST, ,ARENA,PLZ,S,3RD,ST,LOUISVILLE,4,STATE,MAJOR ARTERIAL,US-31W,1.751,45,056-US-0031W -001,W Main St,N 22nd St (US 150),20.345,S 2nd St (US 31),22.096,3743,2137.63563678,10,5.71102227,1.751,1,KYTC,177.02915641304
1328,21547,300,399,W MAIN ST,W,MAIN,ST,S,3RD,ST,N,4TH,ST,LOUISVILLE,4,STATE,MAJOR ARTERIAL,US-31W,1.751,45,056-US-0031W -001,W Main St,N 22nd St (US 150),20.345,S 2nd St (US 31),22.096,3743,2137.63563678,10,5.71102227,1.751,1,KYTC,492.495353406063
1329,16347,900,922,E CHESTNUT ST,E,CHESTNUT,ST,S,CAMPBELL,ST, ,CHESTNUT STREET CONNECTOR, ,LOUISVILLE,4,METRO,MINOR ARTERIAL, ,0.928,32,056-CS-1071G -000,E Chestnut St,S 1st St (CS-1002F),0,Chestnut Street Connector (KY 864),0.928,2306,2484.9137931,5,5.38793103,0.928,1,METRO,321.667334459143
1330,16336,743,899,E CHESTNUT ST,E,CHESTNUT,ST,S,SHELBY,ST,S,CAMPBELL,ST,LOUISVILLE,4,METRO,MINOR ARTERIAL, ,0.928,32,056-CS-1071G -000,E Chestnut St,S 1st St (CS-1002F),0,Chestnut Street Connector (KY 864),0.928,2306,2484.9137931,5,5.38793103,0.928,1,METRO,586.622146598327
1331,8255,3048,3199,HIKES LN, ,HIKES,LN, ,TEVIS,DR, ,ROSS,BLVD,LOUISVILLE,26,METRO,MINOR ARTERIAL, ,2.399,36,056-CR-1002G -000,Hikes Lane,Buechel Byp (US 31E),0.797,Taylorsville Rd (KY 155),3.196,5776,2407.66986244,15,6.25260525,0.191,0.07961651,METRO,456.176090076363
1332,40437,3029,3113,HIKES LN, ,HIKES,LN, ,ST MICHAEL CHURCH,DR, ,TEVIS,DR,LOUISVILLE,26,METRO,MINOR ARTERIAL, ,2.399,36,056-CR-1002G -000,Hikes Lane,Buechel Byp (US 31E),0.797,Taylorsville Rd (KY 155),3.196,5776,2407.66986244,15,6.25260525,0.191,0.07961651,METRO,678.995740367385
1333,8840,4800,8999,TAYLORSVILLE RD, ,TAYLORSVILLE,RD, ,HURSTBOURNE,LN,S,HURSTBOURNE,PKY,JEFFERSONTOWN,26,STATE,MAJOR ARTERIAL,KY-155,4.24,48,056-KY-0155  -000,Taylorsville Rd,Watterson Trl (CS-1073H),9.35,Breckenridge Ln (KY 1932),13.59,8629,2035,22,5.245589,0,0,KYTC,463.507490580905
1334,31288,9000,9099,TAYLORSVILLE RD, ,TAYLORSVILLE,RD,S,HURSTBOURNE,PKY, ,AXMINSTER,DR,JEFFERSONTOWN,11,STATE,MAJOR ARTERIAL,KY-155,4.24,48,056-KY-0155  -000,Taylorsville Rd,Watterson Trl (CS-1073H),9.35,Breckenridge Ln (KY 1932),13.59,8629,2035,22,5.245589,0,0,KYTC,649.551204634369
1335,8852,4550,4599,TAYLORSVILLE RD, ,TAYLORSVILLE,RD, ,STONY BROOK,DR, ,DEERCROSS,DR,JEFFERSONTOWN,26,STATE,MAJOR ARTERIAL,KY-155,4.24,48,056-KY-0155  -000,Taylorsville Rd,Watterson Trl (CS-1073H),9.35,Breckenridge Ln (KY 1932),13.59,8629,2035,22,5.24558894,0,0,KYTC,487.26887663111
1336,4721,2000,2399,S HURSTBOURNE PKY,S,HURSTBOURNE,PKY, ,HURSTBOURNE,LN, ,TAYLORSVILLE,RD,LOUISVILLE,11,STATE,MAJOR ARTERIAL,KY-1747,1.476,19,056-KY-1747  -000,S Hurstbourne Pkwy,Taylorsville Rd (KY 155),10.991,Linn Station Rd (CS-1004H),12.467,4274,2895.66395664,7,4.74254743,0,0,KYTC,1397.21209738624
1337,8851,4540,4549,TAYLORSVILLE RD, ,TAYLORSVILLE,RD, ,SALSMAN,DR, ,STONY BROOK,DR,JEFFERSONTOWN,11,STATE,MAJOR ARTERIAL,KY-155,4.24,48,056-KY-0155  -000,Taylorsville Rd,Watterson Trl (CS-1073H),9.35,Breckenridge Ln (KY 1932),13.59,8629,2035,22,5.24558894,0,0,KYTC,439.764375371306
1338,23374,5080,5299,PRESTON HWY, ,PRESTON,HWY, ,GILMORE,LN, ,VIM,DR,LOUISVILLE,21,STATE,MAJOR ARTERIAL,KY-61,7.502,9,056-KY-0061  -000,Preston Hwy,Cooper Chapel Rd / Commerce Crossings Dr (KY 6299),1.401,Hart Ave,8.903,25969,3461.61023727,77,10.26392962,4.884,0.65102639,KYTC,1224.93104943766
1339,23523,5300,5309,PRESTON HWY, ,PRESTON,HWY, ,VIM,DR, ,PARK BROOK,LN,LOUISVILLE,21,STATE,MAJOR ARTERIAL,KY-61,7.502,9,056-KY-0061  -000,Preston Hwy,Cooper Chapel Rd / Commerce Crossings Dr (KY 6299),1.401,Hart Ave,8.903,25969,3461.61023727,77,10.26392962,4.884,0.65102639,KYTC,87.6132754268564
1340,23629,5500,5599,PRESTON HWY, ,PRESTON,HWY,W,INDIAN,TRL,E,INDIAN,TRL,LOUISVILLE,21,STATE,MAJOR ARTERIAL,KY-61,7.502,9,056-KY-0061  -000,Preston Hwy,Cooper Chapel Rd / Commerce Crossings Dr (KY 6299),1.401,Hart Ave,8.903,25969,3461.61023727,77,10.26392962,4.884,0.65102639,KYTC,434.718977201436
1341,23539,5310,5319,PRESTON HWY, ,PRESTON,HWY, ,PARK BROOK,LN, ,BECKER,AVE,LOUISVILLE,21,STATE,MAJOR ARTERIAL,KY-61,7.502,9,056-KY-0061  -000,Preston Hwy,Cooper Chapel Rd / Commerce Crossings Dr (KY 6299),1.401,Hart Ave,8.903,25969,3461.61023727,77,10.26392962,4.884,0.65102639,KYTC,273.59345177311
1342,23584,5400,5449,PRESTON HWY, ,PRESTON,HWY, ,KREMER,AVE, ,KRUPP PARK,DR,LOUISVILLE,21,STATE,MAJOR ARTERIAL,KY-61,7.502,9,056-KY-0061  -000,Preston Hwy,Cooper Chapel Rd / Commerce Crossings Dr (KY 6299),1.401,Hart Ave,8.903,25969,3461.61023727,77,10.26392962,4.884,0.65102639,KYTC,302.642819926601
1343,23557,5320,5399,PRESTON HWY, ,PRESTON,HWY, ,BECKER,AVE, ,KREMER,AVE,LOUISVILLE,21,STATE,MAJOR ARTERIAL,KY-61,7.502,9,056-KY-0061  -000,Preston Hwy,Cooper Chapel Rd / Commerce Crossings Dr (KY 6299),1.401,Hart Ave,8.903,25969,3461.61023727,77,10.26392962,4.884,0.65102639,KYTC,221.972462741722
1344,19636,3900,3922,POPLAR LEVEL RD, ,POPLAR LEVEL,RD, ,GRENADE,AVE, ,MARWOOD,PL,LOUISVILLE,10,STATE,MAJOR ARTERIAL,KY-864,7.117,41,056-KY-0864  -000,Poplar Level Rd,Fern Valley Rd (KY 1747),6.596,Eastern Pkwy (US 60A),13.713,16064,2257.13081355,44,6.18238022,4.725,0.66390333,KYTC,405.705635282528
1345,19687,3923,3999,POPLAR LEVEL RD, ,POPLAR LEVEL,RD, ,MARWOOD,PL, ,RUSSELL,AVE,LOUISVILLE,10,STATE,MAJOR ARTERIAL,KY-864,7.117,41,056-KY-0864  -000,Poplar Level Rd,Fern Valley Rd (KY 1747),6.596,Eastern Pkwy (US 60A),13.713,16064,2257.13081355,44,6.18238022,4.725,0.66390333,KYTC,391.014620292915
1346,19720,4000,4009,POPLAR LEVEL RD, ,POPLAR LEVEL,RD, ,RUSSELL,AVE, ,MERCER,AVE,LOUISVILLE,10,STATE,MAJOR ARTERIAL,KY-864,7.117,41,056-KY-0864  -000,Poplar Level Rd,Fern Valley Rd (KY 1747),6.596,Eastern Pkwy (US 60A),13.713,16064,2257.13081355,44,6.18238022,4.725,0.66390333,KYTC,236.619446583671
1347,23600,5450,5499,PRESTON HWY, ,PRESTON,HWY, ,KRUPP PARK,DR,W,INDIAN,TRL,LOUISVILLE,21,STATE,MAJOR ARTERIAL,KY-61,7.502,9,056-KY-0061  -000,Preston Hwy,Cooper Chapel Rd / Commerce Crossings Dr (KY 6299),1.401,Hart Ave,8.903,25969,3461.61023727,77,10.26392962,4.884,0.65102639,KYTC,241.844457535468
1348,16422,200,299,E BROADWAY,E,BROADWAY, ,S,BROOK,ST,S,FLOYD,ST,LOUISVILLE,4,STATE,MAJOR ARTERIAL,US-150,3.3535,1,056-US-0150  -000,Broadway,S 22nd St (US 31W-001),0.7405,Baxter Ave (US 31E),4.094,19419.4,5792,48,14.30913698,3.353,1,KYTC,586.815736754579
1349,16428,300,399,E BROADWAY,E,BROADWAY, ,S,FLOYD,ST,S,PRESTON,ST,LOUISVILLE,4,STATE,MAJOR ARTERIAL,US-150,3.3535,1,056-US-0150  -000,Broadway,S 22nd St (US 31W-001),0.7405,Baxter Ave (US 31E),4.094,19419.4,5792,48,14.30913698,3.353,1,KYTC,604.419401161147
1350,25945,8500,8609,NATIONAL TPKE, ,NATIONAL,TPKE, ,OUTER,LOOP, ,RUBEN,LN,LOUISVILLE,13,STATE,MINOR ARTERIAL,KY-1020,3.031,49,056-KY-1020  -000,National Turnpike,Fairdale Rd (CR-1005M),2.669,Southside Dr (KY 907),5.7,6130,2022.43483999,18,5.93863411,3.031,1,KYTC,790.757155948463
1351,18942,325,330,EASTERN PKY, ,EASTERN,PKY, ,HAHN,ST, ,ARTHUR,ST,LOUISVILLE,15,STATE,MAJOR ARTERIAL,US-60A,3.523,40,056-US-0060A -000,Eastern Pkwy,S 3rd St (KY 1020),3.409,Willow Ave (US 60A),6.932,8026,2278.172012,22,6.244678,1.154,0.327562,KYTC,213.798796472931
1352,24913,5857,5999,NEW CUT RD, ,NEW CUT,RD, ,STAR,LN, ,OUTER,LOOP,LOUISVILLE,25,STATE,MINOR ARTERIAL,KY-1865,5.273,5,056-KY-1865  -000,Taylor Blvd / New Cut Rd,Gene Snyder Fwy (KY 841),0.92,Berry Blvd (US 60A),6.193,20222,3835.00853404,51,9.67191352,4.556,0.86402427,KYTC,1022.91208902527
1353,25943,8300,8499,NATIONAL TPKE, ,NATIONAL,TPKE, ,HAY,CT, ,OUTER,LOOP,LOUISVILLE,13,STATE,MINOR ARTERIAL,KY-1020,3.031,49,056-KY-1020  -000,National Turnpike,Fairdale Rd (CR-1005M),2.669,Southside Dr (KY 907),5.7,6130,2022.43483999,18,5.93863411,3.031,1,KYTC,997.587256493604
1354,25942,900,1599,OUTER LOOP, ,OUTER,LOOP, ,NATIONAL,TPKE, ,GRADE,LN,LOUISVILLE,13,STATE,MAJOR ARTERIAL,KY-1065,3.531,42,056-KY-1065  -000,Outer Loop,National Turnpike (KY 1020),2.514,Preston Hwy (KY 61),6.045,7853,2224.01585953,20,5.66411781,3.311,0.9376947,KYTC,3580.37361707598
1355,26937,5100,5199,GREENBELT HWY, ,GREENBELT,HWY, ,BRIDGE,AVE, ,DOVER,AVE,LOUISVILLE,1,STATE,MAJOR ARTERIAL,KY-1934,11.502,21,056-KY-1934  -000,Greenbelt Hwy / Cane Run Rd,Gene Snyder Fwy (KY 841),0,Algonquin Pkwy (KY 2054),11.502,31389,2729.00365154,100,8.69414015,9.201,0.79994784,KYTC,561.089851942739
1356,25293,9200,9499,NATIONAL TPKE, ,NATIONAL,TPKE, ,NEIGHBORHOOD,PL, ,FAIRDALE,RD,LOUISVILLE,13,STATE,MINOR ARTERIAL,KY-1020,3.031,49,056-KY-1020  -000,National Turnpike,Fairdale Rd (CR-1005M),2.669,Southside Dr (KY 907),5.7,6130,2022.43483999,18,5.93863411,3.031,1,KYTC,910.939119455886
1357,21552,200,251,W MAIN ST,W,MAIN,ST, ,CLARK MEMORIAL,BRG, ,ARENA,PLZ,LOUISVILLE,4,STATE,MAJOR ARTERIAL,US-31W,1.751,45,056-US-0031W -001,W Main St,N 22nd St (US 150),20.345,S 2nd St (US 31),22.096,3743,2137.63563678,10,5.71102227,1.751,1,KYTC,265.440361772306
1358,25960,6000,6099,NEW CUT RD, ,NEW CUT,RD, ,OUTER,LOOP, ,BROWN AUSTIN,RD,LOUISVILLE,25,STATE,MINOR ARTERIAL,KY-1865,5.273,5,056-KY-1865  -000,Taylor Blvd / New Cut Rd,Gene Snyder Fwy (KY 841),0.92,Berry Blvd (US 60A),6.193,20222,3835.00853404,51,9.67191352,4.556,0.86402427,KYTC,797.46129111387
1359,5558,3600,3699,BUECHEL BYP, ,BUECHEL,BYP, ,BARDSTOWN,RD, ,HIKES,LN,LOUISVILLE,10,STATE,MAJOR ARTERIAL,US-31E,5.8,16,056-US-0031E -000,Beuchel Byp / Bardstown Rd / Baxter Ave,Hikes Lane (KY 2052),10.974,E Main St (US 31E),16.774,17471,3012.24137931,41,7.1,1.878,0.3237931,KYTC,781.402747244122
1360,23225,4800,4899,PRESTON HWY, ,PRESTON,HWY, ,I 65 RAMP, , ,MEADOW,AVE,LOUISVILLE,21,STATE,MAJOR ARTERIAL,KY-61,7.502,9,056-KY-0061  -000,Preston Hwy,Cooper Chapel Rd / Commerce Crossings Dr (KY 6299),1.401,Hart Ave,8.903,25969,3461.61023727,77,10.26392962,4.884,0.65102639,KYTC,808.270512239761
1361,20634,1500,1514,BARDSTOWN RD, ,BARDSTOWN,RD, ,EASTERN,PKY, ,SHERWOOD,AVE,LOUISVILLE,8,STATE,MAJOR ARTERIAL,US-31E,5.8,16,056-US-0031E -000,Beuchel Byp / Bardstown Rd / Baxter Ave,Hikes Lane (KY 2052),10.974,E Main St (US 31E),16.774,17471,3012.24137931,41,7.1,1.878,0.3237931,KYTC,284.378061173959
1362,22860,4243,4299,PRESTON HWY, ,PRESTON,HWY, ,I 264 RAMP, , ,DURRETT,LN,LOUISVILLE,21,STATE,MAJOR ARTERIAL,KY-61,7.502,9,056-KY-0061  -000,Preston Hwy,Cooper Chapel Rd / Commerce Crossings Dr (KY 6299),1.401,Hart Ave,8.903,25969,3461.61023727,77,10.26392962,4.884,0.65102639,KYTC,567.362972951019
1363,28821,5200,5550,GREENBELT HWY, ,GREENBELT,HWY, ,DOVER,AVE, ,RAGGARD,RD,LOUISVILLE,1,STATE,MAJOR ARTERIAL,KY-1934,11.502,21,056-KY-1934  -000,Greenbelt Hwy / Cane Run Rd,Gene Snyder Fwy (KY 841),0,Algonquin Pkwy (KY 2054),11.502,31389,2729.00365154,100,8.69414015,9.201,0.79994784,KYTC,876.688455619394
1364,5663,3800,3899,SHEPHERDSVILLE RD, ,SHEPHERDSVILLE,RD, ,HIKES,LN, ,GLENGYLE,AVE,WEST BUECHEL,10,STATE,MINOR ARTERIAL,KY-2052,2.908,39,056-KY-2052  -000,Shepherdsville Rd,Fern Valley Rd (KY 1747),1.214,Hikes Lane (KY 2052),4.122,6742,2318.43191197,20,6.87757909,2.908,1,KYTC,586.455243583599
1365,26433,10400,10410,W MANSLICK RD,W,MANSLICK,RD, ,BROWN AUSTIN,RD, ,SHARON,LN,LOUISVILLE,13,STATE,PRIMARY COLLECTOR,KY-2055,0.664,23,056-KY-2055  -000,W Manslick Rd,Fairdale Rd (CR-1005M),1.333,W Manslick Rd (KY 2055) / Brown Austin Rd,1.997,1795,2703.31325301,7,10.54216867,0,0,KYTC,637.895940425072
1366,20633,1900,1999,EASTERN PKY, ,EASTERN,PKY, ,FERNWOOD,AVE, ,BARDSTOWN,RD,LOUISVILLE,8,STATE,MAJOR ARTERIAL,US-60A,3.523,40,056-US-0060A -000,Eastern Pkwy,S 3rd St (KY 1020),3.409,Willow Ave (US 60A),6.932,8026,2278.172012,22,6.244678,1.154,0.327562,KYTC,172.530970024689
1367,29233,10200,10299,DIXIE HWY, ,DIXIE,HWY, ,VALLEY STATION,RD, ,VESPER,LN,LOUISVILLE,14,STATE,MAJOR ARTERIAL,US-31W,14.536,10,056-US-0031W -000,Dixie Hwy,Depot Lane,2.974,Bernheim Ln (US 31W),17.51,49906,3433,150,10.3,12.626,0.86860209,KYTC,714.264060225483
1368,28755,14300,14399,DIXIE HWY, ,DIXIE,HWY, ,SHIPLEY,LN, ,BUNGER,AVE,LOUISVILLE,14,STATE,MAJOR ARTERIAL,US-31W,14.536,10,056-US-0031W -000,Dixie Hwy,Depot Lane,2.974,Bernheim Ln (US 31W),17.51,49906,3433,150,10.3,12.626,0.86860209,KYTC,406.593410124833
1369,29004,7560,7599,DIXIE HWY, ,DIXIE,HWY, ,SEIBEL,CT, ,ATLAS POWDER,RD,LOUISVILLE,14,STATE,MAJOR ARTERIAL,US-31W,14.536,10,056-US-0031W -000,Dixie Hwy,Depot Lane,2.974,Bernheim Ln (US 31W),17.51,49906,3433,150,10.3,12.626,0.86860209,KYTC,529.754888939693
1370,27818,7900,7999,DIXIE HWY, ,DIXIE,HWY, ,COFER,AVE, ,OAK PARK,DR,LOUISVILLE,14,STATE,MAJOR ARTERIAL,US-31W,14.536,10,056-US-0031W -000,Dixie Hwy,Depot Lane,2.974,Bernheim Ln (US 31W),17.51,49906,3433,150,10.3,12.626,0.86860209,KYTC,754.431461902363
1371,28965,9100,9199,DIXIE HWY, ,DIXIE,HWY, ,WITTEN,DR, ,STONESTREET,RD,LOUISVILLE,14,STATE,MAJOR ARTERIAL,US-31W,14.536,10,056-US-0031W -000,Dixie Hwy,Depot Lane,2.974,Bernheim Ln (US 31W),17.51,49906,3433,150,10.3,12.626,0.86860209,KYTC,554.55663548589
1372,28206,9702,9899,DIXIE HWY, ,DIXIE,HWY, ,KENDALL,RD, ,CITATION,RD,LOUISVILLE,25,STATE,MAJOR ARTERIAL,US-31W,14.536,10,056-US-0031W -000,Dixie Hwy,Depot Lane,2.974,Bernheim Ln (US 31W),17.51,49906,3433,150,10.3,12.626,0.86860209,KYTC,995.184226231836
1373,28101,9600,9608,DIXIE HWY, ,DIXIE,HWY, ,SPEEDWAY,AVE, ,MILLERS,CT,LOUISVILLE,14,STATE,MAJOR ARTERIAL,US-31W,14.536,10,056-US-0031W -000,Dixie Hwy,Depot Lane,2.974,Bernheim Ln (US 31W),17.51,49906,3433,150,10.3,12.626,0.86860209,KYTC,299.353031928858
1374,29227,9900,10099,DIXIE HWY, ,DIXIE,HWY, ,CITATION,RD, ,ALANADALE,DR,LOUISVILLE,14,STATE,MAJOR ARTERIAL,US-31W,14.536,10,056-US-0031W -000,Dixie Hwy,Depot Lane,2.974,Bernheim Ln (US 31W),17.51,49906,3433,150,10.3,12.626,0.86860209,KYTC,1701.16640026811
1375,27742,7600,7799,DIXIE HWY, ,DIXIE,HWY, ,ATLAS POWDER,RD, ,FURY,WAY,LOUISVILLE,14,STATE,MAJOR ARTERIAL,US-31W,14.536,10,056-US-0031W -000,Dixie Hwy,Depot Lane,2.974,Bernheim Ln (US 31W),17.51,49906,3433,150,10.3,12.626,0.86860209,KYTC,487.402314817095
1376,23125,4700,4789,PRESTON HWY, ,PRESTON,HWY, ,GRADE,LN, ,I 65 RAMP, ,LOUISVILLE,21,STATE,MAJOR ARTERIAL,KY-61,7.502,9,056-KY-0061  -000,Preston Hwy,Cooper Chapel Rd / Commerce Crossings Dr (KY 6299),1.401,Hart Ave,8.903,25969,3461.61023727,77,10.26392962,4.884,0.65102639,KYTC,560.080683521814
1377,28132,9700,9701,DIXIE HWY, ,DIXIE,HWY, ,PONDER,LN, ,KENDALL,RD,LOUISVILLE,14,STATE,MAJOR ARTERIAL,US-31W,14.536,10,056-US-0031W -000,Dixie Hwy,Depot Lane,2.974,Bernheim Ln (US 31W),17.51,49906,3433,150,10.3,12.626,0.86860209,KYTC,99.8132600237188
1378,27768,7800,7899,DIXIE HWY, ,DIXIE,HWY, ,FURY,WAY, ,COFER,AVE,LOUISVILLE,14,STATE,MAJOR ARTERIAL,US-31W,14.536,10,056-US-0031W -000,Dixie Hwy,Depot Lane,2.974,Bernheim Ln (US 31W),17.51,49906,3433,150,10.3,12.626,0.86860209,KYTC,561.174839386752
1379,28126,9609,9699,DIXIE HWY, ,DIXIE,HWY, ,MILLERS,CT, ,PONDER,LN,LOUISVILLE,14,STATE,MAJOR ARTERIAL,US-31W,14.536,10,056-US-0031W -000,Dixie Hwy,Depot Lane,2.974,Bernheim Ln (US 31W),17.51,49906,3433,150,10.3,12.626,0.86860209,KYTC,511.584169125668
1380,29231,10100,10199,DIXIE HWY, ,DIXIE,HWY, ,ALANADALE,DR, ,VALLEY STATION,RD,LOUISVILLE,25,STATE,MAJOR ARTERIAL,US-31W,14.536,10,056-US-0031W -000,Dixie Hwy,Depot Lane,2.974,Bernheim Ln (US 31W),17.51,49906,3433,150,10.3,12.626,0.86860209,KYTC,684.520654120816
1381,27833,8000,8039,DIXIE HWY, ,DIXIE,HWY, ,OAK PARK,DR, ,PARAMOUNT,DR,LOUISVILLE,14,STATE,MAJOR ARTERIAL,US-31W,14.536,10,056-US-0031W -000,Dixie Hwy,Depot Lane,2.974,Bernheim Ln (US 31W),17.51,49906,3433,150,10.3,12.626,0.86860209,KYTC,435.079260747754
1382,28942,8400,8599,DIXIE HWY, ,DIXIE,HWY,E,PAGES,LN, ,STEPHAN,DR,LOUISVILLE,12,STATE,MAJOR ARTERIAL,US-31W,14.536,10,056-US-0031W -000,Dixie Hwy,Depot Lane,2.974,Bernheim Ln (US 31W),17.51,49906,3433,150,10.3,12.626,0.86860209,KYTC,1189.06563454937
1383,23076,4600,4699,PRESTON HWY, ,PRESTON,HWY, ,STANDIFORD,LN, ,GRADE,LN,LOUISVILLE,21,STATE,MAJOR ARTERIAL,KY-61,7.502,9,056-KY-0061  -000,Preston Hwy,Cooper Chapel Rd / Commerce Crossings Dr (KY 6299),1.401,Hart Ave,8.903,25969,3461.61023727,77,10.26392962,4.884,0.65102639,KYTC,1098.51378445234
1384,28094,9300,9599,DIXIE HWY, ,DIXIE,HWY, ,EUCLID,AVE, ,SPEEDWAY,AVE,LOUISVILLE,14,STATE,MAJOR ARTERIAL,US-31W,14.536,10,056-US-0031W -000,Dixie Hwy,Depot Lane,2.974,Bernheim Ln (US 31W),17.51,49906,3433,150,10.3,12.626,0.86860209,KYTC,739.042233469483
1385,28931,8300,8399,DIXIE HWY, ,DIXIE,HWY, ,HILLVIEW,DR,W,PAGES,LN,LOUISVILLE,14,STATE,MAJOR ARTERIAL,US-31W,14.536,10,056-US-0031W -000,Dixie Hwy,Depot Lane,2.974,Bernheim Ln (US 31W),17.51,49906,3433,150,10.3,12.626,0.86860209,KYTC,550.769375274829
1386,22990,4300,4599,PRESTON HWY, ,PRESTON,HWY, ,DURRETT,LN, ,STANDIFORD,LN,LOUISVILLE,21,STATE,MAJOR ARTERIAL,KY-61,7.502,9,056-KY-0061  -000,Preston Hwy,Cooper Chapel Rd / Commerce Crossings Dr (KY 6299),1.401,Hart Ave,8.903,25969,3461.61023727,77,10.26392962,4.884,0.65102639,KYTC,1713.39528105107
1387,28954,8600,8699,DIXIE HWY, ,DIXIE,HWY, ,STEPHAN,DR, ,ELZIE,RD,LOUISVILLE,12,STATE,MAJOR ARTERIAL,US-31W,14.536,10,056-US-0031W -000,Dixie Hwy,Depot Lane,2.974,Bernheim Ln (US 31W),17.51,49906,3433,150,10.3,12.626,0.86860209,KYTC,575.209640899895
1388,27864,8040,8099,DIXIE HWY, ,DIXIE,HWY, ,PARAMOUNT,DR, ,PARALEE,DR,LOUISVILLE,14,STATE,MAJOR ARTERIAL,US-31W,14.536,10,056-US-0031W -000,Dixie Hwy,Depot Lane,2.974,Bernheim Ln (US 31W),17.51,49906,3433,150,10.3,12.626,0.86860209,KYTC,593.771716900212
1389,27875,8100,8199,DIXIE HWY, ,DIXIE,HWY, ,PARALEE,DR, ,MARYMAN,RD,LOUISVILLE,14,STATE,MAJOR ARTERIAL,US-31W,14.536,10,056-US-0031W -000,Dixie Hwy,Depot Lane,2.974,Bernheim Ln (US 31W),17.51,49906,3433,150,10.3,12.626,0.86860209,KYTC,144.77417658633
1390,27901,8200,8299,DIXIE HWY, ,DIXIE,HWY, ,MARYMAN,RD, ,HILLVIEW,DR,LOUISVILLE,14,STATE,MAJOR ARTERIAL,US-31W,14.536,10,056-US-0031W -000,Dixie Hwy,Depot Lane,2.974,Bernheim Ln (US 31W),17.51,49906,3433,150,10.3,12.626,0.86860209,KYTC,497.58243084846
1391,28961,8700,9099,DIXIE HWY, ,DIXIE,HWY, ,ELZIE,RD, ,WITTEN,DR,LOUISVILLE,14,STATE,MAJOR ARTERIAL,US-31W,14.536,10,056-US-0031W -000,Dixie Hwy,Depot Lane,2.974,Bernheim Ln (US 31W),17.51,49906,3433,150,10.3,12.626,0.86860209,KYTC,1657.64105309339
1392,18926,100,324,EASTERN PKY, ,EASTERN,PKY,S,3RD,ST, ,HAHN,ST,LOUISVILLE,6,STATE,MAJOR ARTERIAL,US-60A,3.523,40,056-US-0060A -000,Eastern Pkwy,S 3rd St (KY 1020),3.409,Willow Ave (US 60A),6.932,8026,2278.17201249,22,6.24467783,1.154,0.32756174,KYTC,2334.12714727604
1393,28757,14400,15313,DIXIE HWY, ,DIXIE,HWY, ,BUNGER,AVE, ,DEPOT,LN,LOUISVILLE,14,STATE,MAJOR ARTERIAL,US-31W,14.536,10,056-US-0031W -000,Dixie Hwy,Depot Lane,2.974,Bernheim Ln (US 31W),17.51,49906,3433,150,10.3,12.626,0.86860209,KYTC,6429.40592894473
1394,20628,1430,1499,BARDSTOWN RD, ,BARDSTOWN,RD, ,EDENSIDE,AVE, ,EASTERN,PKY,LOUISVILLE,8,STATE,MAJOR ARTERIAL,US-31E,5.8,16,056-US-0031E -000,Beuchel Byp / Bardstown Rd / Baxter Ave,Hikes Lane (KY 2052),10.974,E Main St (US 31E),16.774,17471,3012.24137931,41,7.1,1.878,0.3237931,KYTC,498.615056984703
1395,29002,7400,7559,DIXIE HWY, ,DIXIE,HWY, ,ST ANDREWS CHURCH,RD, ,SEIBEL,CT,LOUISVILLE,12,STATE,MAJOR ARTERIAL,US-31W,14.536,10,056-US-0031W -000,Dixie Hwy,Depot Lane,2.974,Bernheim Ln (US 31W),17.51,49906,3433,150,10.3,12.626,0.86860209,KYTC,849.831259697635
1396,23134,4790,4799,PRESTON HWY, ,PRESTON,HWY, ,I 65 RAMP, , ,I 65 RAMP, ,LOUISVILLE,21,STATE,MAJOR ARTERIAL,KY-61,7.502,9,056-KY-0061  -000,Preston Hwy,Cooper Chapel Rd / Commerce Crossings Dr (KY 6299),1.401,Hart Ave,8.903,25969,3461.61023727,77,10.26392962,4.884,0.65102639,KYTC,54.3677078443629
1397,20627,2000,2032,EASTERN PKY, ,EASTERN,PKY, ,BARDSTOWN,RD, ,WILLOW,AVE,LOUISVILLE,8,STATE,MINOR ARTERIAL,US-60A,3.523,40,056-US-0060A -000,Eastern Pkwy,S 3rd St (KY 1020),3.409,Willow Ave (US 60A),6.932,8026,2278.172012,22,6.244678,1.154,0.327562,KYTC,534.760186785586
1398,28074,9200,9299,DIXIE HWY, ,DIXIE,HWY, ,STONESTREET,RD, ,EUCLID,AVE,LOUISVILLE,12,STATE,MAJOR ARTERIAL,US-31W,14.536,10,056-US-0031W -000,Dixie Hwy,Depot Lane,2.974,Bernheim Ln (US 31W),17.51,49906,3433,150,10.3,12.626,0.86860209,KYTC,837.367892595778
1399,19128,2600,2699,S 4TH ST,S,4TH,ST, ,MONTANA,AVE, ,WINKLER,AVE,LOUISVILLE,15,METRO,MINOR ARTERIAL, ,1.089,31,056-CS-1001F -000,S 4th St,W Cardinal Blvd (CS-1447),2.498,Central Ave (CS-1041F),3.587,2717,2494.949495,5,4.591368,1.089,1,METRO,479.680121924945
1400,19420,2900,2999,S 4TH ST,S,4TH,ST, ,IOWA,AVE, ,HEYWOOD,AVE,LOUISVILLE,15,METRO,MINOR ARTERIAL, ,1.089,31,056-CS-1001F -000,S 4th St,W Cardinal Blvd (CS-1447),2.498,Central Ave (CS-1041F),3.587,2717,2494.94949495,5,4.59136823,1.089,1,METRO,478.659198740672
1401,19024,2500,2599,S 4TH ST,S,4TH,ST, ,CREEL,AVE, ,MONTANA,AVE,LOUISVILLE,15,METRO,MINOR ARTERIAL, ,1.089,31,056-CS-1001F -000,S 4th St,W Cardinal Blvd (CS-1447),2.498,Central Ave (CS-1041F),3.587,2717,2494.94949495,5,4.59136823,1.089,1,METRO,478.015227269553
1402,18517,1900,1999,S 4TH ST,S,4TH,ST,W,CARDINAL,BLVD,W,BRANDEIS,AVE,LOUISVILLE,6,METRO,MINOR ARTERIAL, ,1.089,31,056-CS-1001F -000,S 4th St,W Cardinal Blvd (CS-1447),2.498,Central Ave (CS-1041F),3.587,2717,2494.94949495,5,4.59136823,1.089,1,METRO,466.07161885943
1403,18919,2400,2499,S 4TH ST,S,4TH,ST, ,INDUSTRY,RD, ,CREEL,AVE,LOUISVILLE,15,METRO,MINOR ARTERIAL, ,1.089,31,056-CS-1001F -000,S 4th St,W Cardinal Blvd (CS-1447),2.498,Central Ave (CS-1041F),3.587,2717,2494.94949495,5,4.59136823,1.089,1,METRO,341.682441200891
1404,19229,2700,2799,S 4TH ST,S,4TH,ST, ,WINKLER,AVE, ,M,ST,LOUISVILLE,15,METRO,MINOR ARTERIAL, ,1.089,31,056-CS-1001F -000,S 4th St,W Cardinal Blvd (CS-1447),2.498,Central Ave (CS-1041F),3.587,2717,2494.949495,5,4.591368,1.089,1,METRO,481.181380205271
1405,19328,2800,2899,S 4TH ST,S,4TH,ST, ,M,ST, ,IOWA,AVE,LOUISVILLE,15,METRO,MINOR ARTERIAL, ,1.089,31,056-CS-1001F -000,S 4th St,W Cardinal Blvd (CS-1447),2.498,Central Ave (CS-1041F),3.587,2717,2494.94949495,5,4.59136823,1.089,1,METRO,479.686026584056
1406,21380,3000,3099,S 4TH ST,S,4TH,ST, ,HEYWOOD,AVE, ,CENTRAL,AVE,LOUISVILLE,15,METRO,MINOR ARTERIAL, ,1.089,31,056-CS-1001F -000,S 4th St,W Cardinal Blvd (CS-1447),2.498,Central Ave (CS-1041F),3.587,2717,2494.94949495,5,4.59136823,1.089,1,METRO,463.852505438488
1407,8664,1002,1005,BRECKENRIDGE LN, ,BRECKENRIDGE,LN, ,DUTCHMANS,LN, ,I 264 RAMP, ,ST MATTHEWS,26,STATE,MINOR ARTERIAL,KY-1932,3.189,37,056-KY-1932  -000,Breckenridge Ln,Six Mile Ln (CR-1002H),1.129,Milford Lane Connector,4.318,7558,2370.02195045,17,5.33082471,0,0,KYTC,420.376161886486
1408,15711,530,599,S 26TH ST,S,26TH,ST,W,MADISON,ST,W,CHESTNUT,ST,LOUISVILLE,5,METRO,MINOR ARTERIAL, ,1.846,27,056-CS-1038F -000,S 26th St,W Main St (CS-1011A),0,Wilson Ave (CS-1025F),1.846,4784,2591.54929577,10,5.4,1.846,1,METRO,402.622335135004
1409,19640,3300,3317,TAYLOR BLVD, ,TAYLOR,BLVD, ,ARCADE,AVE, ,QUEEN,AVE,LOUISVILLE,3,STATE,MAJOR ARTERIAL,US-60A,3.157,4,056-US-0060A -000,7th Street Rd / Berry Blvd / Taylor Blvd / Winkler Ave,Dixie Hwy (US 31W),0,S 3rd St (KY 1020),3.157,13771,4362.05258156,37,11.71998733,3.157,1,KYTC,146.841611066484
1410,9351,4102,4119,SHELBYVILLE RD, ,SHELBYVILLE,RD, ,BROWNS,LN, ,SEARS,AVE,ST MATTHEWS,9,STATE,MAJOR ARTERIAL,US-60,0.638,6,056-US-0060  -000,Shelbyville Rd,Lexington Rd (US 60A),3.482,Thierman Ln (CS-1098B),4.12,2413,3782.13166144,7,10.97178683,0,0,KYTC,217.842943559142
1411,18139,2100,2199,BARDSTOWN RD, ,BARDSTOWN,RD, ,WOODFORD,PL, ,DOUGLASS,BLVD,LOUISVILLE,8,STATE,MAJOR ARTERIAL,US-31E,5.8,16,056-US-0031E -000,Beuchel Byp / Bardstown Rd / Baxter Ave,Hikes Lane (KY 2052),10.974,E Main St (US 31E),16.774,17471,3012.24137931,41,7.1,1.878,0.3237931,KYTC,433.83387237506
1412,14335,2438,2524,PORTLAND AVE, ,PORTLAND,AVE,N,25TH,ST,N,26TH,ST,LOUISVILLE,5,STATE,MINOR ARTERIAL,KY-3064,1.1,46,056-KY-3064  -000,Portland Ave (KY 3064),N 22nd St (US 150),0,N 33rd St / Northwestern Pky (CS-1003A),1.1,3836,2135.85746102,13,7.23830735,1.796,1,KYTC,354.480253328729
1413,9350,4100,4101,SHELBYVILLE RD, ,SHELBYVILLE,RD, ,BROWN,AVE, ,BROWNS,LN,ST MATTHEWS,9,STATE,MAJOR ARTERIAL,US-60,0.638,6,056-US-0060  -000,Shelbyville Rd,Lexington Rd (US 60A),3.482,Thierman Ln (CS-1098B),4.12,2413,3782.13166144,7,10.97178683,0,0,KYTC,176.202123702309
1414,14314,2525,2599,PORTLAND AVE, ,PORTLAND,AVE,N,26TH,ST,N,26TH,ST,LOUISVILLE,5,STATE,MINOR ARTERIAL,KY-3064,1.1,46,056-KY-3064  -000,Portland Ave (KY 3064),N 22nd St (US 150),0,N 33rd St / Northwestern Pky (CS-1003A),1.1,3836,2135.85746102,13,7.23830735,1.796,1,KYTC,126.847610959963
1415,15770,1300,1499,W MUHAMMAD ALI BLVD,W,MUHAMMAD ALI,BLVD,S,13TH,ST,S,15TH,ST,LOUISVILLE,4,METRO,MINOR ARTERIAL, ,1.454,22,056-CS-1001A -000,W Muhammad Ali Blvd,S 6th St (CS-1004F),0.455,S 22nd St (US 31W-001),1.909,3943.35,2712.07015131,9,6.18982118,1.454,1,METRO,950.572480805934
1416,31210,500,599,W BROADWAY,W,BROADWAY, ,S,5TH,ST,S,6TH,ST,LOUISVILLE,4,STATE,MAJOR ARTERIAL,US-150,3.3535,1,056-US-0150  -000,Broadway,S 22nd St (US 31W-001),0.7405,Baxter Ave (US 31E),4.094,19419.4,5792,48,14.30913698,3.353,1,KYTC,481.861693233909
1417,15727,1500,1599,W MUHAMMAD ALI BLVD,W,MUHAMMAD ALI,BLVD,S,15TH,ST,S,16TH,ST,LOUISVILLE,4,METRO,MINOR ARTERIAL, ,1.454,22,056-CS-1001A -000,W Muhammad Ali Blvd,S 6th St (CS-1004F),0.455,S 22nd St (US 31W-001),1.909,3943.35,2712.07015131,9,6.18982118,1.454,1,METRO,482.567553107852
1418,21620,800,849,W MUHAMMAD ALI BLVD,W,MUHAMMAD ALI,BLVD,S,8TH,ST, ,ROY WILKINS,AVE,LOUISVILLE,4,METRO,MINOR ARTERIAL, ,1.454,22,056-CS-1001A -000,W Muhammad Ali Blvd,S 6th St (CS-1004F),0.455,S 22nd St (US 31W-001),1.909,3943.35,2712.07015131,9,6.18982118,1.454,1,METRO,431.533101751499
1419,20664,1800,1899,EASTERN PKY, ,EASTERN,PKY, ,NORRIS,PL, ,FERNWOOD,AVE,LOUISVILLE,8,STATE,MAJOR ARTERIAL,US-60A,3.523,40,056-US-0060A -000,Eastern Pkwy,S 3rd St (KY 1020),3.409,Willow Ave (US 60A),6.932,8026,2278.17201249,22,6.24467783,1.154,0.32756174,KYTC,618.880916327565
1420,15778,600,615,S 26TH ST,S,26TH,ST,W,CHESTNUT,ST, ,PLYMOUTH,CT,LOUISVILLE,5,METRO,MINOR ARTERIAL, ,1.846,27,056-CS-1038F -000,S 26th St,W Main St (CS-1011A),0,Wilson Ave (CS-1025F),1.846,4784,2591.549296,10,5.4,1.846,1,METRO,252.023535520034
1421,5110,3300,3399,BARDSTOWN RD, ,BARDSTOWN,RD, ,GOLDSMITH,LN, ,BELMONT,RD,LOUISVILLE,10,STATE,MAJOR ARTERIAL,US-31E,5.8,16,056-US-0031E -000,Beuchel Byp / Bardstown Rd / Baxter Ave,Hikes Lane (KY 2052),10.974,E Main St (US 31E),16.774,17471,3012.24137931,41,7.1,1.878,0.3237931,KYTC,948.389698943603
1422,19143,300,399,WINKLER AVE, ,WINKLER,AVE,S,3RD,ST,S,4TH,ST,LOUISVILLE,15,STATE,MAJOR ARTERIAL,US-60A,3.157,4,056-US-0060A -000,7th Street Rd / Berry Blvd / Taylor Blvd / Winkler Ave,Dixie Hwy (US 31W),0,S 3rd St (KY 1020),3.157,13771,4362.05258156,37,11.71998733,3.157,1,KYTC,487.462830776373
1423,20674,1700,1799,EASTERN PKY, ,EASTERN,PKY, ,QUADRANT,AVE, ,NORRIS,PL,LOUISVILLE,8,STATE,MAJOR ARTERIAL,US-60A,3.523,40,056-US-0060A -000,Eastern Pkwy,S 3rd St (KY 1020),3.409,Willow Ave (US 60A),6.932,8026,2278.17201249,22,6.24467783,1.154,0.32756174,KYTC,355.67846441298
1424,19312,2824,2937,7TH STREET RD, ,7TH STREET,RD, ,ARCADE,AVE, ,OLEANDA,AVE,SHIVELY,3,STATE,MAJOR ARTERIAL,KY-1931,9.06,24,056-KY-1931  -000,Greenwood Rd / St. Andrews Church Rd / Manslick Rd / 7th Street Rd,Terry Road (KY 1727),1.47,Algonquin Pkwy (KY 2054),10.53,24325,2684.8785872,73,8.05739514,7.024,0.77527594,KYTC,798.534600912384
1425,17946,300,324,W HILL ST,W,HILL,ST,S,3RD,ST,S,4TH,ST,LOUISVILLE,6,METRO,MINOR ARTERIAL, ,0.662,25,056-CS-1016F -000,W Hill St (CS-1016F),S 1st St (CS-1002F),0,S 7th St (CS-1011F),0.662,2714,2658.17825661,6,5.87659158,1.021,1,METRO,478.714505864404
1426,19626,3275,3299,TAYLOR BLVD, ,TAYLOR,BLVD, ,EARL,AVE, ,ARCADE,AVE,LOUISVILLE,3,STATE,MAJOR ARTERIAL,US-60A,3.157,4,056-US-0060A -000,7th Street Rd / Berry Blvd / Taylor Blvd / Winkler Ave,Dixie Hwy (US 31W),0,S 3rd St (KY 1020),3.157,13771,4362.05258156,37,11.71998733,3.157,1,KYTC,349.084539366899
1427,19129,400,499,WINKLER AVE, ,WINKLER,AVE,S,4TH,ST,S,5TH,ST,LOUISVILLE,15,STATE,MAJOR ARTERIAL,US-60A,3.157,4,056-US-0060A -000,7th Street Rd / Berry Blvd / Taylor Blvd / Winkler Ave,Dixie Hwy (US 31W),0,S 3rd St (KY 1020),3.157,13771,4362.05258156,37,11.71998733,3.157,1,KYTC,478.866357433105
1428,4987,3250,3299,BARDSTOWN RD, ,BARDSTOWN,RD, ,I 264 RAMP, , ,GOLDSMITH,LN,LOUISVILLE,10,STATE,MAJOR ARTERIAL,US-31E,5.8,16,056-US-0031E -000,Beuchel Byp / Bardstown Rd / Baxter Ave,Hikes Lane (KY 2052),10.974,E Main St (US 31E),16.774,17471,3012.24137931,41,7.1,1.878,0.3237931,KYTC,549.334359958651
1429,15526,500,509,S 26TH ST,S,26TH,ST,W,MUHAMMAD ALI,BLVD, ,STONE,ALY,LOUISVILLE,5,METRO,MINOR ARTERIAL, ,1.846,27,056-CS-1038F -000,S 26th St,W Main St (CS-1011A),0,Wilson Ave (CS-1025F),1.846,4784,2591.54929577,10,5.4,1.846,1,METRO,201.179283449509
1430,19161,2800,2823,7TH STREET RD, ,7TH STREET,RD, ,PHYLLIS,AVE, ,ARCADE,AVE,SHIVELY,3,STATE,MAJOR ARTERIAL,KY-1931,9.06,24,056-KY-1931  -000,Greenwood Rd / St. Andrews Church Rd / Manslick Rd / 7th Street Rd,Terry Road (KY 1727),1.47,Algonquin Pkwy (KY 2054),10.53,24325,2684.878587,73,8.057395,7.024,0.775276,KYTC,543.403424228782
1431,15470,450,499,S 26TH ST,S,26TH,ST, ,EDDY,ST,W,MUHAMMAD ALI,BLVD,LOUISVILLE,5,METRO,MINOR ARTERIAL, ,1.846,27,056-CS-1038F -000,S 26th St,W Main St (CS-1011A),0,Wilson Ave (CS-1025F),1.846,4784,2591.54929577,10,5.4,1.846,1,METRO,221.76243569272
1432,7909,11600,11699,BLUEGRASS PKY, ,BLUEGRASS,PKY, ,KENTUCKY MILLS,DR, ,BLANKENBAKER,PKY,JEFFERSONTOWN,11,JEFFERSONTOWN,PRIMARY COLLECTOR, ,0.53,17,056-CS-1002H -000,Bluegrass Pkwy,Kentucky Mills Dr (CS-1101H),2.397,Tucker Station Rd / Lakefront Pl,2.927,1578,2977.35849057,5,9.43396226,0,0,JEFFERSONTOWN,410.973552619925
1433,17928,400,499,W HILL ST,W,HILL,ST,S,4TH,ST, ,ST JAMES,CT,LOUISVILLE,6,METRO,MINOR ARTERIAL, ,0.662,25,056-CS-1016F -000,W Hill St (CS-1016F),S 1st St (CS-1002F),0,S 7th St (CS-1011F),0.662,2714,2658.17825661,6,5.87659158,1.021,1,METRO,480.318909197642
1434,16369,400,499,W BROADWAY,W,BROADWAY, ,S,4TH,ST,S,5TH,ST,LOUISVILLE,4,STATE,MAJOR ARTERIAL,US-150,3.3535,1,056-US-0150  -000,Broadway,S 22nd St (US 31W-001),0.7405,Baxter Ave (US 31E),4.094,19419.4,5792,48,14.30913698,3.353,1,KYTC,480.716185270737
1435,16382,300,399,W BROADWAY,W,BROADWAY, ,S,3RD,ST,S,4TH,ST,LOUISVILLE,4,STATE,MAJOR ARTERIAL,US-150,3.3535,1,056-US-0150  -000,Broadway,S 22nd St (US 31W-001),0.7405,Baxter Ave (US 31E),4.094,19419.4,5792,48,14.30913698,3.353,1,KYTC,479.839572800118
1436,9710,10313,10399,TAYLORSVILLE RD, ,TAYLORSVILLE,RD, ,PEACH,ST, ,WATTERSON,TRL,JEFFERSONTOWN,11,STATE,MAJOR ARTERIAL,KY-155,4.24,48,056-KY-0155  -000,Taylorsville Rd,Watterson Trl (CS-1073H),9.35,Breckenridge Ln (KY 1932),13.59,8629,2035,22,5.24558894,0,0,KYTC,239.431958305095
1437,21292,3300,3333,NEWBURG RD, ,NEWBURG,RD, ,BISHOP,LN, ,GOLDSMITH,LN,LOUISVILLE,10,STATE,MINOR ARTERIAL,KY-1703,2.593,30,056-KY-1703  -000,Newburg Rd,Bluegrass Park Dr (CS-1185G),1.25,Bellarmine Blvd (PS-1084G),3.843,6510.5,2510.79830312,18,6.94176629,1.066,0.41110683,KYTC,402.283474566554
1438,21615,900,999,W MUHAMMAD ALI BLVD,W,MUHAMMAD ALI,BLVD, ,VILLAGE WEST,DR, ,PLACE VERT, ,LOUISVILLE,4,METRO,MINOR ARTERIAL, ,1.454,22,056-CS-1001A -000,W Muhammad Ali Blvd,S 6th St (CS-1004F),0.455,S 22nd St (US 31W-001),1.909,3943.35,2712.07015131,9,6.18982118,1.454,1,METRO,405.024347697221
1439,15677,1700,1799,W MUHAMMAD ALI BLVD,W,MUHAMMAD ALI,BLVD,S,17TH,ST,S,18TH,ST,LOUISVILLE,4,METRO,MINOR ARTERIAL, ,1.454,22,056-CS-1001A -000,W Muhammad Ali Blvd,S 6th St (CS-1004F),0.455,S 22nd St (US 31W-001),1.909,3943.35,2712.07015131,9,6.18982118,1.454,1,METRO,475.923549142218
1440,15821,1000,1099,W MUHAMMAD ALI BLVD,W,MUHAMMAD ALI,BLVD, ,PLACE VERT, ,S,11TH,ST,LOUISVILLE,4,METRO,MINOR ARTERIAL, ,1.454,22,056-CS-1001A -000,W Muhammad Ali Blvd,S 6th St (CS-1004F),0.455,S 22nd St (US 31W-001),1.909,3943.35,2712.07015131,9,6.18982118,1.454,1,METRO,472.377050518175
1441,15653,1800,1899,W MUHAMMAD ALI BLVD,W,MUHAMMAD ALI,BLVD,S,18TH,ST,S,19TH,ST,LOUISVILLE,4,METRO,MINOR ARTERIAL, ,1.454,22,056-CS-1001A -000,W Muhammad Ali Blvd,S 6th St (CS-1004F),0.455,S 22nd St (US 31W-001),1.909,3943.35,2712.07015131,9,6.18982118,1.454,1,METRO,480.434329051589
1442,15712,2699,2600,W CHESTNUT ST,W,CHESTNUT,ST,S,27TH,ST,S,26TH,ST,LOUISVILLE,5,METRO,MINOR ARTERIAL, ,1.544,28,056-CS-1004A -000,W Chestnut St (CS-1004A),S 30th St (CS-1071F),0,S 13th St (CS-1024F),1.544,5742,2586.48648649,13,5.85585586,2.22,1,METRO,421.992784483633
1443,15795,2399,2200,W CHESTNUT ST,W,CHESTNUT,ST,S,24TH,ST,S,22ND,ST,LOUISVILLE,5,METRO,MINOR ARTERIAL, ,1.544,28,056-CS-1004A -000,W Chestnut St (CS-1004A),S 30th St (CS-1071F),0,S 13th St (CS-1024F),1.544,5742,2586.48648649,13,5.85585586,2.22,1,METRO,1215.95580331894
1444,15898,1699,1600,W CHESTNUT ST,W,CHESTNUT,ST,S,17TH,ST,S,16TH,ST,LOUISVILLE,4,METRO,MINOR ARTERIAL, ,1.544,28,056-CS-1004A -000,W Chestnut St (CS-1004A),S 30th St (CS-1071F),0,S 13th St (CS-1024F),1.544,5742,2586.48648649,13,5.85585586,2.22,1,METRO,479.562304509279
1445,15875,1899,1800,W CHESTNUT ST,W,CHESTNUT,ST,S,19TH,ST,S,18TH,ST,LOUISVILLE,4,METRO,MINOR ARTERIAL, ,1.544,28,056-CS-1004A -000,W Chestnut St (CS-1004A),S 30th St (CS-1071F),0,S 13th St (CS-1024F),1.544,5742,2586.48648649,13,5.85585586,2.22,1,METRO,480.642042937426
1446,15852,1999,1900,W CHESTNUT ST,W,CHESTNUT,ST,S,20TH,ST,S,19TH,ST,LOUISVILLE,4,METRO,MINOR ARTERIAL, ,1.544,28,056-CS-1004A -000,W Chestnut St (CS-1004A),S 30th St (CS-1071F),0,S 13th St (CS-1024F),1.544,5742,2586.48648649,13,5.85585586,2.22,1,METRO,691.642971481674
1447,15890,1799,1700,W CHESTNUT ST,W,CHESTNUT,ST,S,18TH,ST,S,17TH,ST,LOUISVILLE,4,METRO,MINOR ARTERIAL, ,1.544,28,056-CS-1004A -000,W Chestnut St (CS-1004A),S 30th St (CS-1071F),0,S 13th St (CS-1024F),1.544,5742,2586.48648649,13,5.85585586,2.22,1,METRO,480.643341259909
1448,15663,2899,2800,W CHESTNUT ST,W,CHESTNUT,ST,S,29TH,ST,S,28TH,ST,LOUISVILLE,5,METRO,MINOR ARTERIAL, ,1.544,28,056-CS-1004A -000,W Chestnut St (CS-1004A),S 30th St (CS-1071F),0,S 13th St (CS-1024F),1.544,5742,2586.48648649,13,5.85585586,2.22,1,METRO,477.489630941081
1449,15920,1599,1500,W CHESTNUT ST,W,CHESTNUT,ST,S,16TH,ST,S,15TH,ST,LOUISVILLE,4,METRO,MINOR ARTERIAL, ,1.544,28,056-CS-1004A -000,W Chestnut St (CS-1004A),S 30th St (CS-1071F),0,S 13th St (CS-1024F),1.544,5742,2586.48648649,13,5.85585586,2.22,1,METRO,481.61578315224
1450,15645,2999,2900,W CHESTNUT ST,W,CHESTNUT,ST,S,30TH,ST,S,29TH,ST,LOUISVILLE,5,METRO,MINOR ARTERIAL, ,1.544,28,056-CS-1004A -000,W Chestnut St (CS-1004A),S 30th St (CS-1071F),0,S 13th St (CS-1024F),1.544,5742,2586.48648649,13,5.85585586,2.22,1,METRO,482.828854900989
1451,15690,2799,2700,W CHESTNUT ST,W,CHESTNUT,ST,S,28TH,ST,S,27TH,ST,LOUISVILLE,5,METRO,MINOR ARTERIAL, ,1.544,28,056-CS-1004A -000,W Chestnut St (CS-1004A),S 30th St (CS-1071F),0,S 13th St (CS-1024F),1.544,5742,2586.48648649,13,5.85585586,2.22,1,METRO,478.662263501104
1452,15753,2599,2400,W CHESTNUT ST,W,CHESTNUT,ST,S,26TH,ST,S,24TH,ST,LOUISVILLE,5,METRO,MINOR ARTERIAL, ,1.544,28,056-CS-1004A -000,W Chestnut St (CS-1004A),S 30th St (CS-1071F),0,S 13th St (CS-1024F),1.544,5742,2586.48648649,13,5.85585586,2.22,1,METRO,764.379864227072
1453,7906,11750,11799,BLUEGRASS PKY, ,BLUEGRASS,PKY, ,ALLIANT,AVE, ,CAMPUS,PL,JEFFERSONTOWN,11,JEFFERSONTOWN,PRIMARY COLLECTOR, ,0.53,17,056-CS-1002H -000,Bluegrass Pkwy,Kentucky Mills Dr (CS-1101H),2.397,Tucker Station Rd / Lakefront Pl,2.927,1578,2977.35849057,5,9.43396226,0,0,JEFFERSONTOWN,230.046538828874
1454,7911,11800,12259,BLUEGRASS PKY, ,BLUEGRASS,PKY, ,CAMPUS,PL, ,PAPA JOHNS,BLVD,JEFFERSONTOWN,11,JEFFERSONTOWN,PRIMARY COLLECTOR, ,0.53,17,056-CS-1002H -000,Bluegrass Pkwy,Kentucky Mills Dr (CS-1101H),2.397,Tucker Station Rd / Lakefront Pl,2.927,1578,2977.35849057,5,9.43396226,0,0,JEFFERSONTOWN,1222.44345906675
1455,7910,11700,11749,BLUEGRASS PKY, ,BLUEGRASS,PKY, ,BLANKENBAKER,PKY, ,ALLIANT,AVE,JEFFERSONTOWN,11,JEFFERSONTOWN,PRIMARY COLLECTOR, ,0.53,17,056-CS-1002H -000,Bluegrass Pkwy,Kentucky Mills Dr (CS-1101H),2.397,Tucker Station Rd / Lakefront Pl,2.927,1578,2977.35849057,5,9.43396226,0,0,JEFFERSONTOWN,518.462454106171
1456,15597,2000,2099,W MUHAMMAD ALI BLVD,W,MUHAMMAD ALI,BLVD,S,20TH,ST, ,DR W J HODGE,ST,LOUISVILLE,4,METRO,MINOR ARTERIAL, ,1.454,22,056-CS-1001A -000,W Muhammad Ali Blvd,S 6th St (CS-1004F),0.455,S 22nd St (US 31W-001),1.909,3943.35,2712.07015131,9,6.18982118,1.454,1,METRO,262.760772930572
1457,32853,1976,1999,W MUHAMMAD ALI BLVD,W,MUHAMMAD ALI,BLVD, ,RICHARD ALLEN,WAY,S,20TH,ST,LOUISVILLE,4,METRO,MINOR ARTERIAL, ,1.454,22,056-CS-1001A -000,W Muhammad Ali Blvd,S 6th St (CS-1004F),0.455,S 22nd St (US 31W-001),1.909,3943.35,2712.07015131,9,6.18982118,1.454,1,METRO,159.473251778511
1458,15700,1600,1699,W MUHAMMAD ALI BLVD,W,MUHAMMAD ALI,BLVD,S,16TH,ST,S,17TH,ST,LOUISVILLE,4,METRO,MINOR ARTERIAL, ,1.454,22,056-CS-1001A -000,W Muhammad Ali Blvd,S 6th St (CS-1004F),0.455,S 22nd St (US 31W-001),1.909,3943.35,2712.07015131,9,6.18982118,1.454,1,METRO,481.930923786787
1459,15630,1900,1975,W MUHAMMAD ALI BLVD,W,MUHAMMAD ALI,BLVD,S,19TH,ST, ,RICHARD ALLEN,WAY,LOUISVILLE,4,METRO,MINOR ARTERIAL, ,1.454,22,056-CS-1001A -000,W Muhammad Ali Blvd,S 6th St (CS-1004F),0.455,S 22nd St (US 31W-001),1.909,3943.35,2712.07015131,9,6.18982118,1.454,1,METRO,538.179748573662
1460,15824,2099,2000,W CHESTNUT ST,W,CHESTNUT,ST, ,DR W J HODGE,ST,S,20TH,ST,LOUISVILLE,4,METRO,MINOR ARTERIAL, ,1.544,28,056-CS-1004A -000,W Chestnut St (CS-1004A),S 30th St (CS-1071F),0,S 13th St (CS-1024F),1.544,5742,2586.48648649,13,5.85585586,2.22,1,METRO,266.318692112754
1461,15972,1499,1300,W CHESTNUT ST,W,CHESTNUT,ST,S,15TH,ST, ,12TH STREET CONNECTOR, ,LOUISVILLE,4,METRO,MINOR ARTERIAL, ,1.544,28,056-CS-1004A -000,W Chestnut St (CS-1004A),S 30th St (CS-1071F),0,S 13th St (CS-1024F),1.544,5742,2586.48648649,13,5.85585586,2.22,1,METRO,950.769960454623
1462,14421,2599,2507,BANK ST, ,BANK,ST,N,26TH,ST,N,25TH,ST,LOUISVILLE,5,STATE,MINOR ARTERIAL,KY-3082,0.822,52,056-KY-3082  -000,Bank St,N 30th St (CS-1054A),0.716,N 22nd St (US 150),1.538,1575,1916.05839416,5,6.08272506,0.822,1,KYTC,794.051900883964
1463,15614,3099,3000,RIVER PARK DR, ,RIVER PARK,DR,S,31ST,ST,S,30TH,ST,LOUISVILLE,5,METRO,MINOR ARTERIAL, ,0.676,28,056-CS-1016A -000,River Park Dr (CS-1016A),S 37th St (CS-1078A),0.753,S 30th St (CS-1071F),1.429,5742,2586.48648649,13,5.85585586,2.22,1,METRO,480.296504832529
1464,21617,850,899,W MUHAMMAD ALI BLVD,W,MUHAMMAD ALI,BLVD, ,ROY WILKINS,AVE, ,VILLAGE WEST,DR,LOUISVILLE,4,METRO,MINOR ARTERIAL, ,1.454,22,056-CS-1001A -000,W Muhammad Ali Blvd,S 6th St (CS-1004F),0.455,S 22nd St (US 31W-001),1.909,3943.35,2712.07015131,9,6.18982118,1.454,1,METRO,128.526742814281
1465,15584,2100,2199,W MUHAMMAD ALI BLVD,W,MUHAMMAD ALI,BLVD, ,DR W J HODGE,ST,S,22ND,ST,LOUISVILLE,4,METRO,MINOR ARTERIAL, ,1.454,22,056-CS-1001A -000,W Muhammad Ali Blvd,S 6th St (CS-1004F),0.455,S 22nd St (US 31W-001),1.909,3943.35,2712.07015131,9,6.18982118,1.454,1,METRO,480.726226492916
1466,36644,2000,2099,S 4TH ST,S,4TH,ST,W,BRANDEIS,AVE, ,GREEK,WAY,LOUISVILLE,6,METRO,MINOR ARTERIAL, ,1.089,31,056-CS-1001F -000,S 4th St,W Cardinal Blvd (CS-1447),2.498,Central Ave (CS-1041F),3.587,2717,2494.94949495,5,4.59136823,1.089,1,METRO,359.126288546529
1467,36926,2100,2199,S 4TH ST,S,4TH,ST, ,GREEK,WAY, ,UNITY,PL,LOUISVILLE,6,METRO,MINOR ARTERIAL, ,1.089,31,056-CS-1001F -000,S 4th St,W Cardinal Blvd (CS-1447),2.498,Central Ave (CS-1041F),3.587,2717,2494.94949495,5,4.59136823,1.089,1,METRO,352.498629529694
1468,18843,2200,2399,S 4TH ST,S,4TH,ST, ,UNITY,PL, ,INDUSTRY,RD,LOUISVILLE,6,METRO,MINOR ARTERIAL, ,1.089,31,056-CS-1001F -000,S 4th St,W Cardinal Blvd (CS-1447),2.498,Central Ave (CS-1041F),3.587,2717,2494.94949495,5,4.59136823,1.089,1,METRO,1351.29277941942
1469,15771,1275,1299,W MUHAMMAD ALI BLVD,W,MUHAMMAD ALI,BLVD, ,QUEST,DR,S,13TH,ST,LOUISVILLE,4,METRO,MINOR ARTERIAL, ,1.454,22,056-CS-1001A -000,W Muhammad Ali Blvd,S 6th St (CS-1004F),0.455,S 22nd St (US 31W-001),1.909,3943.35,2712.07015131,9,6.18982118,1.454,1,METRO,84.757748770024
1470,15800,1100,1174,W MUHAMMAD ALI BLVD,W,MUHAMMAD ALI,BLVD,S,11TH,ST, ,PLACE BLANC, ,LOUISVILLE,4,METRO,MINOR ARTERIAL, ,1.454,22,056-CS-1001A -000,W Muhammad Ali Blvd,S 6th St (CS-1004F),0.455,S 22nd St (US 31W-001),1.909,3943.35,2712.07015131,9,6.18982118,1.454,1,METRO,402.121999571103
1471,15785,1200,1274,W MUHAMMAD ALI BLVD,W,MUHAMMAD ALI,BLVD,S,12TH,ST, ,QUEST,DR,LOUISVILLE,4,METRO,MINOR ARTERIAL, ,1.454,22,056-CS-1001A -000,W Muhammad Ali Blvd,S 6th St (CS-1004F),0.455,S 22nd St (US 31W-001),1.909,3943.35,2712.07015131,9,6.18982118,1.454,1,METRO,404.810045393593
1472,15787,1175,1199,W MUHAMMAD ALI BLVD,W,MUHAMMAD ALI,BLVD, ,PLACE BLANC, ,S,12TH,ST,LOUISVILLE,4,METRO,MINOR ARTERIAL, ,1.454,22,056-CS-1001A -000,W Muhammad Ali Blvd,S 6th St (CS-1004F),0.455,S 22nd St (US 31W-001),1.909,3943.35,2712.07015131,9,6.18982118,1.454,1,METRO,79.0844151939085
1473,8663,970,1001,BRECKENRIDGE LN, ,BRECKENRIDGE,LN, ,DUPONT,RD, ,DUTCHMANS,LN,ST MATTHEWS,26,STATE,MINOR ARTERIAL,KY-1932,3.189,37,056-KY-1932  -000,Breckenridge Ln,Six Mile Ln (CR-1002H),1.129,Milford Lane Connector,4.318,7558,2370.02195045,17,5.33082471,0,0,KYTC,1263.98251944306
1474,18162,2200,2214,BARDSTOWN RD, ,BARDSTOWN,RD, ,DOUGLASS,BLVD, ,HARVARD,DR,LOUISVILLE,8,STATE,MAJOR ARTERIAL,US-31E,5.8,16,056-US-0031E -000,Beuchel Byp / Bardstown Rd / Baxter Ave,Hikes Lane (KY 2052),10.974,E Main St (US 31E),16.774,17471,3012.24137931,41,7.1,1.878,0.3237931,KYTC,205.632146572085
1475,14381,2610,2600,BANK ST, ,BANK,ST, ,LOCHER,ALY,N,26TH,ST,LOUISVILLE,5,STATE,MINOR ARTERIAL,KY-3082,0.822,52,056-KY-3082  -000,Bank St,N 30th St (CS-1054A),0.716,N 22nd St (US 150),1.538,1575,1916.05839416,5,6.08272506,0.822,1,KYTC,176.485266860306
1476,19866,3334,3349,NEWBURG RD, ,NEWBURG,RD, ,GOLDSMITH,LN, ,MEADOWCREEK,DR,LOUISVILLE,10,STATE,MINOR ARTERIAL,KY-1703,2.593,30,056-KY-1703  -000,Newburg Rd,Bluegrass Park Dr (CS-1185G),1.25,Bellarmine Blvd (PS-1084G),3.843,6510.5,2510.79830312,18,6.94176629,1.066,0.41110683,KYTC,590.844953620318
1477,15814,2199,2100,W CHESTNUT ST,W,CHESTNUT,ST,S,22ND,ST, ,DR W J HODGE,ST,LOUISVILLE,5,METRO,MINOR ARTERIAL, ,1.544,28,056-CS-1004A -000,W Chestnut St (CS-1004A),S 30th St (CS-1071F),0,S 13th St (CS-1024F),1.544,5742,2586.48648649,13,5.85585586,2.22,1,METRO,481.00849459532
1478,7912,12260,12299,BLUEGRASS PKY, ,BLUEGRASS,PKY, ,PAPA JOHNS,BLVD, ,TUCKER STATION,RD,JEFFERSONTOWN,11,JEFFERSONTOWN,PRIMARY COLLECTOR, ,0.53,17,056-CS-1002H -000,Bluegrass Pkwy,Kentucky Mills Dr (CS-1101H),2.397,Tucker Station Rd / Lakefront Pl,2.927,1578,2977.35849057,5,9.43396226,0,0,JEFFERSONTOWN,370.450845205245
1479,15012,100,117,S 26TH ST,S,26TH,ST,N,26TH,ST, ,PIRTLE,ST,LOUISVILLE,5,METRO,MINOR ARTERIAL, ,1.846,27,056-CS-1038F -000,S 26th St,W Main St (CS-1011A),0,Wilson Ave (CS-1025F),1.846,4784,2591.54929577,10,5.4,1.846,1,METRO,247.706942100119
1480,24155,7111,7119,SOUTHSIDE DR, ,SOUTHSIDE,DR, ,HILLVIEW,DR, ,NATIONAL,TPKE,LOUISVILLE,21,STATE,MINOR ARTERIAL,KY-1020,1.672,50,056-KY-1020  -000,Southside Dr (KY 907/1020),National Turnpike (KY 1020),5.7,W Tenny Ave (KY 1020),7.372,13188,2003.64630811,41,6.22910969,4.251,0.64585232,KYTC,186.719677022178
1481,5557,2100,2199,HIKES LN, ,HIKES,LN, ,BUECHEL,BYP, ,BARDSTOWN,RD,LOUISVILLE,10,METRO,MINOR ARTERIAL, ,2.399,36,056-CR-1002G -000,Hikes Lane,Buechel Byp (US 31E),0.797,Taylorsville Rd (KY 155),3.196,5776,2407.66986244,15,6.25260525,0.191,0.07961651,METRO,384.246026380316
1482,19084,600,699,ALGONQUIN PKY, ,ALGONQUIN,PKY, ,WINKLER,AVE, ,RODMAN,ST,LOUISVILLE,3,STATE,MAJOR ARTERIAL,KY-2054,1.762,13,056-KY-2054  -000,Algonquin Pkwy,S 22nd St (US 31W),1.504,Winkler Ave (US 60A),3.266,5638.85,3200.255392,15,8.513053,1.762,1,KYTC,309.507373822417
1483,33686,,1377,S 7TH ST,S,7TH,ST,S,9TH,ST, ,DEAD END, ,LOUISVILLE,6,METRO,MAJOR ARTERIAL, ,0.928,2,056-CS-1011F -000,S 7th St,Algonquin Pkwy (KY 2054),0,Split to S 9th St,0.928,5224,5629,15,16.2,0.928,1,METRO,364.122772497961
1484,31888,1378,1399,S 7TH ST,S,7TH,ST, ,DEAD END, ,W,MAGNOLIA,AVE,LOUISVILLE,6,METRO,MAJOR ARTERIAL, ,0.928,2,056-CS-1011F -000,S 7th St,Algonquin Pkwy (KY 2054),0,Split to S 9th St,0.928,5224,5629,15,16.2,0.928,1,METRO,304.476254086749
