{"type":"FeatureCollection","features":[{"type":"Feature","id":1,"geometry":{"type":"Point","coordinates":[-85.797844273781052,38.263920457750395]},"properties":{"OBJECTID":1,"ROADNAME":"DUNCAN ST","CID":96,"CROSSTYPE":"SCHOOL","CROSSST":"MID-BLOCK","ATTRACT":"ATKINSON ELEMENTARY","ATTRACTADD":"2811 DUNCAN ST","STATUS":"EXISTING","MILEPOINT":null,"AIDTYPE":"SPEED HUMPS","HVCROSS":"YES","PEDREF":"NA","CURBEXT":"NO","DELPOST":"NO","TARC":"NO","GUARD":"YES","AADT":1200,"AADTSO":"LMPW","AADTYR":2019,"COUNDIST":5,"COUNDIST1":null,"RWCOMPKEY":14668,"DIR":" ","STRNAME":"DUNCAN","TYPE":"ST","SPEED":25,"ONE_WAY":"N","MUNI_NAME":"LOUISVILLE","MAIN_DIST":"WEST","OWNER_ABRV":"METR","MAIN_RESP":"METRO","CLASS_ABRV":"LOCAL","ROUTE_LBL":" ","POINT_X":-85.797839370000005,"POINT_Y":38.263913170000002}},{"type":"Feature","id":2,"geometry":{"type":"Point","coordinates":[-85.79860689342236,38.264002971882249]},"properties":{"OBJECTID":2,"ROADNAME":"DUNCAN ST","CID":97,"CROSSTYPE":"SCHOOL","CROSSST":"N 29TH ST","ATTRACT":"ATKINSON ELEMENTARY","ATTRACTADD":"2811 DUNCAN ST","STATUS":"EXISTING","MILEPOINT":null,"AIDTYPE":"SPEED HUMPS","HVCROSS":"YES","PEDREF":"NA","CURBEXT":"NO","DELPOST":"NO","TARC":"NO","GUARD":"YES","AADT":null,"AADTSO":"NOT AVAILABLE","AADTYR":null,"COUNDIST":5,"COUNDIST1":null,"RWCOMPKEY":14660,"DIR":" ","STRNAME":"DUNCAN","TYPE":"ST","SPEED":25,"ONE_WAY":"N","MUNI_NAME":"LOUISVILLE","MAIN_DIST":"WEST","OWNER_ABRV":"METR","MAIN_RESP":"METRO","CLASS_ABRV":"LOCAL","ROUTE_LBL":" ","POINT_X":-85.798601989999995,"POINT_Y":38.263995680000001}},{"type":"Feature","id":3,"geometry":{"type":"Point","coordinates":[-85.811215779377648,38.255991712093085]},"properties":{"OBJECTID":3,"ROADNAME":"VERMONT AVE","CID":246,"CROSSTYPE":"SCHOOL","CROSSST":"S 36TH ST","ATTRACT":"YOUNG ELEMENTARY","ATTRACTADD":"3526 W MUHAMMAD ALI BLVD","STATUS":"REMOVED","MILEPOINT":null,"AIDTYPE":"SPEED HUMPS","HVCROSS":"NO","PEDREF":"NA","CURBEXT":"NO","DELPOST":"NO","TARC":"YES","GUARD":"NO","AADT":600,"AADTSO":"LMPW","AADTYR":2018,"COUNDIST":5,"COUNDIST1":null,"RWCOMPKEY":15356,"DIR":" ","STRNAME":"VERMONT","TYPE":"AVE","SPEED":25,"ONE_WAY":"N","MUNI_NAME":"LOUISVILLE","MAIN_DIST":"WEST","OWNER_ABRV":"METR","MAIN_RESP":"METRO","CLASS_ABRV":"LOCAL","ROUTE_LBL":" ","POINT_X":-85.811210880000004,"POINT_Y":38.255984419999997}},{"type":"Feature","id":4,"geometry":{"type":"Point","coordinates":[-85.680648162739985,38.25449211557055]},"properties":{"OBJECTID":4,"ROADNAME":"FRANKFORT AVE","CID":107,"CROSSTYPE":"SCHOOL","CROSSST":"RESERVOIR AVE","ATTRACT":"FIELD ELEMENTARY","ATTRACTADD":"120 SACRED HEART LN","STATUS":"EXISTING","MILEPOINT":2.165,"AIDTYPE":"RRFB - SIDE MOUNTED","HVCROSS":"YES","PEDREF":"NO","CURBEXT":"NO","DELPOST":"NO","TARC":"YES","GUARD":"NO","AADT":12900,"AADTSO":"KYTC","AADTYR":2017,"COUNDIST":9,"COUNDIST1":null,"RWCOMPKEY":20784,"DIR":" ","STRNAME":"FRANKFORT","TYPE":"AVE","SPEED":35,"ONE_WAY":"N","MUNI_NAME":"LOUISVILLE","MAIN_DIST":"EAST","OWNER_ABRV":"STAT","MAIN_RESP":"STATE","CLASS_ABRV":"MAJART","ROUTE_LBL":"US-60","POINT_X":-85.6806433,"POINT_Y":38.254484820000002}},{"type":"Feature","id":5,"geometry":{"type":"Point","coordinates":[-85.638148802393388,38.137788713014729]},"properties":{"OBJECTID":5,"ROADNAME":"OUTER LOOP","CID":187,"CROSSTYPE":"SCHOOL","CROSSST":"MID-BLOCK","ATTRACT":"MOORE HIGH SCHOOL","ATTRACTADD":"6415 OUTER LOOP","STATUS":"EXISTING","MILEPOINT":8.7409999999999997,"AIDTYPE":"SCHOOL ZONE WARNING SYSTEM","HVCROSS":"YES","PEDREF":"NO","CURBEXT":"NO","DELPOST":"NO","TARC":"YES","GUARD":"YES","AADT":15000,"AADTSO":"LMPW","AADTYR":2017,"COUNDIST":23,"COUNDIST1":null,"RWCOMPKEY":11613,"DIR":" ","STRNAME":"OUTER","TYPE":"LOOP","SPEED":45,"ONE_WAY":"N","MUNI_NAME":"LOUISVILLE","MAIN_DIST":"WEST","OWNER_ABRV":"STAT","MAIN_RESP":"STATE","CLASS_ABRV":"MAJART","ROUTE_LBL":"KY-1065","POINT_X":-85.638143959999994,"POINT_Y":38.137781439999998}},{"type":"Feature","id":6,"geometry":{"type":"Point","coordinates":[-85.651168716470195,38.138479843719104]},"properties":{"OBJECTID":6,"ROADNAME":"OUTER LOOP","CID":188,"CROSSTYPE":"SCHOOL","CROSSST":"MID-BLOCK","ATTRACT":"ST ATHANASIUS","ATTRACTADD":"5915 OUTER LOOP","STATUS":"EXISTING","MILEPOINT":8.0259999999999998,"AIDTYPE":"SCHOOL ZONE WARNING SYSTEM","HVCROSS":"YES","PEDREF":"NO","CURBEXT":"NO","DELPOST":"NO","TARC":"YES","GUARD":"YES","AADT":null,"AADTSO":"NOT AVAILABLE","AADTYR":null,"COUNDIST":23,"COUNDIST1":24,"RWCOMPKEY":11587,"DIR":" ","STRNAME":"OUTER","TYPE":"LOOP","SPEED":45,"ONE_WAY":"N","MUNI_NAME":"LOUISVILLE","MAIN_DIST":"WEST","OWNER_ABRV":"STAT","MAIN_RESP":"STATE","CLASS_ABRV":"MAJART","ROUTE_LBL":"KY-1065","POINT_X":-85.651163870000005,"POINT_Y":38.138472569999998}},{"type":"Feature","id":7,"geometry":{"type":"Point","coordinates":[-85.727391297449913,38.218301264287966]},"properties":{"OBJECTID":7,"ROADNAME":"POPLAR LEVEL RD","CID":198,"CROSSTYPE":"SCHOOL","CROSSST":"ARDMORE DR","ATTRACT":"ST XAVIER HIGH SCHOOL","ATTRACTADD":"1609 POPLAR LEVEL RD","STATUS":"EXISTING","MILEPOINT":13.283000000000001,"AIDTYPE":"SCHOOL ZONE WARNING SYSTEM","HVCROSS":"YES","PEDREF":"NO","CURBEXT":"NO","DELPOST":"NO","TARC":"YES","GUARD":"YES","AADT":21200,"AADTSO":"LMPW","AADTYR":2018,"COUNDIST":10,"COUNDIST1":null,"RWCOMPKEY":18635,"DIR":" ","STRNAME":"POPLAR LEVEL","TYPE":"RD","SPEED":35,"ONE_WAY":"N","MUNI_NAME":"LOUISVILLE","MAIN_DIST":"EAST","OWNER_ABRV":"STAT","MAIN_RESP":"STATE","CLASS_ABRV":"MAJART","ROUTE_LBL":"KY-864","POINT_X":-85.727386420000002,"POINT_Y":38.218293979999999}},{"type":"Feature","id":8,"geometry":{"type":"Point","coordinates":[-85.688299941362104,38.141270398520462]},"properties":{"OBJECTID":8,"ROADNAME":"PRESTON HWY","CID":200,"CROSSTYPE":"SCHOOL","CROSSST":"MID-BLOCK","ATTRACT":"OKOLONA ELEMENTARY","ATTRACTADD":"7606 PRESTON HWY","STATUS":"EXISTING","MILEPOINT":4.1500000000000004,"AIDTYPE":"SCHOOL ZONE WARNING SYSTEM","HVCROSS":"YES","PEDREF":"NO","CURBEXT":"NO","DELPOST":"NO","TARC":"YES","GUARD":"YES","AADT":24500,"AADTSO":"LMPW","AADTYR":2013,"COUNDIST":13,"COUNDIST1":null,"RWCOMPKEY":25930,"DIR":" ","STRNAME":"PRESTON","TYPE":"HWY","SPEED":35,"ONE_WAY":"N","MUNI_NAME":"LOUISVILLE","MAIN_DIST":"WEST","OWNER_ABRV":"STAT","MAIN_RESP":"STATE","CLASS_ABRV":"MAJART","ROUTE_LBL":"KY-61","POINT_X":-85.688295080000003,"POINT_Y":38.141263129999999}},{"type":"Feature","id":9,"geometry":{"type":"Point","coordinates":[-85.679875471185056,38.125855773177697]},"properties":{"OBJECTID":9,"ROADNAME":"PRESTON HWY","CID":201,"CROSSTYPE":"SCHOOL","CROSSST":"MID-BLOCK","ATTRACT":"ST RITA","ATTRACTADD":"8709 PRESTON HWY","STATUS":"EXISTING","MILEPOINT":2.9900000000000002,"AIDTYPE":"SCHOOL ZONE WARNING SYSTEM","HVCROSS":"YES","PEDREF":"NO","CURBEXT":"NO","DELPOST":"NO","TARC":"NO","GUARD":"YES","AADT":20100,"AADTSO":"KYTC","AADTYR":2018,"COUNDIST":24,"COUNDIST1":null,"RWCOMPKEY":24973,"DIR":" ","STRNAME":"PRESTON","TYPE":"HWY","SPEED":45,"ONE_WAY":"N","MUNI_NAME":"LOUISVILLE","MAIN_DIST":"WEST","OWNER_ABRV":"STAT","MAIN_RESP":"STATE","CLASS_ABRV":"MAJART","ROUTE_LBL":"KY-61","POINT_X":-85.679870620000003,"POINT_Y":38.125848499999996}},{"type":"Feature","id":10,"geometry":{"type":"Point","coordinates":[-85.651418043827391,38.252572496968646]},"properties":{"OBJECTID":10,"ROADNAME":"SHELBYVILLE RD","CID":222,"CROSSTYPE":"SCHOOL","CROSSST":"FAIRFAX AVE","ATTRACT":"TRINITY HIGH SCHOOL","ATTRACTADD":"4011 SHELBYVILLE RD","STATUS":"REMOVED","MILEPOINT":3.7790000000000004,"AIDTYPE":"SCHOOL ZONE WARNING SYSTEM","HVCROSS":"YES","PEDREF":"NO","CURBEXT":"NO","DELPOST":"NO","TARC":"YES","GUARD":"YES","AADT":28000,"AADTSO":"LMPW","AADTYR":2019,"COUNDIST":9,"COUNDIST1":null,"RWCOMPKEY":9345,"DIR":" ","STRNAME":"SHELBYVILLE","TYPE":"RD","SPEED":35,"ONE_WAY":"N","MUNI_NAME":"ST MATTHEWS","MAIN_DIST":"EAST","OWNER_ABRV":"STAT","MAIN_RESP":"STATE","CLASS_ABRV":"MAJART","ROUTE_LBL":"US-60","POINT_X":-85.651418039999996,"POINT_Y":38.252572499999999}},{"type":"Feature","id":11,"geometry":{"type":"Point","coordinates":[-85.777173930238874,38.205562676443499]},"properties":{"OBJECTID":11,"ROADNAME":"TAYLOR BLVD","CID":234,"CROSSTYPE":"PEDESTRIAN","CROSSST":"LARCHMONT AVE","ATTRACT":null,"ATTRACTADD":null,"STATUS":"EXISTING","MILEPOINT":2.2230000000000003,"AIDTYPE":"RRFB - SIDE MOUNTED","HVCROSS":"YES","PEDREF":"NO","CURBEXT":"NO","DELPOST":"YES","TARC":"YES","GUARD":"NA","AADT":13500,"AADTSO":"LMPW","AADTYR":2015,"COUNDIST":3,"COUNDIST1":null,"RWCOMPKEY":19484,"DIR":" ","STRNAME":"TAYLOR","TYPE":"BLVD","SPEED":35,"ONE_WAY":"N","MUNI_NAME":"LOUISVILLE","MAIN_DIST":"WEST","OWNER_ABRV":"STAT","MAIN_RESP":"STATE","CLASS_ABRV":"MAJART","ROUTE_LBL":"US-60A","POINT_X":-85.777169040000004,"POINT_Y":38.205555400000001}},{"type":"Feature","id":12,"geometry":{"type":"Point","coordinates":[-85.782220153981356,38.173494453850587]},"properties":{"OBJECTID":12,"ROADNAME":"TAYLOR BLVD","CID":235,"CROSSTYPE":"SCHOOL","CROSSST":"ARLING AVE","ATTRACT":"IROQUOIS HIGH","ATTRACTADD":"4615 TAYLOR BLVD","STATUS":"EXISTING","MILEPOINT":4.5990000000000002,"AIDTYPE":"SCHOOL ZONE WARNING SYSTEM","HVCROSS":"YES","PEDREF":"NO","CURBEXT":"NO","DELPOST":"NO","TARC":"YES","GUARD":"YES","AADT":null,"AADTSO":"NOT AVAILABLE","AADTYR":null,"COUNDIST":15,"COUNDIST1":21,"RWCOMPKEY":23391,"DIR":" ","STRNAME":"TAYLOR","TYPE":"BLVD","SPEED":35,"ONE_WAY":"N","MUNI_NAME":"LOUISVILLE","MAIN_DIST":"WEST","OWNER_ABRV":"STAT","MAIN_RESP":"STATE","CLASS_ABRV":"MAJART","ROUTE_LBL":"KY-1865","POINT_X":-85.782215269999995,"POINT_Y":38.173487180000002}},{"type":"Feature","id":13,"geometry":{"type":"Point","coordinates":[-85.621768878077702,38.226741044608232]},"properties":{"OBJECTID":13,"ROADNAME":"BROWNS LN","CID":60,"CROSSTYPE":"SCHOOL","CROSSST":"DANNYWOOD RD","ATTRACT":"GREATHOUSE / SHYROCK ELEMENTARY","ATTRACTADD":"2700 BROWNS LN","STATUS":"EXISTING","MILEPOINT":null,"AIDTYPE":"SCHOOL ZONE WARNING SYSTEM","HVCROSS":"YES","PEDREF":"NO","CURBEXT":"NO","DELPOST":"NO","TARC":"NO","GUARD":"YES","AADT":16400,"AADTSO":"KYTC","AADTYR":2017,"COUNDIST":18,"COUNDIST1":26,"RWCOMPKEY":4307,"DIR":" ","STRNAME":"BROWNS","TYPE":"LN","SPEED":35,"ONE_WAY":"N","MUNI_NAME":"ST REGIS PARK","MAIN_DIST":"EAST","OWNER_ABRV":"METR","MAIN_RESP":"METROCTR","CLASS_ABRV":"MINART","ROUTE_LBL":" ","POINT_X":-85.621764029999994,"POINT_Y":38.226733750000001}},{"type":"Feature","id":14,"geometry":{"type":"Point","coordinates":[-85.787064180025567,38.255728794823376]},"properties":{"OBJECTID":14,"ROADNAME":"S 22ND ST","CID":7,"CROSSTYPE":"SCHOOL","CROSSST":"CEDAR ST","ATTRACT":"BYCK ELEMENTARY","ATTRACTADD":"2328 CEDAR ST","STATUS":"EXISTING","MILEPOINT":20.019000000000002,"AIDTYPE":"SCHOOL ZONE WARNING SYSTEM","HVCROSS":"NO","PEDREF":"NA","CURBEXT":"NO","DELPOST":"NO","TARC":"YES","GUARD":"NO","AADT":5700,"AADTSO":"LMPW","AADTYR":2019,"COUNDIST":4,"COUNDIST1":5,"RWCOMPKEY":15495,"DIR":"S","STRNAME":"22ND","TYPE":"ST","SPEED":35,"ONE_WAY":"Y","MUNI_NAME":"LOUISVILLE","MAIN_DIST":"WEST","OWNER_ABRV":"STAT","MAIN_RESP":"STAT","CLASS_ABRV":"MAJART","ROUTE_LBL":"US-31W","POINT_X":-85.787059279999994,"POINT_Y":38.2557215}},{"type":"Feature","id":15,"geometry":{"type":"Point","coordinates":[-85.785608814825608,38.240224151337387]},"properties":{"OBJECTID":15,"ROADNAME":"DIXIE HWY","CID":92,"CROSSTYPE":"SCHOOL","CROSSST":"W ST CATHERINE ST","ATTRACT":"WHEATLEY ELEMENTARY","ATTRACTADD":"1107 S 17TH ST","STATUS":"EXISTING","MILEPOINT":null,"AIDTYPE":"SCHOOL ZONE WARNING SYSTEM","HVCROSS":"YES","PEDREF":"NA","CURBEXT":"NO","DELPOST":"NO","TARC":"YES","GUARD":"YES","AADT":7900,"AADTSO":"KYTC","AADTYR":2016,"COUNDIST":4,"COUNDIST1":null,"RWCOMPKEY":16799,"DIR":" ","STRNAME":"DIXIE","TYPE":"HWY","SPEED":35,"ONE_WAY":"N","MUNI_NAME":"LOUISVILLE","MAIN_DIST":"WEST","OWNER_ABRV":"METR","MAIN_RESP":"METROCTR","CLASS_ABRV":"MINART","ROUTE_LBL":" ","POINT_X":-85.78560392,"POINT_Y":38.240216859999997}},{"type":"Feature","id":16,"geometry":{"type":"Point","coordinates":[-85.813925506030756,38.237960391089658]},"properties":{"OBJECTID":16,"ROADNAME":"DUMESNIL ST","CID":95,"CROSSTYPE":"SCHOOL","CROSSST":"S 36TH ST","ATTRACT":"WEST END SCHOOL","ATTRACTADD":"3628 VIRGINIA AVE","STATUS":"EXISTING","MILEPOINT":null,"AIDTYPE":"SCHOOL ZONE WARNING SYSTEM","HVCROSS":"YES","PEDREF":"NA","CURBEXT":"NO","DELPOST":"NO","TARC":"NO","GUARD":"NO","AADT":4100,"AADTSO":"LMPW","AADTYR":2018,"COUNDIST":1,"COUNDIST1":null,"RWCOMPKEY":16954,"DIR":" ","STRNAME":"DUMESNIL","TYPE":"ST","SPEED":35,"ONE_WAY":"Y","MUNI_NAME":"LOUISVILLE","MAIN_DIST":"WEST","OWNER_ABRV":"METR","MAIN_RESP":"METROCTR","CLASS_ABRV":"MINART","ROUTE_LBL":" ","POINT_X":-85.813920600000003,"POINT_Y":38.237953109999999}},{"type":"Feature","id":17,"geometry":{"type":"Point","coordinates":[-85.695881446730141,38.248625641163926]},"properties":{"OBJECTID":17,"ROADNAME":"GRINSTEAD DR","CID":126,"CROSSTYPE":"SCHOOL","CROSSST":"UPLAND RD","ATTRACT":"BARRET TRADITIONAL MIDDLE","ATTRACTADD":"2651 GRINSTEAD DR","STATUS":"EXISTING","MILEPOINT":null,"AIDTYPE":"SCHOOL ZONE WARNING SYSTEM","HVCROSS":"YES","PEDREF":"NO","CURBEXT":"NO","DELPOST":"NO","TARC":"NO","GUARD":"NO","AADT":14000,"AADTSO":"LMPW","AADTYR":2013,"COUNDIST":9,"COUNDIST1":null,"RWCOMPKEY":20913,"DIR":" ","STRNAME":"GRINSTEAD","TYPE":"DR","SPEED":35,"ONE_WAY":"N","MUNI_NAME":"LOUISVILLE","MAIN_DIST":"EAST","OWNER_ABRV":"METR","MAIN_RESP":"METROCTR","CLASS_ABRV":"MINART","ROUTE_LBL":" ","POINT_X":-85.695876580000004,"POINT_Y":38.248618350000001}},{"type":"Feature","id":18,"geometry":{"type":"Point","coordinates":[-85.63825872094138,38.247582868759366]},"properties":{"OBJECTID":18,"ROADNAME":"S HUBBARDS LN","CID":136,"CROSSTYPE":"SCHOOL","CROSSST":"WINCHESTER RD","ATTRACT":"WAGGENER HIGH SCHOOL","ATTRACTADD":"330 S HUBBARDS LN","STATUS":"EXISTING","MILEPOINT":null,"AIDTYPE":"SCHOOL ZONE WARNING SYSTEM","HVCROSS":"YES","PEDREF":"NA","CURBEXT":"NO","DELPOST":"NO","TARC":"NO","GUARD":"YES","AADT":11000,"AADTSO":"KYTC","AADTYR":2018,"COUNDIST":9,"COUNDIST1":null,"RWCOMPKEY":7206,"DIR":"S","STRNAME":"HUBBARDS","TYPE":"LN","SPEED":30,"ONE_WAY":"N","MUNI_NAME":"ST MATTHEWS","MAIN_DIST":"EAST","OWNER_ABRV":"METR","MAIN_RESP":"METROCTR","CLASS_ABRV":"MINART","ROUTE_LBL":" ","POINT_X":-85.63825387,"POINT_Y":38.247575570000002}},{"type":"Feature","id":19,"geometry":{"type":"Point","coordinates":[-85.69030870702116,38.170398225539991]},"properties":{"OBJECTID":19,"ROADNAME":"E INDIAN TRL","CID":137,"CROSSTYPE":"SCHOOL","CROSSST":"MID-BLOCK","ATTRACT":"INDIAN TRAIL ELEMENTARY","ATTRACTADD":"3709 E INDIAN TRL","STATUS":"EXISTING","MILEPOINT":null,"AIDTYPE":"SCHOOL ZONE WARNING SYSTEM","HVCROSS":"YES","PEDREF":"NO","CURBEXT":"NO","DELPOST":"NO","TARC":"NO","GUARD":"YES","AADT":null,"AADTSO":"NOT AVAILABLE","AADTYR":null,"COUNDIST":3,"COUNDIST1":null,"RWCOMPKEY":23592,"DIR":"E","STRNAME":"INDIAN","TYPE":"TRL","SPEED":35,"ONE_WAY":"N","MUNI_NAME":"LOUISVILLE","MAIN_DIST":"EAST","OWNER_ABRV":"METR","MAIN_RESP":"METROCTR","CLASS_ABRV":"MINART","ROUTE_LBL":" ","POINT_X":-85.690303850000006,"POINT_Y":38.170390949999998}},{"type":"Feature","id":20,"geometry":{"type":"Point","coordinates":[-85.670415512517408,38.181818553212302]},"properties":{"OBJECTID":20,"ROADNAME":"E INDIAN TRL","CID":138,"CROSSTYPE":"SCHOOL","CROSSST":"EXETER AVE","ATTRACT":"NEWBURG MIDDLE","ATTRACTADD":"4901 EXETER AVE","STATUS":"EXISTING","MILEPOINT":null,"AIDTYPE":"SCHOOL ZONE WARNING SYSTEM","HVCROSS":"YES","PEDREF":"NO","CURBEXT":"NO","DELPOST":"NO","TARC":"YES","GUARD":"YES","AADT":9200,"AADTSO":"LMPW","AADTYR":2019,"COUNDIST":2,"COUNDIST1":10,"RWCOMPKEY":10241,"DIR":"E","STRNAME":"INDIAN","TYPE":"TRL","SPEED":35,"ONE_WAY":"N","MUNI_NAME":"LOUISVILLE","MAIN_DIST":"EAST","OWNER_ABRV":"METR","MAIN_RESP":"METROCTR","CLASS_ABRV":"MINART","ROUTE_LBL":" ","POINT_X":-85.670410660000002,"POINT_Y":38.181811269999997}},{"type":"Feature","id":21,"geometry":{"type":"Point","coordinates":[-85.700486691810795,38.168628191596603]},"properties":{"OBJECTID":21,"ROADNAME":"E INDIAN TRL","CID":139,"CROSSTYPE":"SCHOOL","CROSSST":"MID-BLOCK","ATTRACT":"W.E.B. DUBOIS ACADEMY","ATTRACTADD":"3307 E INDIAN TRL","STATUS":"EXISTING","MILEPOINT":null,"AIDTYPE":"SCHOOL ZONE WARNING SYSTEM","HVCROSS":"YES","PEDREF":"NO","CURBEXT":"NO","DELPOST":"NO","TARC":"NO","GUARD":"NO","AADT":null,"AADTSO":"NOT AVAILABLE","AADTYR":null,"COUNDIST":2,"COUNDIST1":21,"RWCOMPKEY":31339,"DIR":"E","STRNAME":"INDIAN","TYPE":"TRL","SPEED":35,"ONE_WAY":"N","MUNI_NAME":"LOUISVILLE","MAIN_DIST":"EAST","OWNER_ABRV":"METR","MAIN_RESP":"METROCTR","CLASS_ABRV":"MINART","ROUTE_LBL":" ","POINT_X":-85.700481830000001,"POINT_Y":38.168620910000001}},{"type":"Feature","id":22,"geometry":{"type":"Point","coordinates":[-85.811026360137447,38.257082755088234]},"properties":{"OBJECTID":22,"ROADNAME":"W MUHAMMAD ALI BLVD","CID":172,"CROSSTYPE":"SCHOOL","CROSSST":"S 36TH ST","ATTRACT":"YOUNG ELEMENTARY","ATTRACTADD":"3526 W MUHAMMAD ALI BLVD","STATUS":"EXISTING","MILEPOINT":null,"AIDTYPE":"SCHOOL ZONE WARNING SYSTEM","HVCROSS":"YES","PEDREF":"NA","CURBEXT":"NO","DELPOST":"NO","TARC":"NO","GUARD":"YES","AADT":null,"AADTSO":"NOT AVAILABLE","AADTYR":null,"COUNDIST":5,"COUNDIST1":null,"RWCOMPKEY":15245,"DIR":"W","STRNAME":"MUHAMMAD ALI","TYPE":"BLVD","SPEED":25,"ONE_WAY":"Y","MUNI_NAME":"LOUISVILLE","MAIN_DIST":"WEST","OWNER_ABRV":"METR","MAIN_RESP":"METROCTR","CLASS_ABRV":"MINART","ROUTE_LBL":" ","POINT_X":-85.811021460000006,"POINT_Y":38.257075469999997}},{"type":"Feature","id":23,"geometry":{"type":"Point","coordinates":[-85.783828506027106,38.237165052470104]},"properties":{"OBJECTID":23,"ROADNAME":"W OAK ST","CID":180,"CROSSTYPE":"SCHOOL","CROSSST":"S 17TH ST","ATTRACT":"WHEATLEY ELEMENTARY","ATTRACTADD":"1107 S 17TH ST","STATUS":"EXISTING","MILEPOINT":null,"AIDTYPE":"SCHOOL ZONE WARNING SYSTEM","HVCROSS":"YES","PEDREF":"NA","CURBEXT":"NO","DELPOST":"NO","TARC":"YES","GUARD":"YES","AADT":8100,"AADTSO":"KYTC","AADTYR":2016,"COUNDIST":4,"COUNDIST1":6,"RWCOMPKEY":17066,"DIR":"W","STRNAME":"OAK","TYPE":"ST","SPEED":35,"ONE_WAY":"Y","MUNI_NAME":"LOUISVILLE","MAIN_DIST":"WEST","OWNER_ABRV":"METR","MAIN_RESP":"METROCTR","CLASS_ABRV":"MINART","ROUTE_LBL":" ","POINT_X":-85.783823609999999,"POINT_Y":38.237157770000003}},{"type":"Feature","id":24,"geometry":{"type":"Point","coordinates":[-85.778401838189609,38.171935558444829]},"properties":{"OBJECTID":24,"ROADNAME":"SOUTHERN PKY","CID":224,"CROSSTYPE":"SCHOOL","CROSSST":"SUMMERS AVE","ATTRACT":"OLMSTED ACADEMY SOUTH","ATTRACTADD":"5650 SOUTHERN PKWY","STATUS":"EXISTING","MILEPOINT":null,"AIDTYPE":"RRFB - SIDE MOUNTED","HVCROSS":"YES","PEDREF":"NO","CURBEXT":"NO","DELPOST":"NO","TARC":"NO","GUARD":"YES","AADT":9300,"AADTSO":"LMPW","AADTYR":2016,"COUNDIST":21,"COUNDIST1":null,"RWCOMPKEY":23487,"DIR":" ","STRNAME":"SOUTHERN","TYPE":"PKY","SPEED":35,"ONE_WAY":"N","MUNI_NAME":"LOUISVILLE","MAIN_DIST":"WEST","OWNER_ABRV":"METR","MAIN_RESP":"METROCTR","CLASS_ABRV":"MINART","ROUTE_LBL":" ","POINT_X":-85.778396950000001,"POINT_Y":38.171928280000003}},{"type":"Feature","id":25,"geometry":{"type":"Point","coordinates":[-85.835464781799985,38.108822400111706]},"properties":{"OBJECTID":25,"ROADNAME":"STONESTREET RD","CID":231,"CROSSTYPE":"SCHOOL","CROSSST":"MID-BLOCK","ATTRACT":"STONESTREET ELEMENTARY","ATTRACTADD":"10007 STONESTREET RD","STATUS":"EXISTING","MILEPOINT":null,"AIDTYPE":"SCHOOL ZONE WARNING SYSTEM","HVCROSS":"YES","PEDREF":"NO","CURBEXT":"NO","DELPOST":"NO","TARC":"NO","GUARD":"YES","AADT":16400,"AADTSO":"LMPW","AADTYR":2018,"COUNDIST":25,"COUNDIST1":null,"RWCOMPKEY":28350,"DIR":" ","STRNAME":"STONESTREET","TYPE":"RD","SPEED":35,"ONE_WAY":"N","MUNI_NAME":"LOUISVILLE","MAIN_DIST":"WEST","OWNER_ABRV":"METR","MAIN_RESP":"METROCTR","CLASS_ABRV":"MINART","ROUTE_LBL":" ","POINT_X":-85.835459880000002,"POINT_Y":38.108815139999997}},{"type":"Feature","id":26,"geometry":{"type":"Point","coordinates":[-85.813687222780189,38.239294033771735]},"properties":{"OBJECTID":26,"ROADNAME":"VIRGINIA AVE","CID":247,"CROSSTYPE":"SCHOOL","CROSSST":"S 36TH ST","ATTRACT":"WEST END SCHOOL","ATTRACTADD":"3628 VIRGINIA AVE","STATUS":"EXISTING","MILEPOINT":null,"AIDTYPE":"SCHOOL ZONE WARNING SYSTEM","HVCROSS":"YES","PEDREF":"NA","CURBEXT":"NO","DELPOST":"NO","TARC":"NO","GUARD":"NO","AADT":null,"AADTSO":"NOT AVAILABLE","AADTYR":null,"COUNDIST":1,"COUNDIST1":null,"RWCOMPKEY":16839,"DIR":" ","STRNAME":"VIRGINIA","TYPE":"AVE","SPEED":35,"ONE_WAY":"Y","MUNI_NAME":"LOUISVILLE","MAIN_DIST":"WEST","OWNER_ABRV":"METR","MAIN_RESP":"METROCTR","CLASS_ABRV":"MINART","ROUTE_LBL":" ","POINT_X":-85.813682319999998,"POINT_Y":38.239286749999998}},{"type":"Feature","id":27,"geometry":{"type":"Point","coordinates":[-85.795276557632207,38.234662430704837]},"properties":{"OBJECTID":27,"ROADNAME":"WILSON AVE","CID":254,"CROSSTYPE":"SCHOOL","CROSSST":"S 25TH ST","ATTRACT":"JOHNSON TRADITIONAL MIDDLE","ATTRACTADD":"2509 WILSON AVE","STATUS":"EXISTING","MILEPOINT":null,"AIDTYPE":"SCHOOL ZONE WARNING SYSTEM","HVCROSS":"YES","PEDREF":"NA","CURBEXT":"YES","DELPOST":"NO","TARC":"NO","GUARD":"YES","AADT":3400,"AADTSO":"KYTC","AADTYR":2016,"COUNDIST":6,"COUNDIST1":null,"RWCOMPKEY":20219,"DIR":" ","STRNAME":"WILSON","TYPE":"AVE","SPEED":35,"ONE_WAY":"N","MUNI_NAME":"LOUISVILLE","MAIN_DIST":"WEST","OWNER_ABRV":"METR","MAIN_RESP":"METROCTR","CLASS_ABRV":"MINART","ROUTE_LBL":" ","POINT_X":-85.795271659999997,"POINT_Y":38.234655140000001}},{"type":"Feature","id":28,"geometry":{"type":"Point","coordinates":[-85.571233919485678,38.180784839924442]},"properties":{"OBJECTID":28,"ROADNAME":"BILLTOWN RD","CID":43,"CROSSTYPE":"SCHOOL","CROSSST":"MID-BLOCK","ATTRACT":"CARRITHERS MIDDLE","ATTRACTADD":"4320 BILLTOWN RD","STATUS":"EXISTING","MILEPOINT":8.2100000000000009,"AIDTYPE":"SCHOOL ZONE WARNING SYSTEM","HVCROSS":"YES","PEDREF":"NA","CURBEXT":"NO","DELPOST":"NO","TARC":"YES","GUARD":"YES","AADT":13700,"AADTSO":"KYTC","AADTYR":2016,"COUNDIST":20,"COUNDIST1":null,"RWCOMPKEY":10367,"DIR":" ","STRNAME":"BILLTOWN","TYPE":"RD","SPEED":35,"ONE_WAY":"N","MUNI_NAME":"JEFFERSONTOWN","MAIN_DIST":"EAST","OWNER_ABRV":"STAT","MAIN_RESP":"STATE","CLASS_ABRV":"MINART","ROUTE_LBL":"KY-1819","POINT_X":-85.571229090000003,"POINT_Y":38.180777550000002}},{"type":"Feature","id":29,"geometry":{"type":"Point","coordinates":[-85.692466373988808,38.106241311405427]},"properties":{"OBJECTID":29,"ROADNAME":"BLUE LICK RD","CID":44,"CROSSTYPE":"SCHOOL","CROSSST":"ATLAS RD","ATTRACT":"BLUE LICK ELEMENTARY","ATTRACTADD":"9801 BLUE LICK RD","STATUS":"EXISTING","MILEPOINT":1.45,"AIDTYPE":"SCHOOL ZONE WARNING SYSTEM","HVCROSS":"YES","PEDREF":"NO","CURBEXT":"NO","DELPOST":"NO","TARC":"NO","GUARD":"YES","AADT":null,"AADTSO":"NOT AVAILABLE","AADTYR":null,"COUNDIST":24,"COUNDIST1":null,"RWCOMPKEY":26388,"DIR":" ","STRNAME":"BLUE LICK","TYPE":"RD","SPEED":35,"ONE_WAY":"N","MUNI_NAME":"LOUISVILLE","MAIN_DIST":"WEST","OWNER_ABRV":"STAT","MAIN_RESP":"STATE","CLASS_ABRV":"MINART","ROUTE_LBL":"KY-1450","POINT_X":-85.692461519999995,"POINT_Y":38.106234049999998}},{"type":"Feature","id":30,"geometry":{"type":"Point","coordinates":[-85.648880826026186,38.24489576849227]},"properties":{"OBJECTID":30,"ROADNAME":"BRECKENRIDGE LN","CID":50,"CROSSTYPE":"SCHOOL","CROSSST":"NORBOURNE BLVD","ATTRACT":"OUR LADY OF LOURDES","ATTRACTADD":"508 BRECKENRIDGE LN","STATUS":"EXISTING","MILEPOINT":4.8600000000000003,"AIDTYPE":"SCHOOL ZONE WARNING SYSTEM","HVCROSS":"YES","PEDREF":"NO","CURBEXT":"NO","DELPOST":"NO","TARC":"YES","GUARD":"YES","AADT":16600,"AADTSO":"LMPW","AADTYR":2018,"COUNDIST":9,"COUNDIST1":26,"RWCOMPKEY":8621,"DIR":" ","STRNAME":"BRECKENRIDGE","TYPE":"LN","SPEED":30,"ONE_WAY":"N","MUNI_NAME":"ST MATTHEWS","MAIN_DIST":"EAST","OWNER_ABRV":"STAT","MAIN_RESP":"STATE","CLASS_ABRV":"MINART","ROUTE_LBL":"KY-1932","POINT_X":-85.648875970000006,"POINT_Y":38.244888469999999}},{"type":"Feature","id":31,"geometry":{"type":"Point","coordinates":[-85.625709358945088,38.191332526293181]},"properties":{"OBJECTID":31,"ROADNAME":"BRECKENRIDGE LN","CID":51,"CROSSTYPE":"SCHOOL","CROSSST":"ORCHARD LAKE BLVD","ATTRACT":"WATTERSON ELEMENTARY","ATTRACTADD":"3900 BRECKENRIDGE LN","STATUS":"EXISTING","MILEPOINT":0.68800000000000006,"AIDTYPE":"SCHOOL ZONE WARNING SYSTEM","HVCROSS":"YES","PEDREF":"NO","CURBEXT":"NO","DELPOST":"NO","TARC":"NO","GUARD":"YES","AADT":16200,"AADTSO":"KYTC","AADTYR":2014,"COUNDIST":2,"COUNDIST1":null,"RWCOMPKEY":13832,"DIR":" ","STRNAME":"BRECKENRIDGE","TYPE":"LN","SPEED":45,"ONE_WAY":"N","MUNI_NAME":"LOUISVILLE","MAIN_DIST":"EAST","OWNER_ABRV":"STAT","MAIN_RESP":"STATE","CLASS_ABRV":"MINART","ROUTE_LBL":"KY-1932","POINT_X":-85.625704519999999,"POINT_Y":38.191325239999998}},{"type":"Feature","id":32,"geometry":{"type":"Point","coordinates":[-85.814865815688051,38.194534152915871]},"properties":{"OBJECTID":32,"ROADNAME":"CRUMS LN","CID":84,"CROSSTYPE":"SCHOOL","CROSSST":"MID-BLOCK","ATTRACT":"BUTLER HIGH SCHOOL","ATTRACTADD":"2222 CRUMS LN","STATUS":"EXISTING","MILEPOINT":1.3,"AIDTYPE":"SCHOOL ZONE WARNING SYSTEM","HVCROSS":"YES","PEDREF":"NA","CURBEXT":"NO","DELPOST":"NO","TARC":"YES","GUARD":"YES","AADT":14300,"AADTSO":"KYTC","AADTYR":2018,"COUNDIST":3,"COUNDIST1":null,"RWCOMPKEY":20060,"DIR":" ","STRNAME":"CRUMS","TYPE":"LN","SPEED":35,"ONE_WAY":"N","MUNI_NAME":"SHIVELY","MAIN_DIST":"WEST","OWNER_ABRV":"STAT","MAIN_RESP":"STATE","CLASS_ABRV":"MINART","ROUTE_LBL":"KY-2049","POINT_X":-85.814860920000001,"POINT_Y":38.194526879999998}},{"type":"Feature","id":33,"geometry":{"type":"Point","coordinates":[-85.824055935681059,38.194976589758575]},"properties":{"OBJECTID":33,"ROADNAME":"CRUMS LN","CID":87,"CROSSTYPE":"SCHOOL","CROSSST":"MID-BLOCK","ATTRACT":"SCHAFFNER ELEMENTARY","ATTRACTADD":"2701 CRUMS LN","STATUS":"EXISTING","MILEPOINT":0.78300000000000003,"AIDTYPE":"SCHOOL ZONE WARNING SYSTEM","HVCROSS":"YES","PEDREF":"NA","CURBEXT":"NO","DELPOST":"NO","TARC":"YES","GUARD":"YES","AADT":null,"AADTSO":"NOT AVAILABLE","AADTYR":null,"COUNDIST":3,"COUNDIST1":null,"RWCOMPKEY":22191,"DIR":" ","STRNAME":"CRUMS","TYPE":"LN","SPEED":35,"ONE_WAY":"N","MUNI_NAME":"SHIVELY","MAIN_DIST":"WEST","OWNER_ABRV":"STAT","MAIN_RESP":"STATE","CLASS_ABRV":"MINART","ROUTE_LBL":"KY-2049","POINT_X":-85.824051030000007,"POINT_Y":38.194969309999998}},{"type":"Feature","id":34,"geometry":{"type":"Point","coordinates":[-85.62838966025646,38.149128013292959]},"properties":{"OBJECTID":34,"ROADNAME":"FEGENBUSH LN","CID":101,"CROSSTYPE":"SCHOOL","CROSSST":"HOLLOW CREEK RD","ATTRACT":"LUHR ELEMENTARY","ATTRACTADD":"6900 FEGENBUSH LN","STATUS":"EXISTING","MILEPOINT":5.4660000000000002,"AIDTYPE":"SCHOOL ZONE WARNING SYSTEM","HVCROSS":"YES","PEDREF":"NA","CURBEXT":"NO","DELPOST":"NO","TARC":"NO","GUARD":"YES","AADT":null,"AADTSO":"NOT AVAILABLE","AADTYR":null,"COUNDIST":23,"COUNDIST1":24,"RWCOMPKEY":13854,"DIR":" ","STRNAME":"FEGENBUSH","TYPE":"LN","SPEED":45,"ONE_WAY":"N","MUNI_NAME":"LOUISVILLE","MAIN_DIST":"WEST","OWNER_ABRV":"STAT","MAIN_RESP":"STATE","CLASS_ABRV":"MINART","ROUTE_LBL":"KY-864","POINT_X":-85.628384819999994,"POINT_Y":38.149120740000001}},{"type":"Feature","id":35,"geometry":{"type":"Point","coordinates":[-85.860846975319177,38.144403267842897]},"properties":{"OBJECTID":35,"ROADNAME":"GREENWOOD RD","CID":124,"CROSSTYPE":"SCHOOL","CROSSST":"MID-BLOCK","ATTRACT":"GREENWOOD ELEMENTARY","ATTRACTADD":"5801 GREENWOOD RD","STATUS":"EXISTING","MILEPOINT":1.9870000000000001,"AIDTYPE":"SCHOOL ZONE WARNING SYSTEM","HVCROSS":"YES","PEDREF":"NO","CURBEXT":"NO","DELPOST":"NO","TARC":"YES","GUARD":"YES","AADT":15400,"AADTSO":"LMPW","AADTYR":2016,"COUNDIST":12,"COUNDIST1":14,"RWCOMPKEY":27586,"DIR":" ","STRNAME":"GREENWOOD","TYPE":"RD","SPEED":35,"ONE_WAY":"N","MUNI_NAME":"LOUISVILLE","MAIN_DIST":"WEST","OWNER_ABRV":"STAT","MAIN_RESP":"STATE","CLASS_ABRV":"MINART","ROUTE_LBL":"KY-1931","POINT_X":-85.860842070000004,"POINT_Y":38.144396}},{"type":"Feature","id":36,"geometry":{"type":"Point","coordinates":[-85.862804770500091,38.144471465255407]},"properties":{"OBJECTID":36,"ROADNAME":"GREENWOOD RD","CID":125,"CROSSTYPE":"SCHOOL","CROSSST":"MID-BLOCK","ATTRACT":"PLEASURE RIDGE PARK HIGH","ATTRACTADD":"5901 GREENWOOD RD","STATUS":"EXISTING","MILEPOINT":1.9000000000000001,"AIDTYPE":"SCHOOL ZONE WARNING SYSTEM","HVCROSS":"YES","PEDREF":"NO","CURBEXT":"NO","DELPOST":"NO","TARC":"YES","GUARD":"YES","AADT":15500,"AADTSO":"LMPW","AADTYR":2016,"COUNDIST":12,"COUNDIST1":14,"RWCOMPKEY":27586,"DIR":" ","STRNAME":"GREENWOOD","TYPE":"RD","SPEED":35,"ONE_WAY":"N","MUNI_NAME":"LOUISVILLE","MAIN_DIST":"WEST","OWNER_ABRV":"STAT","MAIN_RESP":"STATE","CLASS_ABRV":"MINART","ROUTE_LBL":"KY-1931","POINT_X":-85.862799859999996,"POINT_Y":38.144464200000002}},{"type":"Feature","id":37,"geometry":{"type":"Point","coordinates":[-85.710936071140267,38.242676097936219]},"properties":{"OBJECTID":37,"ROADNAME":"GRINSTEAD DR","CID":127,"CROSSTYPE":"SCHOOL","CROSSST":"RAY AVE","ATTRACT":"LOUISVILLE COLLEGIATE SCHOOL","ATTRACTADD":"2427 GLENMARY AVE","STATUS":"EXISTING","MILEPOINT":0.64100000000000001,"AIDTYPE":"SCHOOL ZONE WARNING SYSTEM","HVCROSS":"YES","PEDREF":"NO","CURBEXT":"NO","DELPOST":"NO","TARC":"YES","GUARD":"YES","AADT":14100,"AADTSO":"KYTC","AADTYR":2016,"COUNDIST":8,"COUNDIST1":null,"RWCOMPKEY":20385,"DIR":" ","STRNAME":"GRINSTEAD","TYPE":"DR","SPEED":35,"ONE_WAY":"N","MUNI_NAME":"LOUISVILLE","MAIN_DIST":"EAST","OWNER_ABRV":"STAT","MAIN_RESP":"STATE","CLASS_ABRV":"MINART","ROUTE_LBL":"KY-2860","POINT_X":-85.710931200000005,"POINT_Y":38.242668809999998}},{"type":"Feature","id":38,"geometry":{"type":"Point","coordinates":[-85.623029059455618,38.278100949409264]},"properties":{"OBJECTID":38,"ROADNAME":"HERR LN","CID":131,"CROSSTYPE":"SCHOOL","CROSSST":"MID-BLOCK","ATTRACT":"WILDER ELEMENTARY","ATTRACTADD":"1913 HERR LN","STATUS":"EXISTING","MILEPOINT":1.7030000000000001,"AIDTYPE":"SCHOOL ZONE WARNING SYSTEM","HVCROSS":"YES","PEDREF":"NO","CURBEXT":"NO","DELPOST":"NO","TARC":"YES","GUARD":"YES","AADT":11400,"AADTSO":"KYTC","AADTYR":2018,"COUNDIST":7,"COUNDIST1":null,"RWCOMPKEY":2213,"DIR":" ","STRNAME":"HERR","TYPE":"LN","SPEED":35,"ONE_WAY":"N","MUNI_NAME":"LOUISVILLE","MAIN_DIST":"EAST","OWNER_ABRV":"STAT","MAIN_RESP":"STATE","CLASS_ABRV":"MINART","ROUTE_LBL":"KY-2050","POINT_X":-85.623024209999997,"POINT_Y":38.278093650000002}},{"type":"Feature","id":39,"geometry":{"type":"Point","coordinates":[-85.746159111675624,38.241901156823765]},"properties":{"OBJECTID":39,"ROADNAME":"S JACKSON ST","CID":140,"CROSSTYPE":"SCHOOL","CROSSST":"LAMPTON ST","ATTRACT":"MEYZEEK MIDDLE","ATTRACTADD":"828 S JACKSON ST","STATUS":"EXISTING","MILEPOINT":12.067,"AIDTYPE":"SCHOOL ZONE WARNING SYSTEM","HVCROSS":"YES","PEDREF":"NA","CURBEXT":"NO","DELPOST":"YES","TARC":"YES","GUARD":"YES","AADT":5600,"AADTSO":"LMPW","AADTYR":2016,"COUNDIST":4,"COUNDIST1":null,"RWCOMPKEY":16808,"DIR":"S","STRNAME":"JACKSON","TYPE":"ST","SPEED":35,"ONE_WAY":"Y","MUNI_NAME":"LOUISVILLE","MAIN_DIST":"EAST","OWNER_ABRV":"STAT","MAIN_RESP":"STATE","CLASS_ABRV":"MINART","ROUTE_LBL":"KY-61","POINT_X":-85.746154230000002,"POINT_Y":38.241893869999998}},{"type":"Feature","id":40,"geometry":{"type":"Point","coordinates":[-85.672805219605578,38.24867227330963]},"properties":{"OBJECTID":40,"ROADNAME":"LEXINGTON RD","CID":151,"CROSSTYPE":"SCHOOL","CROSSST":"DOVER RD","ATTRACT":"SACRED HEART SCHOOLS","ATTRACTADD":"3115 LEXINGTON RD","STATUS":"EXISTING","MILEPOINT":9.6290000000000013,"AIDTYPE":"SCHOOL ZONE WARNING SYSTEM","HVCROSS":"YES","PEDREF":"NO","CURBEXT":"NO","DELPOST":"NO","TARC":"YES","GUARD":"YES","AADT":17500,"AADTSO":"LMPW","AADTYR":2011,"COUNDIST":9,"COUNDIST1":null,"RWCOMPKEY":7120,"DIR":" ","STRNAME":"LEXINGTON","TYPE":"RD","SPEED":35,"ONE_WAY":"N","MUNI_NAME":"LOUISVILLE","MAIN_DIST":"EAST","OWNER_ABRV":"STAT","MAIN_RESP":"STATE","CLASS_ABRV":"MINART","ROUTE_LBL":"US-60A","POINT_X":-85.672800359999997,"POINT_Y":38.248664980000001}},{"type":"Feature","id":41,"geometry":{"type":"Point","coordinates":[-85.8028745026769,38.274817321691565]},"properties":{"OBJECTID":41,"ROADNAME":"NORTHWESTERN PKY","CID":175,"CROSSTYPE":"SCHOOL","CROSSST":"N 34TH ST","ATTRACT":"PORTLAND ELEMENTARY","ATTRACTADD":"3410 NORTHWESTERN PKWY","STATUS":"REMOVED","MILEPOINT":1.202,"AIDTYPE":null,"HVCROSS":null,"PEDREF":null,"CURBEXT":null,"DELPOST":null,"TARC":null,"GUARD":null,"AADT":null,"AADTSO":null,"AADTYR":null,"COUNDIST":null,"COUNDIST1":null,"RWCOMPKEY":14137,"DIR":" ","STRNAME":"NORTHWESTERN","TYPE":"PKY","SPEED":35,"ONE_WAY":"Y","MUNI_NAME":"LOUISVILLE","MAIN_DIST":"WEST","OWNER_ABRV":"STAT","MAIN_RESP":"STATE","CLASS_ABRV":"MINART","ROUTE_LBL":"KY-3064","POINT_X":-85.802869599999994,"POINT_Y":38.274810029999998}},{"type":"Feature","id":42,"geometry":{"type":"Point","coordinates":[-85.830032678116211,38.175890059036682]},"properties":{"OBJECTID":42,"ROADNAME":"ROCKFORD LN","CID":214,"CROSSTYPE":"SCHOOL","CROSSST":"JAMES R MEDER RD","ATTRACT":"ST LAWRENCE","ATTRACTADD":"1925 LEWISTON DR","STATUS":"EXISTING","MILEPOINT":0.379,"AIDTYPE":"SCHOOL ZONE WARNING SYSTEM","HVCROSS":"YES","PEDREF":"NA","CURBEXT":"NO","DELPOST":"NO","TARC":"YES","GUARD":"YES","AADT":null,"AADTSO":"NOT AVAILABLE","AADTYR":null,"COUNDIST":3,"COUNDIST1":null,"RWCOMPKEY":26951,"DIR":" ","STRNAME":"ROCKFORD","TYPE":"LN","SPEED":35,"ONE_WAY":"N","MUNI_NAME":"SHIVELY","MAIN_DIST":"WEST","OWNER_ABRV":"STAT","MAIN_RESP":"STATE","CLASS_ABRV":"MINART","ROUTE_LBL":"KY-2051","POINT_X":-85.830027779999995,"POINT_Y":38.175882790000003}},{"type":"Feature","id":43,"geometry":{"type":"Point","coordinates":[-85.842232832751279,38.17637821286479]},"properties":{"OBJECTID":43,"ROADNAME":"ROCKFORD LN","CID":215,"CROSSTYPE":"SCHOOL","CROSSST":"MID-BLOCK","ATTRACT":"WALLER-WILLIAMS ENVIRONMENTAL SCHOOL","ATTRACTADD":"2415 ROCKFORD LN","STATUS":"EXISTING","MILEPOINT":1.05,"AIDTYPE":"SCHOOL ZONE WARNING SYSTEM","HVCROSS":"YES","PEDREF":"NA","CURBEXT":"NO","DELPOST":"NO","TARC":"YES","GUARD":"NO","AADT":11600,"AADTSO":"KYTC","AADTYR":2017,"COUNDIST":1,"COUNDIST1":3,"RWCOMPKEY":26933,"DIR":" ","STRNAME":"ROCKFORD","TYPE":"LN","SPEED":35,"ONE_WAY":"N","MUNI_NAME":"SHIVELY","MAIN_DIST":"WEST","OWNER_ABRV":"STAT","MAIN_RESP":"STATE","CLASS_ABRV":"MINART","ROUTE_LBL":"KY-2051","POINT_X":-85.842227930000007,"POINT_Y":38.176370939999998}},{"type":"Feature","id":44,"geometry":{"type":"Point","coordinates":[-85.844151619284915,38.17646130140362]},"properties":{"OBJECTID":44,"ROADNAME":"ROCKFORD LN","CID":216,"CROSSTYPE":"SCHOOL","CROSSST":"MID-BLOCK","ATTRACT":"WESTERN HIGH SCHOOL","ATTRACTADD":"2501 ROCKFORD LN","STATUS":"EXISTING","MILEPOINT":1.1540000000000001,"AIDTYPE":"SCHOOL ZONE WARNING SYSTEM","HVCROSS":"YES","PEDREF":"NA","CURBEXT":"NO","DELPOST":"NO","TARC":"YES","GUARD":"YES","AADT":null,"AADTSO":null,"AADTYR":null,"COUNDIST":1,"COUNDIST1":3,"RWCOMPKEY":26930,"DIR":" ","STRNAME":"ROCKFORD","TYPE":"LN","SPEED":35,"ONE_WAY":"N","MUNI_NAME":"SHIVELY","MAIN_DIST":"WEST","OWNER_ABRV":"STAT","MAIN_RESP":"STATE","CLASS_ABRV":"MINART","ROUTE_LBL":"KY-2051","POINT_X":-85.844146710000004,"POINT_Y":38.176454030000002}},{"type":"Feature","id":45,"geometry":{"type":"Point","coordinates":[-85.812081497406751,38.154348499951219]},"properties":{"OBJECTID":45,"ROADNAME":"ST ANDREWS CHURCH RD","CID":228,"CROSSTYPE":"SCHOOL","CROSSST":"ST ANDREWS CHURCH RD","ATTRACT":"DOSS HIGH","ATTRACTADD":"7601 ST ANDREWS CHURCH RD","STATUS":"EXISTING","MILEPOINT":4.8860000000000001,"AIDTYPE":"SCHOOL ZONE WARNING SYSTEM","HVCROSS":"YES","PEDREF":"NO","CURBEXT":"NO","DELPOST":"NO","TARC":"NO","GUARD":"YES","AADT":null,"AADTSO":"NOT AVAILABLE","AADTYR":null,"COUNDIST":25,"COUNDIST1":null,"RWCOMPKEY":26026,"DIR":" ","STRNAME":"ST ANDREWS CHURCH","TYPE":"RD","SPEED":45,"ONE_WAY":"N","MUNI_NAME":"LOUISVILLE","MAIN_DIST":"WEST","OWNER_ABRV":"STAT","MAIN_RESP":"STATE","CLASS_ABRV":"MINART","ROUTE_LBL":"KY-1931","POINT_X":-85.812076599999997,"POINT_Y":38.15434123}},{"type":"Feature","id":46,"geometry":{"type":"Point","coordinates":[-85.867144442360541,38.159595707787105]},"properties":{"OBJECTID":46,"ROADNAME":"TERRY RD","CID":236,"CROSSTYPE":"SCHOOL","CROSSST":"MID-BLOCK","ATTRACT":"CONWAY MIDDLE","ATTRACTADD":"6300 TERRY RD","STATUS":"EXISTING","MILEPOINT":2.6499999999999999,"AIDTYPE":"SCHOOL ZONE WARNING SYSTEM","HVCROSS":"YES","PEDREF":"NA","CURBEXT":"NO","DELPOST":"NO","TARC":"YES","GUARD":"YES","AADT":12800,"AADTSO":"LMPW","AADTYR":2016,"COUNDIST":12,"COUNDIST1":null,"RWCOMPKEY":29103,"DIR":" ","STRNAME":"TERRY","TYPE":"RD","SPEED":45,"ONE_WAY":"N","MUNI_NAME":"LOUISVILLE","MAIN_DIST":"WEST","OWNER_ABRV":"STAT","MAIN_RESP":"STATE","CLASS_ABRV":"MINART","ROUTE_LBL":"KY-1727","POINT_X":-85.867139530000003,"POINT_Y":38.15958844}},{"type":"Feature","id":47,"geometry":{"type":"Point","coordinates":[-85.87419373522826,38.131489807851416]},"properties":{"OBJECTID":47,"ROADNAME":"TERRY RD","CID":237,"CROSSTYPE":"SCHOOL","CROSSST":"MID-BLOCK","ATTRACT":"SANDERS ELEMENTARY","ATTRACTADD":"8408 TERRY RD","STATUS":"EXISTING","MILEPOINT":0.66000000000000003,"AIDTYPE":"SCHOOL ZONE WARNING SYSTEM","HVCROSS":"YES","PEDREF":"NO","CURBEXT":"NO","DELPOST":"NO","TARC":"NO","GUARD":"YES","AADT":null,"AADTSO":"NOT AVAILABLE","AADTYR":null,"COUNDIST":14,"COUNDIST1":null,"RWCOMPKEY":29116,"DIR":" ","STRNAME":"TERRY","TYPE":"RD","SPEED":40,"ONE_WAY":"N","MUNI_NAME":"LOUISVILLE","MAIN_DIST":"WEST","OWNER_ABRV":"STAT","MAIN_RESP":"STATE","CLASS_ABRV":"MINART","ROUTE_LBL":"KY-1727","POINT_X":-85.874188820000001,"POINT_Y":38.131482550000001}},{"type":"Feature","id":48,"geometry":{"type":"Point","coordinates":[-85.786324289780026,38.179455606386405]},"properties":{"OBJECTID":48,"ROADNAME":"BLUEGRASS AVE","CID":45,"CROSSTYPE":"SCHOOL","CROSSST":"LONSDALE AVE","ATTRACT":"HAZELWOOD ELEMENTARY","ATTRACTADD":"1325 BLUEGRASS AVE","STATUS":"EXISTING","MILEPOINT":null,"AIDTYPE":"SCHOOL ZONE WARNING SYSTEM","HVCROSS":"YES","PEDREF":"NO","CURBEXT":"NO","DELPOST":"NO","TARC":"YES","GUARD":"YES","AADT":16800,"AADTSO":"LMPW","AADTYR":2017,"COUNDIST":15,"COUNDIST1":null,"RWCOMPKEY":25832,"DIR":" ","STRNAME":"BLUEGRASS","TYPE":"AVE","SPEED":35,"ONE_WAY":"N","MUNI_NAME":"LOUISVILLE","MAIN_DIST":"WEST","OWNER_ABRV":"METR","MAIN_RESP":"METROCTR","CLASS_ABRV":"PRICOL","ROUTE_LBL":" ","POINT_X":-85.786319399999996,"POINT_Y":38.17944833}},{"type":"Feature","id":49,"geometry":{"type":"Point","coordinates":[-85.595678031326202,38.15533197735995]},"properties":{"OBJECTID":49,"ROADNAME":"FERNDALE RD","CID":104,"CROSSTYPE":"SCHOOL","CROSSST":"MID-BLOCK","ATTRACT":"FERN CREEK ELEMENTARY","ATTRACTADD":"8815 FERNDALE RD","STATUS":"EXISTING","MILEPOINT":null,"AIDTYPE":"SCHOOL ZONE WARNING SYSTEM","HVCROSS":"YES","PEDREF":"NA","CURBEXT":"NO","DELPOST":"NO","TARC":"NO","GUARD":"YES","AADT":null,"AADTSO":"NOT AVAILABLE","AADTYR":null,"COUNDIST":22,"COUNDIST1":null,"RWCOMPKEY":10968,"DIR":" ","STRNAME":"FERNDALE","TYPE":"RD","SPEED":35,"ONE_WAY":"N","MUNI_NAME":"LOUISVILLE","MAIN_DIST":"WEST","OWNER_ABRV":"METR","MAIN_RESP":"METROCTR","CLASS_ABRV":"PRICOL","ROUTE_LBL":" ","POINT_X":-85.595673199999993,"POINT_Y":38.155324700000001}},{"type":"Feature","id":50,"geometry":{"type":"Point","coordinates":[-85.652933758444092,38.208761827022599]},"properties":{"OBJECTID":50,"ROADNAME":"GOLDSMITH LN","CID":121,"CROSSTYPE":"SCHOOL","CROSSST":"MID-BLOCK","ATTRACT":"GOLDSMITH ELEMENTARY","ATTRACTADD":"3520 GOLDSMITH LN","STATUS":"EXISTING","MILEPOINT":null,"AIDTYPE":"SCHOOL ZONE WARNING SYSTEM","HVCROSS":"YES","PEDREF":"NO","CURBEXT":"NO","DELPOST":"NO","TARC":"YES","GUARD":"YES","AADT":6000,"AADTSO":"KYTC","AADTYR":2015,"COUNDIST":26,"COUNDIST1":null,"RWCOMPKEY":5075,"DIR":" ","STRNAME":"GOLDSMITH","TYPE":"LN","SPEED":30,"ONE_WAY":"N","MUNI_NAME":"LOUISVILLE","MAIN_DIST":"EAST","OWNER_ABRV":"METR","MAIN_RESP":"METROCTR","CLASS_ABRV":"PRICOL","ROUTE_LBL":" ","POINT_X":-85.65292891,"POINT_Y":38.208754540000001}},{"type":"Feature","id":51,"geometry":{"type":"Point","coordinates":[-85.731073161471897,38.207300174245617]},"properties":{"OBJECTID":51,"ROADNAME":"HESS LN","CID":132,"CROSSTYPE":"SCHOOL","CROSSST":"FERN DR","ATTRACT":"AUDUBON SCHOOL","ATTRACTADD":"1051 HESS LN","STATUS":"EXISTING","MILEPOINT":null,"AIDTYPE":"SCHOOL ZONE WARNING SYSTEM","HVCROSS":"YES","PEDREF":"NA","CURBEXT":"NO","DELPOST":"NO","TARC":"NO","GUARD":"NO","AADT":6700,"AADTSO":"KYTC","AADTYR":2016,"COUNDIST":10,"COUNDIST1":null,"RWCOMPKEY":19425,"DIR":" ","STRNAME":"HESS","TYPE":"LN","SPEED":35,"ONE_WAY":"N","MUNI_NAME":"LOUISVILLE","MAIN_DIST":"EAST","OWNER_ABRV":"METR","MAIN_RESP":"METROCTR","CLASS_ABRV":"PRICOL","ROUTE_LBL":" ","POINT_X":-85.731068289999996,"POINT_Y":38.207292889999998}},{"type":"Feature","id":52,"geometry":{"type":"Point","coordinates":[-85.729327431107663,38.208115245565033]},"properties":{"OBJECTID":52,"ROADNAME":"HESS LN","CID":133,"CROSSTYPE":"SCHOOL","CROSSST":"PINDELL AVE","ATTRACT":"ST STEPHEN MARTYR","ATTRACTADD":"2931 PINDELL AVE","STATUS":"EXISTING","MILEPOINT":null,"AIDTYPE":"SCHOOL ZONE WARNING SYSTEM","HVCROSS":"YES","PEDREF":"NA","CURBEXT":"NO","DELPOST":"NO","TARC":"NO","GUARD":"YES","AADT":6700,"AADTSO":"KYTC","AADTYR":2016,"COUNDIST":10,"COUNDIST1":null,"RWCOMPKEY":19337,"DIR":" ","STRNAME":"HESS","TYPE":"LN","SPEED":35,"ONE_WAY":"N","MUNI_NAME":"LOUISVILLE","MAIN_DIST":"EAST","OWNER_ABRV":"METR","MAIN_RESP":"METROCTR","CLASS_ABRV":"PRICOL","ROUTE_LBL":" ","POINT_X":-85.72932256,"POINT_Y":38.20810796}},{"type":"Feature","id":53,"geometry":{"type":"Point","coordinates":[-85.853863125369287,38.160957988989018]},"properties":{"OBJECTID":53,"ROADNAME":"LOWER HUNTERS TRCE","CID":154,"CROSSTYPE":"SCHOOL","CROSSST":"MID-BLOCK","ATTRACT":"SHACKLETTE ELEMENTARY","ATTRACTADD":"5310 MERCURY DR","STATUS":"REMOVED","MILEPOINT":null,"AIDTYPE":"SCHOOL ZONE WARNING SYSTEM","HVCROSS":"NO","PEDREF":"NA","CURBEXT":"NO","DELPOST":"NO","TARC":"NO","GUARD":"NO","AADT":null,"AADTSO":"NOT AVAILABLE","AADTYR":null,"COUNDIST":12,"COUNDIST1":null,"RWCOMPKEY":29699,"DIR":" ","STRNAME":"LOWER HUNTERS","TYPE":"TRCE","SPEED":35,"ONE_WAY":"N","MUNI_NAME":"LOUISVILLE","MAIN_DIST":"WEST","OWNER_ABRV":"METR","MAIN_RESP":"METROCTR","CLASS_ABRV":"PRICOL","ROUTE_LBL":" ","POINT_X":-85.853858220000006,"POINT_Y":38.160950720000002}},{"type":"Feature","id":54,"geometry":{"type":"Point","coordinates":[-85.705300314693986,38.223353868081162]},"properties":{"OBJECTID":54,"ROADNAME":"NORRIS PL","CID":173,"CROSSTYPE":"SCHOOL","CROSSST":"RICHMOND DR","ATTRACT":"HIGHLAND MIDDLE","ATTRACTADD":"1700 NORRIS PL","STATUS":"EXISTING","MILEPOINT":null,"AIDTYPE":"SCHOOL ZONE WARNING SYSTEM","HVCROSS":"YES","PEDREF":"NA","CURBEXT":"NO","DELPOST":"NO","TARC":"NO","GUARD":"YES","AADT":8500,"AADTSO":"LMPW","AADTYR":2017,"COUNDIST":8,"COUNDIST1":null,"RWCOMPKEY":18263,"DIR":" ","STRNAME":"NORRIS","TYPE":"PL","SPEED":35,"ONE_WAY":"N","MUNI_NAME":"LOUISVILLE","MAIN_DIST":"EAST","OWNER_ABRV":"METR","MAIN_RESP":"METROCTR","CLASS_ABRV":"PRICOL","ROUTE_LBL":" ","POINT_X":-85.705295449999994,"POINT_Y":38.223346579999998}},{"type":"Feature","id":55,"geometry":{"type":"Point","coordinates":[-85.670162976388156,38.1655333607656]},"properties":{"OBJECTID":55,"ROADNAME":"RANGELAND RD","CID":205,"CROSSTYPE":"SCHOOL","CROSSST":"MID-BLOCK","ATTRACT":"RANGELAND ELEMENTARY","ATTRACTADD":"1701 RANGELAND RD","STATUS":"EXISTING","MILEPOINT":null,"AIDTYPE":"SCHOOL ZONE WARNING SYSTEM","HVCROSS":"YES","PEDREF":"NA","CURBEXT":"NO","DELPOST":"NO","TARC":"YES","GUARD":"YES","AADT":null,"AADTSO":"NOT AVAILABLE","AADTYR":null,"COUNDIST":2,"COUNDIST1":null,"RWCOMPKEY":10826,"DIR":" ","STRNAME":"RANGELAND","TYPE":"RD","SPEED":35,"ONE_WAY":"N","MUNI_NAME":"LOUISVILLE","MAIN_DIST":"EAST","OWNER_ABRV":"METR","MAIN_RESP":"METROCTR","CLASS_ABRV":"PRICOL","ROUTE_LBL":" ","POINT_X":-85.670158119999996,"POINT_Y":38.165526079999999}},{"type":"Feature","id":56,"geometry":{"type":"Point","coordinates":[-85.680652752075616,38.167291458732322]},"properties":{"OBJECTID":56,"ROADNAME":"RANGELAND RD","CID":206,"CROSSTYPE":"SCHOOL","CROSSST":"MID-BLOCK","ATTRACT":"THOMAS JEFFERSON MIDDLE","ATTRACTADD":"1501 RANGELAND RD","STATUS":"EXISTING","MILEPOINT":null,"AIDTYPE":"SCHOOL ZONE WARNING SYSTEM","HVCROSS":"YES","PEDREF":"NA","CURBEXT":"NO","DELPOST":"NO","TARC":"YES","GUARD":"YES","AADT":null,"AADTSO":"NOT AVAILABLE","AADTYR":null,"COUNDIST":2,"COUNDIST1":null,"RWCOMPKEY":23704,"DIR":" ","STRNAME":"RANGELAND","TYPE":"RD","SPEED":35,"ONE_WAY":"N","MUNI_NAME":"LOUISVILLE","MAIN_DIST":"EAST","OWNER_ABRV":"METR","MAIN_RESP":"METROCTR","CLASS_ABRV":"PRICOL","ROUTE_LBL":" ","POINT_X":-85.680647890000003,"POINT_Y":38.167284180000003}},{"type":"Feature","id":57,"geometry":{"type":"Point","coordinates":[-85.837888850414117,38.167305010087503]},"properties":{"OBJECTID":57,"ROADNAME":"UPPER HUNTERS TRCE","CID":243,"CROSSTYPE":"SCHOOL","CROSSST":"MID-BLOCK","ATTRACT":"KERRICK ELEMENTARY","ATTRACTADD":"2210 UPPER HUNTERS TRACE","STATUS":"EXISTING","MILEPOINT":null,"AIDTYPE":"SCHOOL ZONE WARNING SYSTEM","HVCROSS":"YES","PEDREF":"NA","CURBEXT":"NO","DELPOST":"NO","TARC":"NO","GUARD":"YES","AADT":9200,"AADTSO":"KYTC","AADTYR":2017,"COUNDIST":12,"COUNDIST1":null,"RWCOMPKEY":27204,"DIR":" ","STRNAME":"UPPER HUNTERS","TYPE":"TRCE","SPEED":35,"ONE_WAY":"N","MUNI_NAME":"LOUISVILLE","MAIN_DIST":"WEST","OWNER_ABRV":"METR","MAIN_RESP":"METROCTR","CLASS_ABRV":"PRICOL","ROUTE_LBL":" ","POINT_X":-85.837883950000005,"POINT_Y":38.167297740000002}},{"type":"Feature","id":58,"geometry":{"type":"Point","coordinates":[-85.897811421689028,38.05992393556955]},"properties":{"OBJECTID":58,"ROADNAME":"WATSON LN","CID":249,"CROSSTYPE":"SCHOOL","CROSSST":"SANDRAY BLVD","ATTRACT":"WATSON LANE ELEMENTARY","ATTRACTADD":"7201 WATSON LN","STATUS":"EXISTING","MILEPOINT":null,"AIDTYPE":"SCHOOL ZONE WARNING SYSTEM","HVCROSS":"YES","PEDREF":"NA","CURBEXT":"NO","DELPOST":"NO","TARC":"YES","GUARD":"YES","AADT":3300,"AADTSO":"KYTC","AADTYR":2016,"COUNDIST":14,"COUNDIST1":null,"RWCOMPKEY":29454,"DIR":" ","STRNAME":"WATSON","TYPE":"LN","SPEED":30,"ONE_WAY":"N","MUNI_NAME":"LOUISVILLE","MAIN_DIST":"WEST","OWNER_ABRV":"METR","MAIN_RESP":"METROCTR","CLASS_ABRV":"PRICOL","ROUTE_LBL":" ","POINT_X":-85.897806509999995,"POINT_Y":38.059916690000001}},{"type":"Feature","id":59,"geometry":{"type":"Point","coordinates":[-85.527231933164529,38.244072333171211]},"properties":{"OBJECTID":59,"ROADNAME":"OLD SHELBYVILLE RD","CID":182,"CROSSTYPE":"SCHOOL","CROSSST":"MIDDLETOWN SQ","ATTRACT":"EASTERN HIGH SCHOOL","ATTRACTADD":"12400 OLD SHELBYVILLE RD","STATUS":"EXISTING","MILEPOINT":null,"AIDTYPE":"SCHOOL ZONE WARNING SYSTEM","HVCROSS":"YES","PEDREF":"NA","CURBEXT":"NO","DELPOST":"NO","TARC":"NO","GUARD":"YES","AADT":3500,"AADTSO":"KYTC","AADTYR":2013,"COUNDIST":19,"COUNDIST1":null,"RWCOMPKEY":270,"DIR":" ","STRNAME":"OLD SHELBYVILLE","TYPE":"RD","SPEED":35,"ONE_WAY":"N","MUNI_NAME":"MIDDLETOWN","MAIN_DIST":"EAST","OWNER_ABRV":"MIDD","MAIN_RESP":"4TH CLASS CITY","CLASS_ABRV":"PRICOL","ROUTE_LBL":"KY-2840","POINT_X":-85.527227109999998,"POINT_Y":38.244065030000002}},{"type":"Feature","id":60,"geometry":{"type":"Point","coordinates":[-85.547932302635502,38.151418831014787]},"properties":{"OBJECTID":60,"ROADNAME":"GELLHAUS LN","CID":119,"CROSSTYPE":"SCHOOL","CROSSST":"LONGVIEW FARM DR","ATTRACT":"FARMER ELEMENTARY","ATTRACTADD":"6405 GELLHAUS LN","STATUS":"EXISTING","MILEPOINT":null,"AIDTYPE":"RRFB - SIDE MOUNTED","HVCROSS":"YES","PEDREF":"NO","CURBEXT":"NO","DELPOST":"NO","TARC":"NO","GUARD":"YES","AADT":7200,"AADTSO":"LMPW","AADTYR":2018,"COUNDIST":20,"COUNDIST1":null,"RWCOMPKEY":13255,"DIR":" ","STRNAME":"GELLHAUS","TYPE":"LN","SPEED":35,"ONE_WAY":"N","MUNI_NAME":"LOUISVILLE","MAIN_DIST":"EAST","OWNER_ABRV":"METR","MAIN_RESP":"METROCTR","CLASS_ABRV":"SECCOL","ROUTE_LBL":" ","POINT_X":-85.547927479999998,"POINT_Y":38.151411549999999}},{"type":"Feature","id":61,"geometry":{"type":"Point","coordinates":[-85.672812832956268,38.230636895834451]},"properties":{"OBJECTID":61,"ROADNAME":"PEE WEE REESE RD","CID":189,"CROSSTYPE":"CART","CROSSST":"MID-BLOCK","ATTRACT":"SENECA GOLF COURSE","ATTRACTADD":"2300 PEE WEE REESE RD","STATUS":"EXISTING","MILEPOINT":null,"AIDTYPE":"RUMBLE STRIPS","HVCROSS":"YES","PEDREF":"NA","CURBEXT":"NO","DELPOST":"YES","TARC":"NO","GUARD":"NA","AADT":null,"AADTSO":"NOT AVAILABLE","AADTYR":null,"COUNDIST":8,"COUNDIST1":null,"RWCOMPKEY":29836,"DIR":" ","STRNAME":"PEE WEE REESE","TYPE":"RD","SPEED":25,"ONE_WAY":"N","MUNI_NAME":"LOUISVILLE","MAIN_DIST":"EAST","OWNER_ABRV":"METR","MAIN_RESP":"METRO","CLASS_ABRV":"PRICOL","ROUTE_LBL":" ","POINT_X":-85.672807969999994,"POINT_Y":38.230629610000001}},{"type":"Feature","id":62,"geometry":{"type":"Point","coordinates":[-85.755465142820753,38.212538382042737]},"properties":{"OBJECTID":62,"ROADNAME":"S FLOYD ST","CID":105,"CROSSTYPE":"PEDESTRIAN","CROSSST":"HAHN ST","ATTRACT":"UNIVERSITY OF LOUISVILLE","ATTRACTADD":"1905 S 1ST ST","STATUS":"EXISTING","MILEPOINT":null,"AIDTYPE":"RRFB - SIDE MOUNTED","HVCROSS":"YES","PEDREF":"NA","CURBEXT":"YES","DELPOST":"NO","TARC":"NO","GUARD":"NA","AADT":null,"AADTSO":"NOT AVAILABLE","AADTYR":null,"COUNDIST":15,"COUNDIST1":null,"RWCOMPKEY":18996,"DIR":"S","STRNAME":"FLOYD","TYPE":"ST","SPEED":35,"ONE_WAY":"N","MUNI_NAME":"LOUISVILLE","MAIN_DIST":"WEST","OWNER_ABRV":"METR","MAIN_RESP":"METROCTR","CLASS_ABRV":"PRICOL","ROUTE_LBL":" ","POINT_X":-85.755460260000007,"POINT_Y":38.2125311}},{"type":"Feature","id":63,"geometry":{"type":"Point","coordinates":[-85.783648800800407,38.245084269136569]},"properties":{"OBJECTID":63,"ROADNAME":"DIXIE HWY","CID":90,"CROSSTYPE":"PEDESTRIAN","CROSSST":"HOWARD ST","ATTRACT":"BROWN-FORMAN","ATTRACTADD":"850 DIXIE HWY","STATUS":"EXISTING","MILEPOINT":null,"AIDTYPE":"RRFB - OVERHEAD","HVCROSS":"YES","PEDREF":"NA","CURBEXT":"NO","DELPOST":"NO","TARC":"YES","GUARD":"NA","AADT":null,"AADTSO":"NOT AVAILABLE","AADTYR":null,"COUNDIST":4,"COUNDIST1":null,"RWCOMPKEY":16453,"DIR":" ","STRNAME":"DIXIE","TYPE":"HWY","SPEED":35,"ONE_WAY":"N","MUNI_NAME":"LOUISVILLE","MAIN_DIST":"WEST","OWNER_ABRV":"METR","MAIN_RESP":"METROCTR","CLASS_ABRV":"MINART","ROUTE_LBL":" ","POINT_X":-85.783643909999995,"POINT_Y":38.24507698}},{"type":"Feature","id":64,"geometry":{"type":"Point","coordinates":[-85.764821108368977,38.25194497523561]},"properties":{"OBJECTID":64,"ROADNAME":"W MUHAMMAD ALI BLVD","CID":171,"CROSSTYPE":"PEDESTRIAN","CROSSST":"MID-BLOCK","ATTRACT":"J.O. BLANTON HOUSE","ATTRACTADD":"850 W MUHAMMAD ALI BLVD","STATUS":"EXISTING","MILEPOINT":null,"AIDTYPE":"FLASHING OVERHEAD LIGHT","HVCROSS":"YES","PEDREF":"NA","CURBEXT":"NO","DELPOST":"NO","TARC":"YES","GUARD":"NA","AADT":6200,"AADTSO":"LMPW","AADTYR":2019,"COUNDIST":4,"COUNDIST1":null,"RWCOMPKEY":21620,"DIR":"W","STRNAME":"MUHAMMAD ALI","TYPE":"BLVD","SPEED":25,"ONE_WAY":"Y","MUNI_NAME":"LOUISVILLE","MAIN_DIST":"WEST","OWNER_ABRV":"METR","MAIN_RESP":"METROCTR","CLASS_ABRV":"MINART","ROUTE_LBL":" ","POINT_X":-85.76481622,"POINT_Y":38.251937679999997}},{"type":"Feature","id":65,"geometry":{"type":"Point","coordinates":[-85.638083092193526,38.261947091975131]},"properties":{"OBJECTID":65,"ROADNAME":"WESTPORT RD","CID":252,"CROSSTYPE":"SCHOOL","CROSSST":"MID-BLOCK","ATTRACT":"WALDEN SCHOOL","ATTRACTADD":"4238 WESTPORT RD","STATUS":"EXISTING","MILEPOINT":1.1140000000000001,"AIDTYPE":"RRFB - OVERHEAD","HVCROSS":"YES","PEDREF":"YES","CURBEXT":"NO","DELPOST":"NO","TARC":"YES","GUARD":"NO","AADT":21300,"AADTSO":"LMPW","AADTYR":2018,"COUNDIST":7,"COUNDIST1":null,"RWCOMPKEY":2867,"DIR":" ","STRNAME":"WESTPORT","TYPE":"RD","SPEED":45,"ONE_WAY":"N","MUNI_NAME":"ST MATTHEWS","MAIN_DIST":"EAST","OWNER_ABRV":"STAT","MAIN_RESP":"STATE","CLASS_ABRV":"MINART","ROUTE_LBL":"KY-1447","POINT_X":-85.638078239999999,"POINT_Y":38.26193979}},{"type":"Feature","id":66,"geometry":{"type":"Point","coordinates":[-85.487227868958385,38.191328051150457]},"properties":{"OBJECTID":66,"ROADNAME":"S POPE LICK RD","CID":197,"CROSSTYPE":"BIKE/PED","CROSSST":"MID-BLOCK","ATTRACT":"LOUISVILLE LOOP - PARKLANDS AT FLOYDS FORK","ATTRACTADD":null,"STATUS":"EXISTING","MILEPOINT":null,"AIDTYPE":"OVERHEAD SIGN","HVCROSS":"YES","PEDREF":"NA","CURBEXT":"NO","DELPOST":"NO","TARC":"NO","GUARD":"NA","AADT":1100,"AADTSO":"LMPW","AADTYR":2018,"COUNDIST":20,"COUNDIST1":null,"RWCOMPKEY":30066,"DIR":"S","STRNAME":"POPE LICK","TYPE":"RD","SPEED":35,"ONE_WAY":"N","MUNI_NAME":"LOUISVILLE","MAIN_DIST":"EAST","OWNER_ABRV":"METR","MAIN_RESP":"METROCTR","CLASS_ABRV":"PRICOL","ROUTE_LBL":" ","POINT_X":-85.487223069999999,"POINT_Y":38.191320760000004}},{"type":"Feature","id":67,"geometry":{"type":"Point","coordinates":[-85.543499891124611,38.24921617001435]},"properties":{"OBJECTID":67,"ROADNAME":"OLD HARRODS CREEK RD","CID":181,"CROSSTYPE":"SCHOOL","CROSSST":"WILLOW STONE WAY","ATTRACT":"MIDDLETOWN ELEMENTARY","ATTRACTADD":"218 N MADISON AVE","STATUS":"EXISTING","MILEPOINT":null,"AIDTYPE":"OVERHEAD SIGN","HVCROSS":"YES","PEDREF":"NA","CURBEXT":"NO","DELPOST":"NO","TARC":"NO","GUARD":"YES","AADT":null,"AADTSO":"NOT AVAILABLE","AADTYR":null,"COUNDIST":18,"COUNDIST1":19,"RWCOMPKEY":7593,"DIR":" ","STRNAME":"OLD HARRODS CREEK","TYPE":"RD","SPEED":30,"ONE_WAY":"N","MUNI_NAME":"MIDDLETOWN","MAIN_DIST":"EAST","OWNER_ABRV":"METR","MAIN_RESP":"METROCTR","CLASS_ABRV":"SECCOL","ROUTE_LBL":" ","POINT_X":-85.543495070000006,"POINT_Y":38.249208869999997}},{"type":"Feature","id":68,"geometry":{"type":"Point","coordinates":[-85.540282279284909,38.266170726880318]},"properties":{"OBJECTID":68,"ROADNAME":"STATION RD","CID":229,"CROSSTYPE":"PEDESTRIAN","CROSSST":"MID-BLOCK","ATTRACT":"ANCHORAGE TRAIL","ATTRACTADD":"1500 EVERGREEN RD","STATUS":"EXISTING","MILEPOINT":null,"AIDTYPE":"NONE","HVCROSS":"YES","PEDREF":"NA","CURBEXT":"NO","DELPOST":"NO","TARC":"NO","GUARD":"NA","AADT":null,"AADTSO":"NOT AVAILABLE","AADTYR":null,"COUNDIST":17,"COUNDIST1":null,"RWCOMPKEY":2703,"DIR":" ","STRNAME":"STATION","TYPE":"RD","SPEED":25,"ONE_WAY":"N","MUNI_NAME":"ANCHORAGE","MAIN_DIST":"EAST","OWNER_ABRV":"ANCH","MAIN_RESP":"4TH CLASS CITY","CLASS_ABRV":"LOCAL","ROUTE_LBL":" ","POINT_X":-85.540277459999999,"POINT_Y":38.266163419999998}},{"type":"Feature","id":69,"geometry":{"type":"Point","coordinates":[-85.598686607146178,38.298658121697692]},"properties":{"OBJECTID":69,"ROADNAME":"POMPANO DR","CID":194,"CROSSTYPE":"PEDESTRIAN","CROSSST":"CORONADO DR","ATTRACT":null,"ATTRACTADD":null,"STATUS":"EXISTING","MILEPOINT":null,"AIDTYPE":"NONE","HVCROSS":"YES","PEDREF":"NA","CURBEXT":"NO","DELPOST":"NO","TARC":"NO","GUARD":"NA","AADT":null,"AADTSO":"NOT AVAILABLE","AADTYR":null,"COUNDIST":16,"COUNDIST1":null,"RWCOMPKEY":1709,"DIR":" ","STRNAME":"POMPANO","TYPE":"DR","SPEED":25,"ONE_WAY":"N","MUNI_NAME":"BARBOURMEADE","MAIN_DIST":"EAST","OWNER_ABRV":"BARB","MAIN_RESP":"6TH CLASS CITY","CLASS_ABRV":"LOCAL","ROUTE_LBL":" ","POINT_X":-85.598681760000005,"POINT_Y":38.298650809999998}},{"type":"Feature","id":70,"geometry":{"type":"Point","coordinates":[-85.667961256142249,38.263502456522929]},"properties":{"OBJECTID":70,"ROADNAME":"SPRITE RD","CID":227,"CROSSTYPE":"SCHOOL","CROSSST":"MID-BLOCK","ATTRACT":"CHENOWETH ELEMENTARY","ATTRACTADD":"3622 BROWNSBORO RD","STATUS":"EXISTING","MILEPOINT":null,"AIDTYPE":"NONE","HVCROSS":"YES","PEDREF":"NA","CURBEXT":"NO","DELPOST":"NO","TARC":"NO","GUARD":"NO","AADT":null,"AADTSO":"NOT AVAILABLE","AADTYR":null,"COUNDIST":9,"COUNDIST1":null,"RWCOMPKEY":2805,"DIR":" ","STRNAME":"SPRITE","TYPE":"RD","SPEED":25,"ONE_WAY":"N","MUNI_NAME":"BROWNSBORO VILLAGE","MAIN_DIST":"EAST","OWNER_ABRV":"BBVL","MAIN_RESP":"6TH CLASS CITY","CLASS_ABRV":"LOCAL","ROUTE_LBL":" ","POINT_X":-85.667956399999994,"POINT_Y":38.263495159999998}},{"type":"Feature","id":71,"geometry":{"type":"Point","coordinates":[-85.556354428061681,38.240418614104854]},"properties":{"OBJECTID":71,"ROADNAME":"GATEHOUSE LN","CID":116,"CROSSTYPE":"SCHOOL","CROSSST":"HELMSDALE LN","ATTRACT":"CROSBY MIDDLE","ATTRACTADD":"303 GATEHOUSE LN","STATUS":"EXISTING","MILEPOINT":null,"AIDTYPE":"NONE","HVCROSS":"YES","PEDREF":"NA","CURBEXT":"NO","DELPOST":"NO","TARC":"NO","GUARD":"YES","AADT":null,"AADTSO":"NOT AVAILABLE","AADTYR":null,"COUNDIST":18,"COUNDIST1":null,"RWCOMPKEY":7732,"DIR":" ","STRNAME":"GATEHOUSE","TYPE":"LN","SPEED":25,"ONE_WAY":"N","MUNI_NAME":"DOUGLASS HILLS","MAIN_DIST":"EAST","OWNER_ABRV":"DOHL","MAIN_RESP":"4TH CLASS CITY","CLASS_ABRV":"LOCAL","ROUTE_LBL":" ","POINT_X":-85.556349600000004,"POINT_Y":38.24041132}},{"type":"Feature","id":72,"geometry":{"type":"Point","coordinates":[-85.555512014909027,38.241567921779684]},"properties":{"OBJECTID":72,"ROADNAME":"GATEHOUSE LN","CID":117,"CROSSTYPE":"SCHOOL","CROSSST":"BURNSDALE LN","ATTRACT":"CROSBY MIDDLE","ATTRACTADD":"303 GATEHOUSE LN","STATUS":"EXISTING","MILEPOINT":null,"AIDTYPE":"NONE","HVCROSS":"YES","PEDREF":"NA","CURBEXT":"NO","DELPOST":"NO","TARC":"NO","GUARD":"YES","AADT":null,"AADTSO":"NOT AVAILABLE","AADTYR":null,"COUNDIST":18,"COUNDIST1":null,"RWCOMPKEY":7704,"DIR":" ","STRNAME":"GATEHOUSE","TYPE":"LN","SPEED":25,"ONE_WAY":"N","MUNI_NAME":"DOUGLASS HILLS","MAIN_DIST":"EAST","OWNER_ABRV":"DOHL","MAIN_RESP":"4TH CLASS CITY","CLASS_ABRV":"LOCAL","ROUTE_LBL":" ","POINT_X":-85.55550719,"POINT_Y":38.241560620000001}},{"type":"Feature","id":73,"geometry":{"type":"Point","coordinates":[-85.570353981349115,38.196531882192971]},"properties":{"OBJECTID":73,"ROADNAME":"COLLEGE DR","CID":79,"CROSSTYPE":"SCHOOL","CROSSST":"SPROWL RD","ATTRACT":"TULLY ELEMENTARY","ATTRACTADD":"3300 COLLEGE DR","STATUS":"EXISTING","MILEPOINT":null,"AIDTYPE":"NONE","HVCROSS":"YES","PEDREF":"NA","CURBEXT":"NO","DELPOST":"NO","TARC":"NO","GUARD":"YES","AADT":4900,"AADTSO":"LMPW","AADTYR":2015,"COUNDIST":11,"COUNDIST1":null,"RWCOMPKEY":35118,"DIR":" ","STRNAME":"COLLEGE","TYPE":"DR","SPEED":25,"ONE_WAY":"N","MUNI_NAME":"JEFFERSONTOWN","MAIN_DIST":"EAST","OWNER_ABRV":"JEFF","MAIN_RESP":"2ND CLASS CITY","CLASS_ABRV":"LOCAL","ROUTE_LBL":" ","POINT_X":-85.570349149999998,"POINT_Y":38.196524590000003}},{"type":"Feature","id":74,"geometry":{"type":"Point","coordinates":[-85.569924991877784,38.195498529398051]},"properties":{"OBJECTID":74,"ROADNAME":"COLLEGE DR","CID":80,"CROSSTYPE":"SCHOOL","CROSSST":"MID-BLOCK","ATTRACT":"TULLY ELEMENTARY","ATTRACTADD":"3300 COLLEGE DR","STATUS":"EXISTING","MILEPOINT":null,"AIDTYPE":"NONE","HVCROSS":"YES","PEDREF":"NA","CURBEXT":"NO","DELPOST":"NO","TARC":"NO","GUARD":"NO","AADT":4900,"AADTSO":"LMPW","AADTYR":2015,"COUNDIST":11,"COUNDIST1":null,"RWCOMPKEY":35118,"DIR":" ","STRNAME":"COLLEGE","TYPE":"DR","SPEED":25,"ONE_WAY":"N","MUNI_NAME":"JEFFERSONTOWN","MAIN_DIST":"EAST","OWNER_ABRV":"JEFF","MAIN_RESP":"2ND CLASS CITY","CLASS_ABRV":"LOCAL","ROUTE_LBL":" ","POINT_X":-85.569920159999995,"POINT_Y":38.195491240000003}},{"type":"Feature","id":75,"geometry":{"type":"Point","coordinates":[-85.572009597789233,38.197006492191058]},"properties":{"OBJECTID":75,"ROADNAME":"GALENE DR","CID":112,"CROSSTYPE":"SCHOOL","CROSSST":"MAPLE RD","ATTRACT":"TULLY ELEMENTARY","ATTRACTADD":"3300 COLLEGE DR","STATUS":"EXISTING","MILEPOINT":null,"AIDTYPE":"RUMBLE STRIPS","HVCROSS":"YES","PEDREF":"NA","CURBEXT":"NO","DELPOST":"NO","TARC":"NO","GUARD":"YES","AADT":null,"AADTSO":"NOT AVAILABLE","AADTYR":null,"COUNDIST":11,"COUNDIST1":null,"RWCOMPKEY":5657,"DIR":" ","STRNAME":"GALENE","TYPE":"DR","SPEED":25,"ONE_WAY":"N","MUNI_NAME":"JEFFERSONTOWN","MAIN_DIST":"EAST","OWNER_ABRV":"JEFF","MAIN_RESP":"2ND CLASS CITY","CLASS_ABRV":"LOCAL","ROUTE_LBL":" ","POINT_X":-85.572004770000007,"POINT_Y":38.1969992}},{"type":"Feature","id":76,"geometry":{"type":"Point","coordinates":[-85.571317120115822,38.196981649927046]},"properties":{"OBJECTID":76,"ROADNAME":"GALENE DR","CID":113,"CROSSTYPE":"SCHOOL","CROSSST":"MID-BLOCK","ATTRACT":"TULLY ELEMENTARY","ATTRACTADD":"3300 COLLEGE DR","STATUS":"EXISTING","MILEPOINT":null,"AIDTYPE":"NONE","HVCROSS":"YES","PEDREF":"NA","CURBEXT":"NO","DELPOST":"NO","TARC":"NO","GUARD":"NO","AADT":null,"AADTSO":"NOT AVAILABLE","AADTYR":null,"COUNDIST":11,"COUNDIST1":null,"RWCOMPKEY":5657,"DIR":" ","STRNAME":"GALENE","TYPE":"DR","SPEED":25,"ONE_WAY":"N","MUNI_NAME":"JEFFERSONTOWN","MAIN_DIST":"EAST","OWNER_ABRV":"JEFF","MAIN_RESP":"2ND CLASS CITY","CLASS_ABRV":"LOCAL","ROUTE_LBL":" ","POINT_X":-85.571312289999995,"POINT_Y":38.196974359999999}},{"type":"Feature","id":77,"geometry":{"type":"Point","coordinates":[-85.560458049818095,38.199094781325513]},"properties":{"OBJECTID":77,"ROADNAME":"GRAND AVE","CID":123,"CROSSTYPE":"BIKE/PED","CROSSST":"MID-BLOCK","ATTRACT":"J-TOWN SHARED USE PATH","ATTRACTADD":null,"STATUS":"EXISTING","MILEPOINT":null,"AIDTYPE":"NONE","HVCROSS":"YES","PEDREF":"NA","CURBEXT":"NO","DELPOST":"NO","TARC":"NO","GUARD":"NA","AADT":null,"AADTSO":"NOT AVAILABLE","AADTYR":null,"COUNDIST":11,"COUNDIST1":null,"RWCOMPKEY":1324,"DIR":" ","STRNAME":"GRAND","TYPE":"AVE","SPEED":25,"ONE_WAY":"N","MUNI_NAME":"JEFFERSONTOWN","MAIN_DIST":"EAST","OWNER_ABRV":"JEFF","MAIN_RESP":"2ND CLASS CITY","CLASS_ABRV":"LOCAL","ROUTE_LBL":" ","POINT_X":-85.560453219999999,"POINT_Y":38.199087489999997}},{"type":"Feature","id":78,"geometry":{"type":"Point","coordinates":[-85.575123978815341,38.204484211097466]},"properties":{"OBJECTID":78,"ROADNAME":"MERIONETH DR","CID":166,"CROSSTYPE":"BIKE/PED","CROSSST":"GRASSLAND DR","ATTRACT":"J-TOWN SHARED USE PATH","ATTRACTADD":null,"STATUS":"EXISTING","MILEPOINT":null,"AIDTYPE":"NONE","HVCROSS":"YES","PEDREF":"NO","CURBEXT":"NO","DELPOST":"YES","TARC":"NO","GUARD":"NA","AADT":3700,"AADTSO":"LMPW","AADTYR":2017,"COUNDIST":11,"COUNDIST1":null,"RWCOMPKEY":8114,"DIR":" ","STRNAME":"MERIONETH","TYPE":"DR","SPEED":25,"ONE_WAY":"N","MUNI_NAME":"JEFFERSONTOWN","MAIN_DIST":"EAST","OWNER_ABRV":"JEFF","MAIN_RESP":"2ND CLASS CITY","CLASS_ABRV":"LOCAL","ROUTE_LBL":" ","POINT_X":-85.575119150000006,"POINT_Y":38.204476919999998}},{"type":"Feature","id":79,"geometry":{"type":"Point","coordinates":[-85.581222569423772,38.20218769247851]},"properties":{"OBJECTID":79,"ROADNAME":"OLD SIX MILE LN","CID":184,"CROSSTYPE":"SCHOOL","CROSSST":"RAILROAD TRACKS","ATTRACT":"JEFFERSONTOWN HIGH SCHOOL","ATTRACTADD":"9600 OLD SIX MILE LN","STATUS":"EXISTING","MILEPOINT":null,"AIDTYPE":"NONE","HVCROSS":"YES","PEDREF":"NA","CURBEXT":"NO","DELPOST":"NO","TARC":"NO","GUARD":"NO","AADT":2500,"AADTSO":"KYTC","AADTYR":2017,"COUNDIST":11,"COUNDIST1":null,"RWCOMPKEY":38415,"DIR":" ","STRNAME":"OLD SIX MILE","TYPE":"LN","SPEED":25,"ONE_WAY":"N","MUNI_NAME":"JEFFERSONTOWN","MAIN_DIST":"EAST","OWNER_ABRV":"JEFF","MAIN_RESP":"2ND CLASS CITY","CLASS_ABRV":"LOCAL","ROUTE_LBL":" ","POINT_X":-85.58121774,"POINT_Y":38.202180400000003}},{"type":"Feature","id":80,"geometry":{"type":"Point","coordinates":[-85.560638693184984,38.194477577333238]},"properties":{"OBJECTID":80,"ROADNAME":"OLD TAYLORSVILLE RD","CID":185,"CROSSTYPE":"BIKE/PED","CROSSST":"DENNYBROOK WAY","ATTRACT":"J-TOWN SHARED USE PATH","ATTRACTADD":null,"STATUS":"EXISTING","MILEPOINT":null,"AIDTYPE":"NONE","HVCROSS":"YES","PEDREF":"NA","CURBEXT":"NO","DELPOST":"NO","TARC":"NO","GUARD":"NA","AADT":null,"AADTSO":"NOT AVAILABLE","AADTYR":null,"COUNDIST":11,"COUNDIST1":20,"RWCOMPKEY":13411,"DIR":" ","STRNAME":"OLD TAYLORSVILLE","TYPE":"RD","SPEED":25,"ONE_WAY":"N","MUNI_NAME":"JEFFERSONTOWN","MAIN_DIST":"EAST","OWNER_ABRV":"JEFF","MAIN_RESP":"2ND CLASS CITY","CLASS_ABRV":"LOCAL","ROUTE_LBL":" ","POINT_X":-85.560633870000004,"POINT_Y":38.194470289999998}},{"type":"Feature","id":81,"geometry":{"type":"Point","coordinates":[-85.562904486861484,38.195040428107994]},"properties":{"OBJECTID":81,"ROADNAME":"OLD TAYLORSVILLE RD","CID":186,"CROSSTYPE":"BIKE/PED","CROSSST":"NEAL DR","ATTRACT":"J-TOWN SHARED USE PATH","ATTRACTADD":null,"STATUS":"EXISTING","MILEPOINT":null,"AIDTYPE":"NONE","HVCROSS":"YES","PEDREF":"NA","CURBEXT":"NO","DELPOST":"NO","TARC":"NO","GUARD":"NA","AADT":null,"AADTSO":"NOT AVAILABLE","AADTYR":null,"COUNDIST":11,"COUNDIST1":20,"RWCOMPKEY":13416,"DIR":" ","STRNAME":"OLD TAYLORSVILLE","TYPE":"RD","SPEED":25,"ONE_WAY":"N","MUNI_NAME":"JEFFERSONTOWN","MAIN_DIST":"EAST","OWNER_ABRV":"JEFF","MAIN_RESP":"2ND CLASS CITY","CLASS_ABRV":"LOCAL","ROUTE_LBL":" ","POINT_X":-85.562899659999999,"POINT_Y":38.19503314}},{"type":"Feature","id":82,"geometry":{"type":"Point","coordinates":[-85.579688115664581,38.194774104817363]},"properties":{"OBJECTID":82,"ROADNAME":"SUE HELEN DR","CID":233,"CROSSTYPE":"SCHOOL","CROSSST":"MID-BLOCK","ATTRACT":"ST EDWARD","ATTRACTADD":"9610 SUE HELEN DR","STATUS":"EXISTING","MILEPOINT":null,"AIDTYPE":"NONE","HVCROSS":"YES","PEDREF":"NA","CURBEXT":"NO","DELPOST":"NO","TARC":"NO","GUARD":"YES","AADT":null,"AADTSO":"NOT AVAILABLE","AADTYR":null,"COUNDIST":11,"COUNDIST1":null,"RWCOMPKEY":9780,"DIR":" ","STRNAME":"SUE HELEN","TYPE":"DR","SPEED":25,"ONE_WAY":"N","MUNI_NAME":"JEFFERSONTOWN","MAIN_DIST":"EAST","OWNER_ABRV":"JEFF","MAIN_RESP":"2ND CLASS CITY","CLASS_ABRV":"LOCAL","ROUTE_LBL":" ","POINT_X":-85.579683290000006,"POINT_Y":38.194766819999998}},{"type":"Feature","id":83,"geometry":{"type":"Point","coordinates":[-85.583472709492682,38.191976339499043]},"properties":{"OBJECTID":83,"ROADNAME":"WILLOWWOOD WAY","CID":253,"CROSSTYPE":"SCHOOL","CROSSST":"CEDARWOOD WAY","ATTRACT":"JEFFERSONTOWN ELEMENTARY","ATTRACTADD":"3610 CEDARWOOD WAY","STATUS":"EXISTING","MILEPOINT":null,"AIDTYPE":"NONE","HVCROSS":"YES","PEDREF":"NA","CURBEXT":"NO","DELPOST":"NO","TARC":"NO","GUARD":"YES","AADT":null,"AADTSO":"NOT AVAILABLE","AADTYR":null,"COUNDIST":11,"COUNDIST1":null,"RWCOMPKEY":9870,"DIR":" ","STRNAME":"WILLOWWOOD","TYPE":"WAY","SPEED":25,"ONE_WAY":"N","MUNI_NAME":"JEFFERSONTOWN","MAIN_DIST":"EAST","OWNER_ABRV":"JEFF","MAIN_RESP":"2ND CLASS CITY","CLASS_ABRV":"LOCAL","ROUTE_LBL":" ","POINT_X":-85.583467880000001,"POINT_Y":38.191969049999997}},{"type":"Feature","id":84,"geometry":{"type":"Point","coordinates":[-85.813996639199843,38.228409099385402]},"properties":{"OBJECTID":84,"ROADNAME":"BOHNE AVE","CID":47,"CROSSTYPE":"SCHOOL","CROSSST":"S 35TH ST","ATTRACT":"CARTER TRADITIONAL ELEMENTARY","ATTRACTADD":"3600 BOHNE AVE","STATUS":"EXISTING","MILEPOINT":null,"AIDTYPE":"NONE","HVCROSS":"YES","PEDREF":"NA","CURBEXT":"NO","DELPOST":"NO","TARC":"YES","GUARD":"NO","AADT":1500,"AADTSO":"LMPW","AADTYR":2016,"COUNDIST":1,"COUNDIST1":null,"RWCOMPKEY":17653,"DIR":" ","STRNAME":"BOHNE","TYPE":"AVE","SPEED":25,"ONE_WAY":"N","MUNI_NAME":"LOUISVILLE","MAIN_DIST":"WEST","OWNER_ABRV":"METR","MAIN_RESP":"METRO","CLASS_ABRV":"LOCAL","ROUTE_LBL":" ","POINT_X":-85.813991740000006,"POINT_Y":38.228401820000002}},{"type":"Feature","id":85,"geometry":{"type":"Point","coordinates":[-85.694777434330007,38.122570898263938]},"properties":{"OBJECTID":85,"ROADNAME":"BONAVENTURE BLVD","CID":48,"CROSSTYPE":"SCHOOL","CROSSST":"WOODPOINTE BLVD","ATTRACT":"BLAKE ELEMENTARY","ATTRACTADD":"3801 BONAVENTURE BLVD","STATUS":"EXISTING","MILEPOINT":null,"AIDTYPE":"NONE","HVCROSS":"YES","PEDREF":"NA","CURBEXT":"NO","DELPOST":"NO","TARC":"NO","GUARD":"YES","AADT":null,"AADTSO":"NOT AVAILABLE","AADTYR":null,"COUNDIST":13,"COUNDIST1":null,"RWCOMPKEY":26190,"DIR":" ","STRNAME":"BONAVENTURE","TYPE":"BLVD","SPEED":25,"ONE_WAY":"N","MUNI_NAME":"LOUISVILLE","MAIN_DIST":"WEST","OWNER_ABRV":"METR","MAIN_RESP":"METRO","CLASS_ABRV":"LOCAL","ROUTE_LBL":" ","POINT_X":-85.694772580000006,"POINT_Y":38.122563630000002}},{"type":"Feature","id":86,"geometry":{"type":"Point","coordinates":[-85.783208244665317,38.244340509693451]},"properties":{"OBJECTID":86,"ROADNAME":"W BRECKINRIDGE ST","CID":52,"CROSSTYPE":"PEDESTRIAN","CROSSST":"MID-BLOCK","ATTRACT":"BROWN-FORMAN","ATTRACTADD":"850 DIXIE HWY","STATUS":"EXISTING","MILEPOINT":null,"AIDTYPE":"NONE","HVCROSS":"YES","PEDREF":"NA","CURBEXT":"NO","DELPOST":"NO","TARC":"NO","GUARD":"NA","AADT":null,"AADTSO":"NOT AVAILABLE","AADTYR":null,"COUNDIST":4,"COUNDIST1":null,"RWCOMPKEY":16472,"DIR":"W","STRNAME":"BRECKINRIDGE","TYPE":"ST","SPEED":25,"ONE_WAY":"N","MUNI_NAME":"LOUISVILLE","MAIN_DIST":"WEST","OWNER_ABRV":"METR","MAIN_RESP":"METRO","CLASS_ABRV":"LOCAL","ROUTE_LBL":" ","POINT_X":-85.783203349999994,"POINT_Y":38.244333220000001}},{"type":"Feature","id":87,"geometry":{"type":"Point","coordinates":[-85.729509180696297,38.257916834284096]},"properties":{"OBJECTID":87,"ROADNAME":"CABEL ST","CID":67,"CROSSTYPE":"PEDESTRIAN","CROSSST":"FRANKLIN ST","ATTRACT":"LYNN FAMILY STADIUM","ATTRACTADD":"350 ADAMS ST","STATUS":"REMOVED","MILEPOINT":null,"AIDTYPE":"NONE","HVCROSS":"YES","PEDREF":"NA","CURBEXT":"NO","DELPOST":"NO","TARC":"NO","GUARD":"NA","AADT":null,"AADTSO":"NOT AVAILABLE","AADTYR":null,"COUNDIST":4,"COUNDIST1":null,"RWCOMPKEY":15275,"DIR":" ","STRNAME":"CABEL","TYPE":"ST","SPEED":25,"ONE_WAY":"N","MUNI_NAME":"LOUISVILLE","MAIN_DIST":"EAST","OWNER_ABRV":"METR","MAIN_RESP":"METRO","CLASS_ABRV":"LOCAL","ROUTE_LBL":" ","POINT_X":-85.729504300000002,"POINT_Y":38.25790954}},{"type":"Feature","id":88,"geometry":{"type":"Point","coordinates":[-85.689303793972599,38.104259247115387]},"properties":{"OBJECTID":88,"ROADNAME":"CAVEN AVE","CID":71,"CROSSTYPE":"SCHOOL","CROSSST":"PIRATE LN","ATTRACT":"BLUE LICK ELEMENTARY","ATTRACTADD":"9801 BLUE LICK RD","STATUS":"EXISTING","MILEPOINT":null,"AIDTYPE":"NONE","HVCROSS":"YES","PEDREF":"NA","CURBEXT":"NO","DELPOST":"NO","TARC":"NO","GUARD":"YES","AADT":null,"AADTSO":"NOT AVAILABLE","AADTYR":null,"COUNDIST":24,"COUNDIST1":null,"RWCOMPKEY":25482,"DIR":" ","STRNAME":"CAVEN","TYPE":"AVE","SPEED":25,"ONE_WAY":"N","MUNI_NAME":"LOUISVILLE","MAIN_DIST":"WEST","OWNER_ABRV":"METR","MAIN_RESP":"METRO","CLASS_ABRV":"LOCAL","ROUTE_LBL":" ","POINT_X":-85.68929894,"POINT_Y":38.104251980000001}},{"type":"Feature","id":89,"geometry":{"type":"Point","coordinates":[-85.66280016965348,38.100195718113326]},"properties":{"OBJECTID":89,"ROADNAME":"CHARLESWOOD RD","CID":73,"CROSSTYPE":"SCHOOL","CROSSST":"CAPEWOOD DR","ATTRACT":"LAUKHUF ELEMENTARY","ATTRACTADD":"5100 CAPEWOOD DR","STATUS":"EXISTING","MILEPOINT":null,"AIDTYPE":"NONE","HVCROSS":"YES","PEDREF":"NA","CURBEXT":"NO","DELPOST":"NO","TARC":"NO","GUARD":"YES","AADT":null,"AADTSO":"NOT AVAILABLE","AADTYR":null,"COUNDIST":23,"COUNDIST1":null,"RWCOMPKEY":12467,"DIR":" ","STRNAME":"CHARLESWOOD","TYPE":"RD","SPEED":25,"ONE_WAY":"N","MUNI_NAME":"LOUISVILLE","MAIN_DIST":"WEST","OWNER_ABRV":"METR","MAIN_RESP":"METRO","CLASS_ABRV":"LOCAL","ROUTE_LBL":" ","POINT_X":-85.662795320000001,"POINT_Y":38.100188449999997}},{"type":"Feature","id":90,"geometry":{"type":"Point","coordinates":[-85.864548948933532,38.140967819484821]},"properties":{"OBJECTID":90,"ROADNAME":"COLUMBINE DR","CID":81,"CROSSTYPE":"SCHOOL","CROSSST":"MID-BLOCK","ATTRACT":"ST ANDREW ACADEMY","ATTRACTADD":"7724 COLUMBINE DR","STATUS":"REMOVED","MILEPOINT":null,"AIDTYPE":"NONE","HVCROSS":"YES","PEDREF":"NA","CURBEXT":"NO","DELPOST":"NO","TARC":"NO","GUARD":"YES","AADT":null,"AADTSO":"NOT AVAILABLE","AADTYR":null,"COUNDIST":14,"COUNDIST1":null,"RWCOMPKEY":27710,"DIR":" ","STRNAME":"COLUMBINE","TYPE":"DR","SPEED":25,"ONE_WAY":"N","MUNI_NAME":"LOUISVILLE","MAIN_DIST":"WEST","OWNER_ABRV":"METR","MAIN_RESP":"METRO","CLASS_ABRV":"LOCAL","ROUTE_LBL":" ","POINT_X":-85.864544039999998,"POINT_Y":38.140960550000003}},{"type":"Feature","id":91,"geometry":{"type":"Point","coordinates":[-85.838112668531039,38.163510364010484]},"properties":{"OBJECTID":91,"ROADNAME":"DOYLE DR","CID":93,"CROSSTYPE":"SCHOOL","CROSSST":"POWDER HORN DR","ATTRACT":"KERRICK ELEMENTARY","ATTRACTADD":"2210 UPPER HUNTERS TRACE","STATUS":"EXISTING","MILEPOINT":null,"AIDTYPE":"NONE","HVCROSS":"YES","PEDREF":"NA","CURBEXT":"NO","DELPOST":"NO","TARC":"NO","GUARD":"YES","AADT":null,"AADTSO":"NOT AVAILABLE","AADTYR":null,"COUNDIST":12,"COUNDIST1":null,"RWCOMPKEY":27301,"DIR":" ","STRNAME":"DOYLE","TYPE":"DR","SPEED":25,"ONE_WAY":"N","MUNI_NAME":"LOUISVILLE","MAIN_DIST":"WEST","OWNER_ABRV":"METR","MAIN_RESP":"METRO","CLASS_ABRV":"LOCAL","ROUTE_LBL":" ","POINT_X":-85.838107769999993,"POINT_Y":38.163503089999999}},{"type":"Feature","id":92,"geometry":{"type":"Point","coordinates":[-85.838615880744371,38.165321855452312]},"properties":{"OBJECTID":92,"ROADNAME":"DOYLE DR","CID":94,"CROSSTYPE":"SCHOOL","CROSSST":"CARMACK CT","ATTRACT":"KERRICK ELEMENTARY","ATTRACTADD":"2210 UPPER HUNTERS TRACE","STATUS":"EXISTING","MILEPOINT":null,"AIDTYPE":"NONE","HVCROSS":"YES","PEDREF":"NA","CURBEXT":"NO","DELPOST":"NO","TARC":"NO","GUARD":"NO","AADT":null,"AADTSO":"NOT AVAILABLE","AADTYR":null,"COUNDIST":12,"COUNDIST1":null,"RWCOMPKEY":27301,"DIR":" ","STRNAME":"DOYLE","TYPE":"DR","SPEED":25,"ONE_WAY":"N","MUNI_NAME":"LOUISVILLE","MAIN_DIST":"WEST","OWNER_ABRV":"METR","MAIN_RESP":"METRO","CLASS_ABRV":"LOCAL","ROUTE_LBL":" ","POINT_X":-85.838610979999999,"POINT_Y":38.16531458}},{"type":"Feature","id":93,"geometry":{"type":"Point","coordinates":[-85.693367465959952,38.223591946725627]},"properties":{"OBJECTID":93,"ROADNAME":"DUNDEE RD","CID":98,"CROSSTYPE":"PEDESTRIAN","CROSSST":"HARVARD DR","ATTRACT":null,"ATTRACTADD":null,"STATUS":"EXISTING","MILEPOINT":null,"AIDTYPE":"NONE","HVCROSS":"NO","PEDREF":"NA","CURBEXT":"NO","DELPOST":"NO","TARC":"NO","GUARD":"NA","AADT":2300,"AADTSO":"LMPW","AADTYR":2015,"COUNDIST":8,"COUNDIST1":null,"RWCOMPKEY":18319,"DIR":" ","STRNAME":"DUNDEE","TYPE":"RD","SPEED":25,"ONE_WAY":"N","MUNI_NAME":"LOUISVILLE","MAIN_DIST":"EAST","OWNER_ABRV":"METR","MAIN_RESP":"METRO","CLASS_ABRV":"LOCAL","ROUTE_LBL":" ","POINT_X":-85.6933626,"POINT_Y":38.22358466}},{"type":"Feature","id":94,"geometry":{"type":"Point","coordinates":[-85.849680908240771,38.109910027915177]},"properties":{"OBJECTID":94,"ROADNAME":"EAST AVE","CID":99,"CROSSTYPE":"SCHOOL","CROSSST":"MID DR","ATTRACT":"LAYNE ELEMENTARY","ATTRACTADD":"9831 EAST AVE","STATUS":"EXISTING","MILEPOINT":null,"AIDTYPE":"NONE","HVCROSS":"YES","PEDREF":"NA","CURBEXT":"NO","DELPOST":"NO","TARC":"NO","GUARD":"YES","AADT":null,"AADTSO":"NOT AVAILABLE","AADTYR":null,"COUNDIST":12,"COUNDIST1":null,"RWCOMPKEY":28303,"DIR":" ","STRNAME":"EAST","TYPE":"AVE","SPEED":25,"ONE_WAY":"N","MUNI_NAME":"LOUISVILLE","MAIN_DIST":"WEST","OWNER_ABRV":"METR","MAIN_RESP":"METRO","CLASS_ABRV":"LOCAL","ROUTE_LBL":" ","POINT_X":-85.849676009999996,"POINT_Y":38.109902769999998}},{"type":"Feature","id":95,"geometry":{"type":"Point","coordinates":[-85.853559152744737,38.158539051655573]},"properties":{"OBJECTID":95,"ROADNAME":"GABRIEL DR","CID":111,"CROSSTYPE":"SCHOOL","CROSSST":"MERCURY DR","ATTRACT":"SHACKLETTE ELEMENTARY","ATTRACTADD":"5310 MERCURY DR","STATUS":"EXISTING","MILEPOINT":null,"AIDTYPE":"NONE","HVCROSS":"YES","PEDREF":"NA","CURBEXT":"NO","DELPOST":"NO","TARC":"NO","GUARD":"YES","AADT":null,"AADTSO":"NOT AVAILABLE","AADTYR":null,"COUNDIST":12,"COUNDIST1":null,"RWCOMPKEY":27381,"DIR":" ","STRNAME":"GABRIEL","TYPE":"DR","SPEED":25,"ONE_WAY":"N","MUNI_NAME":"LOUISVILLE","MAIN_DIST":"WEST","OWNER_ABRV":"METR","MAIN_RESP":"METRO","CLASS_ABRV":"LOCAL","ROUTE_LBL":" ","POINT_X":-85.853554250000002,"POINT_Y":38.158531779999997}},{"type":"Feature","id":96,"geometry":{"type":"Point","coordinates":[-85.780743078354689,38.238647371423468]},"properties":{"OBJECTID":96,"ROADNAME":"GALLAGHER ST","CID":114,"CROSSTYPE":"PEDESTRIAN","CROSSST":"S 16TH ST","ATTRACT":"CALIFORNIA PARK AND COMMUNITY CENTER","ATTRACTADD":"1600 W ST CATHERINE ST","STATUS":"EXISTING","MILEPOINT":null,"AIDTYPE":"NONE","HVCROSS":"YES","PEDREF":"NA","CURBEXT":"NO","DELPOST":"NO","TARC":"NO","GUARD":"NA","AADT":null,"AADTSO":"NOT AVAILABLE","AADTYR":null,"COUNDIST":4,"COUNDIST1":null,"RWCOMPKEY":16930,"DIR":" ","STRNAME":"GALLAGHER","TYPE":"ST","SPEED":25,"ONE_WAY":"N","MUNI_NAME":"LOUISVILLE","MAIN_DIST":"WEST","OWNER_ABRV":"METR","MAIN_RESP":"METRO","CLASS_ABRV":"LOCAL","ROUTE_LBL":" ","POINT_X":-85.780738189999994,"POINT_Y":38.238640080000003}},{"type":"Feature","id":97,"geometry":{"type":"Point","coordinates":[-85.665153027583287,38.176355007480673]},"properties":{"OBJECTID":97,"ROADNAME":"GARDEN GREEN WAY","CID":115,"CROSSTYPE":"SCHOOL","CROSSST":"GENERAL LN","ATTRACT":"PRICE ELEMENTARY","ATTRACTADD":"5001 GARDEN GREEN WAY","STATUS":"EXISTING","MILEPOINT":null,"AIDTYPE":"NONE","HVCROSS":"YES","PEDREF":"NA","CURBEXT":"NO","DELPOST":"NO","TARC":"YES","GUARD":"YES","AADT":null,"AADTSO":"NOT AVAILABLE","AADTYR":null,"COUNDIST":2,"COUNDIST1":null,"RWCOMPKEY":10482,"DIR":" ","STRNAME":"GARDEN GREEN","TYPE":"WAY","SPEED":25,"ONE_WAY":"N","MUNI_NAME":"LOUISVILLE","MAIN_DIST":"EAST","OWNER_ABRV":"METR","MAIN_RESP":"METRO","CLASS_ABRV":"LOCAL","ROUTE_LBL":" ","POINT_X":-85.665148169999995,"POINT_Y":38.176347730000003}},{"type":"Feature","id":98,"geometry":{"type":"Point","coordinates":[-85.763908477882538,38.224888727801726]},"properties":{"OBJECTID":98,"ROADNAME":"W GAULBERT AVE","CID":118,"CROSSTYPE":"SCHOOL","CROSSST":"S 5TH ST","ATTRACT":"COCHRAN ELEMENTARY","ATTRACTADD":"500 W GAULBERT AVE","STATUS":"EXISTING","MILEPOINT":null,"AIDTYPE":"NONE","HVCROSS":"YES","PEDREF":"NA","CURBEXT":"NO","DELPOST":"NO","TARC":"NO","GUARD":"YES","AADT":1500,"AADTSO":"LMPW","AADTYR":2015,"COUNDIST":6,"COUNDIST1":null,"RWCOMPKEY":18036,"DIR":"W","STRNAME":"GAULBERT","TYPE":"AVE","SPEED":25,"ONE_WAY":"N","MUNI_NAME":"LOUISVILLE","MAIN_DIST":"WEST","OWNER_ABRV":"METR","MAIN_RESP":"METRO","CLASS_ABRV":"LOCAL","ROUTE_LBL":" ","POINT_X":-85.763903589999998,"POINT_Y":38.224881439999997}},{"type":"Feature","id":99,"geometry":{"type":"Point","coordinates":[-85.739760921465873,38.221943005261089]},"properties":{"OBJECTID":99,"ROADNAME":"HICKORY ST","CID":134,"CROSSTYPE":"PEDESTRIAN","CROSSST":"SYLVIA ST","ATTRACT":"EMERSON PARK","ATTRACTADD":"1100 SYLVIA ST","STATUS":"EXISTING","MILEPOINT":null,"AIDTYPE":"NONE","HVCROSS":"NO","PEDREF":"NA","CURBEXT":"NO","DELPOST":"NO","TARC":"NO","GUARD":"NA","AADT":null,"AADTSO":"NOT AVAILABLE","AADTYR":null,"COUNDIST":15,"COUNDIST1":null,"RWCOMPKEY":18352,"DIR":" ","STRNAME":"HICKORY","TYPE":"ST","SPEED":25,"ONE_WAY":"N","MUNI_NAME":"LOUISVILLE","MAIN_DIST":"EAST","OWNER_ABRV":"METR","MAIN_RESP":"METRO","CLASS_ABRV":"LOCAL","ROUTE_LBL":" ","POINT_X":-85.739756040000003,"POINT_Y":38.221935719999998}},{"type":"Feature","id":100,"geometry":{"type":"Point","coordinates":[-85.778310355215368,38.207046163110618]},"properties":{"OBJECTID":100,"ROADNAME":"LARCHMONT AVE","CID":148,"CROSSTYPE":"SCHOOL","CROSSST":"MONTANA AVE","ATTRACT":"FRAYSER ELEMENTARY","ATTRACTADD":"1230 LARCHMONT AVE","STATUS":"EXISTING","MILEPOINT":null,"AIDTYPE":"SPEED HUMPS","HVCROSS":"YES","PEDREF":"NA","CURBEXT":"NO","DELPOST":"NO","TARC":"NO","GUARD":"NO","AADT":null,"AADTSO":"NOT AVAILABLE","AADTYR":null,"COUNDIST":3,"COUNDIST1":null,"RWCOMPKEY":19366,"DIR":" ","STRNAME":"LARCHMONT","TYPE":"AVE","SPEED":25,"ONE_WAY":"N","MUNI_NAME":"LOUISVILLE","MAIN_DIST":"WEST","OWNER_ABRV":"METR","MAIN_RESP":"METRO","CLASS_ABRV":"LOCAL","ROUTE_LBL":" ","POINT_X":-85.778305470000006,"POINT_Y":38.207038879999999}},{"type":"Feature","id":101,"geometry":{"type":"Point","coordinates":[-85.76412351038438,38.223581303481183]},"properties":{"OBJECTID":101,"ROADNAME":"W LEE ST","CID":149,"CROSSTYPE":"SCHOOL","CROSSST":"S 5TH ST","ATTRACT":"COCHRAN ELEMENTARY","ATTRACTADD":"500 W GAULBERT AVE","STATUS":"EXISTING","MILEPOINT":null,"AIDTYPE":"NONE","HVCROSS":"YES","PEDREF":"NA","CURBEXT":"NO","DELPOST":"NO","TARC":"NO","GUARD":"YES","AADT":4300,"AADTSO":"LMPW","AADTYR":2010,"COUNDIST":6,"COUNDIST1":null,"RWCOMPKEY":18149,"DIR":"W","STRNAME":"LEE","TYPE":"ST","SPEED":25,"ONE_WAY":"N","MUNI_NAME":"LOUISVILLE","MAIN_DIST":"WEST","OWNER_ABRV":"METR","MAIN_RESP":"METRO","CLASS_ABRV":"LOCAL","ROUTE_LBL":" ","POINT_X":-85.764118620000005,"POINT_Y":38.223574020000001}},{"type":"Feature","id":102,"geometry":{"type":"Point","coordinates":[-85.763247438240697,38.229327180110182]},"properties":{"OBJECTID":102,"ROADNAME":"W MAGNOLIA AVE","CID":159,"CROSSTYPE":"PEDESTRIAN","CROSSST":"ST JAMES CT","ATTRACT":"CENTRAL PARK","ATTRACTADD":"1340 S 4TH ST","STATUS":"EXISTING","MILEPOINT":null,"AIDTYPE":"NONE","HVCROSS":"NO","PEDREF":"NA","CURBEXT":"NO","DELPOST":"NO","TARC":"NO","GUARD":"NA","AADT":null,"AADTSO":"NOT AVAILABLE","AADTYR":null,"COUNDIST":6,"COUNDIST1":null,"RWCOMPKEY":17620,"DIR":"W","STRNAME":"MAGNOLIA","TYPE":"AVE","SPEED":25,"ONE_WAY":"N","MUNI_NAME":"LOUISVILLE","MAIN_DIST":"WEST","OWNER_ABRV":"METR","MAIN_RESP":"METROCTR","CLASS_ABRV":"LOCAL","ROUTE_LBL":" ","POINT_X":-85.763242550000001,"POINT_Y":38.229319889999999}},{"type":"Feature","id":103,"geometry":{"type":"Point","coordinates":[-85.787697049005658,38.247129732945972]},"properties":{"OBJECTID":103,"ROADNAME":"MAPLE ST","CID":160,"CROSSTYPE":"PEDESTRIAN","CROSSST":"MID-BLOCK","ATTRACT":"BROWN-FORMAN SHIPPING DEPT","ATTRACTADD":"2112 MAPLE ST","STATUS":"EXISTING","MILEPOINT":null,"AIDTYPE":"NONE","HVCROSS":"YES","PEDREF":"NA","CURBEXT":"NO","DELPOST":"NO","TARC":"YES","GUARD":"NA","AADT":null,"AADTSO":"NOT AVAILABLE","AADTYR":null,"COUNDIST":4,"COUNDIST1":null,"RWCOMPKEY":16258,"DIR":" ","STRNAME":"MAPLE","TYPE":"ST","SPEED":25,"ONE_WAY":"N","MUNI_NAME":"LOUISVILLE","MAIN_DIST":"WEST","OWNER_ABRV":"METR","MAIN_RESP":"METRO","CLASS_ABRV":"LOCAL","ROUTE_LBL":" ","POINT_X":-85.787692149999998,"POINT_Y":38.247122439999998}},{"type":"Feature","id":104,"geometry":{"type":"Point","coordinates":[-85.575099489602422,38.167558374886312]},"properties":{"OBJECTID":104,"ROADNAME":"MARY DELL LN","CID":164,"CROSSTYPE":"SCHOOL","CROSSST":"CYNTHIA DR","ATTRACT":"WHEELER ELEMENTARY","ATTRACTADD":"5700 CYNTHIA DR","STATUS":"EXISTING","MILEPOINT":null,"AIDTYPE":"NONE","HVCROSS":"YES","PEDREF":"NA","CURBEXT":"NO","DELPOST":"NO","TARC":"NO","GUARD":"YES","AADT":1600,"AADTSO":"LMPW","AADTYR":2010,"COUNDIST":20,"COUNDIST1":null,"RWCOMPKEY":12799,"DIR":" ","STRNAME":"MARY DELL","TYPE":"LN","SPEED":25,"ONE_WAY":"N","MUNI_NAME":"LOUISVILLE","MAIN_DIST":"EAST","OWNER_ABRV":"METR","MAIN_RESP":"METRO","CLASS_ABRV":"LOCAL","ROUTE_LBL":" ","POINT_X":-85.575094660000005,"POINT_Y":38.167551090000003}},{"type":"Feature","id":105,"geometry":{"type":"Point","coordinates":[-85.564505394367444,38.329236673006548]},"properties":{"OBJECTID":105,"ROADNAME":"MONKSHOOD DR","CID":168,"CROSSTYPE":"SCHOOL","CROSSST":"MAYAPPLE ST","ATTRACT":"NORTON COMMONS ELEMENTARY","ATTRACTADD":"10941 KINGS CROWN DR","STATUS":"EXISTING","MILEPOINT":null,"AIDTYPE":"NONE","HVCROSS":"YES","PEDREF":"NA","CURBEXT":"NO","DELPOST":"NO","TARC":"NO","GUARD":"NO","AADT":null,"AADTSO":"NOT AVAILABLE","AADTYR":null,"COUNDIST":16,"COUNDIST1":null,"RWCOMPKEY":36855,"DIR":" ","STRNAME":"MONKSHOOD","TYPE":"DR","SPEED":25,"ONE_WAY":"N","MUNI_NAME":"LOUISVILLE","MAIN_DIST":"EAST","OWNER_ABRV":"METR","MAIN_RESP":"METRO","CLASS_ABRV":"LOCAL","ROUTE_LBL":" ","POINT_X":-85.564500559999999,"POINT_Y":38.329229359999999}},{"type":"Feature","id":106,"geometry":{"type":"Point","coordinates":[-85.572490706298467,38.312595760770662]},"properties":{"OBJECTID":106,"ROADNAME":"NORTON HEALTHCARE BLVD","CID":177,"CROSSTYPE":"PEDESTRIAN","CROSSST":"NORTON HEALTHCARE BLVD","ATTRACT":"OLD BROWNSBORO CROSSING","ATTRACTADD":null,"STATUS":"CONVERTED","MILEPOINT":null,"AIDTYPE":"NONE","HVCROSS":"YES","PEDREF":"NO","CURBEXT":"NO","DELPOST":"NO","TARC":"YES","GUARD":"NA","AADT":21300,"AADTSO":"LMPW","AADTYR":2017,"COUNDIST":17,"COUNDIST1":null,"RWCOMPKEY":32848,"DIR":" ","STRNAME":"NORTON HEALTHCARE","TYPE":"BLVD","SPEED":25,"ONE_WAY":"N","MUNI_NAME":"LOUISVILLE","MAIN_DIST":"EAST","OWNER_ABRV":"METR","MAIN_RESP":"METRO","CLASS_ABRV":"LOCAL","ROUTE_LBL":" ","POINT_X":-85.572485869999994,"POINT_Y":38.31258845}},{"type":"Feature","id":107,"geometry":{"type":"Point","coordinates":[-85.48677368884735,38.1902820500544]},"properties":{"OBJECTID":107,"ROADNAME":"S POPE LICK RD","CID":195,"CROSSTYPE":"BIKE/PED","CROSSST":"MID-BLOCK","ATTRACT":"LOUISVILLE LOOP - PARKLANDS AT FLOYDS FORK","ATTRACTADD":null,"STATUS":"EXISTING","MILEPOINT":null,"AIDTYPE":"NONE","HVCROSS":"YES","PEDREF":"NA","CURBEXT":"NO","DELPOST":"NO","TARC":"NO","GUARD":"NA","AADT":1100,"AADTSO":"LMPW","AADTYR":2018,"COUNDIST":20,"COUNDIST1":null,"RWCOMPKEY":36329,"DIR":"S","STRNAME":"POPE LICK","TYPE":"RD","SPEED":25,"ONE_WAY":"N","MUNI_NAME":"LOUISVILLE","MAIN_DIST":"EAST","OWNER_ABRV":"METR","MAIN_RESP":"METRO","CLASS_ABRV":"LOCAL","ROUTE_LBL":" ","POINT_X":-85.486768889999993,"POINT_Y":38.190274760000001}},{"type":"Feature","id":108,"geometry":{"type":"Point","coordinates":[-85.486515589179859,38.188785253194858]},"properties":{"OBJECTID":108,"ROADNAME":"S POPE LICK RD","CID":196,"CROSSTYPE":"BIKE/PED","CROSSST":"OLD TAYLORSVILLE RD","ATTRACT":"LOUISVILLE LOOP - PARKLANDS AT FLOYDS FORK","ATTRACTADD":null,"STATUS":"EXISTING","MILEPOINT":null,"AIDTYPE":"NONE","HVCROSS":"YES","PEDREF":"NA","CURBEXT":"NO","DELPOST":"NO","TARC":"NO","GUARD":"NA","AADT":1100,"AADTSO":"LMPW","AADTYR":2018,"COUNDIST":20,"COUNDIST1":null,"RWCOMPKEY":36329,"DIR":"S","STRNAME":"POPE LICK","TYPE":"RD","SPEED":25,"ONE_WAY":"N","MUNI_NAME":"LOUISVILLE","MAIN_DIST":"EAST","OWNER_ABRV":"METR","MAIN_RESP":"METRO","CLASS_ABRV":"LOCAL","ROUTE_LBL":" ","POINT_X":-85.486510789999997,"POINT_Y":38.188777960000003}},{"type":"Feature","id":109,"geometry":{"type":"Point","coordinates":[-85.641281802176252,38.10396494925935]},"properties":{"OBJECTID":109,"ROADNAME":"PRICE LANE RD","CID":204,"CROSSTYPE":"SCHOOL","CROSSST":"MCNEELY LAKE DR","ATTRACT":"WILT ELEMENTARY","ATTRACTADD":"6700 PRICE LN RD","STATUS":"EXISTING","MILEPOINT":null,"AIDTYPE":"NONE","HVCROSS":"YES","PEDREF":"NA","CURBEXT":"NO","DELPOST":"NO","TARC":"NO","GUARD":"YES","AADT":null,"AADTSO":"NOT AVAILABLE","AADTYR":null,"COUNDIST":23,"COUNDIST1":null,"RWCOMPKEY":13068,"DIR":" ","STRNAME":"PRICE LANE","TYPE":"RD","SPEED":25,"ONE_WAY":"N","MUNI_NAME":"LOUISVILLE","MAIN_DIST":"WEST","OWNER_ABRV":"METR","MAIN_RESP":"METRO","CLASS_ABRV":"LOCAL","ROUTE_LBL":" ","POINT_X":-85.641276959999999,"POINT_Y":38.103957680000001}},{"type":"Feature","id":110,"geometry":{"type":"Point","coordinates":[-85.744558732244187,38.222301025893181]},"properties":{"OBJECTID":110,"ROADNAME":"RAWLINGS ST","CID":207,"CROSSTYPE":"SCHOOL","CROSSST":"ZIEGLER ST","ATTRACT":"SHELBY TRADITIONAL ACADEMY","ATTRACTADD":"735 ZIEGLER ST","STATUS":"EXISTING","MILEPOINT":null,"AIDTYPE":"NONE","HVCROSS":"YES","PEDREF":"NA","CURBEXT":"NO","DELPOST":"NO","TARC":"NO","GUARD":"YES","AADT":null,"AADTSO":"NOT AVAILABLE","AADTYR":null,"COUNDIST":15,"COUNDIST1":null,"RWCOMPKEY":21003,"DIR":" ","STRNAME":"ZIEGLER","TYPE":"ST","SPEED":25,"ONE_WAY":"N","MUNI_NAME":"LOUISVILLE","MAIN_DIST":"EAST","OWNER_ABRV":"METR","MAIN_RESP":"METRO","CLASS_ABRV":"LOCAL","ROUTE_LBL":" ","POINT_X":-85.744553850000003,"POINT_Y":38.222293739999998}},{"type":"Feature","id":111,"geometry":{"type":"Point","coordinates":[-85.628487270752061,38.190028588834458]},"properties":{"OBJECTID":111,"ROADNAME":"REDDING RD","CID":208,"CROSSTYPE":"SCHOOL","CROSSST":"FREDERICA DR","ATTRACT":"WATTERSON ELEMENTARY","ATTRACTADD":"3900 BRECKENRIDGE LN","STATUS":"EXISTING","MILEPOINT":null,"AIDTYPE":"NONE","HVCROSS":"YES","PEDREF":"NA","CURBEXT":"NO","DELPOST":"NO","TARC":"NO","GUARD":"YES","AADT":null,"AADTSO":"NOT AVAILABLE","AADTYR":null,"COUNDIST":10,"COUNDIST1":null,"RWCOMPKEY":13804,"DIR":" ","STRNAME":"REDDING","TYPE":"RD","SPEED":25,"ONE_WAY":"N","MUNI_NAME":"LOUISVILLE","MAIN_DIST":"EAST","OWNER_ABRV":"METR","MAIN_RESP":"METRO","CLASS_ABRV":"LOCAL","ROUTE_LBL":" ","POINT_X":-85.628482430000005,"POINT_Y":38.190021299999998}},{"type":"Feature","id":112,"geometry":{"type":"Point","coordinates":[-85.705891651186292,38.222924520946364]},"properties":{"OBJECTID":112,"ROADNAME":"RICHMOND DR","CID":209,"CROSSTYPE":"SCHOOL","CROSSST":"MID-BLOCK","ATTRACT":"HIGHLAND MIDDLE","ATTRACTADD":"1700 NORRIS PL","STATUS":"EXISTING","MILEPOINT":null,"AIDTYPE":"NONE","HVCROSS":"YES","PEDREF":"NA","CURBEXT":"NO","DELPOST":"NO","TARC":"NO","GUARD":"NO","AADT":2200,"AADTSO":"LMPW","AADTYR":2017,"COUNDIST":8,"COUNDIST1":null,"RWCOMPKEY":18500,"DIR":" ","STRNAME":"RICHMOND","TYPE":"DR","SPEED":25,"ONE_WAY":"N","MUNI_NAME":"LOUISVILLE","MAIN_DIST":"EAST","OWNER_ABRV":"METR","MAIN_RESP":"METRO","CLASS_ABRV":"LOCAL","ROUTE_LBL":" ","POINT_X":-85.70588678,"POINT_Y":38.22291723}},{"type":"Feature","id":113,"geometry":{"type":"Point","coordinates":[-85.668411713125593,38.165850649296878]},"properties":{"OBJECTID":113,"ROADNAME":"RIDGECREST RD","CID":210,"CROSSTYPE":"SCHOOL","CROSSST":"RUSSETT BLVD","ATTRACT":"RANGELAND ELEMENTARY","ATTRACTADD":"1701 RANGELAND RD","STATUS":"EXISTING","MILEPOINT":null,"AIDTYPE":"NONE","HVCROSS":"NO","PEDREF":"NA","CURBEXT":"NO","DELPOST":"NO","TARC":"NO","GUARD":"YES","AADT":2300,"AADTSO":"LMPW","AADTYR":2017,"COUNDIST":2,"COUNDIST1":null,"RWCOMPKEY":10810,"DIR":" ","STRNAME":"RIDGECREST","TYPE":"RD","SPEED":25,"ONE_WAY":"N","MUNI_NAME":"LOUISVILLE","MAIN_DIST":"EAST","OWNER_ABRV":"METR","MAIN_RESP":"METRO","CLASS_ABRV":"LOCAL","ROUTE_LBL":" ","POINT_X":-85.668406860000005,"POINT_Y":38.165843369999997}},{"type":"Feature","id":114,"geometry":{"type":"Point","coordinates":[-85.787668922837256,38.26145674229128]},"properties":{"OBJECTID":114,"ROADNAME":"ROWAN ST","CID":217,"CROSSTYPE":"SCHOOL","CROSSST":"N 23RD ST","ATTRACT":"WESTERN MIDDLE","ATTRACTADD":"2201 W MAIN ST","STATUS":"EXISTING","MILEPOINT":null,"AIDTYPE":"NONE","HVCROSS":"YES","PEDREF":"NA","CURBEXT":"NO","DELPOST":"NO","TARC":"NO","GUARD":"NO","AADT":null,"AADTSO":"NOT AVAILABLE","AADTYR":null,"COUNDIST":5,"COUNDIST1":null,"RWCOMPKEY":14915,"DIR":" ","STRNAME":"ROWAN","TYPE":"ST","SPEED":25,"ONE_WAY":"N","MUNI_NAME":"LOUISVILLE","MAIN_DIST":"WEST","OWNER_ABRV":"METR","MAIN_RESP":"METRO","CLASS_ABRV":"LOCAL","ROUTE_LBL":" ","POINT_X":-85.787664030000002,"POINT_Y":38.261449450000001}},{"type":"Feature","id":115,"geometry":{"type":"Point","coordinates":[-85.79884000064925,38.262693862554343]},"properties":{"OBJECTID":115,"ROADNAME":"ROWAN ST","CID":218,"CROSSTYPE":"PEDESTRIAN","CROSSST":"N 29TH ST","ATTRACT":"WESTONIA PARK","ATTRACTADD":"2900 ROWAN ST","STATUS":"EXISTING","MILEPOINT":null,"AIDTYPE":"NONE","HVCROSS":"YES","PEDREF":"NA","CURBEXT":"NO","DELPOST":"NO","TARC":"NO","GUARD":"NA","AADT":null,"AADTSO":"NOT AVAILABLE","AADTYR":null,"COUNDIST":5,"COUNDIST1":null,"RWCOMPKEY":14773,"DIR":" ","STRNAME":"ROWAN","TYPE":"ST","SPEED":25,"ONE_WAY":"N","MUNI_NAME":"LOUISVILLE","MAIN_DIST":"WEST","OWNER_ABRV":"METR","MAIN_RESP":"METRO","CLASS_ABRV":"LOCAL","ROUTE_LBL":" ","POINT_X":-85.798835100000005,"POINT_Y":38.26268657}},{"type":"Feature","id":116,"geometry":{"type":"Point","coordinates":[-85.697067837683051,38.225444318715397]},"properties":{"OBJECTID":116,"ROADNAME":"RUTHERFORD AVE","CID":219,"CROSSTYPE":"SCHOOL","CROSSST":"MID-BLOCK","ATTRACT":"ST FRANCIS OF ASSISI","ATTRACTADD":"1938 ALFRESCO PL","STATUS":"EXISTING","MILEPOINT":null,"AIDTYPE":"NONE","HVCROSS":"YES","PEDREF":"NA","CURBEXT":"NO","DELPOST":"NO","TARC":"NO","GUARD":"YES","AADT":null,"AADTSO":"NOT AVAILABLE","AADTYR":null,"COUNDIST":8,"COUNDIST1":null,"RWCOMPKEY":18198,"DIR":" ","STRNAME":"RUTHERFORD","TYPE":"AVE","SPEED":25,"ONE_WAY":"N","MUNI_NAME":"LOUISVILLE","MAIN_DIST":"EAST","OWNER_ABRV":"METR","MAIN_RESP":"METRO","CLASS_ABRV":"LOCAL","ROUTE_LBL":" ","POINT_X":-85.697062970000005,"POINT_Y":38.225437030000002}},{"type":"Feature","id":117,"geometry":{"type":"Point","coordinates":[-85.535012381922684,38.115668727417791]},"properties":{"OBJECTID":117,"ROADNAME":"TURKEY RUN PKY","CID":240,"CROSSTYPE":"BIKE/PED","CROSSST":"MID-BLOCK","ATTRACT":"LOUISVILLE LOOP - PARKLANDS AT FLOYDS FORK","ATTRACTADD":null,"STATUS":"EXISTING","MILEPOINT":null,"AIDTYPE":"NONE","HVCROSS":"YES","PEDREF":"NA","CURBEXT":"NO","DELPOST":"NO","TARC":"NO","GUARD":"NA","AADT":null,"AADTSO":"NOT AVAILABLE","AADTYR":null,"COUNDIST":20,"COUNDIST1":null,"RWCOMPKEY":13752,"DIR":" ","STRNAME":"TURKEY RUN","TYPE":"PKY","SPEED":25,"ONE_WAY":"N","MUNI_NAME":"LOUISVILLE","MAIN_DIST":"EAST","OWNER_ABRV":"METR","MAIN_RESP":"METRO","CLASS_ABRV":"LOCAL","ROUTE_LBL":" ","POINT_X":-85.535007570000005,"POINT_Y":38.115661449999998}},{"type":"Feature","id":118,"geometry":{"type":"Point","coordinates":[-85.677848495519385,38.217588351583046]},"properties":{"OBJECTID":118,"ROADNAME":"TYLER LN","CID":241,"CROSSTYPE":"SCHOOL","CROSSST":"MID-BLOCK","ATTRACT":"ASSUMPTION HIGH SCHOOL","ATTRACTADD":"2170 TYLER LN","STATUS":"EXISTING","MILEPOINT":null,"AIDTYPE":"NONE","HVCROSS":"YES","PEDREF":"NA","CURBEXT":"NO","DELPOST":"NO","TARC":"NO","GUARD":"NO","AADT":null,"AADTSO":"NOT AVAILABLE","AADTYR":null,"COUNDIST":8,"COUNDIST1":null,"RWCOMPKEY":18727,"DIR":" ","STRNAME":"TYLER","TYPE":"LN","SPEED":25,"ONE_WAY":"N","MUNI_NAME":"LOUISVILLE","MAIN_DIST":"EAST","OWNER_ABRV":"METR","MAIN_RESP":"METRO","CLASS_ABRV":"LOCAL","ROUTE_LBL":" ","POINT_X":-85.677843629999998,"POINT_Y":38.217581060000001}},{"type":"Feature","id":119,"geometry":{"type":"Point","coordinates":[-85.679713666478989,38.216547044058174]},"properties":{"OBJECTID":119,"ROADNAME":"TYLER LN","CID":242,"CROSSTYPE":"SCHOOL","CROSSST":"ELEANOR AVE","ATTRACT":"ASSUMPTION HIGH SCHOOL","ATTRACTADD":" 2134 TYLER LN","STATUS":"EXISTING","MILEPOINT":null,"AIDTYPE":"NONE","HVCROSS":"YES","PEDREF":"NA","CURBEXT":"NO","DELPOST":"NO","TARC":"NO","GUARD":"YES","AADT":null,"AADTSO":"NOT AVAILABLE","AADTYR":null,"COUNDIST":8,"COUNDIST1":null,"RWCOMPKEY":18727,"DIR":" ","STRNAME":"ELEANOR","TYPE":"AVE","SPEED":25,"ONE_WAY":"N","MUNI_NAME":"LOUISVILLE","MAIN_DIST":"EAST","OWNER_ABRV":"METR","MAIN_RESP":"METRO","CLASS_ABRV":"LOCAL","ROUTE_LBL":" ","POINT_X":-85.679708809999994,"POINT_Y":38.216539760000003}},{"type":"Feature","id":120,"geometry":{"type":"Point","coordinates":[-85.78104985200396,38.208582895236177]},"properties":{"OBJECTID":120,"ROADNAME":"UTAH AVE","CID":244,"CROSSTYPE":"SCHOOL","CROSSST":"HOMEVIEW DR","ATTRACT":"FRAYSER ELEMENTARY","ATTRACTADD":"1230 LARCHMONT AVE","STATUS":"EXISTING","MILEPOINT":null,"AIDTYPE":"NONE","HVCROSS":"YES","PEDREF":"NA","CURBEXT":"NO","DELPOST":"NO","TARC":"NO","GUARD":"NO","AADT":null,"AADTSO":"NOT AVAILABLE","AADTYR":null,"COUNDIST":3,"COUNDIST1":null,"RWCOMPKEY":19282,"DIR":" ","STRNAME":"UTAH","TYPE":"AVE","SPEED":25,"ONE_WAY":"N","MUNI_NAME":"LOUISVILLE","MAIN_DIST":"WEST","OWNER_ABRV":"METR","MAIN_RESP":"METRO","CLASS_ABRV":"LOCAL","ROUTE_LBL":" ","POINT_X":-85.781044960000003,"POINT_Y":38.208575609999997}},{"type":"Feature","id":121,"geometry":{"type":"Point","coordinates":[-85.803234962728979,38.234292274703733]},"properties":{"OBJECTID":121,"ROADNAME":"WOODLAND AVE","CID":258,"CROSSTYPE":"SCHOOL","CROSSST":"HEMLOCK ST","ATTRACT":"MAUPIN ELEMENTARY","ATTRACTADD":"1312 CATALPA ST","STATUS":"EXISTING","MILEPOINT":null,"AIDTYPE":"NONE","HVCROSS":"YES","PEDREF":"NA","CURBEXT":"NO","DELPOST":"NO","TARC":"NO","GUARD":"NO","AADT":800,"AADTSO":"LMPW","AADTYR":2017,"COUNDIST":1,"COUNDIST1":null,"RWCOMPKEY":20214,"DIR":" ","STRNAME":"WOODLAND","TYPE":"AVE","SPEED":25,"ONE_WAY":"N","MUNI_NAME":"LOUISVILLE","MAIN_DIST":"WEST","OWNER_ABRV":"METR","MAIN_RESP":"METRO","CLASS_ABRV":"LOCAL","ROUTE_LBL":" ","POINT_X":-85.803230060000004,"POINT_Y":38.234284989999999}},{"type":"Feature","id":122,"geometry":{"type":"Point","coordinates":[-85.556972406238629,38.327034090201941]},"properties":{"OBJECTID":122,"ROADNAME":"WORTHINGTON LN","CID":260,"CROSSTYPE":"CART","CROSSST":"MID-BLOCK","ATTRACT":"GLENOAKS GOLF COURSE","ATTRACTADD":"10601 WORTHINGTON LN","STATUS":"EXISTING","MILEPOINT":null,"AIDTYPE":"NONE","HVCROSS":"NO","PEDREF":"NA","CURBEXT":"NO","DELPOST":"NO","TARC":"NO","GUARD":"NA","AADT":1200,"AADTSO":"LMPW","AADTYR":2019,"COUNDIST":16,"COUNDIST1":null,"RWCOMPKEY":8432,"DIR":" ","STRNAME":"WORTHINGTON","TYPE":"LN","SPEED":25,"ONE_WAY":"N","MUNI_NAME":"LOUISVILLE","MAIN_DIST":"EAST","OWNER_ABRV":"METR","MAIN_RESP":"METRO","CLASS_ABRV":"LOCAL","ROUTE_LBL":" ","POINT_X":-85.556967569999998,"POINT_Y":38.327026779999997}},{"type":"Feature","id":123,"geometry":{"type":"Point","coordinates":[-85.538534471127917,38.098357859339551]},"properties":{"OBJECTID":123,"ROADNAME":"BROAD RUN PKY","CID":54,"CROSSTYPE":"BIKE/PED","CROSSST":"MID-BLOCK","ATTRACT":"LOUISVILLE LOOP - PARKLANDS AT FLOYDS FORK","ATTRACTADD":null,"STATUS":"EXISTING","MILEPOINT":null,"AIDTYPE":"NONE","HVCROSS":"YES","PEDREF":"NA","CURBEXT":"NO","DELPOST":"NO","TARC":"NO","GUARD":"NA","AADT":null,"AADTSO":"NOT AVAILABLE","AADTYR":null,"COUNDIST":22,"COUNDIST1":null,"RWCOMPKEY":36380,"DIR":" ","STRNAME":"BROAD RUN","TYPE":"PKY","SPEED":25,"ONE_WAY":"N","MUNI_NAME":"LOUISVILLE","MAIN_DIST":"EAST","OWNER_ABRV":"PRIV","MAIN_RESP":"NON-METRO","CLASS_ABRV":"LOCAL","ROUTE_LBL":" ","POINT_X":-85.538529659999995,"POINT_Y":38.098350590000003}},{"type":"Feature","id":124,"geometry":{"type":"Point","coordinates":[-85.542556886832173,38.096967337377748]},"properties":{"OBJECTID":124,"ROADNAME":"BROAD RUN PKY","CID":55,"CROSSTYPE":"BIKE/PED","CROSSST":"MID-BLOCK","ATTRACT":"LOUISVILLE LOOP - PARKLANDS AT FLOYDS FORK","ATTRACTADD":null,"STATUS":"EXISTING","MILEPOINT":null,"AIDTYPE":"NONE","HVCROSS":"YES","PEDREF":"NA","CURBEXT":"NO","DELPOST":"NO","TARC":"NO","GUARD":"NA","AADT":null,"AADTSO":"NOT AVAILABLE","AADTYR":null,"COUNDIST":22,"COUNDIST1":null,"RWCOMPKEY":36380,"DIR":" ","STRNAME":"BROAD RUN","TYPE":"PKY","SPEED":25,"ONE_WAY":"N","MUNI_NAME":"LOUISVILLE","MAIN_DIST":"EAST","OWNER_ABRV":"PRIV","MAIN_RESP":"NON-METRO","CLASS_ABRV":"LOCAL","ROUTE_LBL":" ","POINT_X":-85.542552069999999,"POINT_Y":38.096960070000002}},{"type":"Feature","id":125,"geometry":{"type":"Point","coordinates":[-85.546580776326465,38.097021140090746]},"properties":{"OBJECTID":125,"ROADNAME":"BROAD RUN PKY","CID":56,"CROSSTYPE":"BIKE/PED","CROSSST":"MID-BLOCK","ATTRACT":"LOUISVILLE LOOP - PARKLANDS AT FLOYDS FORK","ATTRACTADD":null,"STATUS":"EXISTING","MILEPOINT":null,"AIDTYPE":"NONE","HVCROSS":"YES","PEDREF":"NA","CURBEXT":"NO","DELPOST":"NO","TARC":"NO","GUARD":"NA","AADT":null,"AADTSO":"NOT AVAILABLE","AADTYR":null,"COUNDIST":22,"COUNDIST1":null,"RWCOMPKEY":36380,"DIR":" ","STRNAME":"BROAD RUN","TYPE":"PKY","SPEED":25,"ONE_WAY":"N","MUNI_NAME":"LOUISVILLE","MAIN_DIST":"EAST","OWNER_ABRV":"PRIV","MAIN_RESP":"NON-METRO","CLASS_ABRV":"LOCAL","ROUTE_LBL":" ","POINT_X":-85.546575959999998,"POINT_Y":38.097013869999998}},{"type":"Feature","id":126,"geometry":{"type":"Point","coordinates":[-85.554773957615538,38.096114099979474]},"properties":{"OBJECTID":126,"ROADNAME":"BROAD RUN PKY","CID":57,"CROSSTYPE":"BIKE/PED","CROSSST":"MID-BLOCK","ATTRACT":"LOUISVILLE LOOP - PARKLANDS AT FLOYDS FORK","ATTRACTADD":null,"STATUS":"EXISTING","MILEPOINT":null,"AIDTYPE":"NONE","HVCROSS":"YES","PEDREF":"NA","CURBEXT":"NO","DELPOST":"NO","TARC":"NO","GUARD":"NA","AADT":null,"AADTSO":"NOT AVAILABLE","AADTYR":null,"COUNDIST":22,"COUNDIST1":null,"RWCOMPKEY":36380,"DIR":" ","STRNAME":"BROAD RUN","TYPE":"PKY","SPEED":25,"ONE_WAY":"N","MUNI_NAME":"LOUISVILLE","MAIN_DIST":"EAST","OWNER_ABRV":"PRIV","MAIN_RESP":"NON-METRO","CLASS_ABRV":"LOCAL","ROUTE_LBL":" ","POINT_X":-85.554769140000005,"POINT_Y":38.096106829999997}},{"type":"Feature","id":127,"geometry":{"type":"Point","coordinates":[-85.679208486787999,38.282015124759077]},"properties":{"OBJECTID":127,"ROADNAME":"COUNTRY CLUB RD","CID":83,"CROSSTYPE":"CART","CROSSST":"MID-BLOCK","ATTRACT":"LOUISVILLE COUNTRY CLUB","ATTRACTADD":"25 MOCKINGBIRD VALLEY TRL","STATUS":"EXISTING","MILEPOINT":null,"AIDTYPE":"NONE","HVCROSS":"NO","PEDREF":"NA","CURBEXT":"NO","DELPOST":"NO","TARC":"NO","GUARD":"NA","AADT":null,"AADTSO":"NOT AVAILABLE","AADTYR":null,"COUNDIST":16,"COUNDIST1":null,"RWCOMPKEY":14149,"DIR":" ","STRNAME":"COUNTRY CLUB","TYPE":"RD","SPEED":25,"ONE_WAY":"N","MUNI_NAME":"LOUISVILLE","MAIN_DIST":"EAST","OWNER_ABRV":"PRIV","MAIN_RESP":"NON-METRO","CLASS_ABRV":"LOCAL","ROUTE_LBL":" ","POINT_X":-85.679203619999996,"POINT_Y":38.282007819999997}},{"type":"Feature","id":128,"geometry":{"type":"Point","coordinates":[-85.89439816383944,38.0965167843027]},"properties":{"OBJECTID":128,"ROADNAME":"MOORMAN RD","CID":169,"CROSSTYPE":"BIKE/PED","CROSSST":"MID-BLOCK","ATTRACT":"LOUISVILLE LOOP","ATTRACTADD":null,"STATUS":"EXISTING","MILEPOINT":null,"AIDTYPE":"NONE","HVCROSS":"YES","PEDREF":"NA","CURBEXT":"NO","DELPOST":"NO","TARC":"NO","GUARD":"NA","AADT":2300,"AADTSO":"LMPW","AADTYR":2012,"COUNDIST":14,"COUNDIST1":null,"RWCOMPKEY":28541,"DIR":" ","STRNAME":"MOORMAN","TYPE":"RD","SPEED":25,"ONE_WAY":"N","MUNI_NAME":"LOUISVILLE","MAIN_DIST":"WEST","OWNER_ABRV":"PRIV","MAIN_RESP":"NON-METRO","CLASS_ABRV":"LOCAL","ROUTE_LBL":" ","POINT_X":-85.894393249999993,"POINT_Y":38.096509529999999}},{"type":"Feature","id":129,"geometry":{"type":"Point","coordinates":[-85.525620537515849,38.237630180874305]},"properties":{"OBJECTID":129,"ROADNAME":"SCARSDALE RD","CID":220,"CROSSTYPE":"SCHOOL","CROSSST":"MID-BLOCK","ATTRACT":"HITE ELEMENTARY","ATTRACTADD":"12408 OLD SHELBYVILLE RD","STATUS":"EXISTING","MILEPOINT":null,"AIDTYPE":"NONE","HVCROSS":"YES","PEDREF":"NA","CURBEXT":"NO","DELPOST":"NO","TARC":"NO","GUARD":"NO","AADT":null,"AADTSO":"NOT AVAILABLE","AADTYR":null,"COUNDIST":19,"COUNDIST1":null,"RWCOMPKEY":297,"DIR":" ","STRNAME":"SCARSDALE","TYPE":"RD","SPEED":25,"ONE_WAY":"N","MUNI_NAME":"WOODLAND HILLS","MAIN_DIST":"EAST","OWNER_ABRV":"WLHL","MAIN_RESP":"6TH CLASS CITY","CLASS_ABRV":"LOCAL","ROUTE_LBL":" ","POINT_X":-85.525615720000005,"POINT_Y":38.237622880000004}},{"type":"Feature","id":130,"geometry":{"type":"Point","coordinates":[-85.72971379587581,38.243945977679239]},"properties":{"OBJECTID":130,"ROADNAME":"E BROADWAY","CID":58,"CROSSTYPE":"PEDESTRIAN","CROSSST":"RUBEL AVE","ATTRACT":null,"ATTRACTADD":null,"STATUS":"EXISTING","MILEPOINT":3.9460000000000002,"AIDTYPE":"RRFB - SIDE MOUNTED","HVCROSS":"YES","PEDREF":"NA","CURBEXT":"NO","DELPOST":"NO","TARC":"YES","GUARD":"NA","AADT":10700,"AADTSO":"LMPW","AADTYR":2019,"COUNDIST":4,"COUNDIST1":8,"RWCOMPKEY":20360,"DIR":"E","STRNAME":"BROADWAY","TYPE":" ","SPEED":35,"ONE_WAY":"N","MUNI_NAME":"LOUISVILLE","MAIN_DIST":"EAST","OWNER_ABRV":"STAT","MAIN_RESP":"STATE","CLASS_ABRV":"MAJART","ROUTE_LBL":"US-150","POINT_X":-85.729708919999993,"POINT_Y":38.24393869}},{"type":"Feature","id":131,"geometry":{"type":"Point","coordinates":[-85.696403464329407,38.254209519668322]},"properties":{"OBJECTID":131,"ROADNAME":"FRANKFORT AVE","CID":108,"CROSSTYPE":"PEDESTRIAN","CROSSST":"S GALT AVE","ATTRACT":"TARC STOP","ATTRACTADD":null,"STATUS":"EXISTING","MILEPOINT":1.2950000000000002,"AIDTYPE":"NONE","HVCROSS":"YES","PEDREF":"NA","CURBEXT":"NO","DELPOST":"NO","TARC":"YES","GUARD":"NA","AADT":13600,"AADTSO":"LMPW","AADTYR":2015,"COUNDIST":9,"COUNDIST1":null,"RWCOMPKEY":20786,"DIR":" ","STRNAME":"FRANKFORT","TYPE":"AVE","SPEED":35,"ONE_WAY":"N","MUNI_NAME":"LOUISVILLE","MAIN_DIST":"EAST","OWNER_ABRV":"STAT","MAIN_RESP":"STATE","CLASS_ABRV":"MAJART","ROUTE_LBL":"US-60","POINT_X":-85.696398599999995,"POINT_Y":38.254202229999997}},{"type":"Feature","id":132,"geometry":{"type":"Point","coordinates":[-85.698002724485647,38.253998774161722]},"properties":{"OBJECTID":132,"ROADNAME":"FRANKFORT AVE","CID":109,"CROSSTYPE":"PEDESTRIAN","CROSSST":"S PETERSON AVE","ATTRACT":"TARC STOP","ATTRACTADD":null,"STATUS":"REMOVED","MILEPOINT":1.2130000000000001,"AIDTYPE":null,"HVCROSS":null,"PEDREF":null,"CURBEXT":null,"DELPOST":null,"TARC":null,"GUARD":null,"AADT":null,"AADTSO":null,"AADTYR":null,"COUNDIST":null,"COUNDIST1":null,"RWCOMPKEY":20797,"DIR":" ","STRNAME":"FRANKFORT","TYPE":"AVE","SPEED":35,"ONE_WAY":"N","MUNI_NAME":"LOUISVILLE","MAIN_DIST":"EAST","OWNER_ABRV":"STAT","MAIN_RESP":"STATE","CLASS_ABRV":"MAJART","ROUTE_LBL":"US-60","POINT_X":-85.698002720000005,"POINT_Y":38.253998770000003}},{"type":"Feature","id":133,"geometry":{"type":"Point","coordinates":[-85.690856942873268,38.254770814280434]},"properties":{"OBJECTID":133,"ROADNAME":"FRANKFORT AVE","CID":110,"CROSSTYPE":"PEDESTRIAN","CROSSST":"S BIRCHWOOD AVE","ATTRACT":"TARC STOP","ATTRACTADD":null,"STATUS":"REMOVED","MILEPOINT":1.5960000000000001,"AIDTYPE":"NONE","HVCROSS":null,"PEDREF":null,"CURBEXT":null,"DELPOST":null,"TARC":null,"GUARD":null,"AADT":null,"AADTSO":null,"AADTYR":null,"COUNDIST":null,"COUNDIST1":null,"RWCOMPKEY":20761,"DIR":" ","STRNAME":"FRANKFORT","TYPE":"AVE","SPEED":35,"ONE_WAY":"N","MUNI_NAME":"LOUISVILLE","MAIN_DIST":"EAST","OWNER_ABRV":"STAT","MAIN_RESP":"STATE","CLASS_ABRV":"MAJART","ROUTE_LBL":"US-60","POINT_X":-85.690856940000003,"POINT_Y":38.254770809999997}},{"type":"Feature","id":134,"geometry":{"type":"Point","coordinates":[-85.567426577431533,38.210890767003264]},"properties":{"OBJECTID":134,"ROADNAME":"PLANTSIDE DR","CID":192,"CROSSTYPE":"PEDESTRIAN","CROSSST":"MID-BLOCK","ATTRACT":"BLUEGRASS COMMERCE PARK","ATTRACTADD":null,"STATUS":"EXISTING","MILEPOINT":null,"AIDTYPE":"NONE","HVCROSS":"NO","PEDREF":"NO","CURBEXT":"NO","DELPOST":"NO","TARC":"NO","GUARD":"NA","AADT":null,"AADTSO":"NOT AVAILABLE","AADTYR":null,"COUNDIST":11,"COUNDIST1":null,"RWCOMPKEY":9271,"DIR":" ","STRNAME":"PLANTSIDE","TYPE":"DR","SPEED":25,"ONE_WAY":"N","MUNI_NAME":"JEFFERSONTOWN","MAIN_DIST":"EAST","OWNER_ABRV":"JEFF","MAIN_RESP":"2ND CLASS CITY","CLASS_ABRV":"MINART","ROUTE_LBL":" ","POINT_X":-85.567421749999994,"POINT_Y":38.21088348}},{"type":"Feature","id":135,"geometry":{"type":"Point","coordinates":[-85.574636152730506,38.219411921695603]},"properties":{"OBJECTID":135,"ROADNAME":"PLANTSIDE DR","CID":193,"CROSSTYPE":"PEDESTRIAN","CROSSST":"MID-BLOCK","ATTRACT":"BLUEGRASS COMMERCE PARK","ATTRACTADD":null,"STATUS":"EXISTING","MILEPOINT":null,"AIDTYPE":"NONE","HVCROSS":"YES","PEDREF":"NO","CURBEXT":"NO","DELPOST":"NO","TARC":"NO","GUARD":"NA","AADT":null,"AADTSO":"NOT AVAILABLE","AADTYR":null,"COUNDIST":11,"COUNDIST1":null,"RWCOMPKEY":9268,"DIR":" ","STRNAME":"PLANTSIDE","TYPE":"DR","SPEED":25,"ONE_WAY":"N","MUNI_NAME":"JEFFERSONTOWN","MAIN_DIST":"EAST","OWNER_ABRV":"JEFF","MAIN_RESP":"2ND CLASS CITY","CLASS_ABRV":"MINART","ROUTE_LBL":" ","POINT_X":-85.574631319999995,"POINT_Y":38.21940463}},{"type":"Feature","id":136,"geometry":{"type":"Point","coordinates":[-85.624947190444772,38.230598171141416]},"properties":{"OBJECTID":136,"ROADNAME":"BROWNS LN","CID":59,"CROSSTYPE":"SCHOOL","CROSSST":"LYNNBROOK DR","ATTRACT":"ASCENSION","ATTRACTADD":"4600 LYNNBROOK DR","STATUS":"EXISTING","MILEPOINT":null,"AIDTYPE":"NONE","HVCROSS":"YES","PEDREF":"NO","CURBEXT":"NO","DELPOST":"NO","TARC":"NO","GUARD":"NO","AADT":17600,"AADTSO":"KYTC","AADTYR":2016,"COUNDIST":18,"COUNDIST1":null,"RWCOMPKEY":4210,"DIR":" ","STRNAME":"BROWNS","TYPE":"LN","SPEED":35,"ONE_WAY":"N","MUNI_NAME":"LOUISVILLE","MAIN_DIST":"EAST","OWNER_ABRV":"METR","MAIN_RESP":"METROCTR","CLASS_ABRV":"MINART","ROUTE_LBL":" ","POINT_X":-85.624942340000004,"POINT_Y":38.230590880000001}},{"type":"Feature","id":137,"geometry":{"type":"Point","coordinates":[-85.740584592406634,38.223705141781714]},"properties":{"OBJECTID":137,"ROADNAME":"E BURNETT AVE","CID":66,"CROSSTYPE":"PEDESTRIAN","CROSSST":"HOERTZ AVE","ATTRACT":null,"ATTRACTADD":null,"STATUS":"EXISTING","MILEPOINT":null,"AIDTYPE":"NONE","HVCROSS":"NO","PEDREF":"NA","CURBEXT":"NO","DELPOST":"NO","TARC":"YES","GUARD":"NA","AADT":3200,"AADTSO":"LMPW","AADTYR":2013,"COUNDIST":15,"COUNDIST1":null,"RWCOMPKEY":18175,"DIR":"E","STRNAME":"BURNETT","TYPE":"AVE","SPEED":35,"ONE_WAY":"N","MUNI_NAME":"LOUISVILLE","MAIN_DIST":"EAST","OWNER_ABRV":"METR","MAIN_RESP":"METROCTR","CLASS_ABRV":"MINART","ROUTE_LBL":" ","POINT_X":-85.740579710000006,"POINT_Y":38.223697860000001}},{"type":"Feature","id":138,"geometry":{"type":"Point","coordinates":[-85.758046447477753,38.220225311473854]},"properties":{"OBJECTID":138,"ROADNAME":"W CARDINAL BLVD","CID":70,"CROSSTYPE":"SCHOOL","CROSSST":"S 1ST ST","ATTRACT":"DUPONT MANUAL HIGH SCHOOL","ATTRACTADD":"120 W LEE ST","STATUS":"EXISTING","MILEPOINT":null,"AIDTYPE":"NONE","HVCROSS":"NO","PEDREF":"NO","CURBEXT":"NO","DELPOST":"NO","TARC":"NO","GUARD":"YES","AADT":11500,"AADTSO":"KYTC","AADTYR":2017,"COUNDIST":6,"COUNDIST1":15,"RWCOMPKEY":18472,"DIR":"W","STRNAME":"CARDINAL","TYPE":"BLVD","SPEED":35,"ONE_WAY":"N","MUNI_NAME":"LOUISVILLE","MAIN_DIST":"WEST","OWNER_ABRV":"METR","MAIN_RESP":"METROCTR","CLASS_ABRV":"MINART","ROUTE_LBL":" ","POINT_X":-85.758041559999995,"POINT_Y":38.220218029999998}},{"type":"Feature","id":139,"geometry":{"type":"Point","coordinates":[-85.778812197182674,38.209689972989267]},"properties":{"OBJECTID":139,"ROADNAME":"CENTRAL AVE","CID":72,"CROSSTYPE":"SCHOOL","CROSSST":"UTAH AVE","ATTRACT":"FRAYSER ELEMENTARY","ATTRACTADD":"1230 LARCHMONT AVE","STATUS":"EXISTING","MILEPOINT":null,"AIDTYPE":"NONE","HVCROSS":"YES","PEDREF":"NA","CURBEXT":"NO","DELPOST":"NO","TARC":"YES","GUARD":"YES","AADT":6600,"AADTSO":"LMPW","AADTYR":2018,"COUNDIST":3,"COUNDIST1":null,"RWCOMPKEY":19170,"DIR":" ","STRNAME":"CENTRAL","TYPE":"AVE","SPEED":35,"ONE_WAY":"N","MUNI_NAME":"LOUISVILLE","MAIN_DIST":"WEST","OWNER_ABRV":"METR","MAIN_RESP":"METROCTR","CLASS_ABRV":"MINART","ROUTE_LBL":" ","POINT_X":-85.778807310000005,"POINT_Y":38.209682690000001}},{"type":"Feature","id":140,"geometry":{"type":"Point","coordinates":[-85.779501448194523,38.251333302743923]},"properties":{"OBJECTID":140,"ROADNAME":"W CHESTNUT ST","CID":77,"CROSSTYPE":"PEDESTRIAN","CROSSST":"S 17TH ST","ATTRACT":null,"ATTRACTADD":null,"STATUS":"EXISTING","MILEPOINT":null,"AIDTYPE":"NONE","HVCROSS":"YES","PEDREF":"NA","CURBEXT":"NO","DELPOST":"NO","TARC":"YES","GUARD":"NA","AADT":6200,"AADTSO":"LMPW","AADTYR":2013,"COUNDIST":4,"COUNDIST1":null,"RWCOMPKEY":15890,"DIR":"W","STRNAME":"CHESTNUT","TYPE":"ST","SPEED":25,"ONE_WAY":"Y","MUNI_NAME":"LOUISVILLE","MAIN_DIST":"WEST","OWNER_ABRV":"METR","MAIN_RESP":"METROCTR","CLASS_ABRV":"MINART","ROUTE_LBL":" ","POINT_X":-85.779496559999998,"POINT_Y":38.25132601}},{"type":"Feature","id":141,"geometry":{"type":"Point","coordinates":[-85.747310616828798,38.212876867976547]},"properties":{"OBJECTID":141,"ROADNAME":"BRADLEY AVE","CID":78,"CROSSTYPE":"PEDESTRIAN","CROSSST":"WAINWRIGHT AVE","ATTRACT":"EASTERN PARKWAY BAPTIST CHURCH","ATTRACTADD":"601 EASTERN PKWY","STATUS":"EXISTING","MILEPOINT":null,"AIDTYPE":"NONE","HVCROSS":"NO","PEDREF":"NA","CURBEXT":"NO","DELPOST":"NO","TARC":"NO","GUARD":"NA","AADT":4900,"AADTSO":"LMPW","AADTYR":2012,"COUNDIST":15,"COUNDIST1":null,"RWCOMPKEY":18972,"DIR":"W","STRNAME":"CHESTNUT","TYPE":"ST","SPEED":25,"ONE_WAY":"N","MUNI_NAME":"LOUISVILLE","MAIN_DIST":"WEST","OWNER_ABRV":"METR","MAIN_RESP":"METROCTR","CLASS_ABRV":"MINART","ROUTE_LBL":" ","POINT_X":-85.747305740000002,"POINT_Y":38.212869580000003}},{"type":"Feature","id":142,"geometry":{"type":"Point","coordinates":[-85.788144840371857,38.234059114957873]},"properties":{"OBJECTID":142,"ROADNAME":"DIXIE HWY","CID":91,"CROSSTYPE":"PEDESTRIAN","CROSSST":"WILSON AVE","ATTRACT":null,"ATTRACTADD":null,"STATUS":"EXISTING","MILEPOINT":null,"AIDTYPE":"NONE","HVCROSS":"YES","PEDREF":"NA","CURBEXT":"NO","DELPOST":"NO","TARC":"YES","GUARD":"NA","AADT":9800,"AADTSO":"LMPW","AADTYR":2019,"COUNDIST":6,"COUNDIST1":null,"RWCOMPKEY":17314,"DIR":" ","STRNAME":"DIXIE","TYPE":"HWY","SPEED":35,"ONE_WAY":"N","MUNI_NAME":"LOUISVILLE","MAIN_DIST":"WEST","OWNER_ABRV":"METR","MAIN_RESP":"METROCTR","CLASS_ABRV":"MINART","ROUTE_LBL":" ","POINT_X":-85.788139950000001,"POINT_Y":38.234051829999999}},{"type":"Feature","id":143,"geometry":{"type":"Point","coordinates":[-85.893655055775952,38.116385161553843]},"properties":{"OBJECTID":143,"ROADNAME":"JOHNSONTOWN RD","CID":144,"CROSSTYPE":"SCHOOL","CROSSST":"LOWER RIVER RD","ATTRACT":"JOHNSONTOWN ROAD ELEMENTARY","ATTRACTADD":"7201 JOHNSONTOWN RD","STATUS":"EXISTING","MILEPOINT":null,"AIDTYPE":"NONE","HVCROSS":"YES","PEDREF":"NA","CURBEXT":"NO","DELPOST":"NO","TARC":"NO","GUARD":"YES","AADT":2600,"AADTSO":"LMPW","AADTYR":2016,"COUNDIST":14,"COUNDIST1":null,"RWCOMPKEY":29214,"DIR":" ","STRNAME":"JOHNSONTOWN","TYPE":"RD","SPEED":35,"ONE_WAY":"N","MUNI_NAME":"LOUISVILLE","MAIN_DIST":"WEST","OWNER_ABRV":"METR","MAIN_RESP":"METROCTR","CLASS_ABRV":"MINART","ROUTE_LBL":" ","POINT_X":-85.893650140000005,"POINT_Y":38.116377900000003}},{"type":"Feature","id":144,"geometry":{"type":"Point","coordinates":[-85.809725258438917,38.261240321127055]},"properties":{"OBJECTID":144,"ROADNAME":"W MARKET ST","CID":161,"CROSSTYPE":"PEDESTRIAN","CROSSST":"S 36TH ST","ATTRACT":"TARC STOP","ATTRACTADD":null,"STATUS":"EXISTING","MILEPOINT":null,"AIDTYPE":"NONE","HVCROSS":"YES","PEDREF":"NA","CURBEXT":"NO","DELPOST":"NO","TARC":"YES","GUARD":"NA","AADT":6700,"AADTSO":"LMPW","AADTYR":2019,"COUNDIST":5,"COUNDIST1":null,"RWCOMPKEY":14908,"DIR":"W","STRNAME":"MARKET","TYPE":"ST","SPEED":35,"ONE_WAY":"N","MUNI_NAME":"LOUISVILLE","MAIN_DIST":"WEST","OWNER_ABRV":"METR","MAIN_RESP":"METROCTR","CLASS_ABRV":"MINART","ROUTE_LBL":" ","POINT_X":-85.80972036,"POINT_Y":38.26123303}},{"type":"Feature","id":145,"geometry":{"type":"Point","coordinates":[-85.814782079818158,38.262211845780172]},"properties":{"OBJECTID":145,"ROADNAME":"W MARKET ST","CID":162,"CROSSTYPE":"SCHOOL","CROSSST":"S 40TH ST","ATTRACT":"THE ACADEMY AT SHAWNEE","ATTRACTADD":"4001 HERMAN ST","STATUS":"EXISTING","MILEPOINT":null,"AIDTYPE":"NONE","HVCROSS":"YES","PEDREF":"NA","CURBEXT":"NO","DELPOST":"NO","TARC":"YES","GUARD":"NO","AADT":6200,"AADTSO":"LMPW","AADTYR":2019,"COUNDIST":5,"COUNDIST1":null,"RWCOMPKEY":14822,"DIR":"W","STRNAME":"MARKET","TYPE":"ST","SPEED":35,"ONE_WAY":"N","MUNI_NAME":"LOUISVILLE","MAIN_DIST":"WEST","OWNER_ABRV":"METR","MAIN_RESP":"METROCTR","CLASS_ABRV":"MINART","ROUTE_LBL":" ","POINT_X":-85.814777179999993,"POINT_Y":38.262204560000001}},{"type":"Feature","id":146,"geometry":{"type":"Point","coordinates":[-85.780886909663622,38.236885554965831]},"properties":{"OBJECTID":146,"ROADNAME":"W OAK ST","CID":178,"CROSSTYPE":"PEDESTRIAN","CROSSST":"S 16TH ST","ATTRACT":"TARC STOP","ATTRACTADD":null,"STATUS":"EXISTING","MILEPOINT":null,"AIDTYPE":"NONE","HVCROSS":"YES","PEDREF":"NA","CURBEXT":"NO","DELPOST":"NO","TARC":"YES","GUARD":"NA","AADT":8100,"AADTSO":"KYTC","AADTYR":2016,"COUNDIST":4,"COUNDIST1":6,"RWCOMPKEY":17108,"DIR":"W","STRNAME":"OAK","TYPE":"ST","SPEED":35,"ONE_WAY":"N","MUNI_NAME":"LOUISVILLE","MAIN_DIST":"WEST","OWNER_ABRV":"METR","MAIN_RESP":"METROCTR","CLASS_ABRV":"MINART","ROUTE_LBL":" ","POINT_X":-85.780882020000007,"POINT_Y":38.236878269999998}},{"type":"Feature","id":147,"geometry":{"type":"Point","coordinates":[-85.794825607188429,38.237858601866328]},"properties":{"OBJECTID":147,"ROADNAME":"W OAK ST","CID":179,"CROSSTYPE":"PEDESTRIAN","CROSSST":"S 25TH ST","ATTRACT":"TARC STOP","ATTRACTADD":null,"STATUS":"EXISTING","MILEPOINT":null,"AIDTYPE":"NONE","HVCROSS":"YES","PEDREF":"NA","CURBEXT":"NO","DELPOST":"NO","TARC":"YES","GUARD":"NA","AADT":null,"AADTSO":"NOT AVAILABLE","AADTYR":null,"COUNDIST":4,"COUNDIST1":null,"RWCOMPKEY":16995,"DIR":"W","STRNAME":"OAK","TYPE":"ST","SPEED":35,"ONE_WAY":"Y","MUNI_NAME":"LOUISVILLE","MAIN_DIST":"WEST","OWNER_ABRV":"METR","MAIN_RESP":"METROCTR","CLASS_ABRV":"MINART","ROUTE_LBL":" ","POINT_X":-85.794820709999996,"POINT_Y":38.237851319999997}},{"type":"Feature","id":148,"geometry":{"type":"Point","coordinates":[-85.687936582049673,38.220181711833483]},"properties":{"OBJECTID":148,"ROADNAME":"TREVILIAN WAY","CID":238,"CROSSTYPE":"PEDESTRIAN","CROSSST":"LAKESIDE DR","ATTRACT":"LAKESIDE SWIM CLUB","ATTRACTADD":"2010 TREVILIAN WAY","STATUS":"EXISTING","MILEPOINT":null,"AIDTYPE":"NONE","HVCROSS":"YES","PEDREF":"NA","CURBEXT":"NO","DELPOST":"NO","TARC":"NO","GUARD":"NA","AADT":5300,"AADTSO":"KYTC","AADTYR":2017,"COUNDIST":8,"COUNDIST1":null,"RWCOMPKEY":18534,"DIR":" ","STRNAME":"TREVILIAN","TYPE":"WAY","SPEED":30,"ONE_WAY":"N","MUNI_NAME":"LOUISVILLE","MAIN_DIST":"EAST","OWNER_ABRV":"METR","MAIN_RESP":"METROCTR","CLASS_ABRV":"MINART","ROUTE_LBL":" ","POINT_X":-85.687931719999995,"POINT_Y":38.220174419999999}},{"type":"Feature","id":149,"geometry":{"type":"Point","coordinates":[-85.686447560835518,38.221661454046398]},"properties":{"OBJECTID":149,"ROADNAME":"TREVILIAN WAY","CID":239,"CROSSTYPE":"PEDESTRIAN","CROSSST":"LAKESIDE DR","ATTRACT":"LAKESIDE SWIM CLUB","ATTRACTADD":"2010 TREVILIAN WAY","STATUS":"EXISTING","MILEPOINT":null,"AIDTYPE":"NONE","HVCROSS":"YES","PEDREF":"NA","CURBEXT":"NO","DELPOST":"NO","TARC":"NO","GUARD":"NA","AADT":5300,"AADTSO":"KYTC","AADTYR":2017,"COUNDIST":8,"COUNDIST1":null,"RWCOMPKEY":18424,"DIR":" ","STRNAME":"TREVILIAN","TYPE":"WAY","SPEED":30,"ONE_WAY":"N","MUNI_NAME":"LOUISVILLE","MAIN_DIST":"EAST","OWNER_ABRV":"METR","MAIN_RESP":"METROCTR","CLASS_ABRV":"MINART","ROUTE_LBL":" ","POINT_X":-85.686442700000001,"POINT_Y":38.221654170000001}},{"type":"Feature","id":150,"geometry":{"type":"Point","coordinates":[-85.806564466689736,38.227311748837522]},"properties":{"OBJECTID":150,"ROADNAME":"WILSON AVE","CID":255,"CROSSTYPE":"PEDESTRIAN","CROSSST":"DR WILLIAM G WEATHERS DR","ATTRACT":null,"ATTRACTADD":null,"STATUS":"EXISTING","MILEPOINT":null,"AIDTYPE":"NONE","HVCROSS":"YES","PEDREF":"YES","CURBEXT":"NO","DELPOST":"NO","TARC":"YES","GUARD":"NA","AADT":8600,"AADTSO":"LMPW","AADTYR":2017,"COUNDIST":1,"COUNDIST1":null,"RWCOMPKEY":17760,"DIR":" ","STRNAME":"WILSON","TYPE":"AVE","SPEED":25,"ONE_WAY":"N","MUNI_NAME":"LOUISVILLE","MAIN_DIST":"WEST","OWNER_ABRV":"METR","MAIN_RESP":"METROCTR","CLASS_ABRV":"MINART","ROUTE_LBL":" ","POINT_X":-85.806559570000005,"POINT_Y":38.22730447}},{"type":"Feature","id":151,"geometry":{"type":"Point","coordinates":[-85.767100658032703,38.181673778600349]},"properties":{"OBJECTID":151,"ROADNAME":"W WOODLAWN AVE","CID":259,"CROSSTYPE":"PEDESTRIAN","CROSSST":"MID-BLOCK","ATTRACT":null,"ATTRACTADD":null,"STATUS":"EXISTING","MILEPOINT":null,"AIDTYPE":"NONE","HVCROSS":"NO","PEDREF":"NA","CURBEXT":"NO","DELPOST":"NO","TARC":"YES","GUARD":"NA","AADT":3800,"AADTSO":"LMPW","AADTYR":2019,"COUNDIST":21,"COUNDIST1":null,"RWCOMPKEY":25869,"DIR":"W","STRNAME":"WOODLAWN","TYPE":"AVE","SPEED":25,"ONE_WAY":"N","MUNI_NAME":"LOUISVILLE","MAIN_DIST":"WEST","OWNER_ABRV":"METR","MAIN_RESP":"METROCTR","CLASS_ABRV":"MINART","ROUTE_LBL":" ","POINT_X":-85.767095769999997,"POINT_Y":38.181666499999999}},{"type":"Feature","id":152,"geometry":{"type":"Point","coordinates":[-85.643586668432235,38.238354099428115]},"properties":{"OBJECTID":152,"ROADNAME":"BRECKENRIDGE LN","CID":49,"CROSSTYPE":"SCHOOL","CROSSST":"BEAUFORT LN","ATTRACT":"FRIENDS SCHOOL","ATTRACTADD":"901 BRECKENRIDGE LN","STATUS":"EXISTING","MILEPOINT":4.3180000000000005,"AIDTYPE":"NONE","HVCROSS":"YES","PEDREF":"NO","CURBEXT":"NO","DELPOST":"NO","TARC":"NO","GUARD":"NO","AADT":16400,"AADTSO":"KYTC","AADTYR":2017,"COUNDIST":26,"COUNDIST1":null,"RWCOMPKEY":8627,"DIR":" ","STRNAME":"BRECKENRIDGE","TYPE":"LN","SPEED":45,"ONE_WAY":"N","MUNI_NAME":"ST MATTHEWS","MAIN_DIST":"EAST","OWNER_ABRV":"STAT","MAIN_RESP":"STATE","CLASS_ABRV":"MINART","ROUTE_LBL":"KY-1932","POINT_X":-85.643581819999994,"POINT_Y":38.238346810000003}},{"type":"Feature","id":153,"geometry":{"type":"Point","coordinates":[-85.624442223643896,38.285889596764981]},"properties":{"OBJECTID":153,"ROADNAME":"BROWNSBORO RD","CID":63,"CROSSTYPE":"SCHOOL","CROSSST":"THORNHILL RD","ATTRACT":"BALLARD HIGH SCHOOL","ATTRACTADD":"6000 BROWNSBORO RD","STATUS":"EXISTING","MILEPOINT":0.66600000000000004,"AIDTYPE":"NONE","HVCROSS":"YES","PEDREF":"NA","CURBEXT":"NO","DELPOST":"NO","TARC":"NO","GUARD":"NO","AADT":10300,"AADTSO":"KYTC","AADTYR":2018,"COUNDIST":7,"COUNDIST1":null,"RWCOMPKEY":8913,"DIR":" ","STRNAME":"BROWNSBORO","TYPE":"RD","SPEED":35,"ONE_WAY":"N","MUNI_NAME":"LOUISVILLE","MAIN_DIST":"EAST","OWNER_ABRV":"STAT","MAIN_RESP":"STATE","CLASS_ABRV":"MINART","ROUTE_LBL":"KY-22","POINT_X":-85.624437369999995,"POINT_Y":38.285882290000004}},{"type":"Feature","id":154,"geometry":{"type":"Point","coordinates":[-85.597189238547841,38.298216515092982]},"properties":{"OBJECTID":154,"ROADNAME":"BROWNSBORO RD","CID":64,"CROSSTYPE":"PEDESTRIAN","CROSSST":"BROWNSBORO VISTA DR","ATTRACT":null,"ATTRACTADD":null,"STATUS":"EXISTING","MILEPOINT":2.4590000000000001,"AIDTYPE":"NONE","HVCROSS":"YES","PEDREF":"NA","CURBEXT":"NO","DELPOST":"NO","TARC":"NO","GUARD":"NA","AADT":12400,"AADTSO":"KYTC","AADTYR":2013,"COUNDIST":16,"COUNDIST1":17,"RWCOMPKEY":8939,"DIR":" ","STRNAME":"BROWNSBORO","TYPE":"RD","SPEED":35,"ONE_WAY":"N","MUNI_NAME":"BARBOURMEADE","MAIN_DIST":"EAST","OWNER_ABRV":"STAT","MAIN_RESP":"STATE","CLASS_ABRV":"MINART","ROUTE_LBL":"KY-22","POINT_X":-85.597184400000003,"POINT_Y":38.298209210000003}},{"type":"Feature","id":155,"geometry":{"type":"Point","coordinates":[-85.603907478528754,38.294005109219476]},"properties":{"OBJECTID":155,"ROADNAME":"BROWNSBORO RD","CID":65,"CROSSTYPE":"PEDESTRIAN","CROSSST":"PINEHURST LN","ATTRACT":"SPRINGDALE PRESBYTERIAN CHURCH","ATTRACTADD":"7812 BROWNSBORO RD","STATUS":"EXISTING","MILEPOINT":1.99,"AIDTYPE":"NONE","HVCROSS":"YES","PEDREF":"NA","CURBEXT":"NO","DELPOST":"NO","TARC":"NO","GUARD":"NA","AADT":null,"AADTSO":"NOT AVAILABLE","AADTYR":null,"COUNDIST":7,"COUNDIST1":16,"RWCOMPKEY":8933,"DIR":" ","STRNAME":"BROWNSBORO","TYPE":"RD","SPEED":35,"ONE_WAY":"N","MUNI_NAME":"SPRING VALLEY","MAIN_DIST":"EAST","OWNER_ABRV":"STAT","MAIN_RESP":"STATE","CLASS_ABRV":"MINART","ROUTE_LBL":"KY-22","POINT_X":-85.603902629999993,"POINT_Y":38.2939978}},{"type":"Feature","id":156,"geometry":{"type":"Point","coordinates":[-85.668632388815269,38.251749493756371]},"properties":{"OBJECTID":156,"ROADNAME":"CANNONS LN","CID":69,"CROSSTYPE":"SCHOOL","CROSSST":"RICHARD AVE","ATTRACT":"HOLY SPIRIT","ATTRACTADD":"3345 LEXINGTON RD","STATUS":"EXISTING","MILEPOINT":2.5500000000000003,"AIDTYPE":"SCHOOL ZONE WARNING SYSTEM","HVCROSS":"YES","PEDREF":"NA","CURBEXT":"NO","DELPOST":"NO","TARC":"NO","GUARD":"YES","AADT":4400,"AADTSO":"KYTC","AADTYR":2016,"COUNDIST":9,"COUNDIST1":null,"RWCOMPKEY":7114,"DIR":" ","STRNAME":"CANNONS","TYPE":"LN","SPEED":35,"ONE_WAY":"N","MUNI_NAME":"LOUISVILLE","MAIN_DIST":"EAST","OWNER_ABRV":"STAT","MAIN_RESP":"STATE","CLASS_ABRV":"MINART","ROUTE_LBL":"KY-2048","POINT_X":-85.668627529999995,"POINT_Y":38.251742200000002}},{"type":"Feature","id":157,"geometry":{"type":"Point","coordinates":[-85.6641419962165,38.263566349239703]},"properties":{"OBJECTID":157,"ROADNAME":"CHENOWETH LN","CID":74,"CROSSTYPE":"SCHOOL","CROSSST":"DRUID HILLS RD","ATTRACT":"CHENOWETH ELEMENTARY","ATTRACTADD":"3622 BROWNSBORO RD","STATUS":"EXISTING","MILEPOINT":6.4030000000000005,"AIDTYPE":"NONE","HVCROSS":"YES","PEDREF":"NA","CURBEXT":"NO","DELPOST":"NO","TARC":"NO","GUARD":"NO","AADT":10100,"AADTSO":"LMPW","AADTYR":2010,"COUNDIST":9,"COUNDIST1":null,"RWCOMPKEY":2735,"DIR":" ","STRNAME":"CHENOWETH","TYPE":"LN","SPEED":35,"ONE_WAY":"N","MUNI_NAME":"LOUISVILLE","MAIN_DIST":"EAST","OWNER_ABRV":"STAT","MAIN_RESP":"STATE","CLASS_ABRV":"MINART","ROUTE_LBL":"KY-1932","POINT_X":-85.664137139999994,"POINT_Y":38.263559049999998}},{"type":"Feature","id":158,"geometry":{"type":"Point","coordinates":[-85.624837300904758,38.143586573679862]},"properties":{"OBJECTID":158,"ROADNAME":"FEGENBUSH LN","CID":102,"CROSSTYPE":"PEDESTRIAN","CROSSST":"MID-BLOCK","ATTRACT":null,"ATTRACTADD":null,"STATUS":"EXISTING","MILEPOINT":5,"AIDTYPE":"NONE","HVCROSS":"YES","PEDREF":"NA","CURBEXT":"NO","DELPOST":"NO","TARC":"YES","GUARD":"NA","AADT":10400,"AADTSO":"LMPW","AADTYR":2019,"COUNDIST":23,"COUNDIST1":null,"RWCOMPKEY":13860,"DIR":" ","STRNAME":"FEGENBUSH","TYPE":"LN","SPEED":35,"ONE_WAY":"N","MUNI_NAME":"LOUISVILLE","MAIN_DIST":"WEST","OWNER_ABRV":"STAT","MAIN_RESP":"STATE","CLASS_ABRV":"MINART","ROUTE_LBL":"KY-864","POINT_X":-85.624832459999993,"POINT_Y":38.143579299999999}},{"type":"Feature","id":159,"geometry":{"type":"Point","coordinates":[-85.619764827913073,38.27476194424127]},"properties":{"OBJECTID":159,"ROADNAME":"HERR LN","CID":130,"CROSSTYPE":"SCHOOL","CROSSST":"GRAYMOOR RD","ATTRACT":"ST ALBERT THE GREAT","ATTRACTADD":"1395 GIRARD DR","STATUS":"EXISTING","MILEPOINT":1.4080000000000001,"AIDTYPE":"NONE","HVCROSS":"YES","PEDREF":"NO","CURBEXT":"NO","DELPOST":"NO","TARC":"YES","GUARD":"YES","AADT":11400,"AADTSO":"KYTC","AADTYR":2018,"COUNDIST":7,"COUNDIST1":null,"RWCOMPKEY":6335,"DIR":" ","STRNAME":"HERR","TYPE":"LN","SPEED":35,"ONE_WAY":"N","MUNI_NAME":"GRAYMOOR/DEVONDALE","MAIN_DIST":"EAST","OWNER_ABRV":"STAT","MAIN_RESP":"STATE","CLASS_ABRV":"MINART","ROUTE_LBL":"KY-2050","POINT_X":-85.619759979999998,"POINT_Y":38.274754639999998}},{"type":"Feature","id":160,"geometry":{"type":"Point","coordinates":[-85.745393655401088,38.246348611570284]},"properties":{"OBJECTID":160,"ROADNAME":"S JACKSON ST","CID":141,"CROSSTYPE":"PEDESTRIAN","CROSSST":"E GRAY ST","ATTRACT":"UNIVERSITY OF LOUISVILLE","ATTRACTADD":"485 E GRAY ST","STATUS":"EXISTING","MILEPOINT":12.367000000000001,"AIDTYPE":"NONE","HVCROSS":"YES","PEDREF":"NA","CURBEXT":"NO","DELPOST":"NO","TARC":"YES","GUARD":"NA","AADT":6300,"AADTSO":"LMPW","AADTYR":2019,"COUNDIST":4,"COUNDIST1":null,"RWCOMPKEY":16364,"DIR":"E","STRNAME":"GRAY","TYPE":"ST","SPEED":25,"ONE_WAY":"Y","MUNI_NAME":"LOUISVILLE","MAIN_DIST":"EAST","OWNER_ABRV":"METR","MAIN_RESP":"METRO","CLASS_ABRV":"MINART","ROUTE_LBL":" ","POINT_X":-85.745388770000005,"POINT_Y":38.246341319999999}},{"type":"Feature","id":161,"geometry":{"type":"Point","coordinates":[-85.804684716516178,38.274690115977393]},"properties":{"OBJECTID":161,"ROADNAME":"NORTHWESTERN PKY","CID":176,"CROSSTYPE":"SCHOOL","CROSSST":"N 35TH ST","ATTRACT":"PORTLAND ELEMENTARY","ATTRACTADD":"3410 NORTHWESTERN PKWY","STATUS":"REMOVED","MILEPOINT":1.3050000000000002,"AIDTYPE":"NONE","HVCROSS":null,"PEDREF":null,"CURBEXT":null,"DELPOST":null,"TARC":null,"GUARD":null,"AADT":null,"AADTSO":null,"AADTYR":null,"COUNDIST":null,"COUNDIST1":null,"RWCOMPKEY":14140,"DIR":" ","STRNAME":"NORTHWESTERN","TYPE":"PKY","SPEED":35,"ONE_WAY":"Y","MUNI_NAME":"LOUISVILLE","MAIN_DIST":"WEST","OWNER_ABRV":"STAT","MAIN_RESP":"STATE","CLASS_ABRV":"MINART","ROUTE_LBL":"KY-3064","POINT_X":-85.804679809999996,"POINT_Y":38.274682820000002}},{"type":"Feature","id":162,"geometry":{"type":"Point","coordinates":[-85.78894467508195,38.270705200600965]},"properties":{"OBJECTID":162,"ROADNAME":"PORTLAND AVE","CID":199,"CROSSTYPE":"SCHOOL","CROSSST":"N 25TH ST","ATTRACT":"PORTLAND CHRISTIAN SCHOOL","ATTRACTADD":"2500 PORTLAND AVE","STATUS":"EXISTING","MILEPOINT":0.378,"AIDTYPE":"NONE","HVCROSS":"YES","PEDREF":"NA","CURBEXT":"NO","DELPOST":"NO","TARC":"YES","GUARD":"NO","AADT":4600,"AADTSO":"LMPW","AADTYR":2019,"COUNDIST":5,"COUNDIST1":null,"RWCOMPKEY":14335,"DIR":" ","STRNAME":"PORTLAND","TYPE":"AVE","SPEED":35,"ONE_WAY":"Y","MUNI_NAME":"LOUISVILLE","MAIN_DIST":"WEST","OWNER_ABRV":"STAT","MAIN_RESP":"STATE","CLASS_ABRV":"MINART","ROUTE_LBL":"KY-3064","POINT_X":-85.788939780000007,"POINT_Y":38.270697910000003}},{"type":"Feature","id":163,"geometry":{"type":"Point","coordinates":[-85.61898911174454,38.268283007959077]},"properties":{"OBJECTID":163,"ROADNAME":"WESTPORT RD","CID":250,"CROSSTYPE":"SCHOOL","CROSSST":"GIRARD DR","ATTRACT":"ST ALBERT THE GREAT","ATTRACTADD":"1395 GIRARD DR","STATUS":"REMOVED","MILEPOINT":2.3000000000000003,"AIDTYPE":null,"HVCROSS":null,"PEDREF":null,"CURBEXT":null,"DELPOST":null,"TARC":null,"GUARD":null,"AADT":null,"AADTSO":null,"AADTYR":null,"COUNDIST":null,"COUNDIST1":null,"RWCOMPKEY":6392,"DIR":" ","STRNAME":"WESTPORT","TYPE":"RD","SPEED":45,"ONE_WAY":"N","MUNI_NAME":"GRAYMOOR/DEVONDALE","MAIN_DIST":"EAST","OWNER_ABRV":"STAT","MAIN_RESP":"STATE","CLASS_ABRV":"MINART","ROUTE_LBL":"KY-1447","POINT_X":-85.618989110000001,"POINT_Y":38.268283009999998}},{"type":"Feature","id":164,"geometry":{"type":"Point","coordinates":[-85.574113747476389,38.222302762403551]},"properties":{"OBJECTID":164,"ROADNAME":"BLUEGRASS PKY","CID":46,"CROSSTYPE":"BIKE/PED","CROSSST":"TRANE WAY","ATTRACT":"J-TOWN SHARED USE PATH","ATTRACTADD":null,"STATUS":"EXISTING","MILEPOINT":null,"AIDTYPE":"NONE","HVCROSS":"YES","PEDREF":"NA","CURBEXT":"NO","DELPOST":"NO","TARC":"NO","GUARD":"NA","AADT":null,"AADTSO":"NOT AVAILABLE","AADTYR":null,"COUNDIST":11,"COUNDIST1":null,"RWCOMPKEY":4460,"DIR":" ","STRNAME":"BLUEGRASS","TYPE":"PKY","SPEED":25,"ONE_WAY":"N","MUNI_NAME":"JEFFERSONTOWN","MAIN_DIST":"EAST","OWNER_ABRV":"JEFF","MAIN_RESP":"2ND CLASS CITY","CLASS_ABRV":"PRICOL","ROUTE_LBL":" ","POINT_X":-85.57410892,"POINT_Y":38.222295469999999}},{"type":"Feature","id":165,"geometry":{"type":"Point","coordinates":[-85.641902386403999,38.245447615922359]},"properties":{"OBJECTID":165,"ROADNAME":"BROWNS LN","CID":61,"CROSSTYPE":"SCHOOL","CROSSST":"GLOUCESTER RD","ATTRACT":"ST MATTHEWS ELEMENTARY","ATTRACTADD":"601 BROWNS LN","STATUS":"EXISTING","MILEPOINT":null,"AIDTYPE":"NONE","HVCROSS":"YES","PEDREF":"NA","CURBEXT":"NO","DELPOST":"NO","TARC":"YES","GUARD":"YES","AADT":5300,"AADTSO":"KYTC","AADTYR":2017,"COUNDIST":9,"COUNDIST1":26,"RWCOMPKEY":7211,"DIR":" ","STRNAME":"BROWNS","TYPE":"LN","SPEED":35,"ONE_WAY":"N","MUNI_NAME":"ST MATTHEWS","MAIN_DIST":"EAST","OWNER_ABRV":"METR","MAIN_RESP":"METROCTR","CLASS_ABRV":"PRICOL","ROUTE_LBL":" ","POINT_X":-85.641897529999994,"POINT_Y":38.24544032}},{"type":"Feature","id":166,"geometry":{"type":"Point","coordinates":[-85.639821338753535,38.242904257933688]},"properties":{"OBJECTID":166,"ROADNAME":"BROWNS LN","CID":62,"CROSSTYPE":"SCHOOL","CROSSST":"HILLSBORO RD","ATTRACT":"WAGGENER HIGH SCHOOL","ATTRACTADD":"330 S HUBBARDS LN","STATUS":"EXISTING","MILEPOINT":null,"AIDTYPE":"NONE","HVCROSS":"YES","PEDREF":"NA","CURBEXT":"NO","DELPOST":"NO","TARC":"YES","GUARD":"NO","AADT":4700,"AADTSO":"LMPW","AADTYR":2013,"COUNDIST":9,"COUNDIST1":26,"RWCOMPKEY":7236,"DIR":" ","STRNAME":"BROWNS","TYPE":"LN","SPEED":35,"ONE_WAY":"N","MUNI_NAME":"ST MATTHEWS","MAIN_DIST":"EAST","OWNER_ABRV":"METR","MAIN_RESP":"METROCTR","CLASS_ABRV":"PRICOL","ROUTE_LBL":" ","POINT_X":-85.639816490000001,"POINT_Y":38.242896960000003}},{"type":"Feature","id":167,"geometry":{"type":"Point","coordinates":[-85.838940704487456,38.193701356681963]},"properties":{"OBJECTID":167,"ROADNAME":"S CRUMS LN","CID":85,"CROSSTYPE":"SCHOOL","CROSSST":"SOUTHERN FARM BLVD","ATTRACT":"CRUMS LANE ELEMENTARY","ATTRACTADD":"3212 S CRUMS LN","STATUS":"EXISTING","MILEPOINT":null,"AIDTYPE":"NONE","HVCROSS":"YES","PEDREF":"NA","CURBEXT":"NO","DELPOST":"NO","TARC":"NO","GUARD":"YES","AADT":4600,"AADTSO":"LMPW","AADTYR":2016,"COUNDIST":1,"COUNDIST1":null,"RWCOMPKEY":31352,"DIR":"S","STRNAME":"CRUMS","TYPE":"LN","SPEED":35,"ONE_WAY":"N","MUNI_NAME":"LOUISVILLE","MAIN_DIST":"WEST","OWNER_ABRV":"METR","MAIN_RESP":"METROCTR","CLASS_ABRV":"PRICOL","ROUTE_LBL":" ","POINT_X":-85.838935800000002,"POINT_Y":38.19369408}},{"type":"Feature","id":168,"geometry":{"type":"Point","coordinates":[-85.756581483251935,38.106480398404891]},"properties":{"OBJECTID":168,"ROADNAME":"FAIRDALE RD","CID":100,"CROSSTYPE":"SCHOOL","CROSSST":"TIN DOR WAY","ATTRACT":"FAIRDALE HIGH","ATTRACTADD":"1001 FAIRDALE RD","STATUS":"EXISTING","MILEPOINT":null,"AIDTYPE":"NONE","HVCROSS":"YES","PEDREF":"NA","CURBEXT":"NO","DELPOST":"NO","TARC":"NO","GUARD":"NO","AADT":7900,"AADTSO":"LMPW","AADTYR":2019,"COUNDIST":13,"COUNDIST1":null,"RWCOMPKEY":25405,"DIR":" ","STRNAME":"FAIRDALE","TYPE":"RD","SPEED":35,"ONE_WAY":"N","MUNI_NAME":"LOUISVILLE","MAIN_DIST":"WEST","OWNER_ABRV":"METR","MAIN_RESP":"METROCTR","CLASS_ABRV":"PRICOL","ROUTE_LBL":" ","POINT_X":-85.756576609999996,"POINT_Y":38.106473139999999}},{"type":"Feature","id":169,"geometry":{"type":"Point","coordinates":[-85.704953058387659,38.179272517481174]},"properties":{"OBJECTID":169,"ROADNAME":"GILMORE LN","CID":120,"CROSSTYPE":"SCHOOL","CROSSST":"MID-BLOCK","ATTRACT":"LIBERTY HIGH SCHOOL","ATTRACTADD":"1281 GILMORE LN","STATUS":"EXISTING","MILEPOINT":null,"AIDTYPE":"NONE","HVCROSS":"YES","PEDREF":"NO","CURBEXT":"NO","DELPOST":"NO","TARC":"NO","GUARD":"YES","AADT":null,"AADTSO":"NOT AVAILABLE","AADTYR":null,"COUNDIST":21,"COUNDIST1":null,"RWCOMPKEY":23156,"DIR":" ","STRNAME":"GILMORE","TYPE":"LN","SPEED":35,"ONE_WAY":"N","MUNI_NAME":"LOUISVILLE","MAIN_DIST":"EAST","OWNER_ABRV":"METR","MAIN_RESP":"METROCTR","CLASS_ABRV":"PRICOL","ROUTE_LBL":" ","POINT_X":-85.704948189999996,"POINT_Y":38.179265239999999}},{"type":"Feature","id":170,"geometry":{"type":"Point","coordinates":[-85.654417340046194,38.210620774051783]},"properties":{"OBJECTID":170,"ROADNAME":"GOLDSMITH LN","CID":122,"CROSSTYPE":"SCHOOL","CROSSST":"MEADOW DR","ATTRACT":"GOLDSMITH ELEMENTARY","ATTRACTADD":"3520 GOLDSMITH LN","STATUS":"EXISTING","MILEPOINT":null,"AIDTYPE":"NONE","HVCROSS":"YES","PEDREF":"NA","CURBEXT":"NO","DELPOST":"NO","TARC":"YES","GUARD":"YES","AADT":6000,"AADTSO":"KYTC","AADTYR":2015,"COUNDIST":26,"COUNDIST1":null,"RWCOMPKEY":4907,"DIR":" ","STRNAME":"GOLDSMITH","TYPE":"LN","SPEED":30,"ONE_WAY":"N","MUNI_NAME":"LOUISVILLE","MAIN_DIST":"EAST","OWNER_ABRV":"METR","MAIN_RESP":"METROCTR","CLASS_ABRV":"PRICOL","ROUTE_LBL":" ","POINT_X":-85.654412489999999,"POINT_Y":38.21061349}},{"type":"Feature","id":171,"geometry":{"type":"Point","coordinates":[-85.820392680150263,38.241349469638472]},"properties":{"OBJECTID":171,"ROADNAME":"HALE AVE","CID":128,"CROSSTYPE":"SCHOOL","CROSSST":"S 41ST ST","ATTRACT":"FOSTER ACADEMY","ATTRACTADD":"1401 S 41ST ST","STATUS":"EXISTING","MILEPOINT":null,"AIDTYPE":"NONE","HVCROSS":"YES","PEDREF":"NA","CURBEXT":"NO","DELPOST":"NO","TARC":"NO","GUARD":"NO","AADT":8900,"AADTSO":"KYTC","AADTYR":2017,"COUNDIST":1,"COUNDIST1":null,"RWCOMPKEY":29812,"DIR":" ","STRNAME":"HALE","TYPE":"AVE","SPEED":25,"ONE_WAY":"N","MUNI_NAME":"LOUISVILLE","MAIN_DIST":"WEST","OWNER_ABRV":"METR","MAIN_RESP":"METROCTR","CLASS_ABRV":"PRICOL","ROUTE_LBL":" ","POINT_X":-85.820387780000004,"POINT_Y":38.241342179999997}},{"type":"Feature","id":172,"geometry":{"type":"Point","coordinates":[-85.789799431283157,38.177969331208359]},"properties":{"OBJECTID":172,"ROADNAME":"HAZELWOOD AVE","CID":129,"CROSSTYPE":"SCHOOL","CROSSST":"WHEELER AVE","ATTRACT":"STS SIMON AND JUDE","ATTRACTADD":"4335 HAZELWOOD AVE","STATUS":"REMOVED","MILEPOINT":null,"AIDTYPE":"NONE","HVCROSS":"NO","PEDREF":"NA","CURBEXT":"NO","DELPOST":"NO","TARC":"NO","GUARD":"NO","AADT":6700,"AADTSO":"LMPW","AADTYR":2014,"COUNDIST":15,"COUNDIST1":null,"RWCOMPKEY":23131,"DIR":" ","STRNAME":"HAZELWOOD","TYPE":"AVE","SPEED":25,"ONE_WAY":"N","MUNI_NAME":"LOUISVILLE","MAIN_DIST":"WEST","OWNER_ABRV":"METR","MAIN_RESP":"METRO","CLASS_ABRV":"PRICOL","ROUTE_LBL":" ","POINT_X":-85.789794540000003,"POINT_Y":38.177962059999999}},{"type":"Feature","id":173,"geometry":{"type":"Point","coordinates":[-85.688443793458163,38.159120892301928]},"properties":{"OBJECTID":173,"ROADNAME":"JEANINE DR","CID":143,"CROSSTYPE":"SCHOOL","CROSSST":"DELLAFAY DR","ATTRACT":"SLAUGHTER ELEMENTARY","ATTRACTADD":"3805 FERN VALLEY RD","STATUS":"EXISTING","MILEPOINT":null,"AIDTYPE":"NONE","HVCROSS":"YES","PEDREF":"NA","CURBEXT":"NO","DELPOST":"NO","TARC":"NO","GUARD":"YES","AADT":7500,"AADTSO":"LMPW","AADTYR":2019,"COUNDIST":2,"COUNDIST1":null,"RWCOMPKEY":24043,"DIR":" ","STRNAME":"JEANINE","TYPE":"DR","SPEED":25,"ONE_WAY":"N","MUNI_NAME":"LOUISVILLE","MAIN_DIST":"EAST","OWNER_ABRV":"METR","MAIN_RESP":"METROCTR","CLASS_ABRV":"PRICOL","ROUTE_LBL":" ","POINT_X":-85.688438930000004,"POINT_Y":38.159113619999999}},{"type":"Feature","id":174,"geometry":{"type":"Point","coordinates":[-85.637463768799179,38.207717469619283]},"properties":{"OBJECTID":174,"ROADNAME":"KLONDIKE LN","CID":145,"CROSSTYPE":"SCHOOL","CROSSST":"EXPLORER DR","ATTRACT":"KLONDIKE LANE ELEMENTARY","ATTRACTADD":"3807 KLONDIKE LN","STATUS":"EXISTING","MILEPOINT":null,"AIDTYPE":"NONE","HVCROSS":"YES","PEDREF":"NA","CURBEXT":"NO","DELPOST":"NO","TARC":"NO","GUARD":"YES","AADT":4700,"AADTSO":"KYTC","AADTYR":2013,"COUNDIST":10,"COUNDIST1":null,"RWCOMPKEY":8020,"DIR":" ","STRNAME":"KLONDIKE","TYPE":"LN","SPEED":25,"ONE_WAY":"N","MUNI_NAME":"LOUISVILLE","MAIN_DIST":"EAST","OWNER_ABRV":"METR","MAIN_RESP":"METRO","CLASS_ABRV":"PRICOL","ROUTE_LBL":" ","POINT_X":-85.63745892,"POINT_Y":38.207710179999999}},{"type":"Feature","id":175,"geometry":{"type":"Point","coordinates":[-85.641069853865474,38.201955041269947]},"properties":{"OBJECTID":175,"ROADNAME":"KLONDIKE LN","CID":146,"CROSSTYPE":"SCHOOL","CROSSST":"MID-BLOCK","ATTRACT":"ST MARTHA","ATTRACTADD":"2825 KLONDIKE LN","STATUS":"EXISTING","MILEPOINT":null,"AIDTYPE":"NONE","HVCROSS":"YES","PEDREF":"NA","CURBEXT":"NO","DELPOST":"NO","TARC":"NO","GUARD":"YES","AADT":4700,"AADTSO":"KYTC","AADTYR":2013,"COUNDIST":10,"COUNDIST1":null,"RWCOMPKEY":8044,"DIR":" ","STRNAME":"KLONDIKE","TYPE":"LN","SPEED":25,"ONE_WAY":"N","MUNI_NAME":"LOUISVILLE","MAIN_DIST":"EAST","OWNER_ABRV":"METR","MAIN_RESP":"METRO","CLASS_ABRV":"PRICOL","ROUTE_LBL":" ","POINT_X":-85.641065010000005,"POINT_Y":38.201947750000002}},{"type":"Feature","id":176,"geometry":{"type":"Point","coordinates":[-85.706055290472676,38.224239220982582]},"properties":{"OBJECTID":176,"ROADNAME":"NORRIS PL","CID":153,"CROSSTYPE":"SCHOOL","CROSSST":"ROANOKE AVE","ATTRACT":"HIGHLAND MIDDLE","ATTRACTADD":"1700 NORRIS PL","STATUS":"EXISTING","MILEPOINT":null,"AIDTYPE":"SCHOOL ZONE WARNING SYSTEM","HVCROSS":"YES","PEDREF":"NA","CURBEXT":"NO","DELPOST":"NO","TARC":"NO","GUARD":"NO","AADT":8500,"AADTSO":"LMPW","AADTYR":2017,"COUNDIST":8,"COUNDIST1":null,"RWCOMPKEY":18263,"DIR":" ","STRNAME":"LOWE","TYPE":"RD","SPEED":35,"ONE_WAY":"N","MUNI_NAME":"LOUISVILLE","MAIN_DIST":"EAST","OWNER_ABRV":"METR","MAIN_RESP":"METROCTR","CLASS_ABRV":"PRICOL","ROUTE_LBL":" ","POINT_X":-85.706050419999997,"POINT_Y":38.224231930000002}},{"type":"Feature","id":177,"geometry":{"type":"Point","coordinates":[-85.542252270417094,38.25157200257393]},"properties":{"OBJECTID":177,"ROADNAME":"N MADISON AVE","CID":156,"CROSSTYPE":"PEDESTRIAN","CROSSST":"CEDARDALE RD","ATTRACT":"CROSBY PARK","ATTRACTADD":"11500 CEDARDALE RD","STATUS":"EXISTING","MILEPOINT":null,"AIDTYPE":"NONE","HVCROSS":"NO","PEDREF":"NA","CURBEXT":"NO","DELPOST":"NO","TARC":"NO","GUARD":"NA","AADT":null,"AADTSO":"NOT AVAILABLE","AADTYR":null,"COUNDIST":19,"COUNDIST1":null,"RWCOMPKEY":3531,"DIR":"N","STRNAME":"MADISON","TYPE":"AVE","SPEED":25,"ONE_WAY":"N","MUNI_NAME":"MIDDLETOWN","MAIN_DIST":"EAST","OWNER_ABRV":"METR","MAIN_RESP":"METROCTR","CLASS_ABRV":"PRICOL","ROUTE_LBL":" ","POINT_X":-85.542247450000005,"POINT_Y":38.251564700000003}},{"type":"Feature","id":178,"geometry":{"type":"Point","coordinates":[-85.822028074701279,38.258312623035962]},"properties":{"OBJECTID":178,"ROADNAME":"W MUHAMMAD ALI BLVD","CID":170,"CROSSTYPE":"SCHOOL","CROSSST":"S 43RD ST","ATTRACT":"KING ELEMENTARY","ATTRACTADD":"4325 VERMONT AVE","STATUS":"EXISTING","MILEPOINT":null,"AIDTYPE":"NONE","HVCROSS":"YES","PEDREF":"NA","CURBEXT":"NO","DELPOST":"NO","TARC":"NO","GUARD":"NO","AADT":1300,"AADTSO":"LMPW","AADTYR":2014,"COUNDIST":5,"COUNDIST1":null,"RWCOMPKEY":21777,"DIR":"W","STRNAME":"MUHAMMAD ALI","TYPE":"BLVD","SPEED":25,"ONE_WAY":"Y","MUNI_NAME":"LOUISVILLE","MAIN_DIST":"WEST","OWNER_ABRV":"METR","MAIN_RESP":"METROCTR","CLASS_ABRV":"PRICOL","ROUTE_LBL":" ","POINT_X":-85.822023169999994,"POINT_Y":38.258305329999999}},{"type":"Feature","id":179,"geometry":{"type":"Point","coordinates":[-85.672502473538003,38.228617624081409]},"properties":{"OBJECTID":179,"ROADNAME":"PEE WEE REESE RD","CID":190,"CROSSTYPE":"BIKE/PED","CROSSST":"TREVILIAN WAY","ATTRACT":"SENECA PARK LOOP","ATTRACTADD":null,"STATUS":"EXISTING","MILEPOINT":null,"AIDTYPE":"NONE","HVCROSS":"YES","PEDREF":"NA","CURBEXT":"NO","DELPOST":"YES","TARC":"NO","GUARD":"NA","AADT":null,"AADTSO":"NOT AVAILABLE","AADTYR":null,"COUNDIST":8,"COUNDIST1":null,"RWCOMPKEY":4217,"DIR":" ","STRNAME":"PEE WEE REESE","TYPE":"RD","SPEED":25,"ONE_WAY":"N","MUNI_NAME":"LOUISVILLE","MAIN_DIST":"EAST","OWNER_ABRV":"METR","MAIN_RESP":"METRO","CLASS_ABRV":"PRICOL","ROUTE_LBL":" ","POINT_X":-85.672497609999994,"POINT_Y":38.228610330000002}},{"type":"Feature","id":180,"geometry":{"type":"Point","coordinates":[-85.692388476388302,38.193867942197215]},"properties":{"OBJECTID":180,"ROADNAME":"ROBARDS LN","CID":213,"CROSSTYPE":"PEDESTRIAN","CROSSST":"MID-BLOCK","ATTRACT":"WALKER MECHANICAL CONTRACTORS","ATTRACTADD":"4500 ROBARDS LN","STATUS":"EXISTING","MILEPOINT":null,"AIDTYPE":"NONE","HVCROSS":"YES","PEDREF":"NA","CURBEXT":"NO","DELPOST":"NO","TARC":"NO","GUARD":"NA","AADT":2100,"AADTSO":"KYTC","AADTYR":2017,"COUNDIST":10,"COUNDIST1":null,"RWCOMPKEY":30052,"DIR":" ","STRNAME":"ROBARDS","TYPE":"LN","SPEED":35,"ONE_WAY":"N","MUNI_NAME":"WATTERSON PARK","MAIN_DIST":"EAST","OWNER_ABRV":"METR","MAIN_RESP":"METROCTR","CLASS_ABRV":"PRICOL","ROUTE_LBL":" ","POINT_X":-85.692383609999993,"POINT_Y":38.193860659999999}},{"type":"Feature","id":181,"geometry":{"type":"Point","coordinates":[-85.770737614862654,38.171782728310689]},"properties":{"OBJECTID":181,"ROADNAME":"W SOUTHLAND BLVD","CID":226,"CROSSTYPE":"SCHOOL","CROSSST":"MITSCHER AVE","ATTRACT":"RUTHERFORD ELEMENTARY","ATTRACTADD":"301 W SOUTHLAND BLVD","STATUS":"EXISTING","MILEPOINT":null,"AIDTYPE":"NONE","HVCROSS":"YES","PEDREF":"NA","CURBEXT":"NO","DELPOST":"YES","TARC":"NO","GUARD":"YES","AADT":null,"AADTSO":"NOT AVAILABLE","AADTYR":null,"COUNDIST":21,"COUNDIST1":null,"RWCOMPKEY":23499,"DIR":"W","STRNAME":"SOUTHLAND","TYPE":"BLVD","SPEED":25,"ONE_WAY":"N","MUNI_NAME":"LOUISVILLE","MAIN_DIST":"WEST","OWNER_ABRV":"METR","MAIN_RESP":"METRO","CLASS_ABRV":"PRICOL","ROUTE_LBL":" ","POINT_X":-85.770732730000006,"POINT_Y":38.171775449999998}},{"type":"Feature","id":182,"geometry":{"type":"Point","coordinates":[-85.682143967812721,38.250548182420104]},"properties":{"OBJECTID":182,"ROADNAME":"STILZ AVE","CID":230,"CROSSTYPE":"SCHOOL","CROSSST":"HERMANY CT","ATTRACT":"FIELD ELEMENTARY","ATTRACTADD":"120 SACRED HEART LN","STATUS":"EXISTING","MILEPOINT":null,"AIDTYPE":"NONE","HVCROSS":"YES","PEDREF":"NA","CURBEXT":"NO","DELPOST":"NO","TARC":"NO","GUARD":"NO","AADT":4600,"AADTSO":"KYTC","AADTYR":2017,"COUNDIST":9,"COUNDIST1":null,"RWCOMPKEY":20886,"DIR":" ","STRNAME":"STILZ","TYPE":"AVE","SPEED":35,"ONE_WAY":"N","MUNI_NAME":"LOUISVILLE","MAIN_DIST":"EAST","OWNER_ABRV":"METR","MAIN_RESP":"METROCTR","CLASS_ABRV":"PRICOL","ROUTE_LBL":" ","POINT_X":-85.682139100000001,"POINT_Y":38.250540890000003}},{"type":"Feature","id":183,"geometry":{"type":"Point","coordinates":[-85.750854102918581,38.25675846294898]},"properties":{"OBJECTID":183,"ROADNAME":"E WASHINGTON ST","CID":248,"CROSSTYPE":"PEDESTRIAN","CROSSST":"MID-BLOCK","ATTRACT":"HUMANA","ATTRACTADD":"101 E MAIN ST","STATUS":"EXISTING","MILEPOINT":null,"AIDTYPE":"NONE","HVCROSS":"YES","PEDREF":"NA","CURBEXT":"NO","DELPOST":"YES","TARC":"NO","GUARD":"NA","AADT":null,"AADTSO":"NOT AVAILABLE","AADTYR":null,"COUNDIST":4,"COUNDIST1":null,"RWCOMPKEY":15371,"DIR":"E","STRNAME":"WASHINGTON","TYPE":"ST","SPEED":25,"ONE_WAY":"N","MUNI_NAME":"LOUISVILLE","MAIN_DIST":"WEST","OWNER_ABRV":"METR","MAIN_RESP":"METRO","CLASS_ABRV":"PRICOL","ROUTE_LBL":" ","POINT_X":-85.750849220000006,"POINT_Y":38.256751170000001}},{"type":"Feature","id":184,"geometry":{"type":"Point","coordinates":[-85.625457386075169,38.248896540719187]},"properties":{"OBJECTID":184,"ROADNAME":"SHERBURN LN","CID":223,"CROSSTYPE":"PEDESTRIAN","CROSSST":"MID-BLOCK","ATTRACT":"MALL ST MATTHEWS","ATTRACTADD":"5000 SHELBYVILLE RD","STATUS":"EXISTING","MILEPOINT":null,"AIDTYPE":"NONE","HVCROSS":"YES","PEDREF":"NA","CURBEXT":"NO","DELPOST":"NO","TARC":"NO","GUARD":"NA","AADT":4900,"AADTSO":"LMPW","AADTYR":2017,"COUNDIST":7,"COUNDIST1":null,"RWCOMPKEY":38437,"DIR":" ","STRNAME":"SHERBURN","TYPE":"LN","SPEED":25,"ONE_WAY":"N","MUNI_NAME":"ST MATTHEWS","MAIN_DIST":"EAST","OWNER_ABRV":"STMA","MAIN_RESP":"4TH CLASS CITY","CLASS_ABRV":"PRICOL","ROUTE_LBL":" ","POINT_X":-85.625452539999998,"POINT_Y":38.248889239999997}},{"type":"Feature","id":185,"geometry":{"type":"Point","coordinates":[-85.824459066943291,38.214545984689579]},"properties":{"OBJECTID":185,"ROADNAME":"CAMP GROUND RD","CID":68,"CROSSTYPE":"BIKE/PED","CROSSST":"MID-BLOCK","ATTRACT":"LOUISVILLE LOOP","ATTRACTADD":null,"STATUS":"EXISTING","MILEPOINT":6.0190000000000001,"AIDTYPE":"NONE","HVCROSS":"YES","PEDREF":"NA","CURBEXT":"NO","DELPOST":"NO","TARC":"NO","GUARD":"NA","AADT":null,"AADTSO":"NOT AVAILABLE","AADTYR":null,"COUNDIST":1,"COUNDIST1":null,"RWCOMPKEY":29868,"DIR":" ","STRNAME":"CAMP GROUND","TYPE":"RD","SPEED":35,"ONE_WAY":"N","MUNI_NAME":"LOUISVILLE","MAIN_DIST":"WEST","OWNER_ABRV":"STAT","MAIN_RESP":"STATE","CLASS_ABRV":"PRICOL","ROUTE_LBL":"KY-2051","POINT_X":-85.824454160000002,"POINT_Y":38.214538699999999}},{"type":"Feature","id":186,"geometry":{"type":"Point","coordinates":[-85.856912244247127,38.184884752990484]},"properties":{"OBJECTID":186,"ROADNAME":"LEES LN","CID":150,"CROSSTYPE":"SCHOOL","CROSSST":"IDLE HOUR DR","ATTRACT":"FARNSLEY MIDDLE","ATTRACTADD":"3400 LEES LN","STATUS":"EXISTING","MILEPOINT":2.089,"AIDTYPE":"NONE","HVCROSS":"YES","PEDREF":"NO","CURBEXT":"NO","DELPOST":"NO","TARC":"NO","GUARD":"YES","AADT":8800,"AADTSO":"LMPW","AADTYR":2016,"COUNDIST":1,"COUNDIST1":null,"RWCOMPKEY":41291,"DIR":" ","STRNAME":"LEES","TYPE":"LN","SPEED":35,"ONE_WAY":"N","MUNI_NAME":"LOUISVILLE","MAIN_DIST":"WEST","OWNER_ABRV":"STAT","MAIN_RESP":"STATE","CLASS_ABRV":"PRICOL","ROUTE_LBL":"KY-2051","POINT_X":-85.856907329999999,"POINT_Y":38.184877479999997}},{"type":"Feature","id":187,"geometry":{"type":"Point","coordinates":[-85.516164465199623,38.131646990222066]},"properties":{"OBJECTID":187,"ROADNAME":"SEATONVILLE RD","CID":221,"CROSSTYPE":"BIKE/PED","CROSSST":"TURKEY RUN PKWY","ATTRACT":"LOUISVILLE LOOP - PARKLANDS AT FLOYDS FORK","ATTRACTADD":null,"STATUS":"EXISTING","MILEPOINT":2.8580000000000001,"AIDTYPE":"NONE","HVCROSS":"YES","PEDREF":"NA","CURBEXT":"NO","DELPOST":"NO","TARC":"NO","GUARD":"NA","AADT":2700,"AADTSO":"LMPW","AADTYR":2017,"COUNDIST":20,"COUNDIST1":null,"RWCOMPKEY":34497,"DIR":" ","STRNAME":"SEATONVILLE","TYPE":"RD","SPEED":35,"ONE_WAY":"N","MUNI_NAME":"LOUISVILLE","MAIN_DIST":"EAST","OWNER_ABRV":"STAT","MAIN_RESP":"STATE","CLASS_ABRV":"PRICOL","ROUTE_LBL":"KY-1819","POINT_X":-85.51615966,"POINT_Y":38.131639710000002}},{"type":"Feature","id":188,"geometry":{"type":"Point","coordinates":[-85.537439236223392,38.110717339248843]},"properties":{"OBJECTID":188,"ROADNAME":"BROAD RUN RD","CID":53,"CROSSTYPE":"BIKE/PED","CROSSST":"FAIRMOUNT RD","ATTRACT":"LOUISVILLE LOOP - PARKLANDS AT FLOYDS FORK","ATTRACTADD":null,"STATUS":"EXISTING","MILEPOINT":null,"AIDTYPE":"NONE","HVCROSS":"YES","PEDREF":"NA","CURBEXT":"NO","DELPOST":"NO","TARC":"NO","GUARD":"NA","AADT":null,"AADTSO":"NOT AVAILABLE","AADTYR":null,"COUNDIST":20,"COUNDIST1":22,"RWCOMPKEY":13755,"DIR":" ","STRNAME":"BROAD RUN","TYPE":"RD","SPEED":35,"ONE_WAY":"N","MUNI_NAME":"LOUISVILLE","MAIN_DIST":"EAST","OWNER_ABRV":"METR","MAIN_RESP":"METROCTR","CLASS_ABRV":"SECCOL","ROUTE_LBL":" ","POINT_X":-85.537434419999997,"POINT_Y":38.110710070000003}},{"type":"Feature","id":189,"geometry":{"type":"Point","coordinates":[-85.871114169256245,38.089751167480991]},"properties":{"OBJECTID":189,"ROADNAME":"DEERING RD","CID":89,"CROSSTYPE":"SCHOOL","CROSSST":"RAILROAD TRACKS","ATTRACT":"MEDORA ELEMENTARY","ATTRACTADD":"11801 DEERING RD","STATUS":"EXISTING","MILEPOINT":null,"AIDTYPE":"NONE","HVCROSS":"YES","PEDREF":"NA","CURBEXT":"NO","DELPOST":"NO","TARC":"NO","GUARD":"YES","AADT":5800,"AADTSO":"KYTC","AADTYR":2018,"COUNDIST":14,"COUNDIST1":null,"RWCOMPKEY":28617,"DIR":" ","STRNAME":"DEERING","TYPE":"RD","SPEED":35,"ONE_WAY":"N","MUNI_NAME":"LOUISVILLE","MAIN_DIST":"WEST","OWNER_ABRV":"METR","MAIN_RESP":"METROCTR","CLASS_ABRV":"SECCOL","ROUTE_LBL":" ","POINT_X":-85.871109259999997,"POINT_Y":38.089743910000003}},{"type":"Feature","id":190,"geometry":{"type":"Point","coordinates":[-85.639209522243661,38.239212160480015]},"properties":{"OBJECTID":190,"ROADNAME":"KRESGE WAY","CID":147,"CROSSTYPE":"PEDESTRIAN","CROSSST":"BROWNS LN","ATTRACT":"BAPTIST HEALTH","ATTRACTADD":"4000 KRESGE WAY","STATUS":"EXISTING","MILEPOINT":null,"AIDTYPE":"NONE","HVCROSS":"YES","PEDREF":"YES","CURBEXT":"NO","DELPOST":"YES","TARC":"YES","GUARD":"NA","AADT":21800,"AADTSO":"LMPW","AADTYR":2019,"COUNDIST":26,"COUNDIST1":null,"RWCOMPKEY":7254,"DIR":" ","STRNAME":"KRESGE","TYPE":"WAY","SPEED":25,"ONE_WAY":"N","MUNI_NAME":"ST MATTHEWS","MAIN_DIST":"EAST","OWNER_ABRV":"METR","MAIN_RESP":"METROCTR","CLASS_ABRV":"SECCOL","ROUTE_LBL":" ","POINT_X":-85.639204669999998,"POINT_Y":38.239204870000002}},{"type":"Feature","id":191,"geometry":{"type":"Point","coordinates":[-85.760301369097675,38.104311761513337]},"properties":{"OBJECTID":191,"ROADNAME":"MITCHELL HILL RD","CID":167,"CROSSTYPE":"SCHOOL","CROSSST":"MID-BLOCK","ATTRACT":"FAIRDALE ELEMENTARY","ATTRACTADD":"10104 MITCHELL HILL RD","STATUS":"EXISTING","MILEPOINT":null,"AIDTYPE":"NONE","HVCROSS":"YES","PEDREF":"NA","CURBEXT":"NO","DELPOST":"NO","TARC":"NO","GUARD":"YES","AADT":4500,"AADTSO":"LMPW","AADTYR":2019,"COUNDIST":13,"COUNDIST1":null,"RWCOMPKEY":38741,"DIR":" ","STRNAME":"MITCHELL HILL","TYPE":"RD","SPEED":35,"ONE_WAY":"N","MUNI_NAME":"LOUISVILLE","MAIN_DIST":"WEST","OWNER_ABRV":"METR","MAIN_RESP":"METROCTR","CLASS_ABRV":"SECCOL","ROUTE_LBL":" ","POINT_X":-85.760296490000002,"POINT_Y":38.104304499999998}},{"type":"Feature","id":192,"geometry":{"type":"Point","coordinates":[-85.752110613033068,38.25782585259018]},"properties":{"OBJECTID":192,"ROADNAME":"W WITHERSPOON ST","CID":257,"CROSSTYPE":"PEDESTRIAN","CROSSST":"MID-BLOCK","ATTRACT":"PRESBYTERIAN CHURCH USA","ATTRACTADD":"100 WITHERSPOON ST","STATUS":"EXISTING","MILEPOINT":null,"AIDTYPE":"NONE","HVCROSS":"YES","PEDREF":"NA","CURBEXT":"NO","DELPOST":"NO","TARC":"NO","GUARD":"NA","AADT":7800,"AADTSO":"LMPW","AADTYR":2018,"COUNDIST":4,"COUNDIST1":null,"RWCOMPKEY":15258,"DIR":"W","STRNAME":"WITHERSPOON","TYPE":"ST","SPEED":35,"ONE_WAY":"N","MUNI_NAME":"LOUISVILLE","MAIN_DIST":"WEST","OWNER_ABRV":"METR","MAIN_RESP":"METROCTR","CLASS_ABRV":"SECCOL","ROUTE_LBL":" ","POINT_X":-85.752105729999997,"POINT_Y":38.257818559999997}},{"type":"Feature","id":193,"geometry":{"type":"Point","coordinates":[-85.678589799498823,38.103669093726872]},"properties":{"OBJECTID":193,"ROADNAME":"COMMERCE CROSSINGS DR","CID":82,"CROSSTYPE":"PEDESTRIAN","CROSSST":"MID-BLOCK","ATTRACT":"PASSPORT HEALTH PLAN","ATTRACTADD":"5100 COMMERCE CROSSINGS DR","STATUS":"EXISTING","MILEPOINT":null,"AIDTYPE":"ILLUMINATED SIGNAGE","HVCROSS":"YES","PEDREF":"NO","CURBEXT":"NO","DELPOST":"NO","TARC":"NO","GUARD":"NA","AADT":null,"AADTSO":"NOT AVAILABLE","AADTYR":null,"COUNDIST":13,"COUNDIST1":null,"RWCOMPKEY":26468,"DIR":" ","STRNAME":"COMMERCE CROSSINGS","TYPE":"DR","SPEED":25,"ONE_WAY":"N","MUNI_NAME":"LOUISVILLE","MAIN_DIST":"WEST","OWNER_ABRV":"METR","MAIN_RESP":"METRO","CLASS_ABRV":"LOCAL","ROUTE_LBL":" ","POINT_X":-85.678584950000001,"POINT_Y":38.10366183}},{"type":"Feature","id":194,"geometry":{"type":"Point","coordinates":[-85.733997718857495,38.262548653135354]},"properties":{"OBJECTID":194,"ROADNAME":"RIVER RD","CID":212,"CROSSTYPE":"PEDESTRIAN","CROSSST":"MID-BLOCK","ATTRACT":"WATERFRONT PARK","ATTRACTADD":null,"STATUS":"EXISTING","MILEPOINT":null,"AIDTYPE":"HAWK","HVCROSS":"YES","PEDREF":"NO","CURBEXT":"NO","DELPOST":"NO","TARC":"NO","GUARD":"NA","AADT":12800,"AADTSO":"LMPW","AADTYR":2011,"COUNDIST":4,"COUNDIST1":null,"RWCOMPKEY":35044,"DIR":" ","STRNAME":"RIVER","TYPE":"RD","SPEED":35,"ONE_WAY":"N","MUNI_NAME":"LOUISVILLE","MAIN_DIST":"EAST","OWNER_ABRV":"METR","MAIN_RESP":"METROCTR","CLASS_ABRV":"MINART","ROUTE_LBL":" ","POINT_X":-85.733992839999999,"POINT_Y":38.26254136}},{"type":"Feature","id":195,"geometry":{"type":"Point","coordinates":[-85.597135485712357,38.278450578966243]},"properties":{"OBJECTID":195,"ROADNAME":"WESTPORT RD","CID":251,"CROSSTYPE":"PEDESTRIAN","CROSSST":"MID-BLOCK","ATTRACT":"TARC STOP","ATTRACTADD":null,"STATUS":"EXISTING","MILEPOINT":3.722,"AIDTYPE":"HAWK","HVCROSS":"YES","PEDREF":"NO","CURBEXT":"NO","DELPOST":"NO","TARC":"YES","GUARD":"NA","AADT":33100,"AADTSO":"LMPW","AADTYR":2013,"COUNDIST":7,"COUNDIST1":null,"RWCOMPKEY":2223,"DIR":" ","STRNAME":"WESTPORT","TYPE":"RD","SPEED":45,"ONE_WAY":"N","MUNI_NAME":"LOUISVILLE","MAIN_DIST":"EAST","OWNER_ABRV":"STAT","MAIN_RESP":"STATE","CLASS_ABRV":"MINART","ROUTE_LBL":"KY-1447","POINT_X":-85.597130640000003,"POINT_Y":38.278443279999998}},{"type":"Feature","id":196,"geometry":{"type":"Point","coordinates":[-85.728110433351461,38.255941394847326]},"properties":{"OBJECTID":196,"ROADNAME":"STORY AVE","CID":232,"CROSSTYPE":"PEDESTRIAN","CROSSST":"CABEL ST","ATTRACT":"JBS","ATTRACTADD":"1200 STORY AVE","STATUS":"EXISTING","MILEPOINT":0.22700000000000001,"AIDTYPE":"FLASHING OVERHEAD LIGHT","HVCROSS":"YES","PEDREF":"NA","CURBEXT":"NO","DELPOST":"NO","TARC":"YES","GUARD":"NA","AADT":10800,"AADTSO":"LMPW","AADTYR":2017,"COUNDIST":4,"COUNDIST1":null,"RWCOMPKEY":15553,"DIR":" ","STRNAME":"STORY","TYPE":"AVE","SPEED":35,"ONE_WAY":"Y","MUNI_NAME":"LOUISVILLE","MAIN_DIST":"EAST","OWNER_ABRV":"STAT","MAIN_RESP":"STATE","CLASS_ABRV":"MAJART","ROUTE_LBL":"US-42","POINT_X":-85.728105560000003,"POINT_Y":38.255934099999997}},{"type":"Feature","id":197,"geometry":{"type":"Point","coordinates":[-85.627765278308843,38.1451543598711]},"properties":{"OBJECTID":197,"ROADNAME":"FEGENBUSH LN","CID":103,"CROSSTYPE":"PEDESTRIAN","CROSSST":"NORLYNN DR","ATTRACT":null,"ATTRACTADD":null,"STATUS":"EXISTING","MILEPOINT":5.1820000000000004,"AIDTYPE":"FLASHING OVERHEAD LIGHT","HVCROSS":"YES","PEDREF":"NA","CURBEXT":"NO","DELPOST":"NO","TARC":"NO","GUARD":"NA","AADT":14600,"AADTSO":"LMPW","AADTYR":2019,"COUNDIST":23,"COUNDIST1":null,"RWCOMPKEY":13857,"DIR":" ","STRNAME":"FEGENBUSH","TYPE":"LN","SPEED":45,"ONE_WAY":"N","MUNI_NAME":"LOUISVILLE","MAIN_DIST":"WEST","OWNER_ABRV":"STAT","MAIN_RESP":"STATE","CLASS_ABRV":"MINART","ROUTE_LBL":"KY-864","POINT_X":-85.627760440000003,"POINT_Y":38.145147080000001}},{"type":"Feature","id":198,"geometry":{"type":"Point","coordinates":[-85.745036604885641,38.248406763280371]},"properties":{"OBJECTID":198,"ROADNAME":"S JACKSON ST","CID":142,"CROSSTYPE":"PEDESTRIAN","CROSSST":"MID-BLOCK","ATTRACT":"UOFL HOSPITAL","ATTRACTADD":"530 S JACKSON ST","STATUS":"EXISTING","MILEPOINT":12.515000000000001,"AIDTYPE":"FLASHING OVERHEAD LIGHT","HVCROSS":"YES","PEDREF":"NA","CURBEXT":"YES","DELPOST":"NO","TARC":"YES","GUARD":"NA","AADT":9300,"AADTSO":"LMPW","AADTYR":2019,"COUNDIST":4,"COUNDIST1":null,"RWCOMPKEY":16261,"DIR":"S","STRNAME":"JACKSON","TYPE":"ST","SPEED":35,"ONE_WAY":"Y","MUNI_NAME":"LOUISVILLE","MAIN_DIST":"EAST","OWNER_ABRV":"STAT","MAIN_RESP":"STATE","CLASS_ABRV":"MINART","ROUTE_LBL":"KY-61","POINT_X":-85.74503172,"POINT_Y":38.248399470000003}},{"type":"Feature","id":199,"geometry":{"type":"Point","coordinates":[-85.612307576324611,38.268816490889719]},"properties":{"OBJECTID":199,"ROADNAME":"LYNDON LN","CID":155,"CROSSTYPE":"PEDESTRIAN","CROSSST":"MID-BLOCK","ATTRACT":"WESTPORT VILLAGE","ATTRACTADD":"1315 HERR LN","STATUS":"EXISTING","MILEPOINT":null,"AIDTYPE":"FLASHING OVERHEAD LIGHT","HVCROSS":"YES","PEDREF":"NA","CURBEXT":"NO","DELPOST":"NO","TARC":"NO","GUARD":"NA","AADT":4700,"AADTSO":"LMPW","AADTYR":2016,"COUNDIST":7,"COUNDIST1":null,"RWCOMPKEY":6411,"DIR":" ","STRNAME":"LYNDON","TYPE":"LN","SPEED":35,"ONE_WAY":"N","MUNI_NAME":"GRAYMOOR/DEVONDALE","MAIN_DIST":"EAST","OWNER_ABRV":"METR","MAIN_RESP":"METROCTR","CLASS_ABRV":"PRICOL","ROUTE_LBL":" ","POINT_X":-85.612302729999996,"POINT_Y":38.268809189999999}},{"type":"Feature","id":200,"geometry":{"type":"Point","coordinates":[-85.54105414155508,38.248690186973427]},"properties":{"OBJECTID":200,"ROADNAME":"N MADISON AVE","CID":157,"CROSSTYPE":"SCHOOL","CROSSST":"MID-BLOCK","ATTRACT":"MIDDLETOWN ELEMENTARY","ATTRACTADD":"218 N MADISON AVE","STATUS":"EXISTING","MILEPOINT":null,"AIDTYPE":"FLASHING OVERHEAD LIGHT","HVCROSS":"YES","PEDREF":"NA","CURBEXT":"NO","DELPOST":"NO","TARC":"NO","GUARD":"NO","AADT":2400,"AADTSO":"KYTC","AADTYR":2018,"COUNDIST":19,"COUNDIST1":null,"RWCOMPKEY":3608,"DIR":"N","STRNAME":"MADISON","TYPE":"AVE","SPEED":25,"ONE_WAY":"N","MUNI_NAME":"MIDDLETOWN","MAIN_DIST":"EAST","OWNER_ABRV":"METR","MAIN_RESP":"METROCTR","CLASS_ABRV":"PRICOL","ROUTE_LBL":" ","POINT_X":-85.541049319999999,"POINT_Y":38.248682889999998}},{"type":"Feature","id":201,"geometry":{"type":"Point","coordinates":[-85.52549756780553,38.243908576006383]},"properties":{"OBJECTID":201,"ROADNAME":"OLD SHELBYVILLE RD","CID":183,"CROSSTYPE":"SCHOOL","CROSSST":"JUNEAU DR","ATTRACT":"EASTERN HIGH SCHOOL","ATTRACTADD":"12400 OLD SHELBYVILLE RD","STATUS":"EXISTING","MILEPOINT":null,"AIDTYPE":"ENHANCED PED SIGNAGE WITH LIGHTS","HVCROSS":"YES","PEDREF":"NA","CURBEXT":"NO","DELPOST":"NO","TARC":"NO","GUARD":"NO","AADT":null,"AADTSO":"NOT AVAILABLE","AADTYR":null,"COUNDIST":19,"COUNDIST1":null,"RWCOMPKEY":270,"DIR":" ","STRNAME":"OLD SHELBYVILLE","TYPE":"RD","SPEED":35,"ONE_WAY":"N","MUNI_NAME":"MIDDLETOWN","MAIN_DIST":"EAST","OWNER_ABRV":"MIDD","MAIN_RESP":"4TH CLASS CITY","CLASS_ABRV":"PRICOL","ROUTE_LBL":"KY-2840","POINT_X":-85.525492749999998,"POINT_Y":38.243901280000003}},{"type":"Feature","id":202,"geometry":{"type":"Point","coordinates":[-85.747020064525842,38.248818587517384]},"properties":{"OBJECTID":202,"ROADNAME":"S PRESTON ST","CID":202,"CROSSTYPE":"PEDESTRIAN","CROSSST":"MID-BLOCK","ATTRACT":"UOFL HOSPITAL","ATTRACTADD":"530 S JACKSON ST","STATUS":"EXISTING","MILEPOINT":12.825000000000001,"AIDTYPE":"RRFB - SIDE MOUNTED","HVCROSS":"YES","PEDREF":"NA","CURBEXT":"YES","DELPOST":"NO","TARC":"YES","GUARD":"NA","AADT":7700,"AADTSO":"LMPW","AADTYR":2019,"COUNDIST":4,"COUNDIST1":null,"RWCOMPKEY":16241,"DIR":"S","STRNAME":"PRESTON","TYPE":"ST","SPEED":25,"ONE_WAY":"Y","MUNI_NAME":"LOUISVILLE","MAIN_DIST":"EAST","OWNER_ABRV":"STAT","MAIN_RESP":"STATE","CLASS_ABRV":"MINART","ROUTE_LBL":"KY-61","POINT_X":-85.747015180000005,"POINT_Y":38.2488113}},{"type":"Feature","id":203,"geometry":{"type":"Point","coordinates":[-85.856074839002545,38.105420369991968]},"properties":{"OBJECTID":203,"ROADNAME":"VALLEY STATION RD","CID":245,"CROSSTYPE":"PEDESTRIAN","CROSSST":"GRAFTON HALL RD","ATTRACT":null,"ATTRACTADD":null,"STATUS":"EXISTING","MILEPOINT":0.63100000000000001,"AIDTYPE":"ADVANCE SIGNAGE","HVCROSS":"YES","PEDREF":"NA","CURBEXT":"NO","DELPOST":"NO","TARC":"NO","GUARD":"NA","AADT":null,"AADTSO":"NOT AVAILABLE","AADTYR":null,"COUNDIST":25,"COUNDIST1":null,"RWCOMPKEY":28379,"DIR":" ","STRNAME":"VALLEY STATION","TYPE":"RD","SPEED":35,"ONE_WAY":"N","MUNI_NAME":"LOUISVILLE","MAIN_DIST":"WEST","OWNER_ABRV":"STAT","MAIN_RESP":"STATE","CLASS_ABRV":"MINART","ROUTE_LBL":"KY-907","POINT_X":-85.856069930000004,"POINT_Y":38.105413110000001}},{"type":"Feature","id":204,"geometry":{"type":"Point","coordinates":[-85.574457301777954,38.226597140190165]},"properties":{"OBJECTID":204,"ROADNAME":"LINN STATION RD","CID":152,"CROSSTYPE":"PEDESTRIAN","CROSSST":"MID-BLOCK","ATTRACT":null,"ATTRACTADD":null,"STATUS":"EXISTING","MILEPOINT":null,"AIDTYPE":"ADVANCE SIGNAGE","HVCROSS":"YES","PEDREF":"NO","CURBEXT":"NO","DELPOST":"NO","TARC":"NO","GUARD":"NA","AADT":null,"AADTSO":"NOT AVAILABLE","AADTYR":null,"COUNDIST":18,"COUNDIST1":null,"RWCOMPKEY":4380,"DIR":" ","STRNAME":"LINN STATION","TYPE":"RD","SPEED":25,"ONE_WAY":"N","MUNI_NAME":"JEFFERSONTOWN","MAIN_DIST":"EAST","OWNER_ABRV":"JEFF","MAIN_RESP":"2ND CLASS CITY","CLASS_ABRV":"PRICOL","ROUTE_LBL":" ","POINT_X":-85.574452469999997,"POINT_Y":38.226589850000003}},{"type":"Feature","id":205,"geometry":{"type":"Point","coordinates":[-85.667910471228879,38.298240160072623]},"properties":{"OBJECTID":205,"ROADNAME":"RIVER RD","CID":211,"CROSSTYPE":"PEDESTRIAN","CROSSST":"MID-BLOCK","ATTRACT":"KNIGHTS OF COLUMBUS","ATTRACTADD":"4417 RIVER RD","STATUS":"EXISTING","MILEPOINT":null,"AIDTYPE":"ADVANCE FLASHING SIGNAGE, FLASHING OVERHEAD LIGHT","HVCROSS":"YES","PEDREF":"NA","CURBEXT":"NO","DELPOST":"NO","TARC":"NO","GUARD":"NA","AADT":null,"AADTSO":"NOT AVAILABLE","AADTYR":null,"COUNDIST":16,"COUNDIST1":null,"RWCOMPKEY":31434,"DIR":" ","STRNAME":"RIVER","TYPE":"RD","SPEED":45,"ONE_WAY":"N","MUNI_NAME":"LOUISVILLE","MAIN_DIST":"EAST","OWNER_ABRV":"METR","MAIN_RESP":"METROCTR","CLASS_ABRV":"MINART","ROUTE_LBL":" ","POINT_X":-85.667905610000005,"POINT_Y":38.298232859999999}},{"type":"Feature","id":206,"geometry":{"type":"Point","coordinates":[-85.636480469663752,38.213697440225076]},"properties":{"OBJECTID":206,"ROADNAME":"HIKES LN","CID":135,"CROSSTYPE":"SCHOOL","CROSSST":"MID-BLOCK","ATTRACT":"ST BARNABAS","ATTRACTADD":"3042 HIKES LN","STATUS":"REMOVED","MILEPOINT":null,"AIDTYPE":null,"HVCROSS":null,"PEDREF":null,"CURBEXT":null,"DELPOST":null,"TARC":null,"GUARD":null,"AADT":null,"AADTSO":null,"AADTYR":null,"COUNDIST":null,"COUNDIST1":null,"RWCOMPKEY":40437,"DIR":" ","STRNAME":"HIKES","TYPE":"LN","SPEED":35,"ONE_WAY":"N","MUNI_NAME":"LOUISVILLE","MAIN_DIST":"EAST","OWNER_ABRV":"METR","MAIN_RESP":"METROCTR","CLASS_ABRV":"MINART","ROUTE_LBL":" ","POINT_X":-85.636480469999995,"POINT_Y":38.213697439999997}},{"type":"Feature","id":207,"geometry":{"type":"Point","coordinates":[-85.807418288426902,38.191681635077657]},"properties":{"OBJECTID":207,"ROADNAME":"CRUMS LN","CID":86,"CROSSTYPE":"PEDESTRIAN","CROSSST":"MID-BLOCK","ATTRACT":"MARY QUEEN OF PEACE","ATTRACTADD":"4005 DIXIE HWY","STATUS":"REMOVED","MILEPOINT":null,"AIDTYPE":null,"HVCROSS":null,"PEDREF":null,"CURBEXT":null,"DELPOST":null,"TARC":null,"GUARD":null,"AADT":null,"AADTSO":null,"AADTYR":null,"COUNDIST":null,"COUNDIST1":null,"RWCOMPKEY":22656,"DIR":" ","STRNAME":"CRUMS","TYPE":"LN","SPEED":25,"ONE_WAY":"N","MUNI_NAME":"LOUISVILLE","MAIN_DIST":"WEST","OWNER_ABRV":"METR","MAIN_RESP":"METRO","CLASS_ABRV":"PRICOL","ROUTE_LBL":" ","POINT_X":-85.807418290000001,"POINT_Y":38.191681639999999}},{"type":"Feature","id":208,"geometry":{"type":"Point","coordinates":[-85.804557852290714,38.189629391659984]},"properties":{"OBJECTID":208,"ROADNAME":"CRUMS LN","CID":88,"CROSSTYPE":"PEDESTRIAN","CROSSST":"MID-BLOCK","ATTRACT":null,"ATTRACTADD":null,"STATUS":"REMOVED","MILEPOINT":null,"AIDTYPE":null,"HVCROSS":null,"PEDREF":null,"CURBEXT":null,"DELPOST":null,"TARC":null,"GUARD":null,"AADT":null,"AADTSO":null,"AADTYR":null,"COUNDIST":null,"COUNDIST1":null,"RWCOMPKEY":22656,"DIR":" ","STRNAME":"CRUMS","TYPE":"LN","SPEED":25,"ONE_WAY":"N","MUNI_NAME":"LOUISVILLE","MAIN_DIST":"WEST","OWNER_ABRV":"METR","MAIN_RESP":"METRO","CLASS_ABRV":"PRICOL","ROUTE_LBL":" ","POINT_X":-85.804557849999995,"POINT_Y":38.18962939}},{"type":"Feature","id":209,"geometry":{"type":"Point","coordinates":[-85.737219559414726,38.23393766113265]},"properties":{"OBJECTID":209,"ROADNAME":"MARY ST","CID":163,"CROSSTYPE":"PEDESTRIAN","CROSSST":"SWAN ST","ATTRACT":null,"ATTRACTADD":null,"STATUS":"CONVERTED","MILEPOINT":null,"AIDTYPE":null,"HVCROSS":null,"PEDREF":null,"CURBEXT":null,"DELPOST":null,"TARC":null,"GUARD":null,"AADT":null,"AADTSO":null,"AADTYR":null,"COUNDIST":null,"COUNDIST1":null,"RWCOMPKEY":37938,"DIR":" ","STRNAME":"MARY","TYPE":"ST","SPEED":35,"ONE_WAY":"Y","MUNI_NAME":"LOUISVILLE","MAIN_DIST":"EAST","OWNER_ABRV":"METR","MAIN_RESP":"METROCTR","CLASS_ABRV":"MINART","ROUTE_LBL":" ","POINT_X":-85.73721956,"POINT_Y":38.233937660000002}},{"type":"Feature","id":210,"geometry":{"type":"Point","coordinates":[-85.74576804425179,38.217445429720591]},"properties":{"OBJECTID":210,"ROADNAME":"S PRESTON ST","CID":203,"CROSSTYPE":"PEDESTRIAN","CROSSST":"LYNN ST","ATTRACT":null,"ATTRACTADD":null,"STATUS":"CONVERTED","MILEPOINT":null,"AIDTYPE":null,"HVCROSS":null,"PEDREF":null,"CURBEXT":null,"DELPOST":null,"TARC":null,"GUARD":null,"AADT":null,"AADTSO":null,"AADTYR":null,"COUNDIST":null,"COUNDIST1":null,"RWCOMPKEY":18656,"DIR":"S","STRNAME":"PRESTON","TYPE":"ST","SPEED":35,"ONE_WAY":"Y","MUNI_NAME":"LOUISVILLE","MAIN_DIST":"EAST","OWNER_ABRV":"STAT","MAIN_RESP":"STATE","CLASS_ABRV":"MINART","ROUTE_LBL":"KY-61","POINT_X":-85.745768040000002,"POINT_Y":38.217445429999998}},{"type":"Feature","id":211,"geometry":{"type":"Point","coordinates":[-85.773855890922576,38.234859559153278]},"properties":{"OBJECTID":211,"ROADNAME":"S 12TH ST","CID":1,"CROSSTYPE":"PEDESTRIAN","CROSSST":"MID-BLOCK","ATTRACT":"CLARIANT","ATTRACTADD":"1227 S 12TH ST","STATUS":"EXISTING","MILEPOINT":null,"AIDTYPE":"FLASHING OVERHEAD LIGHT","HVCROSS":"YES","PEDREF":"NA","CURBEXT":"NO","DELPOST":"NO","TARC":"YES","GUARD":"NA","AADT":null,"AADTSO":"NOT AVAILABLE","AADTYR":null,"COUNDIST":6,"COUNDIST1":null,"RWCOMPKEY":17262,"DIR":"S","STRNAME":"12TH","TYPE":"ST","SPEED":35,"ONE_WAY":"N","MUNI_NAME":"LOUISVILLE","MAIN_DIST":"WEST","OWNER_ABRV":"METR","MAIN_RESP":"METROCTR","CLASS_ABRV":"PRICOL","ROUTE_LBL":" ","POINT_X":-85.773850999999993,"POINT_Y":38.234852269999998}},{"type":"Feature","id":212,"geometry":{"type":"Point","coordinates":[-85.777415948243473,38.224244708810268]},"properties":{"OBJECTID":212,"ROADNAME":"S 13TH ST","CID":2,"CROSSTYPE":"PEDESTRIAN","CROSSST":"MID-BLOCK","ATTRACT":"PARK HILL COMMUNITY CENTER","ATTRACTADD":"1703 S 13TH ST","STATUS":"EXISTING","MILEPOINT":null,"AIDTYPE":"SPEED HUMPS","HVCROSS":"YES","PEDREF":"NA","CURBEXT":"NO","DELPOST":"NO","TARC":"YES","GUARD":"NA","AADT":null,"AADTSO":"NOT AVAILABLE","AADTYR":null,"COUNDIST":6,"COUNDIST1":null,"RWCOMPKEY":18242,"DIR":"S","STRNAME":"13TH","TYPE":"ST","SPEED":25,"ONE_WAY":"N","MUNI_NAME":"LOUISVILLE","MAIN_DIST":"WEST","OWNER_ABRV":"METR","MAIN_RESP":"METRO","CLASS_ABRV":"LOCAL","ROUTE_LBL":" ","POINT_X":-85.777411060000006,"POINT_Y":38.224237420000001}},{"type":"Feature","id":213,"geometry":{"type":"Point","coordinates":[-85.798805063096012,38.264024629455086]},"properties":{"OBJECTID":213,"ROADNAME":"DUNCAN ST","CID":27,"CROSSTYPE":"SCHOOL","CROSSST":"N 29TH ST","ATTRACT":"ATKINSON ELEMENTARY","ATTRACTADD":"2811 DUNCAN ST","STATUS":"EXISTING","MILEPOINT":null,"AIDTYPE":"NONE","HVCROSS":"YES","PEDREF":"NA","CURBEXT":"NO","DELPOST":"NO","TARC":"NO","GUARD":"YES","AADT":null,"AADTSO":"NOT AVAILABLE","AADTYR":null,"COUNDIST":5,"COUNDIST1":null,"RWCOMPKEY":14660,"DIR":" ","STRNAME":"DUNCAN","TYPE":"ST","SPEED":25,"ONE_WAY":"N","MUNI_NAME":"LOUISVILLE","MAIN_DIST":"WEST","OWNER_ABRV":"METR","MAIN_RESP":"METRO","CLASS_ABRV":"LOCAL","ROUTE_LBL":" ","POINT_X":-85.798800159999999,"POINT_Y":38.264017340000002}},{"type":"Feature","id":214,"geometry":{"type":"Point","coordinates":[-85.718552424885317,38.237081923315223]},"properties":{"OBJECTID":214,"ROADNAME":"BARDSTOWN RD","CID":31,"CROSSTYPE":"SCHOOL","CROSSST":"LUCIA AVE","ATTRACT":"BLOOM ELEMENTARY","ATTRACTADD":"1627 LUCIA AVE","STATUS":"EXISTING","MILEPOINT":15.254000000000001,"AIDTYPE":"RRFB - SIDE MOUNTED","HVCROSS":"YES","PEDREF":"NA","CURBEXT":"YES","DELPOST":"NO","TARC":"YES","GUARD":"YES","AADT":15500,"AADTSO":"LMPW","AADTYR":2016,"COUNDIST":8,"COUNDIST1":null,"RWCOMPKEY":20518,"DIR":" ","STRNAME":"BARDSTOWN","TYPE":"RD","SPEED":35,"ONE_WAY":"N","MUNI_NAME":"LOUISVILLE","MAIN_DIST":"EAST","OWNER_ABRV":"STAT","MAIN_RESP":"STATE","CLASS_ABRV":"MAJART","ROUTE_LBL":"US-31E","POINT_X":-85.718547549999997,"POINT_Y":38.237074630000002}},{"type":"Feature","id":215,"geometry":{"type":"Point","coordinates":[-85.7208159317547,38.235856676553126]},"properties":{"OBJECTID":215,"ROADNAME":"BAXTER AVE","CID":37,"CROSSTYPE":"SCHOOL","CROSSST":"LUCIA AVE","ATTRACT":"BLOOM ELEMENTARY","ATTRACTADD":"1627 LUCIA AVE","STATUS":"EXISTING","MILEPOINT":5.3290000000000006,"AIDTYPE":"SCHOOL ZONE WARNING SYSTEM","HVCROSS":"YES","PEDREF":"NA","CURBEXT":"NO","DELPOST":"YES","TARC":"NO","GUARD":"YES","AADT":9500,"AADTSO":"LMPW","AADTYR":2015,"COUNDIST":8,"COUNDIST1":null,"RWCOMPKEY":20552,"DIR":" ","STRNAME":"BAXTER","TYPE":"AVE","SPEED":35,"ONE_WAY":"N","MUNI_NAME":"LOUISVILLE","MAIN_DIST":"EAST","OWNER_ABRV":"STAT","MAIN_RESP":"STATE","CLASS_ABRV":"MINART","ROUTE_LBL":"KY-1703","POINT_X":-85.720811060000003,"POINT_Y":38.235849389999998}},{"type":"Feature","id":216,"geometry":{"type":"Point","coordinates":[-85.795592334919647,38.243346750361987]},"properties":{"OBJECTID":216,"ROADNAME":"S 26TH ST","CID":10,"CROSSTYPE":"SCHOOL","CROSSST":"W KENTUCKY ST","ATTRACT":"BRANDEIS ELEMENTARY","ATTRACTADD":"2817 W KENTUCKY ST","STATUS":"EXISTING","MILEPOINT":null,"AIDTYPE":"NONE","HVCROSS":"YES","PEDREF":"NA","CURBEXT":"NO","DELPOST":"NO","TARC":"NO","GUARD":"YES","AADT":6000,"AADTSO":"KYTC","AADTYR":2017,"COUNDIST":4,"COUNDIST1":null,"RWCOMPKEY":16526,"DIR":"S","STRNAME":"28TH","TYPE":"ST","SPEED":35,"ONE_WAY":"N","MUNI_NAME":"LOUISVILLE","MAIN_DIST":"WEST","OWNER_ABRV":"METR","MAIN_RESP":"METROCTR","CLASS_ABRV":"LOCAL","ROUTE_LBL":" ","POINT_X":-85.795587440000006,"POINT_Y":38.243339460000001}},{"type":"Feature","id":217,"geometry":{"type":"Point","coordinates":[-85.799317879982453,38.243677270315366]},"properties":{"OBJECTID":217,"ROADNAME":"S 28TH ST","CID":12,"CROSSTYPE":"SCHOOL","CROSSST":"W KENTUCKY ST","ATTRACT":"BRANDEIS ELEMENTARY","ATTRACTADD":"2817 W KENTUCKY ST","STATUS":"EXISTING","MILEPOINT":null,"AIDTYPE":"SCHOOL ZONE WARNING SYSTEM","HVCROSS":"YES","PEDREF":"NA","CURBEXT":"NO","DELPOST":"NO","TARC":"YES","GUARD":"YES","AADT":6100,"AADTSO":"LMPW","AADTYR":2019,"COUNDIST":4,"COUNDIST1":null,"RWCOMPKEY":16494,"DIR":"S","STRNAME":"28TH","TYPE":"ST","SPEED":35,"ONE_WAY":"N","MUNI_NAME":"LOUISVILLE","MAIN_DIST":"WEST","OWNER_ABRV":"METR","MAIN_RESP":"METROCTR","CLASS_ABRV":"LOCAL","ROUTE_LBL":" ","POINT_X":-85.799312979999996,"POINT_Y":38.24366998}},{"type":"Feature","id":218,"geometry":{"type":"Point","coordinates":[-85.791781461651112,38.25270505341463]},"properties":{"OBJECTID":218,"ROADNAME":"W CHESTNUT ST","CID":76,"CROSSTYPE":"SCHOOL","CROSSST":"S 24TH ST","ATTRACT":"BYCK ELEMENTARY","ATTRACTADD":"2328 CEDAR ST","STATUS":"EXISTING","MILEPOINT":null,"AIDTYPE":"SCHOOL ZONE WARNING SYSTEM","HVCROSS":"YES","PEDREF":"NA","CURBEXT":"NO","DELPOST":"NO","TARC":"YES","GUARD":"YES","AADT":6700,"AADTSO":"LMPW","AADTYR":2015,"COUNDIST":5,"COUNDIST1":null,"RWCOMPKEY":15795,"DIR":"S","STRNAME":"24TH","TYPE":"ST","SPEED":25,"ONE_WAY":"Y","MUNI_NAME":"LOUISVILLE","MAIN_DIST":"WEST","OWNER_ABRV":"METR","MAIN_RESP":"METRO","CLASS_ABRV":"LOCAL","ROUTE_LBL":" ","POINT_X":-85.791776569999996,"POINT_Y":38.252697759999997}},{"type":"Feature","id":219,"geometry":{"type":"Point","coordinates":[-85.720248846057345,38.196272709621326]},"properties":{"OBJECTID":219,"ROADNAME":"BELMAR DR","CID":41,"CROSSTYPE":"SCHOOL","CROSSST":"HICKMAN AVE","ATTRACT":"CAMP TAYLOR ELEMENTARY","ATTRACTADD":"1446 BELMAR DR","STATUS":"EXISTING","MILEPOINT":null,"AIDTYPE":"NONE","HVCROSS":"YES","PEDREF":"NA","CURBEXT":"NO","DELPOST":"NO","TARC":"NO","GUARD":"NO","AADT":null,"AADTSO":"NOT AVAILABLE","AADTYR":null,"COUNDIST":10,"COUNDIST1":null,"RWCOMPKEY":20019,"DIR":" ","STRNAME":"BELMAR","TYPE":"DR","SPEED":25,"ONE_WAY":"N","MUNI_NAME":"LOUISVILLE","MAIN_DIST":"EAST","OWNER_ABRV":"METR","MAIN_RESP":"METRO","CLASS_ABRV":"PRICOL","ROUTE_LBL":" ","POINT_X":-85.720243969999999,"POINT_Y":38.196265429999997}},{"type":"Feature","id":220,"geometry":{"type":"Point","coordinates":[-85.704878249813873,38.238024726697923]},"properties":{"OBJECTID":220,"ROADNAME":"ALEXANDER RD","CID":26,"CROSSTYPE":"CART","CROSSST":"MID-BLOCK","ATTRACT":"CHEROKEE GOLF COURSE","ATTRACTADD":"2501 ALEXANDER RD","STATUS":"EXISTING","MILEPOINT":null,"AIDTYPE":"NONE","HVCROSS":"NO","PEDREF":"NA","CURBEXT":"NO","DELPOST":"NO","TARC":"NO","GUARD":"NA","AADT":null,"AADTSO":"NOT AVAILABLE","AADTYR":null,"COUNDIST":8,"COUNDIST1":null,"RWCOMPKEY":20536,"DIR":" ","STRNAME":"ALEXANDER","TYPE":"RD","SPEED":25,"ONE_WAY":"N","MUNI_NAME":"LOUISVILLE","MAIN_DIST":"EAST","OWNER_ABRV":"METR","MAIN_RESP":"METRO","CLASS_ABRV":"LOCAL","ROUTE_LBL":" ","POINT_X":-85.704873379999995,"POINT_Y":38.23801744}},{"type":"Feature","id":221,"geometry":{"type":"Point","coordinates":[-85.797853556744329,38.251981964678436]},"properties":{"OBJECTID":221,"ROADNAME":"S 28TH ST","CID":13,"CROSSTYPE":"PEDESTRIAN","CROSSST":"MAGAZINE ST","ATTRACT":"ELLIOT PARK","ATTRACTADD":"630 S 28TH ST","STATUS":"EXISTING","MILEPOINT":null,"AIDTYPE":"NONE","HVCROSS":"YES","PEDREF":"NA","CURBEXT":"NO","DELPOST":"NO","TARC":"YES","GUARD":"NA","AADT":4300,"AADTSO":"LMPW","AADTYR":2019,"COUNDIST":5,"COUNDIST1":null,"RWCOMPKEY":15895,"DIR":"S","STRNAME":"28TH","TYPE":"ST","SPEED":35,"ONE_WAY":"N","MUNI_NAME":"LOUISVILLE","MAIN_DIST":"WEST","OWNER_ABRV":"METR","MAIN_RESP":"METROCTR","CLASS_ABRV":"LOCAL","ROUTE_LBL":" ","POINT_X":-85.79784866,"POINT_Y":38.251974680000004}},{"type":"Feature","id":222,"geometry":{"type":"Point","coordinates":[-85.777988690414077,38.249757166618338]},"properties":{"OBJECTID":222,"ROADNAME":"S 16TH ST","CID":4,"CROSSTYPE":"SCHOOL","CROSSST":"MAGAZINE ST","ATTRACT":"GRACE JAMES ACADEMY OF EXCELLENCE","ATTRACTADD":"1615 W BROADWAY","STATUS":"EXISTING","MILEPOINT":null,"AIDTYPE":"SCHOOL ZONE WARNING SYSTEM","HVCROSS":"YES","PEDREF":"NA","CURBEXT":"NO","DELPOST":"NO","TARC":"NO","GUARD":"NO","AADT":2700,"AADTSO":"LMPW","AADTYR":2013,"COUNDIST":4,"COUNDIST1":null,"RWCOMPKEY":16104,"DIR":" ","STRNAME":"MAGAZINE","TYPE":"ST","SPEED":35,"ONE_WAY":"Y","MUNI_NAME":"LOUISVILLE","MAIN_DIST":"WEST","OWNER_ABRV":"METR","MAIN_RESP":"METRO","CLASS_ABRV":"LOCAL","ROUTE_LBL":" ","POINT_X":-85.777983800000001,"POINT_Y":38.249749880000003}},{"type":"Feature","id":223,"geometry":{"type":"Point","coordinates":[-85.844583688781938,38.113602098154026]},"properties":{"OBJECTID":223,"ROADNAME":"COMMUNITY COLLEGE DR","CID":16,"CROSSTYPE":"SCHOOL","CROSSST":"BENTFORD DR","ATTRACT":"JEFFERSON COMMUNITY AND TECHNICAL COLLEGE SOUTHWEST CAMPUS","ATTRACTADD":"1000 COMMUNITY COLLEGE DR","STATUS":"EXISTING","MILEPOINT":1.631,"AIDTYPE":"NONE","HVCROSS":"YES","PEDREF":"NA","CURBEXT":"NO","DELPOST":"NO","TARC":"NO","GUARD":"NO","AADT":8300,"AADTSO":"LMPW","AADTYR":2018,"COUNDIST":12,"COUNDIST1":25,"RWCOMPKEY":36140,"DIR":" ","STRNAME":"COMMUNITY COLLEGE","TYPE":"DR","SPEED":15,"ONE_WAY":"N","MUNI_NAME":"LOUISVILLE","MAIN_DIST":"WEST","OWNER_ABRV":"PRIV","MAIN_RESP":"NON-METRO","CLASS_ABRV":"LOCAL","ROUTE_LBL":" ","POINT_X":-85.84457879,"POINT_Y":38.113594839999998}},{"type":"Feature","id":224,"geometry":{"type":"Point","coordinates":[-85.763704895277698,38.206167748700949]},"properties":{"OBJECTID":224,"ROADNAME":"S 3RD ST","CID":15,"CROSSTYPE":"PEDESTRIAN","CROSSST":"HEYWOOD AVE","ATTRACT":"JIM PATTERSON STADIUM","ATTRACTADD":"3015 S 3RD ST","STATUS":"EXISTING","MILEPOINT":9.5790000000000006,"AIDTYPE":"RRFB - SIDE MOUNTED","HVCROSS":"YES","PEDREF":"NA","CURBEXT":"NO","DELPOST":"NO","TARC":"YES","GUARD":"NA","AADT":13700,"AADTSO":"LMPW","AADTYR":2011,"COUNDIST":15,"COUNDIST1":null,"RWCOMPKEY":31443,"DIR":"S","STRNAME":"3RD","TYPE":"ST","SPEED":35,"ONE_WAY":"N","MUNI_NAME":"LOUISVILLE","MAIN_DIST":"WEST","OWNER_ABRV":"STAT","MAIN_RESP":"STATE","CLASS_ABRV":"MINART","ROUTE_LBL":"KY-1020","POINT_X":-85.763700009999994,"POINT_Y":38.20616047}},{"type":"Feature","id":225,"geometry":{"type":"Point","coordinates":[-85.788161700505086,38.131164604837963]},"properties":{"OBJECTID":225,"ROADNAME":"AFTERGLOW DR","CID":24,"CROSSTYPE":"SCHOOL","CROSSST":"CASTLETON DR","ATTRACT":"LASSITER MIDDLE","ATTRACTADD":"8200 CANDLEWORTH DR","STATUS":"EXISTING","MILEPOINT":null,"AIDTYPE":"NONE","HVCROSS":"YES","PEDREF":"NA","CURBEXT":"NO","DELPOST":"NO","TARC":"NO","GUARD":"NO","AADT":null,"AADTSO":"NOT AVAILABLE","AADTYR":null,"COUNDIST":25,"COUNDIST1":null,"RWCOMPKEY":24755,"DIR":" ","STRNAME":"AFTERGLOW","TYPE":"DR","SPEED":25,"ONE_WAY":"N","MUNI_NAME":"LOUISVILLE","MAIN_DIST":"WEST","OWNER_ABRV":"METR","MAIN_RESP":"METRO","CLASS_ABRV":"LOCAL","ROUTE_LBL":" ","POINT_X":-85.788156810000004,"POINT_Y":38.131157340000001}},{"type":"Feature","id":226,"geometry":{"type":"Point","coordinates":[-85.894541677964696,38.104582545268507]},"properties":{"OBJECTID":226,"ROADNAME":"BETHANY LN","CID":40,"CROSSTYPE":"BIKE/PED","CROSSST":"MID-BLOCK","ATTRACT":"LOUISVILLE LOOP","ATTRACTADD":null,"STATUS":"EXISTING","MILEPOINT":0.94800000000000006,"AIDTYPE":"NONE","HVCROSS":"YES","PEDREF":"NA","CURBEXT":"NO","DELPOST":"NO","TARC":"YES","GUARD":"NA","AADT":6900,"AADTSO":"LMPW","AADTYR":2011,"COUNDIST":1,"COUNDIST1":null,"RWCOMPKEY":29595,"DIR":" ","STRNAME":"BETHANY","TYPE":"LN","SPEED":25,"ONE_WAY":"N","MUNI_NAME":"LOUISVILLE","MAIN_DIST":"WEST","OWNER_ABRV":"METR","MAIN_RESP":"METRO","CLASS_ABRV":"LOCAL","ROUTE_LBL":" ","POINT_X":-85.894536759999994,"POINT_Y":38.10457529}},{"type":"Feature","id":227,"geometry":{"type":"Point","coordinates":[-85.719159826797338,38.233796859086254]},"properties":{"OBJECTID":227,"ROADNAME":"BAXTER AVE","CID":38,"CROSSTYPE":"PEDESTRIAN","CROSSST":"GODDARD AVE","ATTRACT":"MID CITY MALL","ATTRACTADD":"1250 BARDSTOWN RD","STATUS":"EXISTING","MILEPOINT":5.149,"AIDTYPE":"NONE","HVCROSS":"YES","PEDREF":"NA","CURBEXT":"NO","DELPOST":"YES","TARC":"NO","GUARD":"NA","AADT":9800,"AADTSO":"LMPW","AADTYR":2015,"COUNDIST":8,"COUNDIST1":null,"RWCOMPKEY":20603,"DIR":" ","STRNAME":"BAXTER","TYPE":"AVE","SPEED":35,"ONE_WAY":"N","MUNI_NAME":"LOUISVILLE","MAIN_DIST":"EAST","OWNER_ABRV":"STAT","MAIN_RESP":"STATE","CLASS_ABRV":"MINART","ROUTE_LBL":"KY-1703","POINT_X":-85.719154950000004,"POINT_Y":38.233789569999999}},{"type":"Feature","id":228,"geometry":{"type":"Point","coordinates":[-85.673004765143375,38.198568860233557]},"properties":{"OBJECTID":228,"ROADNAME":"BASHFORD MANOR LN","CID":36,"CROSSTYPE":"SCHOOL","CROSSST":"WEXFORD DR","ATTRACT":"MINOR DANIELS ACADEMY","ATTRACTADD":"1960 BASHFORD MANOR LN","STATUS":"EXISTING","MILEPOINT":null,"AIDTYPE":"SCHOOL ZONE WARNING SYSTEM","HVCROSS":"YES","PEDREF":"NO","CURBEXT":"NO","DELPOST":"NO","TARC":"YES","GUARD":"NO","AADT":9400,"AADTSO":"KYTC","AADTYR":2014,"COUNDIST":10,"COUNDIST1":null,"RWCOMPKEY":5560,"DIR":" ","STRNAME":"BASHFORD MANOR","TYPE":"LN","SPEED":35,"ONE_WAY":"N","MUNI_NAME":"LOUISVILLE","MAIN_DIST":"EAST","OWNER_ABRV":"METR","MAIN_RESP":"METROCTR","CLASS_ABRV":"PRICOL","ROUTE_LBL":" ","POINT_X":-85.672999910000001,"POINT_Y":38.198561580000003}},{"type":"Feature","id":229,"geometry":{"type":"Point","coordinates":[-85.756605936327063,38.224111612751109]},"properties":{"OBJECTID":229,"ROADNAME":"S 1ST ST","CID":6,"CROSSTYPE":"SCHOOL","CROSSST":"MID-BLOCK","ATTRACT":"NOE MIDDLE","ATTRACTADD":"121 W LEE ST","STATUS":"EXISTING","MILEPOINT":null,"AIDTYPE":"NONE","HVCROSS":"YES","PEDREF":"NA","CURBEXT":"NO","DELPOST":"NO","TARC":"YES","GUARD":"YES","AADT":3100,"AADTSO":"LMPW","AADTYR":2019,"COUNDIST":6,"COUNDIST1":null,"RWCOMPKEY":18258,"DIR":"S","STRNAME":"1ST","TYPE":"ST","SPEED":35,"ONE_WAY":"Y","MUNI_NAME":"LOUISVILLE","MAIN_DIST":"WEST","OWNER_ABRV":"METR","MAIN_RESP":"METROCTR","CLASS_ABRV":"MINART","ROUTE_LBL":" ","POINT_X":-85.75660105,"POINT_Y":38.224104330000003}},{"type":"Feature","id":230,"geometry":{"type":"Point","coordinates":[-85.774094134969943,38.185981160344305]},"properties":{"OBJECTID":230,"ROADNAME":"W ASHLAND AVE","CID":28,"CROSSTYPE":"SCHOOL","CROSSST":"BELLEVUE AVE","ATTRACT":"OLMSTED ACADEMY NORTH","ATTRACTADD":"4530 BELLEVUE AVE","STATUS":"EXISTING","MILEPOINT":null,"AIDTYPE":"SCHOOL ZONE WARNING SYSTEM","HVCROSS":"YES","PEDREF":"NA","CURBEXT":"NO","DELPOST":"NO","TARC":"NO","GUARD":"YES","AADT":3100,"AADTSO":"LMPW","AADTYR":2015,"COUNDIST":21,"COUNDIST1":null,"RWCOMPKEY":22851,"DIR":"W","STRNAME":"ASHLAND","TYPE":"AVE","SPEED":35,"ONE_WAY":"N","MUNI_NAME":"LOUISVILLE","MAIN_DIST":"WEST","OWNER_ABRV":"METR","MAIN_RESP":"METROCTR","CLASS_ABRV":"LOCAL","ROUTE_LBL":" ","POINT_X":-85.774089250000003,"POINT_Y":38.185973879999999}},{"type":"Feature","id":231,"geometry":{"type":"Point","coordinates":[-85.758927604840721,38.242996745040585]},"properties":{"OBJECTID":231,"ROADNAME":"S 4TH ST","CID":19,"CROSSTYPE":"SCHOOL","CROSSST":"MID-BLOCK","ATTRACT":"SPALDING UNIVERSITY","ATTRACTADD":"901 S 4TH ST","STATUS":"EXISTING","MILEPOINT":null,"AIDTYPE":"FLASHING OVERHEAD LIGHT","HVCROSS":"YES","PEDREF":"NA","CURBEXT":"NO","DELPOST":"NO","TARC":"YES","GUARD":"NO","AADT":4600,"AADTSO":"KYTC","AADTYR":2015,"COUNDIST":4,"COUNDIST1":null,"RWCOMPKEY":37916,"DIR":"S","STRNAME":"4TH","TYPE":"ST","SPEED":25,"ONE_WAY":"N","MUNI_NAME":"LOUISVILLE","MAIN_DIST":"WEST","OWNER_ABRV":"METR","MAIN_RESP":"METROCTR","CLASS_ABRV":"MINART","ROUTE_LBL":" ","POINT_X":-85.758922720000001,"POINT_Y":38.242989459999997}},{"type":"Feature","id":232,"geometry":{"type":"Point","coordinates":[-85.697808613790983,38.226370600721857]},"properties":{"OBJECTID":232,"ROADNAME":"BARDSTOWN RD","CID":32,"CROSSTYPE":"SCHOOL","CROSSST":"ALFRESCO PL","ATTRACT":"ST FRANCIS OF ASSISI","ATTRACTADD":"1938 ALFRESCO PL","STATUS":"EXISTING","MILEPOINT":13.890000000000001,"AIDTYPE":"SCHOOL ZONE WARNING SYSTEM","HVCROSS":"YES","PEDREF":"NA","CURBEXT":"NO","DELPOST":"NO","TARC":"YES","GUARD":"YES","AADT":20600,"AADTSO":"KYTC","AADTYR":2014,"COUNDIST":8,"COUNDIST1":null,"RWCOMPKEY":18013,"DIR":" ","STRNAME":"BARDSTOWN","TYPE":"RD","SPEED":35,"ONE_WAY":"N","MUNI_NAME":"LOUISVILLE","MAIN_DIST":"EAST","OWNER_ABRV":"STAT","MAIN_RESP":"STATE","CLASS_ABRV":"MAJART","ROUTE_LBL":"US-31E","POINT_X":-85.697803750000006,"POINT_Y":38.226363310000004}},{"type":"Feature","id":233,"geometry":{"type":"Point","coordinates":[-85.710694780780557,38.232761333934569]},"properties":{"OBJECTID":233,"ROADNAME":"BARDSTOWN RD","CID":33,"CROSSTYPE":"SCHOOL","CROSSST":"EDENSIDE AVE","ATTRACT":"ST JAMES","ATTRACTADD":"1826 EDENSIDE AVE","STATUS":"EXISTING","MILEPOINT":14.726000000000001,"AIDTYPE":"RRFB - SIDE MOUNTED","HVCROSS":"YES","PEDREF":"NA","CURBEXT":"YES","DELPOST":"NO","TARC":"YES","GUARD":"YES","AADT":17800,"AADTSO":"KYTC","AADTYR":2018,"COUNDIST":8,"COUNDIST1":null,"RWCOMPKEY":20628,"DIR":" ","STRNAME":"BARDSTOWN","TYPE":"RD","SPEED":35,"ONE_WAY":"N","MUNI_NAME":"LOUISVILLE","MAIN_DIST":"EAST","OWNER_ABRV":"STAT","MAIN_RESP":"STATE","CLASS_ABRV":"MAJART","ROUTE_LBL":"US-31E","POINT_X":-85.710689909999999,"POINT_Y":38.232754040000003}},{"type":"Feature","id":234,"geometry":{"type":"Point","coordinates":[-85.675453250598309,38.216295537231076]},"properties":{"OBJECTID":234,"ROADNAME":"BARDSTOWN RD","CID":34,"CROSSTYPE":"SCHOOL","CROSSST":"LANCASHIRE AVE","ATTRACT":"ASSUMPTION HIGH SCHOOL","ATTRACTADD":"2170 TYLER LN","STATUS":"EXISTING","MILEPOINT":12.438000000000001,"AIDTYPE":"SCHOOL ZONE WARNING SYSTEM","HVCROSS":"YES","PEDREF":"NO","CURBEXT":"NO","DELPOST":"NO","TARC":"YES","GUARD":"YES","AADT":null,"AADTSO":"NOT AVAILABLE","AADTYR":null,"COUNDIST":8,"COUNDIST1":null,"RWCOMPKEY":18752,"DIR":" ","STRNAME":"BARDSTOWN","TYPE":"RD","SPEED":35,"ONE_WAY":"N","MUNI_NAME":"LOUISVILLE","MAIN_DIST":"EAST","OWNER_ABRV":"STAT","MAIN_RESP":"STATE","CLASS_ABRV":"MAJART","ROUTE_LBL":"US-31E","POINT_X":-85.67544839,"POINT_Y":38.216288249999998}},{"type":"Feature","id":235,"geometry":{"type":"Point","coordinates":[-85.485903266727547,38.268054607816588]},"properties":{"OBJECTID":235,"ROADNAME":"AIKEN RD","CID":25,"CROSSTYPE":"SCHOOL","CROSSST":"LANDMARK DR","ATTRACT":"STOPHER ELEMENTARY","ATTRACTADD":"14417 AIKEN RD","STATUS":"EXISTING","MILEPOINT":null,"AIDTYPE":"RRFB - SIDE MOUNTED","HVCROSS":"YES","PEDREF":"NO","CURBEXT":"NO","DELPOST":"NO","TARC":"NO","GUARD":"YES","AADT":null,"AADTSO":"NOT AVAILABLE","AADTYR":null,"COUNDIST":19,"COUNDIST1":null,"RWCOMPKEY":605,"DIR":" ","STRNAME":"AIKEN","TYPE":"RD","SPEED":35,"ONE_WAY":"N","MUNI_NAME":"LOUISVILLE","MAIN_DIST":"EAST","OWNER_ABRV":"METR","MAIN_RESP":"METROCTR","CLASS_ABRV":"SECCOL","ROUTE_LBL":" ","POINT_X":-85.485898460000001,"POINT_Y":38.268047299999999}},{"type":"Feature","id":236,"geometry":{"type":"Point","coordinates":[-85.885365009926758,38.101339797690592]},"properties":{"OBJECTID":236,"ROADNAME":"BETHANY LN","CID":42,"CROSSTYPE":"CART","CROSSST":"MID-BLOCK","ATTRACT":"SUN VALLEY GOLF COURSE","ATTRACTADD":"6505 BETHANY LN","STATUS":"EXISTING","MILEPOINT":null,"AIDTYPE":"FLASHING OVERHEAD LIGHT","HVCROSS":"YES","PEDREF":"NA","CURBEXT":"NO","DELPOST":"NO","TARC":"NO","GUARD":"NA","AADT":2200,"AADTSO":"KYTC","AADTYR":2018,"COUNDIST":14,"COUNDIST1":null,"RWCOMPKEY":29597,"DIR":" ","STRNAME":"BETHANY","TYPE":"LN","SPEED":35,"ONE_WAY":"N","MUNI_NAME":"LOUISVILLE","MAIN_DIST":"WEST","OWNER_ABRV":"METR","MAIN_RESP":"METROCTR","CLASS_ABRV":"PRICOL","ROUTE_LBL":" ","POINT_X":-85.8853601,"POINT_Y":38.101332540000001}},{"type":"Feature","id":237,"geometry":{"type":"Point","coordinates":[-85.686616877350687,38.223550166050792]},"properties":{"OBJECTID":237,"ROADNAME":"BARDSTOWN RD","CID":35,"CROSSTYPE":"PEDESTRIAN","CROSSST":"WEBER AVE","ATTRACT":"TARC STOP","ATTRACTADD":null,"STATUS":"EXISTING","MILEPOINT":13.253,"AIDTYPE":"NONE","HVCROSS":"YES","PEDREF":"NA","CURBEXT":"NO","DELPOST":"NO","TARC":"YES","GUARD":"NA","AADT":28900,"AADTSO":"LMPW","AADTYR":2018,"COUNDIST":8,"COUNDIST1":null,"RWCOMPKEY":18314,"DIR":" ","STRNAME":"BARDSTOWN","TYPE":"RD","SPEED":35,"ONE_WAY":"N","MUNI_NAME":"LOUISVILLE","MAIN_DIST":"EAST","OWNER_ABRV":"STAT","MAIN_RESP":"STATE","CLASS_ABRV":"MAJART","ROUTE_LBL":"US-31E","POINT_X":-85.686612010000005,"POINT_Y":38.223542879999997}},{"type":"Feature","id":238,"geometry":{"type":"Point","coordinates":[-85.761907675203943,38.216457006605808]},"properties":{"OBJECTID":238,"ROADNAME":"S 3RD ST","CID":14,"CROSSTYPE":"PEDESTRIAN","CROSSST":"MID-BLOCK","ATTRACT":"UNIVERISITY OF LOUISVILLE","ATTRACTADD":"1905 S 1ST ST","STATUS":"EXISTING","MILEPOINT":10.044,"AIDTYPE":"HAWK","HVCROSS":"YES","PEDREF":"NO","CURBEXT":"NO","DELPOST":"NO","TARC":"YES","GUARD":"NA","AADT":12900,"AADTSO":"KYTC","AADTYR":2014,"COUNDIST":6,"COUNDIST1":15,"RWCOMPKEY":18854,"DIR":"S","STRNAME":"3RD","TYPE":"ST","SPEED":35,"ONE_WAY":"N","MUNI_NAME":"LOUISVILLE","MAIN_DIST":"WEST","OWNER_ABRV":"STAT","MAIN_RESP":"STATE","CLASS_ABRV":"MAJART","ROUTE_LBL":"KY-1020","POINT_X":-85.761902789999994,"POINT_Y":38.21644972}},{"type":"Feature","id":239,"geometry":{"type":"Point","coordinates":[-85.82801708437222,38.223244279014182]},"properties":{"OBJECTID":239,"ROADNAME":"BELLS LN","CID":39,"CROSSTYPE":"PEDESTRIAN","CROSSST":"MID-BLOCK","ATTRACT":"ZEON CHEMICALS","ATTRACTADD":"4111 BELLS LN","STATUS":"EXISTING","MILEPOINT":0.72400000000000009,"AIDTYPE":"NONE","HVCROSS":"YES","PEDREF":"NA","CURBEXT":"NO","DELPOST":"NO","TARC":"NO","GUARD":"NA","AADT":null,"AADTSO":"NOT AVAILABLE","AADTYR":null,"COUNDIST":1,"COUNDIST1":null,"RWCOMPKEY":22235,"DIR":" ","STRNAME":"BELLS","TYPE":"LN","SPEED":25,"ONE_WAY":"N","MUNI_NAME":"LOUISVILLE","MAIN_DIST":"WEST","OWNER_ABRV":"STAT","MAIN_RESP":"STATE","CLASS_ABRV":"LOCAL","ROUTE_LBL":"KY-2056","POINT_X":-85.828012180000002,"POINT_Y":38.223236999999997}},{"type":"Feature","id":240,"geometry":{"type":"Point","coordinates":[-85.790619526521382,38.264395138186025]},"properties":{"OBJECTID":240,"ROADNAME":"N 25TH ST","CID":9,"CROSSTYPE":"PEDESTRIAN","CROSSST":"ST CECILIA ST","ATTRACT":null,"ATTRACTADD":null,"STATUS":"EXISTING","MILEPOINT":null,"AIDTYPE":"NONE","HVCROSS":"YES","PEDREF":"NA","CURBEXT":"NO","DELPOST":"NO","TARC":"NO","GUARD":"NA","AADT":null,"AADTSO":"NOT AVAILABLE","AADTYR":null,"COUNDIST":5,"COUNDIST1":null,"RWCOMPKEY":14635,"DIR":"N","STRNAME":"25TH","TYPE":"ST","SPEED":25,"ONE_WAY":" ","MUNI_NAME":"LOUISVILLE","MAIN_DIST":"WEST","OWNER_ABRV":"METR","MAIN_RESP":"METRO","CLASS_ABRV":"LOCAL","ROUTE_LBL":" ","POINT_X":-85.790619530000001,"POINT_Y":38.264395139999998}},{"type":"Feature","id":241,"geometry":{"type":"Point","coordinates":[-85.714146647666681,38.262933528023851]},"properties":{"OBJECTID":241,"ROADNAME":"MELLWOOD AVE","CID":165,"CROSSTYPE":"PEDESTRIAN","CROSSST":"DELMONT AVE","ATTRACT":"MELLWOOD ART CENTER","ATTRACTADD":"1860 MELLWOOD AVE","STATUS":"EXISTING","MILEPOINT":null,"AIDTYPE":"RRFB - SIDE MOUNTED","HVCROSS":"YES","PEDREF":"NA","CURBEXT":"NO","DELPOST":"NO","TARC":"NO","GUARD":"NA","AADT":5000,"AADTSO":"LMPW","AADTYR":2018,"COUNDIST":4,"COUNDIST1":null,"RWCOMPKEY":14864,"DIR":" ","STRNAME":"MELLWOOD","TYPE":"AVE","SPEED":25,"ONE_WAY":"N","MUNI_NAME":"LOUISVILLE","MAIN_DIST":"EAST","OWNER_ABRV":"METR","MAIN_RESP":"METRO","CLASS_ABRV":"PRICOL","ROUTE_LBL":" ","POINT_X":-85.714141769999998,"POINT_Y":38.262926229999998}},{"type":"Feature","id":242,"geometry":{"type":"Point","coordinates":[-85.763632881139827,38.248257636057602]},"properties":{"OBJECTID":242,"ROADNAME":"MAGAZINE ST","CID":158,"CROSSTYPE":"PEDESTRIAN","CROSSST":"MID-BLOCK","ATTRACT":"DOWNTOWN","ATTRACTADD":null,"STATUS":"EXISTING","MILEPOINT":null,"AIDTYPE":"NONE","HVCROSS":"YES","PEDREF":"NA","CURBEXT":"NO","DELPOST":"NO","TARC":"NO","GUARD":"NA","AADT":1900,"AADTSO":"LMPW","AADTYR":2019,"COUNDIST":4,"COUNDIST1":null,"RWCOMPKEY":16194,"DIR":" ","STRNAME":"MAGAZINE","TYPE":"ST","SPEED":25,"ONE_WAY":"N","MUNI_NAME":"LOUISVILLE","MAIN_DIST":"WEST","OWNER_ABRV":"METR","MAIN_RESP":"METRO","CLASS_ABRV":"LOCAL","ROUTE_LBL":" ","POINT_X":-85.763627990000003,"POINT_Y":38.248250349999999}},{"type":"Feature","id":243,"geometry":{"type":"Point","coordinates":[-85.805995436133216,38.227909810946585]},"properties":{"OBJECTID":243,"ROADNAME":"WILSON AVE","CID":256,"CROSSTYPE":"PEDESTRIAN","CROSSST":"DR WILLIAM G WEATHERS DR","ATTRACT":null,"ATTRACTADD":null,"STATUS":"EXISTING","MILEPOINT":null,"AIDTYPE":"NONE","HVCROSS":"YES","PEDREF":"YES","CURBEXT":"NO","DELPOST":"NO","TARC":"YES","GUARD":"NA","AADT":8600,"AADTSO":"LMPW","AADTYR":2017,"COUNDIST":1,"COUNDIST1":null,"RWCOMPKEY":20332,"DIR":" ","STRNAME":"WILSON","TYPE":"AVE","SPEED":35,"ONE_WAY":"N","MUNI_NAME":"LOUISVILLE","MAIN_DIST":"WEST","OWNER_ABRV":"METR","MAIN_RESP":"METROCTR","CLASS_ABRV":"MINART","ROUTE_LBL":" ","POINT_X":-85.805990539999996,"POINT_Y":38.227902530000001}},{"type":"Feature","id":244,"geometry":{"type":"Point","coordinates":[-85.683177535421748,38.254559053925433]},"properties":{"OBJECTID":244,"ROADNAME":"FRANKFORT AVE","CID":106,"CROSSTYPE":"SCHOOL","CROSSST":"PENNSYLVANIA AVE","ATTRACT":"FIELD ELEMENTARY","ATTRACTADD":"120 SACRED HEART LN","STATUS":"REMOVED","MILEPOINT":2.0420000000000003,"AIDTYPE":null,"HVCROSS":null,"PEDREF":null,"CURBEXT":null,"DELPOST":null,"TARC":null,"GUARD":null,"AADT":null,"AADTSO":null,"AADTYR":null,"COUNDIST":null,"COUNDIST1":null,"RWCOMPKEY":20779,"DIR":" ","STRNAME":"FRANKFORT","TYPE":"AVE","SPEED":35,"ONE_WAY":"N","MUNI_NAME":"LOUISVILLE","MAIN_DIST":"EAST","OWNER_ABRV":"STAT","MAIN_RESP":"STATE","CLASS_ABRV":"MAJART","ROUTE_LBL":"US-60","POINT_X":-85.683177540000003,"POINT_Y":38.254559049999997}},{"type":"Feature","id":245,"geometry":{"type":"Point","coordinates":[-85.780492312050939,38.239681536058214]},"properties":{"OBJECTID":245,"ROADNAME":"S 16TH ST","CID":3,"CROSSTYPE":"PEDESTRIAN","CROSSST":"W ST CATHERINE ST","ATTRACT":"CALIFORNIA PARK AND COMMUNITY CENTER","ATTRACTADD":"1600 W ST CATHERINE ST","STATUS":"REMOVED","MILEPOINT":null,"AIDTYPE":"NONE","HVCROSS":"NO","PEDREF":"NA","CURBEXT":"NO","DELPOST":"NO","TARC":"NO","GUARD":"NA","AADT":null,"AADTSO":"NOT AVAILABLE","AADTYR":null,"COUNDIST":4,"COUNDIST1":null,"RWCOMPKEY":16848,"DIR":"S","STRNAME":"16TH","TYPE":"ST","SPEED":25,"ONE_WAY":"N","MUNI_NAME":"LOUISVILLE","MAIN_DIST":"WEST","OWNER_ABRV":"METR","MAIN_RESP":"METRO","CLASS_ABRV":"LOCAL","ROUTE_LBL":" ","POINT_X":-85.78048742,"POINT_Y":38.23967425}},{"type":"Feature","id":246,"geometry":{"type":"Point","coordinates":[-85.757704603370058,38.249958900823657]},"properties":{"OBJECTID":246,"ROADNAME":"S 4TH ST","CID":17,"CROSSTYPE":"PEDESTRIAN","CROSSST":"GUTHRIE ST","ATTRACT":"DOWNTOWN","ATTRACTADD":null,"STATUS":"EXISTING","MILEPOINT":null,"AIDTYPE":"RAISED CROSSWALK","HVCROSS":"YES","PEDREF":"NA","CURBEXT":"YES","DELPOST":"NO","TARC":"NO","GUARD":"NA","AADT":2900,"AADTSO":"LMPW","AADTYR":2015,"COUNDIST":4,"COUNDIST1":null,"RWCOMPKEY":21663,"DIR":"S","STRNAME":"4TH","TYPE":"ST","SPEED":25,"ONE_WAY":"N","MUNI_NAME":"LOUISVILLE","MAIN_DIST":"WEST","OWNER_ABRV":"METR","MAIN_RESP":"METROCTR","CLASS_ABRV":"LOCAL","ROUTE_LBL":" ","POINT_X":-85.757699720000005,"POINT_Y":38.249951609999997}},{"type":"Feature","id":247,"geometry":{"type":"Point","coordinates":[-85.757994721293869,38.248309190917716]},"properties":{"OBJECTID":247,"ROADNAME":"S 4TH ST","CID":18,"CROSSTYPE":"PEDESTRIAN","CROSSST":"MID-BLOCK","ATTRACT":"DOWNTOWN","ATTRACTADD":null,"STATUS":"EXISTING","MILEPOINT":null,"AIDTYPE":"RAISED CROSSWALK","HVCROSS":"YES","PEDREF":"NA","CURBEXT":"YES","DELPOST":"NO","TARC":"NO","GUARD":"NA","AADT":2900,"AADTSO":"LMPW","AADTYR":2015,"COUNDIST":4,"COUNDIST1":null,"RWCOMPKEY":16368,"DIR":"S","STRNAME":"4TH","TYPE":"ST","SPEED":25,"ONE_WAY":"N","MUNI_NAME":"LOUISVILLE","MAIN_DIST":"WEST","OWNER_ABRV":"METR","MAIN_RESP":"METROCTR","CLASS_ABRV":"LOCAL","ROUTE_LBL":" ","POINT_X":-85.75798983,"POINT_Y":38.248301900000001}},{"type":"Feature","id":248,"geometry":{"type":"Point","coordinates":[-85.758546118177634,38.254731115838219]},"properties":{"OBJECTID":248,"ROADNAME":"S 5TH ST","CID":20,"CROSSTYPE":"PEDESTRIAN","CROSSST":"COURT PL","ATTRACT":"DOWNTOWN","ATTRACTADD":null,"STATUS":"EXISTING","MILEPOINT":null,"AIDTYPE":"FLASHING OVERHEAD LIGHT","HVCROSS":"YES","PEDREF":"NA","CURBEXT":"NO","DELPOST":"NO","TARC":"YES","GUARD":"NA","AADT":4700,"AADTSO":"LMPW","AADTYR":2018,"COUNDIST":4,"COUNDIST1":null,"RWCOMPKEY":21576,"DIR":"S","STRNAME":"5TH","TYPE":"ST","SPEED":25,"ONE_WAY":"Y","MUNI_NAME":"LOUISVILLE","MAIN_DIST":"WEST","OWNER_ABRV":"METR","MAIN_RESP":"METROCTR","CLASS_ABRV":"MINART","ROUTE_LBL":" ","POINT_X":-85.758541230000006,"POINT_Y":38.254723820000002}},{"type":"Feature","id":249,"geometry":{"type":"Point","coordinates":[-85.76021468142001,38.254854767186274]},"properties":{"OBJECTID":249,"ROADNAME":"S 6TH ST","CID":22,"CROSSTYPE":"PEDESTRIAN","CROSSST":"CONGRESS ALY","ATTRACT":"DOWNTOWN","ATTRACTADD":null,"STATUS":"EXISTING","MILEPOINT":null,"AIDTYPE":"RRFB - OVERHEAD","HVCROSS":"YES","PEDREF":"NA","CURBEXT":"YES","DELPOST":"NO","TARC":"YES","GUARD":"NA","AADT":9300,"AADTSO":"LMPW","AADTYR":2018,"COUNDIST":4,"COUNDIST1":null,"RWCOMPKEY":21582,"DIR":"S","STRNAME":"6TH","TYPE":"ST","SPEED":25,"ONE_WAY":"Y","MUNI_NAME":"LOUISVILLE","MAIN_DIST":"WEST","OWNER_ABRV":"METR","MAIN_RESP":"METROCTR","CLASS_ABRV":"MINART","ROUTE_LBL":" ","POINT_X":-85.760209790000005,"POINT_Y":38.254847480000002}},{"type":"Feature","id":250,"geometry":{"type":"Point","coordinates":[-85.760597942355915,38.252713903754518]},"properties":{"OBJECTID":250,"ROADNAME":"S 6TH ST","CID":23,"CROSSTYPE":"PEDESTRIAN","CROSSST":"CEDAR ST","ATTRACT":"DOWNTOWN","ATTRACTADD":null,"STATUS":"EXISTING","MILEPOINT":null,"AIDTYPE":"RRFB - OVERHEAD","HVCROSS":"YES","PEDREF":"NA","CURBEXT":"YES","DELPOST":"NO","TARC":"YES","GUARD":"NA","AADT":5800,"AADTSO":"KYTC","AADTYR":2017,"COUNDIST":4,"COUNDIST1":null,"RWCOMPKEY":21626,"DIR":"S","STRNAME":"6TH","TYPE":"ST","SPEED":25,"ONE_WAY":"Y","MUNI_NAME":"LOUISVILLE","MAIN_DIST":"WEST","OWNER_ABRV":"METR","MAIN_RESP":"METROCTR","CLASS_ABRV":"MINART","ROUTE_LBL":" ","POINT_X":-85.760593049999997,"POINT_Y":38.252706609999997}},{"type":"Feature","id":251,"geometry":{"type":"Point","coordinates":[-85.603089187115287,38.296727412020203]},"properties":{"OBJECTID":251,"ROADNAME":"BARBOUR LN","CID":30,"CROSSTYPE":"SCHOOL","CROSSST":"MID-BLOCK","ATTRACT":"NORTON ELEMENTARY","ATTRACTADD":"8101 BROWNSBORO RD","STATUS":"EXISTING","MILEPOINT":null,"AIDTYPE":"SCHOOL ZONE WARNING SYSTEM","HVCROSS":"YES","PEDREF":"NO","CURBEXT":"NO","DELPOST":"NO","TARC":"NO","GUARD":"YES","AADT":null,"AADTSO":"NOT AVAILABLE","AADTYR":null,"COUNDIST":16,"COUNDIST1":null,"RWCOMPKEY":6249,"DIR":" ","STRNAME":"BARBOUR","TYPE":"LN","SPEED":35,"ONE_WAY":"N","MUNI_NAME":"LOUISVILLE","MAIN_DIST":"EAST","OWNER_ABRV":"METR","MAIN_RESP":"METROCTR","CLASS_ABRV":"PRICOL","ROUTE_LBL":" ","POINT_X":-85.603084339999995,"POINT_Y":38.296720110000003}},{"type":"Feature","id":252,"geometry":{"type":"Point","coordinates":[-85.768399276346898,38.195851488308477]},"properties":{"OBJECTID":252,"ROADNAME":"S 5TH ST","CID":21,"CROSSTYPE":"SCHOOL","CROSSST":"DENMARK ST","ATTRACT":"SEMPLE ELEMENTARY","ATTRACTADD":"724 DENMARK ST","STATUS":"REMOVED","MILEPOINT":null,"AIDTYPE":"NONE","HVCROSS":"NO","PEDREF":"NA","CURBEXT":"NO","DELPOST":"NO","TARC":"YES","GUARD":"YES","AADT":2300,"AADTSO":"LMPW","AADTYR":2017,"COUNDIST":15,"COUNDIST1":null,"RWCOMPKEY":20013,"DIR":"S","STRNAME":"5TH","TYPE":"ST","SPEED":25,"ONE_WAY":"N","MUNI_NAME":"LOUISVILLE","MAIN_DIST":"WEST","OWNER_ABRV":"METR","MAIN_RESP":"METRO","CLASS_ABRV":"LOCAL","ROUTE_LBL":" ","POINT_X":-85.768394389999997,"POINT_Y":38.195844209999997}},{"type":"Feature","id":253,"geometry":{"type":"Point","coordinates":[-85.78609843906311,38.261209286657156]},"properties":{"OBJECTID":253,"ROADNAME":"N 22ND ST","CID":8,"CROSSTYPE":"SCHOOL","CROSSST":"ROWAN ST","ATTRACT":"WESTERN MIDDLE","ATTRACTADD":"2201 W MAIN ST","STATUS":"EXISTING","MILEPOINT":0.64800000000000002,"AIDTYPE":"NONE","HVCROSS":"YES","PEDREF":"NA","CURBEXT":"NO","DELPOST":"NO","TARC":"YES","GUARD":"YES","AADT":3900,"AADTSO":"LMPW","AADTYR":2018,"COUNDIST":5,"COUNDIST1":null,"RWCOMPKEY":14973,"DIR":"N ","STRNAME":"22ND","TYPE":"ST","SPEED":35,"ONE_WAY":"Y","MUNI_NAME":"LOUISVILLE","MAIN_DIST":"WEST","OWNER_ABRV":"STAT","MAIN_RESP":"STAT","CLASS_ABRV":"MAJART","ROUTE_LBL":"US-150","POINT_X":-85.786093539999996,"POINT_Y":38.261201999999997}},{"type":"Feature","id":254,"geometry":{"type":"Point","coordinates":[-85.783625551717705,38.238875475398928]},"properties":{"OBJECTID":254,"ROADNAME":"S 17TH ST","CID":5,"CROSSTYPE":"SCHOOL","CROSSST":"GALLAGHER ST","ATTRACT":"WHEATLEY ELEMENTARY","ATTRACTADD":"1107 S 17TH ST","STATUS":"EXISTING","MILEPOINT":null,"AIDTYPE":"NONE","HVCROSS":"NO","PEDREF":"NA","CURBEXT":"NO","DELPOST":"NO","TARC":"NO","GUARD":"NO","AADT":null,"AADTSO":"NOT AVAILABLE","AADTYR":null,"COUNDIST":4,"COUNDIST1":null,"RWCOMPKEY":16990,"DIR":" ","STRNAME":"GALLAGHER","TYPE":"ST","SPEED":25,"ONE_WAY":"N","MUNI_NAME":"LOUISVILLE","MAIN_DIST":"WEST","OWNER_ABRV":"METR","MAIN_RESP":"METRO","CLASS_ABRV":"LOCAL","ROUTE_LBL":" ","POINT_X":-85.783620659999997,"POINT_Y":38.238868189999998}},{"type":"Feature","id":255,"geometry":{"type":"Point","coordinates":[-85.792998447936768,38.26571762849526]},"properties":{"OBJECTID":255,"ROADNAME":"N 26TH ST","CID":11,"CROSSTYPE":"PEDESTRIAN","CROSSST":"SLEVIN ST","ATTRACT":null,"ATTRACTADD":null,"STATUS":"EXISTING","MILEPOINT":null,"AIDTYPE":"NONE","HVCROSS":"YES","PEDREF":"NA","CURBEXT":"NO","DELPOST":"NO","TARC":"NO","GUARD":"NA","AADT":4300,"AADTSO":"LMPW","AADTYR":2019,"COUNDIST":5,"COUNDIST1":null,"RWCOMPKEY":14598,"DIR":" ","STRNAME":"SLEVIN","TYPE":"ST","SPEED":35,"ONE_WAY":"N","MUNI_NAME":"LOUISVILLE","MAIN_DIST":"WEST","OWNER_ABRV":"METR","MAIN_RESP":"METRO","CLASS_ABRV":"LOCAL","ROUTE_LBL":" ","POINT_X":-85.792993550000006,"POINT_Y":38.265710339999998}},{"type":"Feature","id":256,"geometry":{"type":"Point","coordinates":[-85.770598460811613,38.185595503844262]},"properties":{"OBJECTID":256,"ROADNAME":"W ASHLAND AVE","CID":29,"CROSSTYPE":"PEDESTRIAN","CROSSST":"S 6TH ST","ATTRACT":null,"ATTRACTADD":null,"STATUS":"EXISTING","MILEPOINT":null,"AIDTYPE":"NONE","HVCROSS":"NO","PEDREF":"NA","CURBEXT":"NO","DELPOST":"YES","TARC":"YES","GUARD":"NA","AADT":2900,"AADTSO":"LMPW","AADTYR":2015,"COUNDIST":21,"COUNDIST1":null,"RWCOMPKEY":22872,"DIR":"W","STRNAME":"ASHLAND","TYPE":"AVE","SPEED":35,"ONE_WAY":"N","MUNI_NAME":"LOUISVILLE","MAIN_DIST":"WEST","OWNER_ABRV":"METR","MAIN_RESP":"METROCTR","CLASS_ABRV":"LOCAL","ROUTE_LBL":" ","POINT_X":-85.770593579999996,"POINT_Y":38.18558823}},{"type":"Feature","id":257,"geometry":{"type":"Point","coordinates":[-85.780510167316052,38.239572064427392]},"properties":{"OBJECTID":257,"ROADNAME":"S 16TH ST","CID":3,"CROSSTYPE":"PEDESTRIAN","CROSSST":"W ST CATHERINE ST","ATTRACT":"CALIFORNIA PARK AND COMMUNITY CENTER","ATTRACTADD":"1600 W ST CATHERINE ST","STATUS":"EXISTING","MILEPOINT":null,"AIDTYPE":"NONE","HVCROSS":"YES","PEDREF":"NA","CURBEXT":"NO","DELPOST":"NO","TARC":"NO","GUARD":"NA","AADT":null,"AADTSO":"NOT AVAILABLE","AADTYR":null,"COUNDIST":4,"COUNDIST1":null,"RWCOMPKEY":16929,"DIR":"S","STRNAME":"16TH","TYPE":"ST","SPEED":25,"ONE_WAY":"N","MUNI_NAME":"LOUISVILLE","MAIN_DIST":"WEST","OWNER_ABRV":"METR","MAIN_RESP":"METR","CLASS_ABRV":"LOCAL","ROUTE_LBL":" ","POINT_X":-85.78050528,"POINT_Y":38.239564780000002}},{"type":"Feature","id":258,"geometry":{"type":"Point","coordinates":[-85.77796400932165,38.249889916753034]},"properties":{"OBJECTID":258,"ROADNAME":"S 16TH ST","CID":4,"CROSSTYPE":"SCHOOL","CROSSST":"MAGAZINE ST","ATTRACT":"GRACE JAMES ACADEMY OF EXCELLENCE","ATTRACTADD":"1615 W BROADWAY","STATUS":"EXISTING","MILEPOINT":null,"AIDTYPE":"SCHOOL ZONE WARNING SYSTEM","HVCROSS":"YES","PEDREF":"NA","CURBEXT":"NO","DELPOST":"NO","TARC":"NO","GUARD":"NO","AADT":2700,"AADTSO":"LMPW","AADTYR":2013,"COUNDIST":4,"COUNDIST1":null,"RWCOMPKEY":16052,"DIR":"S","STRNAME":"16TH","TYPE":"ST","SPEED":35,"ONE_WAY":"Y","MUNI_NAME":"LOUISVILLE","MAIN_DIST":"WEST","OWNER_ABRV":"METR","MAIN_RESP":"MCTR","CLASS_ABRV":"MINART","ROUTE_LBL":" ","POINT_X":-85.777959120000006,"POINT_Y":38.249882630000002}},{"type":"Feature","id":259,"geometry":{"type":"Point","coordinates":[-85.783604665461596,38.238994541390419]},"properties":{"OBJECTID":259,"ROADNAME":"S 17TH ST","CID":5,"CROSSTYPE":"SCHOOL","CROSSST":"GALLAGHER ST","ATTRACT":"WHEATLEY ELEMENTARY","ATTRACTADD":"1107 S 17TH ST","STATUS":"EXISTING","MILEPOINT":null,"AIDTYPE":"NONE","HVCROSS":"NO","PEDREF":"NA","CURBEXT":"NO","DELPOST":"NO","TARC":"NO","GUARD":"NO","AADT":null,"AADTSO":"NOT AVAILABLE","AADTYR":null,"COUNDIST":4,"COUNDIST1":null,"RWCOMPKEY":16902,"DIR":"S","STRNAME":"17TH","TYPE":"ST","SPEED":25,"ONE_WAY":"N","MUNI_NAME":"LOUISVILLE","MAIN_DIST":"WEST","OWNER_ABRV":"METR","MAIN_RESP":"METR","CLASS_ABRV":"LOCAL","ROUTE_LBL":" ","POINT_X":-85.783599769999995,"POINT_Y":38.238987250000001}},{"type":"Feature","id":260,"geometry":{"type":"Point","coordinates":[-85.756456526433055,38.223991790276408]},"properties":{"OBJECTID":260,"ROADNAME":"S 1ST ST","CID":6,"CROSSTYPE":"SCHOOL","CROSSST":"MID-BLOCK","ATTRACT":"NOE MIDDLE","ATTRACTADD":"121 W LEE ST","STATUS":"EXISTING","MILEPOINT":null,"AIDTYPE":"NONE","HVCROSS":"YES","PEDREF":"NA","CURBEXT":"NO","DELPOST":"NO","TARC":"YES","GUARD":"YES","AADT":3100,"AADTSO":"LMPW","AADTYR":2019,"COUNDIST":6,"COUNDIST1":null,"RWCOMPKEY":18258,"DIR":"S","STRNAME":"1ST","TYPE":"ST","SPEED":35,"ONE_WAY":"Y","MUNI_NAME":"LOUISVILLE","MAIN_DIST":"WEST","OWNER_ABRV":"METR","MAIN_RESP":"MCTR","CLASS_ABRV":"MINART","ROUTE_LBL":" ","POINT_X":-85.756451639999995,"POINT_Y":38.2239845}},{"type":"Feature","id":261,"geometry":{"type":"Point","coordinates":[-85.787042351757805,38.25586379237437]},"properties":{"OBJECTID":261,"ROADNAME":"S 22ND ST","CID":7,"CROSSTYPE":"SCHOOL","CROSSST":"CEDAR ST","ATTRACT":"BYCK ELEMENTARY","ATTRACTADD":"2328 CEDAR ST","STATUS":"EXISTING","MILEPOINT":20.019000000000002,"AIDTYPE":"SCHOOL ZONE WARNING SYSTEM","HVCROSS":"NO","PEDREF":"NA","CURBEXT":"NO","DELPOST":"NO","TARC":"YES","GUARD":"NO","AADT":5700,"AADTSO":"LMPW","AADTYR":2019,"COUNDIST":4,"COUNDIST1":5,"RWCOMPKEY":15414,"DIR":"S","STRNAME":"22ND","TYPE":"ST","SPEED":35,"ONE_WAY":"Y","MUNI_NAME":"LOUISVILLE","MAIN_DIST":"WEST","OWNER_ABRV":"STAT","MAIN_RESP":"STAT","CLASS_ABRV":"MAJART","ROUTE_LBL":"US-31W","POINT_X":-85.787037459999993,"POINT_Y":38.2558565}},{"type":"Feature","id":262,"geometry":{"type":"Point","coordinates":[-85.792973248256331,38.265865308461215]},"properties":{"OBJECTID":262,"ROADNAME":"N 26TH ST","CID":11,"CROSSTYPE":"PEDESTRIAN","CROSSST":"SLEVIN ST","ATTRACT":null,"ATTRACTADD":null,"STATUS":"REMOVED","MILEPOINT":null,"AIDTYPE":"NONE","HVCROSS":"NO","PEDREF":"NA","CURBEXT":"NO","DELPOST":"NO","TARC":"NO","GUARD":"NA","AADT":4300,"AADTSO":"LMPW","AADTYR":2019,"COUNDIST":5,"COUNDIST1":null,"RWCOMPKEY":14537,"DIR":"N","STRNAME":"26TH","TYPE":"ST","SPEED":30,"ONE_WAY":"N","MUNI_NAME":"LOUISVILLE","MAIN_DIST":"WEST","OWNER_ABRV":"METR","MAIN_RESP":"MCTR","CLASS_ABRV":"MINART","ROUTE_LBL":" ","POINT_X":-85.792968349999995,"POINT_Y":38.265858020000003}},{"type":"Feature","id":263,"geometry":{"type":"Point","coordinates":[-85.79934217274392,38.243537218209845]},"properties":{"OBJECTID":263,"ROADNAME":"S 28TH ST","CID":12,"CROSSTYPE":"SCHOOL","CROSSST":"W KENTUCKY ST","ATTRACT":"BRANDEIS ELEMENTARY","ATTRACTADD":"2817 W KENTUCKY ST","STATUS":"EXISTING","MILEPOINT":null,"AIDTYPE":"SCHOOL ZONE WARNING SYSTEM","HVCROSS":"YES","PEDREF":"NA","CURBEXT":"NO","DELPOST":"NO","TARC":"YES","GUARD":"YES","AADT":6100,"AADTSO":"LMPW","AADTYR":2019,"COUNDIST":4,"COUNDIST1":null,"RWCOMPKEY":16550,"DIR":"S","STRNAME":"28TH","TYPE":"ST","SPEED":35,"ONE_WAY":"N","MUNI_NAME":"LOUISVILLE","MAIN_DIST":"WEST","OWNER_ABRV":"METR","MAIN_RESP":"MCTR","CLASS_ABRV":"LOCAL","ROUTE_LBL":" ","POINT_X":-85.799337269999995,"POINT_Y":38.243529930000001}},{"type":"Feature","id":264,"geometry":{"type":"Point","coordinates":[-85.797829869987837,38.252103123354765]},"properties":{"OBJECTID":264,"ROADNAME":"S 28TH ST","CID":13,"CROSSTYPE":"PEDESTRIAN","CROSSST":"MAGAZINE ST","ATTRACT":"ELLIOTT PARK","ATTRACTADD":"630 S 28TH ST","STATUS":"EXISTING","MILEPOINT":null,"AIDTYPE":"NONE","HVCROSS":"YES","PEDREF":"NA","CURBEXT":"NO","DELPOST":"NO","TARC":"YES","GUARD":"NA","AADT":4300,"AADTSO":"LMPW","AADTYR":2019,"COUNDIST":5,"COUNDIST1":null,"RWCOMPKEY":15796,"DIR":"S","STRNAME":"28TH","TYPE":"ST","SPEED":35,"ONE_WAY":"N","MUNI_NAME":"LOUISVILLE","MAIN_DIST":"WEST","OWNER_ABRV":"METR","MAIN_RESP":"MCTR","CLASS_ABRV":"LOCAL","ROUTE_LBL":" ","POINT_X":-85.797824969999994,"POINT_Y":38.252095830000002}},{"type":"Feature","id":265,"geometry":{"type":"Point","coordinates":[-85.757684333240903,38.250078386048457]},"properties":{"OBJECTID":265,"ROADNAME":"S 4TH ST","CID":17,"CROSSTYPE":"PEDESTRIAN","CROSSST":"GUTHRIE ST","ATTRACT":"DOWNTOWN","ATTRACTADD":null,"STATUS":"EXISTING","MILEPOINT":null,"AIDTYPE":"RAISED CROSSWALK","HVCROSS":"YES","PEDREF":"NA","CURBEXT":"YES","DELPOST":"NO","TARC":"NO","GUARD":"NA","AADT":2900,"AADTSO":"LMPW","AADTYR":2015,"COUNDIST":4,"COUNDIST1":null,"RWCOMPKEY":36502,"DIR":"S","STRNAME":"4TH","TYPE":"ST","SPEED":25,"ONE_WAY":"N","MUNI_NAME":"LOUISVILLE","MAIN_DIST":"WEST","OWNER_ABRV":"METR","MAIN_RESP":"MCTR","CLASS_ABRV":"LOCAL","ROUTE_LBL":" ","POINT_X":-85.757679449999998,"POINT_Y":38.2500711}},{"type":"Feature","id":266,"geometry":{"type":"Point","coordinates":[-85.757978314106765,38.248400403910132]},"properties":{"OBJECTID":266,"ROADNAME":"S 4TH ST","CID":18,"CROSSTYPE":"PEDESTRIAN","CROSSST":"MID-BLOCK","ATTRACT":"DOWNTOWN","ATTRACTADD":null,"STATUS":"EXISTING","MILEPOINT":null,"AIDTYPE":"RAISED CROSSWALK","HVCROSS":"YES","PEDREF":"NA","CURBEXT":"YES","DELPOST":"NO","TARC":"NO","GUARD":"NA","AADT":2900,"AADTSO":"LMPW","AADTYR":2015,"COUNDIST":4,"COUNDIST1":null,"RWCOMPKEY":16368,"DIR":"S","STRNAME":"4TH","TYPE":"ST","SPEED":25,"ONE_WAY":"N","MUNI_NAME":"LOUISVILLE","MAIN_DIST":"WEST","OWNER_ABRV":"METR","MAIN_RESP":"MCTR","CLASS_ABRV":"LOCAL","ROUTE_LBL":" ","POINT_X":-85.757973430000007,"POINT_Y":38.248393110000002}},{"type":"Feature","id":267,"geometry":{"type":"Point","coordinates":[-85.768396069434075,38.195722346523439]},"properties":{"OBJECTID":267,"ROADNAME":"S 5TH ST","CID":21,"CROSSTYPE":"SCHOOL","CROSSST":"DENMARK ST","ATTRACT":"SEMPLE ELEMENTARY","ATTRACTADD":"724 DENMARK ST","STATUS":"EXISTING","MILEPOINT":null,"AIDTYPE":"NONE","HVCROSS":"YES","PEDREF":"NA","CURBEXT":"NO","DELPOST":"NO","TARC":"YES","GUARD":"YES","AADT":2300,"AADTSO":"LMPW","AADTYR":2017,"COUNDIST":15,"COUNDIST1":null,"RWCOMPKEY":20040,"DIR":"S","STRNAME":"5TH","TYPE":"ST","SPEED":25,"ONE_WAY":"N","MUNI_NAME":"LOUISVILLE","MAIN_DIST":"WEST","OWNER_ABRV":"METR","MAIN_RESP":"METR","CLASS_ABRV":"LOCAL","ROUTE_LBL":" ","POINT_X":-85.768391179999995,"POINT_Y":38.195715069999999}},{"type":"Feature","id":268,"geometry":{"type":"Point","coordinates":[-85.770425963631268,38.185578022224085]},"properties":{"OBJECTID":268,"ROADNAME":"W ASHLAND AVE","CID":29,"CROSSTYPE":"PEDESTRIAN","CROSSST":"S 6TH ST","ATTRACT":null,"ATTRACTADD":null,"STATUS":"EXISTING","MILEPOINT":null,"AIDTYPE":"NONE","HVCROSS":"NO","PEDREF":"NA","CURBEXT":"NO","DELPOST":"NO","TARC":"YES","GUARD":"NA","AADT":2900,"AADTSO":"LMPW","AADTYR":2015,"COUNDIST":21,"COUNDIST1":null,"RWCOMPKEY":22879,"DIR":"W","STRNAME":"ASHLAND","TYPE":"AVE","SPEED":35,"ONE_WAY":"N","MUNI_NAME":"LOUISVILLE","MAIN_DIST":"WEST","OWNER_ABRV":"METR","MAIN_RESP":"MCTR","CLASS_ABRV":"LOCAL","ROUTE_LBL":" ","POINT_X":-85.770421080000006,"POINT_Y":38.185570740000003}},{"type":"Feature","id":269,"geometry":{"type":"Point","coordinates":[-85.694531203015075,38.12257128890942]},"properties":{"OBJECTID":269,"ROADNAME":"BONAVENTURE BLVD","CID":48,"CROSSTYPE":"SCHOOL","CROSSST":"WOODPOINTE BLVD","ATTRACT":"BLAKE ELEMENTARY","ATTRACTADD":"3801 BONAVENTURE BLVD","STATUS":"EXISTING","MILEPOINT":null,"AIDTYPE":"NONE","HVCROSS":"YES","PEDREF":"NA","CURBEXT":"NO","DELPOST":"NO","TARC":"NO","GUARD":"YES","AADT":null,"AADTSO":"NOT AVAILABLE","AADTYR":null,"COUNDIST":13,"COUNDIST1":null,"RWCOMPKEY":26192,"DIR":null,"STRNAME":"BONAVENTURE","TYPE":"BLVD","SPEED":25,"ONE_WAY":"N","MUNI_NAME":"LOUISVILLE","MAIN_DIST":"WEST","OWNER_ABRV":"METR","MAIN_RESP":"METR","CLASS_ABRV":"LOCAL","ROUTE_LBL":" ","POINT_X":-85.694526339999996,"POINT_Y":38.122564019999999}},{"type":"Feature","id":270,"geometry":{"type":"Point","coordinates":[-85.740472818663847,38.223633714407555]},"properties":{"OBJECTID":270,"ROADNAME":"E BURNETT AVE","CID":66,"CROSSTYPE":"PEDESTRIAN","CROSSST":"HOERTZ AVE","ATTRACT":null,"ATTRACTADD":null,"STATUS":"EXISTING","MILEPOINT":null,"AIDTYPE":"NONE","HVCROSS":"NO","PEDREF":"NA","CURBEXT":"NO","DELPOST":"NO","TARC":"YES","GUARD":"NA","AADT":3200,"AADTSO":"LMPW","AADTYR":2013,"COUNDIST":15,"COUNDIST1":null,"RWCOMPKEY":18277,"DIR":"E","STRNAME":"BURNETT","TYPE":"AVE","SPEED":35,"ONE_WAY":"N","MUNI_NAME":"LOUISVILLE","MAIN_DIST":"EAST","OWNER_ABRV":"METR","MAIN_RESP":"MCTR","CLASS_ABRV":"MINART","ROUTE_LBL":" ","POINT_X":-85.740467940000002,"POINT_Y":38.223626430000003}},{"type":"Feature","id":271,"geometry":{"type":"Point","coordinates":[-85.757791905217672,38.22019775405326]},"properties":{"OBJECTID":271,"ROADNAME":"E CARDINAL BLVD","CID":70,"CROSSTYPE":"SCHOOL","CROSSST":"S 1ST ST","ATTRACT":"DUPONT MANUAL HIGH SCHOOL","ATTRACTADD":"120 W LEE ST","STATUS":"EXISTING","MILEPOINT":null,"AIDTYPE":"NONE","HVCROSS":"NO","PEDREF":"NO","CURBEXT":"NO","DELPOST":"NO","TARC":"NO","GUARD":"YES","AADT":11500,"AADTSO":"KYTC","AADTYR":2017,"COUNDIST":6,"COUNDIST1":15,"RWCOMPKEY":18485,"DIR":"E","STRNAME":"CARDINAL","TYPE":"BLVD","SPEED":35,"ONE_WAY":"N","MUNI_NAME":"LOUISVILLE","MAIN_DIST":"WEST","OWNER_ABRV":"METR","MAIN_RESP":"MCTR","CLASS_ABRV":"MINART","ROUTE_LBL":" ","POINT_X":-85.757787019999995,"POINT_Y":38.220190469999999}},{"type":"Feature","id":272,"geometry":{"type":"Point","coordinates":[-85.778741041034323,38.209590874358]},"properties":{"OBJECTID":272,"ROADNAME":"CENTRAL AVE","CID":72,"CROSSTYPE":"SCHOOL","CROSSST":"UTAH AVE","ATTRACT":"FRAYSER ELEMENTARY","ATTRACTADD":"1230 LARCHMONT AVE","STATUS":"EXISTING","MILEPOINT":null,"AIDTYPE":"NONE","HVCROSS":"YES","PEDREF":"NA","CURBEXT":"NO","DELPOST":"NO","TARC":"YES","GUARD":"YES","AADT":6600,"AADTSO":"LMPW","AADTYR":2018,"COUNDIST":3,"COUNDIST1":null,"RWCOMPKEY":19356,"DIR":null,"STRNAME":"CENTRAL","TYPE":"AVE","SPEED":35,"ONE_WAY":"N","MUNI_NAME":"LOUISVILLE","MAIN_DIST":"WEST","OWNER_ABRV":"METR","MAIN_RESP":"MCTR","CLASS_ABRV":"MINART","ROUTE_LBL":" ","POINT_X":-85.77873615,"POINT_Y":38.209583590000001}},{"type":"Feature","id":273,"geometry":{"type":"Point","coordinates":[-85.779312561244353,38.251312644854458]},"properties":{"OBJECTID":273,"ROADNAME":"W CHESTNUT ST","CID":77,"CROSSTYPE":"PEDESTRIAN","CROSSST":"S 17TH ST","ATTRACT":null,"ATTRACTADD":null,"STATUS":"EXISTING","MILEPOINT":null,"AIDTYPE":"NONE","HVCROSS":"YES","PEDREF":"NA","CURBEXT":"NO","DELPOST":"NO","TARC":"YES","GUARD":"NA","AADT":6200,"AADTSO":"LMPW","AADTYR":2013,"COUNDIST":4,"COUNDIST1":null,"RWCOMPKEY":15898,"DIR":"W","STRNAME":"CHESTNUT","TYPE":"ST","SPEED":35,"ONE_WAY":"Y","MUNI_NAME":"LOUISVILLE","MAIN_DIST":"WEST","OWNER_ABRV":"METR","MAIN_RESP":"MCTR","CLASS_ABRV":"MINART","ROUTE_LBL":" ","POINT_X":-85.779307669999994,"POINT_Y":38.251305360000003}},{"type":"Feature","id":274,"geometry":{"type":"Point","coordinates":[-85.785658268546754,38.240100908960791]},"properties":{"OBJECTID":274,"ROADNAME":"DIXIE HWY","CID":92,"CROSSTYPE":"SCHOOL","CROSSST":"W ST CATHERINE ST","ATTRACT":"WHEATLEY ELEMENTARY","ATTRACTADD":"1107 S 17TH ST","STATUS":"EXISTING","MILEPOINT":null,"AIDTYPE":"SCHOOL ZONE WARNING SYSTEM","HVCROSS":"YES","PEDREF":"NA","CURBEXT":"NO","DELPOST":"NO","TARC":"YES","GUARD":"YES","AADT":7900,"AADTSO":"KYTC","AADTYR":2016,"COUNDIST":4,"COUNDIST1":null,"RWCOMPKEY":16818,"DIR":null,"STRNAME":"DIXIE","TYPE":"HWY","SPEED":35,"ONE_WAY":"N","MUNI_NAME":"LOUISVILLE","MAIN_DIST":"WEST","OWNER_ABRV":"METR","MAIN_RESP":"MCTR","CLASS_ABRV":"MINART","ROUTE_LBL":" ","POINT_X":-85.785653370000006,"POINT_Y":38.240093620000003}},{"type":"Feature","id":275,"geometry":{"type":"Point","coordinates":[-85.813752022837804,38.237944677474758]},"properties":{"OBJECTID":275,"ROADNAME":"DUMESNIL ST","CID":95,"CROSSTYPE":"SCHOOL","CROSSST":"S 36TH ST","ATTRACT":"WEST END SCHOOL","ATTRACTADD":"3628 VIRGINIA AVE","STATUS":"EXISTING","MILEPOINT":null,"AIDTYPE":"SCHOOL ZONE WARNING SYSTEM","HVCROSS":"YES","PEDREF":"NA","CURBEXT":"NO","DELPOST":"NO","TARC":"NO","GUARD":"NO","AADT":4100,"AADTSO":"LMPW","AADTYR":2018,"COUNDIST":1,"COUNDIST1":null,"RWCOMPKEY":16988,"DIR":null,"STRNAME":"DUMESNIL","TYPE":"ST","SPEED":35,"ONE_WAY":"Y","MUNI_NAME":"LOUISVILLE","MAIN_DIST":"WEST","OWNER_ABRV":"METR","MAIN_RESP":"MCTR","CLASS_ABRV":"MINART","ROUTE_LBL":" ","POINT_X":-85.813747120000002,"POINT_Y":38.237937389999999}},{"type":"Feature","id":276,"geometry":{"type":"Point","coordinates":[-85.849660625911966,38.10976457261053]},"properties":{"OBJECTID":276,"ROADNAME":"EAST AVE","CID":99,"CROSSTYPE":"SCHOOL","CROSSST":"MID DR","ATTRACT":"LAYNE ELEMENTARY","ATTRACTADD":"9831 EAST AVE","STATUS":"EXISTING","MILEPOINT":null,"AIDTYPE":"NONE","HVCROSS":"YES","PEDREF":"NA","CURBEXT":"NO","DELPOST":"NO","TARC":"NO","GUARD":"YES","AADT":null,"AADTSO":"NOT AVAILABLE","AADTYR":null,"COUNDIST":12,"COUNDIST1":null,"RWCOMPKEY":28347,"DIR":null,"STRNAME":"EAST","TYPE":"AVE","SPEED":25,"ONE_WAY":"N","MUNI_NAME":"LOUISVILLE","MAIN_DIST":"WEST","OWNER_ABRV":"METR","MAIN_RESP":"METR","CLASS_ABRV":"LOCAL","ROUTE_LBL":" ","POINT_X":-85.849655720000001,"POINT_Y":38.109757309999999}},{"type":"Feature","id":277,"geometry":{"type":"Point","coordinates":[-85.690719829949927,38.25476592819421]},"properties":{"OBJECTID":277,"ROADNAME":"FRANKFORT AVE","CID":110,"CROSSTYPE":"PEDESTRIAN","CROSSST":"S BIRCHWOOD AVE","ATTRACT":"TARC STOP","ATTRACTADD":null,"STATUS":"EXISTING","MILEPOINT":1.5960000000000001,"AIDTYPE":"NONE","HVCROSS":"YES","PEDREF":"NA","CURBEXT":"NO","DELPOST":"NO","TARC":"YES","GUARD":"NA","AADT":null,"AADTSO":"NOT AVAILABLE","AADTYR":null,"COUNDIST":9,"COUNDIST1":null,"RWCOMPKEY":20765,"DIR":null,"STRNAME":"FRANKFORT","TYPE":"AVE","SPEED":35,"ONE_WAY":"N","MUNI_NAME":"LOUISVILLE","MAIN_DIST":"EAST","OWNER_ABRV":"STAT","MAIN_RESP":"STAT","CLASS_ABRV":"MAJART","ROUTE_LBL":"US-60","POINT_X":-85.690714959999994,"POINT_Y":38.254758629999998}},{"type":"Feature","id":278,"geometry":{"type":"Point","coordinates":[-85.780598974955339,38.238632545186661]},"properties":{"OBJECTID":278,"ROADNAME":"GALLAGHER ST","CID":114,"CROSSTYPE":"PEDESTRIAN","CROSSST":"S 16TH ST","ATTRACT":"CALIFORNIA PARK AND COMMUNITY CENTER","ATTRACTADD":"1600 W ST CATHERINE ST","STATUS":"REMOVED","MILEPOINT":null,"AIDTYPE":"NONE","HVCROSS":"NO","PEDREF":"NA","CURBEXT":"NO","DELPOST":"NO","TARC":"NO","GUARD":"NA","AADT":null,"AADTSO":"NOT AVAILABLE","AADTYR":null,"COUNDIST":4,"COUNDIST1":null,"RWCOMPKEY":16965,"DIR":null,"STRNAME":"GALLAGHER","TYPE":"ST","SPEED":25,"ONE_WAY":"N","MUNI_NAME":"LOUISVILLE","MAIN_DIST":"WEST","OWNER_ABRV":"METR","MAIN_RESP":"METR","CLASS_ABRV":"LOCAL","ROUTE_LBL":" ","POINT_X":-85.78059408,"POINT_Y":38.238625259999999}},{"type":"Feature","id":279,"geometry":{"type":"Point","coordinates":[-85.763706238468842,38.224867408529917]},"properties":{"OBJECTID":279,"ROADNAME":"W GAULBERT AVE","CID":118,"CROSSTYPE":"SCHOOL","CROSSST":"S 5TH ST","ATTRACT":"COCHRAN ELEMENTARY","ATTRACTADD":"500 W GAULBERT AVE","STATUS":"EXISTING","MILEPOINT":null,"AIDTYPE":"NONE","HVCROSS":"YES","PEDREF":"NA","CURBEXT":"NO","DELPOST":"NO","TARC":"NO","GUARD":"YES","AADT":1500,"AADTSO":"LMPW","AADTYR":2015,"COUNDIST":6,"COUNDIST1":null,"RWCOMPKEY":18040,"DIR":"W","STRNAME":"GAULBERT","TYPE":"AVE","SPEED":25,"ONE_WAY":"N","MUNI_NAME":"LOUISVILLE","MAIN_DIST":"WEST","OWNER_ABRV":"METR","MAIN_RESP":"METR","CLASS_ABRV":"LOCAL","ROUTE_LBL":" ","POINT_X":-85.763701350000005,"POINT_Y":38.224860120000002}},{"type":"Feature","id":280,"geometry":{"type":"Point","coordinates":[-85.654312624576761,38.210493913887554]},"properties":{"OBJECTID":280,"ROADNAME":"GOLDSMITH LN","CID":122,"CROSSTYPE":"SCHOOL","CROSSST":"MEADOW DR","ATTRACT":"GOLDSMITH ELEMENTARY","ATTRACTADD":"3520 GOLDSMITH LN","STATUS":"EXISTING","MILEPOINT":null,"AIDTYPE":"NONE","HVCROSS":"YES","PEDREF":"NA","CURBEXT":"NO","DELPOST":"NO","TARC":"YES","GUARD":"YES","AADT":6000,"AADTSO":"KYTC","AADTYR":2015,"COUNDIST":26,"COUNDIST1":null,"RWCOMPKEY":4952,"DIR":null,"STRNAME":"GOLDSMITH","TYPE":"LN","SPEED":30,"ONE_WAY":"N","MUNI_NAME":"LOUISVILLE","MAIN_DIST":"EAST","OWNER_ABRV":"METR","MAIN_RESP":"MCTR","CLASS_ABRV":"PRICOL","ROUTE_LBL":" ","POINT_X":-85.654307770000003,"POINT_Y":38.210486629999998}},{"type":"Feature","id":281,"geometry":{"type":"Point","coordinates":[-85.729534019025834,38.208036082254374]},"properties":{"OBJECTID":281,"ROADNAME":"HESS LN","CID":133,"CROSSTYPE":"SCHOOL","CROSSST":"PINDELL AVE","ATTRACT":"ST STEPHEN MARTYR","ATTRACTADD":"2931 PINDELL AVE","STATUS":"EXISTING","MILEPOINT":null,"AIDTYPE":"RRFB - SIDE MOUNTED","HVCROSS":"YES","PEDREF":"NA","CURBEXT":"NO","DELPOST":"NO","TARC":"NO","GUARD":"YES","AADT":6700,"AADTSO":"KYTC","AADTYR":2016,"COUNDIST":10,"COUNDIST1":null,"RWCOMPKEY":19386,"DIR":null,"STRNAME":"HESS","TYPE":"LN","SPEED":35,"ONE_WAY":"N","MUNI_NAME":"LOUISVILLE","MAIN_DIST":"EAST","OWNER_ABRV":"METR","MAIN_RESP":"MCTR","CLASS_ABRV":"PRICOL","ROUTE_LBL":" ","POINT_X":-85.729529139999997,"POINT_Y":38.208028800000001}},{"type":"Feature","id":282,"geometry":{"type":"Point","coordinates":[-85.739848161970741,38.221854653397962]},"properties":{"OBJECTID":282,"ROADNAME":"HICKORY ST","CID":134,"CROSSTYPE":"PEDESTRIAN","CROSSST":"SYLVIA ST","ATTRACT":"EMERSON PARK","ATTRACTADD":"1100 SYLVIA ST","STATUS":"EXISTING","MILEPOINT":null,"AIDTYPE":"NONE","HVCROSS":"NO","PEDREF":"NA","CURBEXT":"NO","DELPOST":"NO","TARC":"NO","GUARD":"NA","AADT":null,"AADTSO":"NOT AVAILABLE","AADTYR":null,"COUNDIST":15,"COUNDIST1":null,"RWCOMPKEY":18379,"DIR":null,"STRNAME":"HICKORY","TYPE":"ST","SPEED":25,"ONE_WAY":"N","MUNI_NAME":"LOUISVILLE","MAIN_DIST":"EAST","OWNER_ABRV":"METR","MAIN_RESP":"METR","CLASS_ABRV":"LOCAL","ROUTE_LBL":" ","POINT_X":-85.739843280000002,"POINT_Y":38.221847369999999}},{"type":"Feature","id":283,"geometry":{"type":"Point","coordinates":[-85.746136774741984,38.242032692081722]},"properties":{"OBJECTID":283,"ROADNAME":"S JACKSON ST","CID":140,"CROSSTYPE":"SCHOOL","CROSSST":"LAMPTON ST","ATTRACT":"MEYZEEK MIDDLE","ATTRACTADD":"828 S JACKSON ST","STATUS":"EXISTING","MILEPOINT":12.067,"AIDTYPE":"SCHOOL ZONE WARNING SYSTEM","HVCROSS":"YES","PEDREF":"NA","CURBEXT":"NO","DELPOST":"YES","TARC":"YES","GUARD":"YES","AADT":5600,"AADTSO":"LMPW","AADTYR":2016,"COUNDIST":4,"COUNDIST1":null,"RWCOMPKEY":16697,"DIR":"S","STRNAME":"JACKSON","TYPE":"ST","SPEED":35,"ONE_WAY":"Y","MUNI_NAME":"LOUISVILLE","MAIN_DIST":"EAST","OWNER_ABRV":"STAT","MAIN_RESP":"STAT","CLASS_ABRV":"MINART","ROUTE_LBL":"KY-61","POINT_X":-85.746131890000001,"POINT_Y":38.242025400000003}},{"type":"Feature","id":284,"geometry":{"type":"Point","coordinates":[-85.745420925459854,38.246204946516841]},"properties":{"OBJECTID":284,"ROADNAME":"S JACKSON ST","CID":141,"CROSSTYPE":"PEDESTRIAN","CROSSST":"E GRAY ST","ATTRACT":"UNIVERSITY OF LOUISVILLE","ATTRACTADD":"485 E GRAY ST","STATUS":"EXISTING","MILEPOINT":12.367000000000001,"AIDTYPE":"NONE","HVCROSS":"YES","PEDREF":"NA","CURBEXT":"NO","DELPOST":"NO","TARC":"YES","GUARD":"NA","AADT":6300,"AADTSO":"LMPW","AADTYR":2019,"COUNDIST":4,"COUNDIST1":null,"RWCOMPKEY":16405,"DIR":"S","STRNAME":"JACKSON","TYPE":"ST","SPEED":25,"ONE_WAY":"Y","MUNI_NAME":"LOUISVILLE","MAIN_DIST":"EAST","OWNER_ABRV":"STAT","MAIN_RESP":"STAT","CLASS_ABRV":"MINART","ROUTE_LBL":"KY-61","POINT_X":-85.745416039999995,"POINT_Y":38.24619766}},{"type":"Feature","id":285,"geometry":{"type":"Point","coordinates":[-85.778242687821859,38.20695474275162]},"properties":{"OBJECTID":285,"ROADNAME":"LARCHMONT AVE","CID":148,"CROSSTYPE":"SCHOOL","CROSSST":"MONTANA AVE","ATTRACT":"FRAYSER ELEMENTARY","ATTRACTADD":"1230 LARCHMONT AVE","STATUS":"EXISTING","MILEPOINT":null,"AIDTYPE":"SPEED HUMPS","HVCROSS":"YES","PEDREF":"NA","CURBEXT":"NO","DELPOST":"NO","TARC":"NO","GUARD":"NO","AADT":null,"AADTSO":"NOT AVAILABLE","AADTYR":null,"COUNDIST":3,"COUNDIST1":null,"RWCOMPKEY":19449,"DIR":null,"STRNAME":"LARCHMONT","TYPE":"AVE","SPEED":25,"ONE_WAY":"N","MUNI_NAME":"LOUISVILLE","MAIN_DIST":"WEST","OWNER_ABRV":"METR","MAIN_RESP":"METR","CLASS_ABRV":"LOCAL","ROUTE_LBL":" ","POINT_X":-85.778237799999999,"POINT_Y":38.206947460000002}},{"type":"Feature","id":286,"geometry":{"type":"Point","coordinates":[-85.763937008319473,38.223561548532523]},"properties":{"OBJECTID":286,"ROADNAME":"W LEE ST","CID":149,"CROSSTYPE":"SCHOOL","CROSSST":"S 5TH ST","ATTRACT":"COCHRAN ELEMENTARY","ATTRACTADD":"500 W GAULBERT AVE","STATUS":"EXISTING","MILEPOINT":null,"AIDTYPE":"NONE","HVCROSS":"YES","PEDREF":"NA","CURBEXT":"NO","DELPOST":"NO","TARC":"NO","GUARD":"YES","AADT":4300,"AADTSO":"LMPW","AADTYR":2010,"COUNDIST":6,"COUNDIST1":null,"RWCOMPKEY":18161,"DIR":"W","STRNAME":"LEE","TYPE":"ST","SPEED":25,"ONE_WAY":"N","MUNI_NAME":"LOUISVILLE","MAIN_DIST":"WEST","OWNER_ABRV":"METR","MAIN_RESP":"METR","CLASS_ABRV":"LOCAL","ROUTE_LBL":" ","POINT_X":-85.763932120000007,"POINT_Y":38.22355426}},{"type":"Feature","id":287,"geometry":{"type":"Point","coordinates":[-85.762808964652777,38.229279620231637]},"properties":{"OBJECTID":287,"ROADNAME":"W MAGNOLIA AVE","CID":159,"CROSSTYPE":"PEDESTRIAN","CROSSST":"ST JAMES CT","ATTRACT":"CENTRAL PARK","ATTRACTADD":"1340 S 4TH ST","STATUS":"EXISTING","MILEPOINT":null,"AIDTYPE":"NONE","HVCROSS":"NO","PEDREF":"NA","CURBEXT":"NO","DELPOST":"NO","TARC":"NO","GUARD":"NA","AADT":null,"AADTSO":"NOT AVAILABLE","AADTYR":null,"COUNDIST":6,"COUNDIST1":null,"RWCOMPKEY":17646,"DIR":"W","STRNAME":"MAGNOLIA","TYPE":"AVE","SPEED":25,"ONE_WAY":"N","MUNI_NAME":"LOUISVILLE","MAIN_DIST":"WEST","OWNER_ABRV":"METR","MAIN_RESP":"MCTR","CLASS_ABRV":"LOCAL","ROUTE_LBL":" ","POINT_X":-85.762804079999995,"POINT_Y":38.229272330000001}},{"type":"Feature","id":288,"geometry":{"type":"Point","coordinates":[-85.821883342779444,38.258296547620589]},"properties":{"OBJECTID":288,"ROADNAME":"W MUHAMMAD ALI BLVD","CID":170,"CROSSTYPE":"SCHOOL","CROSSST":"S 43RD ST","ATTRACT":"KING ELEMENTARY","ATTRACTADD":"4325 VERMONT AVE","STATUS":"EXISTING","MILEPOINT":null,"AIDTYPE":"NONE","HVCROSS":"YES","PEDREF":"NA","CURBEXT":"NO","DELPOST":"NO","TARC":"NO","GUARD":"NO","AADT":1300,"AADTSO":"LMPW","AADTYR":2014,"COUNDIST":5,"COUNDIST1":null,"RWCOMPKEY":29783,"DIR":"W","STRNAME":"MUHAMMAD ALI","TYPE":"BLVD","SPEED":35,"ONE_WAY":"Y","MUNI_NAME":"LOUISVILLE","MAIN_DIST":"WEST","OWNER_ABRV":"METR","MAIN_RESP":"MCTR","CLASS_ABRV":"PRICOL","ROUTE_LBL":" ","POINT_X":-85.821878440000006,"POINT_Y":38.258289259999998}},{"type":"Feature","id":289,"geometry":{"type":"Point","coordinates":[-85.802657284674339,38.274832327185671]},"properties":{"OBJECTID":289,"ROADNAME":"NORTHWESTERN PKY","CID":175,"CROSSTYPE":"SCHOOL","CROSSST":"N 34TH ST","ATTRACT":"PORTLAND ELEMENTARY","ATTRACTADD":"3410 NORTHWESTERN PKWY","STATUS":"EXISTING","MILEPOINT":1.202,"AIDTYPE":"SCHOOL ZONE WARNING SYSTEM","HVCROSS":"YES","PEDREF":"NO","CURBEXT":"NO","DELPOST":"YES","TARC":"YES","GUARD":"YES","AADT":3300,"AADTSO":"LMPW","AADTYR":2018,"COUNDIST":5,"COUNDIST1":null,"RWCOMPKEY":14135,"DIR":null,"STRNAME":"NORTHWESTERN","TYPE":"PKY","SPEED":35,"ONE_WAY":"Y","MUNI_NAME":"LOUISVILLE","MAIN_DIST":"WEST","OWNER_ABRV":"STAT","MAIN_RESP":"STAT","CLASS_ABRV":"MINART","ROUTE_LBL":"KY-3064","POINT_X":-85.802652379999998,"POINT_Y":38.274825030000002}},{"type":"Feature","id":290,"geometry":{"type":"Point","coordinates":[-85.804465113040266,38.274705135989379]},"properties":{"OBJECTID":290,"ROADNAME":"NORTHWESTERN PKY","CID":176,"CROSSTYPE":"SCHOOL","CROSSST":"N 35TH ST","ATTRACT":"PORTLAND ELEMENTARY","ATTRACTADD":"3410 NORTHWESTERN PKWY","STATUS":"EXISTING","MILEPOINT":1.3050000000000002,"AIDTYPE":"NONE","HVCROSS":"YES","PEDREF":"NO","CURBEXT":"NO","DELPOST":"YES","TARC":"YES","GUARD":"YES","AADT":3300,"AADTSO":"LMPW","AADTYR":2018,"COUNDIST":5,"COUNDIST1":null,"RWCOMPKEY":14137,"DIR":null,"STRNAME":"NORTHWESTERN","TYPE":"PKY","SPEED":35,"ONE_WAY":"Y","MUNI_NAME":"LOUISVILLE","MAIN_DIST":"WEST","OWNER_ABRV":"STAT","MAIN_RESP":"STAT","CLASS_ABRV":"MINART","ROUTE_LBL":"KY-3064","POINT_X":-85.804460210000002,"POINT_Y":38.274697840000002}},{"type":"Feature","id":291,"geometry":{"type":"Point","coordinates":[-85.794674345509776,38.237844145157013]},"properties":{"OBJECTID":291,"ROADNAME":"W OAK ST","CID":179,"CROSSTYPE":"PEDESTRIAN","CROSSST":"S 25TH ST","ATTRACT":"TARC STOP","ATTRACTADD":null,"STATUS":"EXISTING","MILEPOINT":null,"AIDTYPE":"NONE","HVCROSS":"YES","PEDREF":"NA","CURBEXT":"NO","DELPOST":"NO","TARC":"YES","GUARD":"NA","AADT":null,"AADTSO":"NOT AVAILABLE","AADTYR":null,"COUNDIST":4,"COUNDIST1":null,"RWCOMPKEY":17008,"DIR":"W","STRNAME":"OAK","TYPE":"ST","SPEED":35,"ONE_WAY":"Y","MUNI_NAME":"LOUISVILLE","MAIN_DIST":"WEST","OWNER_ABRV":"METR","MAIN_RESP":"MCTR","CLASS_ABRV":"MINART","ROUTE_LBL":" ","POINT_X":-85.794669450000001,"POINT_Y":38.237836860000002}},{"type":"Feature","id":292,"geometry":{"type":"Point","coordinates":[-85.798715084482708,38.262680787878104]},"properties":{"OBJECTID":292,"ROADNAME":"ROWAN ST","CID":218,"CROSSTYPE":"PEDESTRIAN","CROSSST":"N 29TH ST","ATTRACT":"WESTONIA PARK","ATTRACTADD":"2900 ROWAN ST","STATUS":"REMOVED","MILEPOINT":null,"AIDTYPE":"NONE","HVCROSS":"NO","PEDREF":"NA","CURBEXT":"NO","DELPOST":"NO","TARC":"NO","GUARD":"NA","AADT":null,"AADTSO":"NOT AVAILABLE","AADTYR":null,"COUNDIST":5,"COUNDIST1":null,"RWCOMPKEY":14790,"DIR":null,"STRNAME":"ROWAN","TYPE":"ST","SPEED":25,"ONE_WAY":"N","MUNI_NAME":"LOUISVILLE","MAIN_DIST":"WEST","OWNER_ABRV":"METR","MAIN_RESP":"METR","CLASS_ABRV":"LOCAL","ROUTE_LBL":" ","POINT_X":-85.798710189999994,"POINT_Y":38.262673499999998}},{"type":"Feature","id":293,"geometry":{"type":"Point","coordinates":[-85.68805372265642,38.220123347392985]},"properties":{"OBJECTID":293,"ROADNAME":"TREVILIAN WAY","CID":238,"CROSSTYPE":"PEDESTRIAN","CROSSST":"LAKESIDE DR","ATTRACT":"LAKESIDE SWIM CLUB","ATTRACTADD":"2010 TREVILIAN WAY","STATUS":"EXISTING","MILEPOINT":null,"AIDTYPE":"NONE","HVCROSS":"YES","PEDREF":"NA","CURBEXT":"NO","DELPOST":"NO","TARC":"NO","GUARD":"NA","AADT":5300,"AADTSO":"KYTC","AADTYR":2017,"COUNDIST":8,"COUNDIST1":null,"RWCOMPKEY":21123,"DIR":null,"STRNAME":"TREVILIAN","TYPE":"WAY","SPEED":30,"ONE_WAY":"N","MUNI_NAME":"LOUISVILLE","MAIN_DIST":"EAST","OWNER_ABRV":"METR","MAIN_RESP":"MCTR","CLASS_ABRV":"MINART","ROUTE_LBL":" ","POINT_X":-85.688048859999995,"POINT_Y":38.220116060000002}},{"type":"Feature","id":294,"geometry":{"type":"Point","coordinates":[-85.811068750527554,38.255975180317066]},"properties":{"OBJECTID":294,"ROADNAME":"VERMONT AVE","CID":246,"CROSSTYPE":"SCHOOL","CROSSST":"S 36TH ST","ATTRACT":"YOUNG ELEMENTARY","ATTRACTADD":"3526 W MUHAMMAD ALI BLVD","STATUS":"EXISTING","MILEPOINT":null,"AIDTYPE":"SPEED HUMPS","HVCROSS":"YES","PEDREF":"NA","CURBEXT":"NO","DELPOST":"NO","TARC":"YES","GUARD":"NO","AADT":600,"AADTSO":"LMPW","AADTYR":2018,"COUNDIST":5,"COUNDIST1":null,"RWCOMPKEY":15386,"DIR":null,"STRNAME":"VERMONT","TYPE":"AVE","SPEED":25,"ONE_WAY":"N","MUNI_NAME":"LOUISVILLE","MAIN_DIST":"WEST","OWNER_ABRV":"METR","MAIN_RESP":"METR","CLASS_ABRV":"LOCAL","ROUTE_LBL":" ","POINT_X":-85.811063849999996,"POINT_Y":38.255967890000001}},{"type":"Feature","id":295,"geometry":{"type":"Point","coordinates":[-85.813516443327202,38.239278901502026]},"properties":{"OBJECTID":295,"ROADNAME":"VIRGINIA AVE","CID":247,"CROSSTYPE":"SCHOOL","CROSSST":"S 36TH ST","ATTRACT":"WEST END SCHOOL","ATTRACTADD":"3628 VIRGINIA AVE","STATUS":"EXISTING","MILEPOINT":null,"AIDTYPE":"SCHOOL ZONE WARNING SYSTEM","HVCROSS":"YES","PEDREF":"NA","CURBEXT":"NO","DELPOST":"NO","TARC":"NO","GUARD":"NO","AADT":null,"AADTSO":"NOT AVAILABLE","AADTYR":null,"COUNDIST":1,"COUNDIST1":null,"RWCOMPKEY":16865,"DIR":null,"STRNAME":"VIRGINIA","TYPE":"AVE","SPEED":35,"ONE_WAY":"Y","MUNI_NAME":"LOUISVILLE","MAIN_DIST":"WEST","OWNER_ABRV":"METR","MAIN_RESP":"MCTR","CLASS_ABRV":"MINART","ROUTE_LBL":" ","POINT_X":-85.813511539999993,"POINT_Y":38.239271619999997}},{"type":"Feature","id":296,"geometry":{"type":"Point","coordinates":[-85.80338091059069,38.234305585964329]},"properties":{"OBJECTID":296,"ROADNAME":"WOODLAND AVE","CID":258,"CROSSTYPE":"SCHOOL","CROSSST":"HEMLOCK ST","ATTRACT":"MAUPIN ELEMENTARY","ATTRACTADD":"1312 CATALPA ST","STATUS":"REMOVED","MILEPOINT":null,"AIDTYPE":"NONE","HVCROSS":"NO","PEDREF":"NA","CURBEXT":"NO","DELPOST":"NO","TARC":"NO","GUARD":"NO","AADT":800,"AADTSO":"LMPW","AADTYR":2017,"COUNDIST":1,"COUNDIST1":null,"RWCOMPKEY":20212,"DIR":null,"STRNAME":"WOODLAND","TYPE":"AVE","SPEED":25,"ONE_WAY":"N","MUNI_NAME":"LOUISVILLE","MAIN_DIST":"WEST","OWNER_ABRV":"METR","MAIN_RESP":"METR","CLASS_ABRV":"LOCAL","ROUTE_LBL":" ","POINT_X":-85.803376009999994,"POINT_Y":38.234298299999999}},{"type":"Feature","id":297,"geometry":{"type":"Point","coordinates":[-85.76957335788174,38.24959485703522]},"properties":{"OBJECTID":297,"ROADNAME":"S 11TH ST","CID":261,"CROSSTYPE":"SCHOOL","CROSSST":"MID-BLOCK","ATTRACT":"CENTRAL HIGH SCHOOL","ATTRACTADD":"1130 W CHESTNUT ST","STATUS":"EXISTING","MILEPOINT":null,"AIDTYPE":"NONE","HVCROSS":"YES","PEDREF":"NA","CURBEXT":"NO","DELPOST":"YES","TARC":"NO","GUARD":"NO","AADT":null,"AADTSO":"NOT AVAILABLE","AADTYR":null,"COUNDIST":4,"COUNDIST1":null,"RWCOMPKEY":16127,"DIR":"S","STRNAME":"11TH","TYPE":"ST","SPEED":25,"ONE_WAY":"N","MUNI_NAME":"LOUISVILLE","MAIN_DIST":"WEST","OWNER_ABRV":"METR","MAIN_RESP":"METR","CLASS_ABRV":"LOCAL","ROUTE_LBL":" ","POINT_X":-85.769568469999996,"POINT_Y":38.249587570000003}},{"type":"Feature","id":298,"geometry":{"type":"Point","coordinates":[-85.648156968497375,38.184686780906056]},"properties":{"OBJECTID":298,"ROADNAME":"BUECHEL BANK RD","CID":262,"CROSSTYPE":"SCHOOL","CROSSST":"BUSATH AVE","ATTRACT":"ST BARTHOLOMEW","ATTRACTADD":"2036 BUECHEL BANK RD","STATUS":"EXISTING","MILEPOINT":null,"AIDTYPE":"NONE","HVCROSS":"YES","PEDREF":"NO","CURBEXT":"NO","DELPOST":"NO","TARC":"YES","GUARD":"NO","AADT":6300,"AADTSO":"KYTC","AADTYR":2016,"COUNDIST":2,"COUNDIST1":null,"RWCOMPKEY":40903,"DIR":null,"STRNAME":"BUECHEL BANK","TYPE":"RD","SPEED":35,"ONE_WAY":"N","MUNI_NAME":"LOUISVILLE","MAIN_DIST":"EAST","OWNER_ABRV":"METR","MAIN_RESP":"METR","CLASS_ABRV":"PRICOL","ROUTE_LBL":" ","POINT_X":-85.648152120000006,"POINT_Y":38.184679500000001}},{"type":"Feature","id":299,"geometry":{"type":"Point","coordinates":[-85.64578748331536,38.203930328639004]},"properties":{"OBJECTID":299,"ROADNAME":"GLENMEADE RD","CID":263,"CROSSTYPE":"SCHOOL","CROSSST":"SUNDER AVE","ATTRACT":"NEWCOMER ACADEMY","ATTRACTADD":"3741 PULLIAM DR","STATUS":"REMOVED","MILEPOINT":null,"AIDTYPE":"NONE","HVCROSS":"YES","PEDREF":"NA","CURBEXT":"NO","DELPOST":"NO","TARC":"NO","GUARD":"NO","AADT":1400,"AADTSO":"LMPW","AADTYR":2017,"COUNDIST":10,"COUNDIST1":null,"RWCOMPKEY":5263,"DIR":null,"STRNAME":"GLENMEADE","TYPE":"RD","SPEED":25,"ONE_WAY":"N","MUNI_NAME":"LOUISVILLE","MAIN_DIST":"EAST","OWNER_ABRV":"METR","MAIN_RESP":"METR","CLASS_ABRV":"LOCAL","ROUTE_LBL":" ","POINT_X":-85.645782629999999,"POINT_Y":38.203923039999999}},{"type":"Feature","id":300,"geometry":{"type":"Point","coordinates":[-85.655655892414316,38.214712132904836]},"properties":{"OBJECTID":300,"ROADNAME":"DEL RIO PL","CID":264,"CROSSTYPE":"PEDESTRIAN","CROSSST":"MINA TER","ATTRACT":"BON AIR LIBRARY","ATTRACTADD":"2816 DEL RIO PL","STATUS":"EXISTING","MILEPOINT":null,"AIDTYPE":"NONE","HVCROSS":"NO","PEDREF":"NA","CURBEXT":"NO","DELPOST":"NO","TARC":"NO","GUARD":"NA","AADT":3100,"AADTSO":"LMPW","AADTYR":2017,"COUNDIST":8,"COUNDIST1":26,"RWCOMPKEY":4764,"DIR":null,"STRNAME":"DEL RIO","TYPE":"PL","SPEED":25,"ONE_WAY":"N","MUNI_NAME":"LOUISVILLE","MAIN_DIST":"EAST","OWNER_ABRV":"METR","MAIN_RESP":"METR","CLASS_ABRV":"LOCAL","ROUTE_LBL":" ","POINT_X":-85.655651039999995,"POINT_Y":38.214704840000003}},{"type":"Feature","id":301,"geometry":{"type":"Point","coordinates":[-85.655499225897671,38.214775859942478]},"properties":{"OBJECTID":301,"ROADNAME":"DEL RIO PL","CID":264,"CROSSTYPE":"PEDESTRIAN","CROSSST":"MINA TER","ATTRACT":"BON AIR LIBRARY","ATTRACTADD":"2816 DEL RIO PL","STATUS":"EXISTING","MILEPOINT":null,"AIDTYPE":"NONE","HVCROSS":"NO","PEDREF":"NA","CURBEXT":"NO","DELPOST":"NO","TARC":"NO","GUARD":"NA","AADT":3100,"AADTSO":"LMPW","AADTYR":2017,"COUNDIST":8,"COUNDIST1":26,"RWCOMPKEY":4722,"DIR":null,"STRNAME":"DEL RIO","TYPE":"PL","SPEED":25,"ONE_WAY":"N","MUNI_NAME":"LOUISVILLE","MAIN_DIST":"EAST","OWNER_ABRV":"METR","MAIN_RESP":"METR","CLASS_ABRV":"LOCAL","ROUTE_LBL":" ","POINT_X":-85.65549437,"POINT_Y":38.214768569999997}},{"type":"Feature","id":302,"geometry":{"type":"Point","coordinates":[-85.564304553840813,38.323157677714299]},"properties":{"OBJECTID":302,"ROADNAME":"FEATHERBELL BLVD","CID":265,"CROSSTYPE":"PEDESTRIAN","CROSSST":"JIMSON ST","ATTRACT":"JIMSON POOL AT NORTON COMMONS","ATTRACTADD":"9400 FEATHERBELL BLVD","STATUS":"EXISTING","MILEPOINT":null,"AIDTYPE":"NONE","HVCROSS":"YES","PEDREF":"NA","CURBEXT":"NO","DELPOST":"NO","TARC":"NO","GUARD":"NA","AADT":null,"AADTSO":"NOT AVAILABLE","AADTYR":null,"COUNDIST":16,"COUNDIST1":null,"RWCOMPKEY":37657,"DIR":null,"STRNAME":"FEATHERBELL","TYPE":"BLVD","SPEED":25,"ONE_WAY":"N","MUNI_NAME":"LOUISVILLE","MAIN_DIST":"EAST","OWNER_ABRV":"METR","MAIN_RESP":"METR","CLASS_ABRV":"LOCAL","ROUTE_LBL":null,"POINT_X":-85.564299719999994,"POINT_Y":38.32315036}},{"type":"Feature","id":303,"geometry":{"type":"Point","coordinates":[-85.564124681278827,38.323161786871204]},"properties":{"OBJECTID":303,"ROADNAME":"FEATHERBELL BLVD","CID":265,"CROSSTYPE":"PEDESTRIAN","CROSSST":"JIMSON ST","ATTRACT":"JIMSON POOL AT NORTON COMMONS","ATTRACTADD":"9400 FEATHERBELL BLVD","STATUS":"EXISTING","MILEPOINT":null,"AIDTYPE":"NONE","HVCROSS":"YES","PEDREF":"NA","CURBEXT":"NO","DELPOST":"NO","TARC":"NO","GUARD":"NA","AADT":null,"AADTSO":"NOT AVAILABLE","AADTYR":null,"COUNDIST":16,"COUNDIST1":null,"RWCOMPKEY":37658,"DIR":null,"STRNAME":"FEATHERBELL","TYPE":"BLVD","SPEED":25,"ONE_WAY":"N","MUNI_NAME":"LOUISVILLE","MAIN_DIST":"EAST","OWNER_ABRV":"METR","MAIN_RESP":"METR","CLASS_ABRV":"LOCAL","ROUTE_LBL":null,"POINT_X":-85.564119849999997,"POINT_Y":38.323154469999999}},{"type":"Feature","id":304,"geometry":{"type":"Point","coordinates":[-85.807170772537262,38.113251841164875]},"properties":{"OBJECTID":304,"ROADNAME":"LAMBORNE BLVD","CID":266,"CROSSTYPE":"BIKE/PED","CROSSST":"MID-BLOCK","ATTRACT":"LOUISVILLE LOOP","ATTRACTADD":null,"STATUS":"EXISTING","MILEPOINT":null,"AIDTYPE":"NONE","HVCROSS":"NO","PEDREF":"NA","CURBEXT":"NO","DELPOST":"NO","TARC":"NO","GUARD":"NA","AADT":null,"AADTSO":"NOT AVAILABLE","AADTYR":null,"COUNDIST":25,"COUNDIST1":null,"RWCOMPKEY":25280,"DIR":null,"STRNAME":"LAMBORNE","TYPE":"BLVD","SPEED":25,"ONE_WAY":"N","MUNI_NAME":"LOUISVILLE","MAIN_DIST":"WEST","OWNER_ABRV":"METR","MAIN_RESP":"METR","CLASS_ABRV":"LOCAL","ROUTE_LBL":null,"POINT_X":-85.807165879999999,"POINT_Y":38.11324458}},{"type":"Feature","id":305,"geometry":{"type":"Point","coordinates":[-85.75709245180532,38.253445259175344]},"properties":{"OBJECTID":305,"ROADNAME":"S 4TH ST","CID":267,"CROSSTYPE":"PEDESTRIAN","CROSSST":"MID-BLOCK","ATTRACT":"HYATT REGENCY LOUISVILLE","ATTRACTADD":"320 W JEFFERSON ST","STATUS":"EXISTING","MILEPOINT":null,"AIDTYPE":"NONE","HVCROSS":"YES","PEDREF":"NA","CURBEXT":"NO","DELPOST":"NO","TARC":"NO","GUARD":"NA","AADT":3300,"AADTSO":"LMPW","AADTYR":2010,"COUNDIST":4,"COUNDIST1":null,"RWCOMPKEY":21604,"DIR":"S","STRNAME":"4TH","TYPE":"ST","SPEED":25,"ONE_WAY":"N","MUNI_NAME":"LOUISVILLE","MAIN_DIST":"WEST","OWNER_ABRV":"METR","MAIN_RESP":"MCTR","CLASS_ABRV":"LOCAL","ROUTE_LBL":null,"POINT_X":-85.757087569999996,"POINT_Y":38.25343797}},{"type":"Feature","id":306,"geometry":{"type":"Point","coordinates":[-85.733642539520915,38.240514005806013]},"properties":{"OBJECTID":306,"ROADNAME":"VINE ST","CID":268,"CROSSTYPE":"PEDESTRIAN","CROSSST":"MID-BLOCK","ATTRACT":"URBAN GOVERNMENT CENTER","ATTRACTADD":"810 BARRET AVE","STATUS":"EXISTING","MILEPOINT":null,"AIDTYPE":"NONE","HVCROSS":"YES","PEDREF":"NA","CURBEXT":"NO","DELPOST":"NO","TARC":"NO","GUARD":"NA","AADT":null,"AADTSO":"NOT AVAILABLE","AADTYR":null,"COUNDIST":6,"COUNDIST1":null,"RWCOMPKEY":20456,"DIR":null,"STRNAME":"VINE","TYPE":"ST","SPEED":25,"ONE_WAY":"N","MUNI_NAME":"LOUISVILLE","MAIN_DIST":"EAST","OWNER_ABRV":"METR","MAIN_RESP":"METR","CLASS_ABRV":"LOCAL","ROUTE_LBL":null,"POINT_X":-85.733637659999999,"POINT_Y":38.240506719999999}},{"type":"Feature","id":307,"geometry":{"type":"Point","coordinates":[-85.767816817149523,38.085564629574492]},"properties":{"OBJECTID":307,"ROADNAME":"MITCHELL HILL RD","CID":269,"CROSSTYPE":"PEDESTRIAN","CROSSST":"TOM WALLACE RD","ATTRACT":"JEFFERSON MEMORIAL FOREST","ATTRACTADD":"11311 MITCHELL HILL RD","STATUS":"EXISTING","MILEPOINT":null,"AIDTYPE":"NONE","HVCROSS":"NO","PEDREF":"NA","CURBEXT":"NO","DELPOST":"NO","TARC":"NO","GUARD":"NA","AADT":null,"AADTSO":"NOT AVAILABLE","AADTYR":null,"COUNDIST":13,"COUNDIST1":null,"RWCOMPKEY":25633,"DIR":null,"STRNAME":"MITCHELL HILL","TYPE":"RD","SPEED":30,"ONE_WAY":"N","MUNI_NAME":"LOUISVILLE","MAIN_DIST":"WEST","OWNER_ABRV":"METR","MAIN_RESP":"MCTR","CLASS_ABRV":"SECCOL","ROUTE_LBL":null,"POINT_X":-85.767811940000001,"POINT_Y":38.085557369999997}},{"type":"Feature","id":308,"geometry":{"type":"Point","coordinates":[-85.725192296730455,38.241380393985622]},"properties":{"OBJECTID":308,"ROADNAME":"BAXTER AVE","CID":270,"CROSSTYPE":"PEDESTRIAN","CROSSST":"MORTON AVE","ATTRACT":null,"ATTRACTADD":null,"STATUS":"EXISTING","MILEPOINT":15.738000000000001,"AIDTYPE":"RRFB - SIDE MOUNTED","HVCROSS":"YES","PEDREF":"NA","CURBEXT":"YES","DELPOST":"NO","TARC":"YES","GUARD":"NA","AADT":19300,"AADTSO":"LMPW","AADTYR":2017,"COUNDIST":8,"COUNDIST1":null,"RWCOMPKEY":20436,"DIR":null,"STRNAME":"BAXTER","TYPE":"AVE","SPEED":35,"ONE_WAY":"N","MUNI_NAME":"LOUISVILLE","MAIN_DIST":"EAST","OWNER_ABRV":"STAT","MAIN_RESP":"STAT","CLASS_ABRV":"MAJART","ROUTE_LBL":"US-31E","POINT_X":-85.725187419999997,"POINT_Y":38.241373099999997}},{"type":"Feature","id":309,"geometry":{"type":"Point","coordinates":[-85.736737237745089,38.260114321337923]},"properties":{"OBJECTID":309,"ROADNAME":"E WITHERSPOON ST","CID":271,"CROSSTYPE":"PEDESTRIAN","CROSSST":"ADAMS ST","ATTRACT":"WATERFRONT PARK","ATTRACTADD":"129 RIVER RD","STATUS":"EXISTING","MILEPOINT":null,"AIDTYPE":"NONE","HVCROSS":"NO","PEDREF":"NO","CURBEXT":"NO","DELPOST":"NO","TARC":"NO","GUARD":"NA","AADT":1300,"AADTSO":"KYTC","AADTYR":2017,"COUNDIST":4,"COUNDIST1":null,"RWCOMPKEY":20099,"DIR":"E","STRNAME":"WITHERSPOON","TYPE":"ST","SPEED":35,"ONE_WAY":"N","MUNI_NAME":"LOUISVILLE","MAIN_DIST":"EAST","OWNER_ABRV":"METR","MAIN_RESP":"MCTR","CLASS_ABRV":"MINART","ROUTE_LBL":null,"POINT_X":-85.736732360000005,"POINT_Y":38.26010703}},{"type":"Feature","id":310,"geometry":{"type":"Point","coordinates":[-85.802750430305764,38.23968341825136]},"properties":{"OBJECTID":310,"ROADNAME":"HALE AVE","CID":272,"CROSSTYPE":"PEDESTRIAN","CROSSST":"MID-BLOCK","ATTRACT":"REYNOLDS METALS","ATTRACTADD":"2827 HALE AVE","STATUS":"EXISTING","MILEPOINT":null,"AIDTYPE":"NONE","HVCROSS":"YES","PEDREF":"NA","CURBEXT":"NO","DELPOST":"NO","TARC":"NO","GUARD":"NA","AADT":null,"AADTSO":"NOT AVAILABLE","AADTYR":null,"COUNDIST":1,"COUNDIST1":null,"RWCOMPKEY":16843,"DIR":null,"STRNAME":"HALE","TYPE":"AVE","SPEED":25,"ONE_WAY":"N","MUNI_NAME":"LOUISVILLE","MAIN_DIST":"WEST","OWNER_ABRV":"METR","MAIN_RESP":"METR","CLASS_ABRV":"LOCAL","ROUTE_LBL":null,"POINT_X":-85.802745529999996,"POINT_Y":38.239676129999999}},{"type":"Feature","id":311,"geometry":{"type":"Point","coordinates":[-85.801922208572634,38.239609293549698]},"properties":{"OBJECTID":311,"ROADNAME":"HALE AVE","CID":273,"CROSSTYPE":"PEDESTRIAN","CROSSST":"MID-BLOCK","ATTRACT":"REYNOLDS METALS","ATTRACTADD":"2827 HALE AVE","STATUS":"EXISTING","MILEPOINT":null,"AIDTYPE":"NONE","HVCROSS":"YES","PEDREF":"NA","CURBEXT":"NO","DELPOST":"NO","TARC":"NO","GUARD":"NA","AADT":null,"AADTSO":"NOT AVAILABLE","AADTYR":null,"COUNDIST":1,"COUNDIST1":null,"RWCOMPKEY":16843,"DIR":null,"STRNAME":"HALE","TYPE":"AVE","SPEED":25,"ONE_WAY":"N","MUNI_NAME":"LOUISVILLE","MAIN_DIST":"WEST","OWNER_ABRV":"METR","MAIN_RESP":"METR","CLASS_ABRV":"LOCAL","ROUTE_LBL":null,"POINT_X":-85.801917309999993,"POINT_Y":38.239602009999999}},{"type":"Feature","id":312,"geometry":{"type":"Point","coordinates":[-85.760630920871009,38.240152493561226]},"properties":{"OBJECTID":312,"ROADNAME":"S 5TH ST","CID":274,"CROSSTYPE":"PEDESTRIAN","CROSSST":"MID-BLOCK","ATTRACT":"BEN WASHER PARK","ATTRACTADD":"519 W KENTUCKY ST","STATUS":"EXISTING","MILEPOINT":null,"AIDTYPE":"NONE","HVCROSS":"YES","PEDREF":"NA","CURBEXT":"NO","DELPOST":"NO","TARC":"YES","GUARD":"NA","AADT":800,"AADTSO":"KYTC","AADTYR":2014,"COUNDIST":4,"COUNDIST1":6,"RWCOMPKEY":16858,"DIR":"S","STRNAME":"5TH","TYPE":"ST","SPEED":35,"ONE_WAY":"Y","MUNI_NAME":"LOUISVILLE","MAIN_DIST":"WEST","OWNER_ABRV":"METR","MAIN_RESP":"MCTR","CLASS_ABRV":"MINART","ROUTE_LBL":null,"POINT_X":-85.760626029999997,"POINT_Y":38.240145210000001}},{"type":"Feature","id":313,"geometry":{"type":"Point","coordinates":[-85.893963063431443,38.125667900540599]},"properties":{"OBJECTID":313,"ROADNAME":"TRADE PORT DR","CID":275,"CROSSTYPE":"PEDESTRIAN","CROSSST":"GREENBELT HWY","ATTRACT":"RADIAL","ATTRACTADD":"7700 TRADE PORT DR","STATUS":"EXISTING","MILEPOINT":null,"AIDTYPE":"NONE","HVCROSS":"YES","PEDREF":"NO","CURBEXT":"NO","DELPOST":"NO","TARC":"YES","GUARD":"NA","AADT":800,"AADTSO":"LMPW","AADTYR":2016,"COUNDIST":12,"COUNDIST1":14,"RWCOMPKEY":27954,"DIR":null,"STRNAME":"TRADE PORT","TYPE":"DR","SPEED":35,"ONE_WAY":"N","MUNI_NAME":"LOUISVILLE","MAIN_DIST":"WEST","OWNER_ABRV":"METR","MAIN_RESP":"MCTR","CLASS_ABRV":"MINART","ROUTE_LBL":null,"POINT_X":-85.893958150000003,"POINT_Y":38.12566064}},{"type":"Feature","id":314,"geometry":{"type":"Point","coordinates":[-85.581240408796532,38.244860197562353]},"properties":{"OBJECTID":314,"ROADNAME":"WHITTINGTON PKY","CID":276,"CROSSTYPE":"PEDESTRIAN","CROSSST":"MARKSFIELD RD","ATTRACT":"HURSTBOURNE TOWN CENTER","ATTRACTADD":null,"STATUS":"EXISTING","MILEPOINT":null,"AIDTYPE":"NONE","HVCROSS":"YES","PEDREF":"NO","CURBEXT":"NO","DELPOST":"NO","TARC":"NO","GUARD":"NA","AADT":7900,"AADTSO":"LMPW","AADTYR":2016,"COUNDIST":18,"COUNDIST1":null,"RWCOMPKEY":3694,"DIR":null,"STRNAME":"WHITTINGTON","TYPE":"PKY","SPEED":25,"ONE_WAY":"N","MUNI_NAME":"HURSTBOURNE","MAIN_DIST":"EAST","OWNER_ABRV":"HURS","MAIN_RESP":"4CLC","CLASS_ABRV":"LOCAL","ROUTE_LBL":null,"POINT_X":-85.581235570000004,"POINT_Y":38.244852899999998}},{"type":"Feature","id":315,"geometry":{"type":"Point","coordinates":[-85.483774205275594,38.266939397222579]},"properties":{"OBJECTID":315,"ROADNAME":"LANDMARK DR","CID":282,"CROSSTYPE":"CART","CROSSST":"MID-BLOCK","ATTRACT":"LAKE FOREST COUNTRY CLUB","ATTRACTADD":"14000 LANDMARK DR","STATUS":"EXISTING","MILEPOINT":null,"AIDTYPE":"NONE","HVCROSS":"YES","PEDREF":"YES","CURBEXT":"NO","DELPOST":"NO","TARC":"NO","GUARD":"NA","AADT":null,"AADTSO":"NOT AVAILABLE","AADTYR":null,"COUNDIST":19,"COUNDIST1":null,"RWCOMPKEY":603,"DIR":null,"STRNAME":"LANDMARK","TYPE":"DR","SPEED":25,"ONE_WAY":"N","MUNI_NAME":"LOUISVILLE","MAIN_DIST":"EAST","OWNER_ABRV":"METR","MAIN_RESP":"METR","CLASS_ABRV":"LOCAL","ROUTE_LBL":null,"POINT_X":-85.4837694,"POINT_Y":38.266932089999997}},{"type":"Feature","id":316,"geometry":{"type":"Point","coordinates":[-85.487263490042167,38.26246802757769]},"properties":{"OBJECTID":316,"ROADNAME":"ARNOLD PALMER BLVD","CID":279,"CROSSTYPE":"CART","CROSSST":"MID-BLOCK","ATTRACT":"LAKE FOREST COUNTRY CLUB","ATTRACTADD":"14000 LANDMARK DR","STATUS":"EXISTING","MILEPOINT":null,"AIDTYPE":"NONE","HVCROSS":"YES","PEDREF":"YES","CURBEXT":"NO","DELPOST":"NO","TARC":"NO","GUARD":"NA","AADT":null,"AADTSO":"NOT AVAILABLE","AADTYR":null,"COUNDIST":19,"COUNDIST1":null,"RWCOMPKEY":99,"DIR":null,"STRNAME":"ARNOLD PALMER","TYPE":"BLVD","SPEED":25,"ONE_WAY":"N","MUNI_NAME":"LOUISVILLE","MAIN_DIST":"EAST","OWNER_ABRV":"METR","MAIN_RESP":"METR","CLASS_ABRV":"LOCAL","ROUTE_LBL":null,"POINT_X":-85.487258679999997,"POINT_Y":38.26246072}},{"type":"Feature","id":317,"geometry":{"type":"Point","coordinates":[-85.485261805965095,38.25747972847185]},"properties":{"OBJECTID":317,"ROADNAME":"ARNOLD PALMER BLVD","CID":280,"CROSSTYPE":"CART","CROSSST":"FOREST OAKS DR","ATTRACT":"LAKE FOREST COUNTRY CLUB","ATTRACTADD":"14000 LANDMARK DR","STATUS":"EXISTING","MILEPOINT":null,"AIDTYPE":"NONE","HVCROSS":"YES","PEDREF":"NO","CURBEXT":"NO","DELPOST":"NO","TARC":"NO","GUARD":"NA","AADT":null,"AADTSO":"NOT AVAILABLE","AADTYR":null,"COUNDIST":19,"COUNDIST1":null,"RWCOMPKEY":186,"DIR":null,"STRNAME":"ARNOLD PALMER","TYPE":"BLVD","SPEED":25,"ONE_WAY":"N","MUNI_NAME":"LOUISVILLE","MAIN_DIST":"EAST","OWNER_ABRV":"METR","MAIN_RESP":"METR","CLASS_ABRV":"LOCAL","ROUTE_LBL":null,"POINT_X":-85.48525699999999,"POINT_Y":38.257472419999999}},{"type":"Feature","id":318,"geometry":{"type":"Point","coordinates":[-85.479477094838103,38.256992932824694]},"properties":{"OBJECTID":318,"ROADNAME":"FOREST OAKS DR","CID":281,"CROSSTYPE":"CART","CROSSST":"MID-BLOCK","ATTRACT":"LAKE FOREST COUNTRY CLUB","ATTRACTADD":"14000 LANDMARK DR","STATUS":"EXISTING","MILEPOINT":null,"AIDTYPE":"NONE","HVCROSS":"YES","PEDREF":"NO","CURBEXT":"NO","DELPOST":"NO","TARC":"NO","GUARD":"NA","AADT":null,"AADTSO":"NOT AVAILABLE","AADTYR":null,"COUNDIST":19,"COUNDIST1":null,"RWCOMPKEY":168,"DIR":null,"STRNAME":"FOREST OAKS","TYPE":"DR","SPEED":25,"ONE_WAY":"N","MUNI_NAME":"LOUISVILLE","MAIN_DIST":"EAST","OWNER_ABRV":"METR","MAIN_RESP":"METR","CLASS_ABRV":"LOCAL","ROUTE_LBL":null,"POINT_X":-85.479472290000004,"POINT_Y":38.256985630000003}},{"type":"Feature","id":319,"geometry":{"type":"Point","coordinates":[-85.480536197458619,38.27204749667559]},"properties":{"OBJECTID":319,"ROADNAME":"ARNOLD PALMER BLVD","CID":278,"CROSSTYPE":"CART","CROSSST":"MID-BLOCK","ATTRACT":"LAKE FOREST COUNTRY CLUB","ATTRACTADD":"14000 LANDMARK DR","STATUS":"EXISTING","MILEPOINT":null,"AIDTYPE":"NONE","HVCROSS":"YES","PEDREF":"YES","CURBEXT":"NO","DELPOST":"NO","TARC":"NO","GUARD":"NA","AADT":1600,"AADTSO":"LMPW","AADTYR":2012,"COUNDIST":19,"COUNDIST1":null,"RWCOMPKEY":596,"DIR":null,"STRNAME":"ARNOLD PALMER","TYPE":"BLVD","SPEED":25,"ONE_WAY":"N","MUNI_NAME":"LOUISVILLE","MAIN_DIST":"EAST","OWNER_ABRV":"METR","MAIN_RESP":"METR","CLASS_ABRV":"LOCAL","ROUTE_LBL":null,"POINT_X":-85.480531389999996,"POINT_Y":38.272040189999998}},{"type":"Feature","id":320,"geometry":{"type":"Point","coordinates":[-85.486177480809289,38.274816403857606]},"properties":{"OBJECTID":320,"ROADNAME":"ARNOLD PALMER BLVD","CID":277,"CROSSTYPE":"CART","CROSSST":"MID-BLOCK","ATTRACT":"LAKE FOREST COUNTRY CLUB","ATTRACTADD":"14000 LANDMARK DR","STATUS":"EXISTING","MILEPOINT":null,"AIDTYPE":"NONE","HVCROSS":"YES","PEDREF":"YES","CURBEXT":"NO","DELPOST":"NO","TARC":"NO","GUARD":"NA","AADT":null,"AADTSO":"NOT AVAILABLE","AADTYR":null,"COUNDIST":19,"COUNDIST1":null,"RWCOMPKEY":30475,"DIR":null,"STRNAME":"ARNOLD PALMER","TYPE":"BLVD","SPEED":25,"ONE_WAY":"N","MUNI_NAME":"LOUISVILLE","MAIN_DIST":"EAST","OWNER_ABRV":"METR","MAIN_RESP":"METR","CLASS_ABRV":"LOCAL","ROUTE_LBL":null,"POINT_X":-85.486172670000002,"POINT_Y":38.274809099999999}},{"type":"Feature","id":321,"geometry":{"type":"Point","coordinates":[-85.481485348812683,38.273904804828703]},"properties":{"OBJECTID":321,"ROADNAME":"CHAMPION LAKES PL","CID":283,"CROSSTYPE":"CART","CROSSST":"MID-BLOCK","ATTRACT":"LAKE FOREST COUNTRY CLUB","ATTRACTADD":"14000 LANDMARK DR","STATUS":"EXISTING","MILEPOINT":null,"AIDTYPE":"NONE","HVCROSS":"YES","PEDREF":"NO","CURBEXT":"NO","DELPOST":"NO","TARC":"NO","GUARD":"NA","AADT":null,"AADTSO":"NOT AVAILABLE","AADTYR":null,"COUNDIST":19,"COUNDIST1":null,"RWCOMPKEY":1180,"DIR":null,"STRNAME":"CHAMPION LAKES","TYPE":"PL","SPEED":25,"ONE_WAY":"N","MUNI_NAME":"LOUISVILLE","MAIN_DIST":"EAST","OWNER_ABRV":"METR","MAIN_RESP":"METR","CLASS_ABRV":"LOCAL","ROUTE_LBL":null,"POINT_X":-85.481480540000007,"POINT_Y":38.273897499999997}},{"type":"Feature","id":322,"geometry":{"type":"Point","coordinates":[-85.477093808655866,38.275696445419968]},"properties":{"OBJECTID":322,"ROADNAME":"CRYSTAL SPRINGS WAY","CID":284,"CROSSTYPE":"CART","CROSSST":"MID-BLOCK","ATTRACT":"LAKE FOREST COUNTRY CLUB","ATTRACTADD":"14000 LANDMARK DR","STATUS":"EXISTING","MILEPOINT":null,"AIDTYPE":"NONE","HVCROSS":"YES","PEDREF":"NO","CURBEXT":"NO","DELPOST":"NO","TARC":"NO","GUARD":"NA","AADT":null,"AADTSO":"NOT AVAILABLE","AADTYR":null,"COUNDIST":19,"COUNDIST1":null,"RWCOMPKEY":813,"DIR":null,"STRNAME":"CRYSTAL SPRINGS","TYPE":"WAY","SPEED":25,"ONE_WAY":"N","MUNI_NAME":"LOUISVILLE","MAIN_DIST":"EAST","OWNER_ABRV":"METR","MAIN_RESP":"METR","CLASS_ABRV":"LOCAL","ROUTE_LBL":null,"POINT_X":-85.477088999999992,"POINT_Y":38.275689139999997}},{"type":"Feature","id":323,"geometry":{"type":"Point","coordinates":[-85.478584534678092,38.270386113380603]},"properties":{"OBJECTID":323,"ROADNAME":"HIGHLAND SPRINGS PL","CID":285,"CROSSTYPE":"CART","CROSSST":"MID-BLOCK","ATTRACT":"LAKE FOREST COUNTRY CLUB","ATTRACTADD":"14000 LANDMARK DR","STATUS":"EXISTING","MILEPOINT":null,"AIDTYPE":"NONE","HVCROSS":"YES","PEDREF":"NO","CURBEXT":"NO","DELPOST":"NO","TARC":"NO","GUARD":"NA","AADT":null,"AADTSO":"NOT AVAILABLE","AADTYR":null,"COUNDIST":19,"COUNDIST1":null,"RWCOMPKEY":598,"DIR":null,"STRNAME":"HIGHLAND SPRINGS","TYPE":"PL","SPEED":25,"ONE_WAY":"N","MUNI_NAME":"LOUISVILLE","MAIN_DIST":"EAST","OWNER_ABRV":"METR","MAIN_RESP":"METR","CLASS_ABRV":"LOCAL","ROUTE_LBL":null,"POINT_X":-85.478579730000007,"POINT_Y":38.270378809999997}},{"type":"Feature","id":324,"geometry":{"type":"Point","coordinates":[-85.491165591271397,38.259138680691002]},"properties":{"OBJECTID":324,"ROADNAME":"OAKHURST RD","CID":286,"CROSSTYPE":"CART","CROSSST":"MID-BLOCK","ATTRACT":"LAKE FOREST COUNTRY CLUB","ATTRACTADD":"14000 LANDMARK DR","STATUS":"EXISTING","MILEPOINT":null,"AIDTYPE":"NONE","HVCROSS":"YES","PEDREF":"NO","CURBEXT":"NO","DELPOST":"NO","TARC":"NO","GUARD":"NA","AADT":null,"AADTSO":"NOT AVAILABLE","AADTYR":null,"COUNDIST":19,"COUNDIST1":null,"RWCOMPKEY":128,"DIR":null,"STRNAME":"OAKHURST","TYPE":"RD","SPEED":25,"ONE_WAY":"N","MUNI_NAME":"LOUISVILLE","MAIN_DIST":"EAST","OWNER_ABRV":"METR","MAIN_RESP":"METR","CLASS_ABRV":"LOCAL","ROUTE_LBL":null,"POINT_X":-85.491160780000001,"POINT_Y":38.259131379999999}},{"type":"Feature","id":325,"geometry":{"type":"Point","coordinates":[-85.650260761953263,38.253518187726996]},"properties":{"OBJECTID":325,"ROADNAME":"N SHERRIN AVE","CID":287,"CROSSTYPE":"SCHOOL","CROSSST":"MID-BLOCK","ATTRACT":"TRINITY HIGH SCHOOL","ATTRACTADD":"4011 SHELBYVILLE RD","STATUS":"EXISTING","MILEPOINT":null,"AIDTYPE":"SCHOOL ZONE WARNING SYSTEM","HVCROSS":"YES","PEDREF":"NA","CURBEXT":"NO","DELPOST":"NO","TARC":"NO","GUARD":"NO","AADT":null,"AADTSO":"NOT AVAILABLE","AADTYR":null,"COUNDIST":9,"COUNDIST1":null,"RWCOMPKEY":9230,"DIR":"N","STRNAME":"SHERRIN","TYPE":"AVE","SPEED":25,"ONE_WAY":"N","MUNI_NAME":"ST MATTHEWS","MAIN_DIST":"EAST","OWNER_ABRV":"STMA","MAIN_RESP":"4CLC","CLASS_ABRV":"LOCAL","ROUTE_LBL":null,"POINT_X":-85.650255909999998,"POINT_Y":38.253510890000001}},{"type":"Feature","id":326,"geometry":{"type":"Point","coordinates":[-85.65017568205657,38.254173251327181]},"properties":{"OBJECTID":326,"ROADNAME":"N SHERRIN AVE","CID":288,"CROSSTYPE":"SCHOOL","CROSSST":"MID-BLOCK","ATTRACT":"TRINITY HIGH SCHOOL","ATTRACTADD":"4011 SHELBYVILLE RD","STATUS":"EXISTING","MILEPOINT":null,"AIDTYPE":"NONE","HVCROSS":"YES","PEDREF":"NA","CURBEXT":"NO","DELPOST":"NO","TARC":"NO","GUARD":"NO","AADT":null,"AADTSO":"NOT AVAILABLE","AADTYR":null,"COUNDIST":9,"COUNDIST1":null,"RWCOMPKEY":9230,"DIR":"N","STRNAME":"SHERRIN","TYPE":"AVE","SPEED":25,"ONE_WAY":"N","MUNI_NAME":"ST MATTHEWS","MAIN_DIST":"EAST","OWNER_ABRV":"STMA","MAIN_RESP":"4CLC","CLASS_ABRV":"LOCAL","ROUTE_LBL":null,"POINT_X":-85.650170829999993,"POINT_Y":38.254165960000002}},{"type":"Feature","id":327,"geometry":{"type":"Point","coordinates":[-85.65007359789972,38.255070737396622]},"properties":{"OBJECTID":327,"ROADNAME":"N SHERRIN AVE","CID":289,"CROSSTYPE":"SCHOOL","CROSSST":"MID-BLOCK","ATTRACT":"TRINITY HIGH SCHOOL","ATTRACTADD":"4011 SHELBYVILLE RD","STATUS":"EXISTING","MILEPOINT":null,"AIDTYPE":"NONE","HVCROSS":"YES","PEDREF":"NA","CURBEXT":"NO","DELPOST":"NO","TARC":"NO","GUARD":"NO","AADT":null,"AADTSO":"NOT AVAILABLE","AADTYR":null,"COUNDIST":9,"COUNDIST1":null,"RWCOMPKEY":9230,"DIR":"N","STRNAME":"SHERRIN","TYPE":"AVE","SPEED":25,"ONE_WAY":"N","MUNI_NAME":"ST MATTHEWS","MAIN_DIST":"EAST","OWNER_ABRV":"STMA","MAIN_RESP":"4CLC","CLASS_ABRV":"LOCAL","ROUTE_LBL":null,"POINT_X":-85.650068739999995,"POINT_Y":38.255063440000001}},{"type":"Feature","id":328,"geometry":{"type":"Point","coordinates":[-85.804770437281533,38.271333963527795]},"properties":{"OBJECTID":328,"ROADNAME":"N 35TH ST","CID":290,"CROSSTYPE":"PEDESTRIAN","CROSSST":"MID-BLOCK","ATTRACT":"BASF","ATTRACTADD":"455 N 35TH ST","STATUS":"EXISTING","MILEPOINT":null,"AIDTYPE":"NONE","HVCROSS":"YES","PEDREF":"NO","CURBEXT":"NO","DELPOST":"NO","TARC":"YES","GUARD":"NA","AADT":3100,"AADTSO":"LMPW","AADTYR":2019,"COUNDIST":5,"COUNDIST1":null,"RWCOMPKEY":14385,"DIR":"N","STRNAME":"35TH","TYPE":"ST","SPEED":35,"ONE_WAY":"N","MUNI_NAME":"LOUISVILLE","MAIN_DIST":"WEST","OWNER_ABRV":"METR","MAIN_RESP":"MCTR","CLASS_ABRV":"LOCAL","ROUTE_LBL":null,"POINT_X":-85.804765540000005,"POINT_Y":38.271326670000001}},{"type":"Feature","id":329,"geometry":{"type":"Point","coordinates":[-85.675687109870168,38.254350651518671]},"properties":{"OBJECTID":329,"ROADNAME":"FRANKFORT AVE","CID":291,"CROSSTYPE":"PEDESTRIAN","CROSSST":"BLACKBURN AVE","ATTRACT":"TARC STOP","ATTRACTADD":null,"STATUS":"EXISTING","MILEPOINT":2.448,"AIDTYPE":"RRFB - SIDE MOUNTED","HVCROSS":"YES","PEDREF":"NO","CURBEXT":"NO","DELPOST":"NO","TARC":"YES","GUARD":"NA","AADT":null,"AADTSO":"NOT AVAILABLE","AADTYR":null,"COUNDIST":9,"COUNDIST1":null,"RWCOMPKEY":29792,"DIR":null,"STRNAME":"FRANKFORT","TYPE":"AVE","SPEED":35,"ONE_WAY":"N","MUNI_NAME":"LOUISVILLE","MAIN_DIST":"EAST","OWNER_ABRV":"STAT","MAIN_RESP":"STAT","CLASS_ABRV":"MAJART","ROUTE_LBL":"US-60","POINT_X":-85.675682249999994,"POINT_Y":38.25434336}},{"type":"Feature","id":330,"geometry":{"type":"Point","coordinates":[-85.769308846135417,38.173237007582159]},"properties":{"OBJECTID":330,"ROADNAME":"KINGSTON AVE","CID":292,"CROSSTYPE":"SCHOOL","CROSSST":"S 4TH ST","ATTRACT":"RUTHERFORD ELEMENTARY","ATTRACTADD":"301 W SOUTHLAND BLVD","STATUS":"EXISTING","MILEPOINT":null,"AIDTYPE":"NONE","HVCROSS":"NO","PEDREF":"NA","CURBEXT":"NO","DELPOST":"NO","TARC":"NO","GUARD":"NO","AADT":1500,"AADTSO":"LMPW","AADTYR":2018,"COUNDIST":21,"COUNDIST1":null,"RWCOMPKEY":23414,"DIR":"W","STRNAME":"KINGSTON","TYPE":"AVE","SPEED":25,"ONE_WAY":"N","MUNI_NAME":"LOUISVILLE","MAIN_DIST":"WEST","OWNER_ABRV":"METR","MAIN_RESP":"METR","CLASS_ABRV":"LOCAL","ROUTE_LBL":null,"POINT_X":-85.769303960000002,"POINT_Y":38.173229730000003}},{"type":"Feature","id":331,"geometry":{"type":"Point","coordinates":[-85.8720051404499,38.08997253812943]},"properties":{"OBJECTID":331,"ROADNAME":"FLOWERVALE LN","CID":293,"CROSSTYPE":"SCHOOL","CROSSST":"DEERING RD","ATTRACT":"MEDORA ELEMENTARY","ATTRACTADD":"11801 DEERING RD","STATUS":"EXISTING","MILEPOINT":null,"AIDTYPE":"NONE","HVCROSS":"YES","PEDREF":"NA","CURBEXT":"NO","DELPOST":"NO","TARC":"NO","GUARD":"NO","AADT":5600,"AADTSO":"LMPW","AADTYR":2016,"COUNDIST":14,"COUNDIST1":null,"RWCOMPKEY":28628,"DIR":null,"STRNAME":"FLOWERVALE","TYPE":"LN","SPEED":35,"ONE_WAY":"N","MUNI_NAME":"LOUISVILLE","MAIN_DIST":"WEST","OWNER_ABRV":"METR","MAIN_RESP":"MCTR","CLASS_ABRV":"SECCOL","ROUTE_LBL":null,"POINT_X":-85.872000229999998,"POINT_Y":38.089965280000001}},{"type":"Feature","id":332,"geometry":{"type":"Point","coordinates":[-85.73522631857027,38.227109959389324]},"properties":{"OBJECTID":332,"ROADNAME":"GOSS AVE","CID":294,"CROSSTYPE":"PEDESTRIAN","CROSSST":"SPRATT ST","ATTRACT":null,"ATTRACTADD":null,"STATUS":"EXISTING","MILEPOINT":14.068000000000001,"AIDTYPE":"RRFB - SIDE MOUNTED","HVCROSS":"YES","PEDREF":"NO","CURBEXT":"YES","DELPOST":"NO","TARC":"NO","GUARD":"NA","AADT":11400,"AADTSO":"KYTC","AADTYR":2016,"COUNDIST":15,"COUNDIST1":null,"RWCOMPKEY":17874,"DIR":null,"STRNAME":"GOSS","TYPE":"AVE","SPEED":35,"ONE_WAY":"N","MUNI_NAME":"LOUISVILLE","MAIN_DIST":"EAST","OWNER_ABRV":"STAT","MAIN_RESP":"STAT","CLASS_ABRV":"MINART","ROUTE_LBL":"KY-864","POINT_X":-85.735221440000004,"POINT_Y":38.227102670000001}},{"type":"Feature","id":333,"geometry":{"type":"Point","coordinates":[-85.534952516833968,38.256374462119901]},"properties":{"OBJECTID":333,"ROADNAME":"EVERGREEN RD","CID":295,"CROSSTYPE":"PEDESTRIAN","CROSSST":"LOG CABIN LN","ATTRACT":null,"ATTRACTADD":null,"STATUS":"EXISTING","MILEPOINT":null,"AIDTYPE":"NONE","HVCROSS":"YES","PEDREF":"NA","CURBEXT":"NO","DELPOST":"NO","TARC":"NO","GUARD":"NA","AADT":null,"AADTSO":"NOT AVAILABLE","AADTYR":null,"COUNDIST":17,"COUNDIST1":18,"RWCOMPKEY":7943,"DIR":" ","STRNAME":"EVERGREEN","TYPE":"RD","SPEED":25,"ONE_WAY":" ","MUNI_NAME":"ANCHORAGE","MAIN_DIST":"EAST","OWNER_ABRV":"ANCH","MAIN_RESP":"4TH CLASS CITY","CLASS_ABRV":"PRICOL","ROUTE_LBL":" ","POINT_X":-85.534952520000004,"POINT_Y":38.256374460000004}},{"type":"Feature","id":334,"geometry":{"type":"Point","coordinates":[-85.539335649898049,38.265620967046551]},"properties":{"OBJECTID":334,"ROADNAME":"EVERGREEN RD","CID":296,"CROSSTYPE":"PEDESTRIAN","CROSSST":"HAZELWOOD RD","ATTRACT":null,"ATTRACTADD":null,"STATUS":"EXISTING","MILEPOINT":null,"AIDTYPE":"NONE","HVCROSS":"NO","PEDREF":"NA","CURBEXT":"NO","DELPOST":"NO","TARC":"NO","GUARD":"NA","AADT":null,"AADTSO":"NOT AVAILABLE","AADTYR":null,"COUNDIST":17,"COUNDIST1":null,"RWCOMPKEY":2766,"DIR":" ","STRNAME":"EVERGREEN","TYPE":"RD","SPEED":25,"ONE_WAY":" ","MUNI_NAME":"ANCHORAGE","MAIN_DIST":"EAST","OWNER_ABRV":"ANCH","MAIN_RESP":"4TH CLASS CITY","CLASS_ABRV":"PRICOL","ROUTE_LBL":" ","POINT_X":-85.539335649999998,"POINT_Y":38.265620970000001}},{"type":"Feature","id":335,"geometry":{"type":"Point","coordinates":[-85.523530939861573,38.243725908804265]},"properties":{"OBJECTID":335,"ROADNAME":"OLD SHELBYVILLE RD","CID":297,"CROSSTYPE":"PEDESTRIAN","CROSSST":"MID-BLOCK","ATTRACT":"MIDDLETOWN BRANCH LIBRARY","ATTRACTADD":"12556 SHELBYVILLE RD","STATUS":"EXISTING","MILEPOINT":null,"AIDTYPE":"NONE","HVCROSS":"YES","PEDREF":"NA","CURBEXT":"NO","DELPOST":"NO","TARC":"NO","GUARD":"NA","AADT":null,"AADTSO":"NOT AVAILABLE","AADTYR":null,"COUNDIST":19,"COUNDIST1":null,"RWCOMPKEY":657,"DIR":" ","STRNAME":"OLD SHELBYVILLE","TYPE":"RD","SPEED":25,"ONE_WAY":" ","MUNI_NAME":"MIDDLETOWN","MAIN_DIST":"EAST","OWNER_ABRV":"MIDD","MAIN_RESP":"4TH CLASS CITY","CLASS_ABRV":"PRICOL","ROUTE_LBL":"KY-2840","POINT_X":-85.523530940000001,"POINT_Y":38.243725910000002}},{"type":"Feature","id":336,"geometry":{"type":"Point","coordinates":[-85.777720828637854,38.240637751182007]},"properties":{"OBJECTID":336,"ROADNAME":"S 15TH ST","CID":298,"CROSSTYPE":"PEDESTRIAN","CROSSST":"MID-BLOCK","ATTRACT":"ST STEPHEN BAPTIST CHURCH","ATTRACTADD":"1018 S 15TH ST","STATUS":"EXISTING","MILEPOINT":null,"AIDTYPE":"RRFB - SIDE MOUNTED","HVCROSS":"NO","PEDREF":"NO","CURBEXT":"NO","DELPOST":"NO","TARC":"NO","GUARD":"NA","AADT":5500,"AADTSO":"KYTC","AADTYR":2022,"COUNDIST":4,"COUNDIST1":null,"RWCOMPKEY":16792,"DIR":"S","STRNAME":"15TH","TYPE":"ST","SPEED":35,"ONE_WAY":"N","MUNI_NAME":"LOUISVILLE","MAIN_DIST":"WEST","OWNER_ABRV":"METR","MAIN_RESP":"MCTR","CLASS_ABRV":"MINART","ROUTE_LBL":null,"POINT_X":null,"POINT_Y":null}},{"type":"Feature","id":337,"geometry":{"type":"Point","coordinates":[-85.741278863774227,38.222902693554992]},"properties":{"OBJECTID":337,"ROADNAME":"HOERTZ AVE","CID":299,"CROSSTYPE":"PEDESTRIAN","CROSSST":"SYLVIA ST","ATTRACT":null,"ATTRACTADD":null,"STATUS":"EXISTING","MILEPOINT":null,"AIDTYPE":"NONE","HVCROSS":"NO","PEDREF":"NA","CURBEXT":"NO","DELPOST":"NO","TARC":"NO","GUARD":"NA","AADT":null,"AADTSO":"NOT AVAILABLE","AADTYR":null,"COUNDIST":15,"COUNDIST1":null,"RWCOMPKEY":18260,"DIR":" ","STRNAME":"HOERTZ","TYPE":"AVE","SPEED":25,"ONE_WAY":" ","MUNI_NAME":"LOUISVILLE","MAIN_DIST":"EAST","OWNER_ABRV":"METR","MAIN_RESP":"METRO","CLASS_ABRV":"LOCAL","ROUTE_LBL":" ","POINT_X":-85.741278859999994,"POINT_Y":38.222902689999998}},{"type":"Feature","id":338,"geometry":{"type":"Point","coordinates":[-85.741367400642474,38.222808628703355]},"properties":{"OBJECTID":338,"ROADNAME":"HOERTZ AVE","CID":299,"CROSSTYPE":"PEDESTRIAN","CROSSST":"SYLVIA ST","ATTRACT":null,"ATTRACTADD":null,"STATUS":"EXISTING","MILEPOINT":null,"AIDTYPE":"NONE","HVCROSS":"NO","PEDREF":"NA","CURBEXT":"NO","DELPOST":"NO","TARC":"NO","GUARD":"NA","AADT":null,"AADTSO":"NOT AVAILABLE","AADTYR":null,"COUNDIST":15,"COUNDIST1":null,"RWCOMPKEY":18296,"DIR":" ","STRNAME":"HOERTZ","TYPE":"AVE","SPEED":25,"ONE_WAY":" ","MUNI_NAME":"LOUISVILLE","MAIN_DIST":"EAST","OWNER_ABRV":"METR","MAIN_RESP":"METRO","CLASS_ABRV":"LOCAL","ROUTE_LBL":" ","POINT_X":-85.741367400000001,"POINT_Y":38.222808630000003}},{"type":"Feature","id":339,"geometry":{"type":"Point","coordinates":[-85.668546077446038,38.179556470092017]},"properties":{"OBJECTID":339,"ROADNAME":"EXETER AVE","CID":300,"CROSSTYPE":"SCHOOL","CROSSST":"KILGORE CT","ATTRACT":"NEWBURG MIDDLE","ATTRACTADD":"4901 EXETER AVE","STATUS":"EXISTING","MILEPOINT":null,"AIDTYPE":"NONE","HVCROSS":"YES","PEDREF":"NA","CURBEXT":"NO","DELPOST":"NO","TARC":"NO","GUARD":"NO","AADT":2100,"AADTSO":"LMPW","AADTYR":2019,"COUNDIST":2,"COUNDIST1":null,"RWCOMPKEY":10351,"DIR":" ","STRNAME":"EXETER","TYPE":"AVE","SPEED":25,"ONE_WAY":" ","MUNI_NAME":"LOUISVILLE","MAIN_DIST":"EAST","OWNER_ABRV":"METR","MAIN_RESP":"METRO","CLASS_ABRV":"LOCAL","ROUTE_LBL":" ","POINT_X":-85.668546079999999,"POINT_Y":38.179556470000001}},{"type":"Feature","id":340,"geometry":{"type":"Point","coordinates":[-85.697802632582381,38.252687053177766]},"properties":{"OBJECTID":340,"ROADNAME":"S PETERSON AVE","CID":301,"CROSSTYPE":"PEDESTRIAN","CROSSST":"GEORGE ROGERS CLARK PL","ATTRACT":null,"ATTRACTADD":null,"STATUS":"EXISTING","MILEPOINT":null,"AIDTYPE":"NONE","HVCROSS":"NO","PEDREF":"NA","CURBEXT":"NO","DELPOST":"NO","TARC":"NO","GUARD":"NA","AADT":3900,"AADTSO":"LMPW","AADTYR":2013,"COUNDIST":9,"COUNDIST1":null,"RWCOMPKEY":20873,"DIR":"S","STRNAME":"PETERSON","TYPE":"AVE","SPEED":25,"ONE_WAY":" ","MUNI_NAME":"LOUISVILLE","MAIN_DIST":"EAST","OWNER_ABRV":"METR","MAIN_RESP":"METRO","CLASS_ABRV":"LOCAL","ROUTE_LBL":" ","POINT_X":-85.697802629999998,"POINT_Y":38.252687049999999}},{"type":"Feature","id":341,"geometry":{"type":"Point","coordinates":[-85.708766996061925,38.207570624313568]},"properties":{"OBJECTID":341,"ROADNAME":"TREVILIAN WAY","CID":302,"CROSSTYPE":"PEDESTRIAN","CROSSST":"MID-BLOCK","ATTRACT":"LOUISVILLE ZOO","ATTRACTADD":"1100 TREVILIAN WAY","STATUS":"EXISTING","MILEPOINT":null,"AIDTYPE":"NONE","HVCROSS":"NO","PEDREF":"YES","CURBEXT":"NO","DELPOST":"NO","TARC":"YES","GUARD":"NA","AADT":5600,"AADTSO":"LMPW","AADTYR":2018,"COUNDIST":10,"COUNDIST1":null,"RWCOMPKEY":19440,"DIR":" ","STRNAME":"TREVILIAN","TYPE":"WAY","SPEED":25,"ONE_WAY":" ","MUNI_NAME":"LOUISVILLE","MAIN_DIST":"EAST","OWNER_ABRV":"METR","MAIN_RESP":"METROCTR","CLASS_ABRV":"MINART","ROUTE_LBL":" ","POINT_X":-85.708766999999995,"POINT_Y":38.207570619999998}},{"type":"Feature","id":342,"geometry":{"type":"Point","coordinates":[-85.606627520755126,38.155794954661332]},"properties":{"OBJECTID":342,"ROADNAME":"FERNDALE RD","CID":303,"CROSSTYPE":"SCHOOL","CROSSST":"FERNCLIFF LN","ATTRACT":"FERN CREEK ELEMENTARY","ATTRACTADD":"8815 FERNDALE RD","STATUS":"EXISTING","MILEPOINT":null,"AIDTYPE":"NONE","HVCROSS":"YES","PEDREF":"NA","CURBEXT":"NO","DELPOST":"NO","TARC":"NO","GUARD":"NO","AADT":4400,"AADTSO":"KYTC","AADTYR":2018,"COUNDIST":22,"COUNDIST1":24,"RWCOMPKEY":10961,"DIR":" ","STRNAME":"FERNDALE","TYPE":"RD","SPEED":25,"ONE_WAY":" ","MUNI_NAME":"LOUISVILLE","MAIN_DIST":"WEST","OWNER_ABRV":"METR","MAIN_RESP":"METROCTR","CLASS_ABRV":"PRICOL","ROUTE_LBL":" ","POINT_X":-85.606627520000004,"POINT_Y":38.155794950000001}},{"type":"Feature","id":343,"geometry":{"type":"Point","coordinates":[-85.646017153941031,38.31385715516582]},"properties":{"OBJECTID":343,"ROADNAME":"LIME KILN LN","CID":304,"CROSSTYPE":"SCHOOL","CROSSST":"MID-BLOCK","ATTRACT":"VIRGINIA CHANCE SCHOOL","ATTRACTADD":"4200 LIME KILN LN","STATUS":"EXISTING","MILEPOINT":null,"AIDTYPE":"RRFB - SIDE MOUNTED","HVCROSS":"YES","PEDREF":"NA","CURBEXT":"NO","DELPOST":"NO","TARC":"NO","GUARD":"NO","AADT":2300,"AADTSO":"LMPW","AADTYR":2018,"COUNDIST":16,"COUNDIST1":null,"RWCOMPKEY":8214,"DIR":" ","STRNAME":"LIME KILN","TYPE":"LN","SPEED":25,"ONE_WAY":" ","MUNI_NAME":"GLENVIEW","MAIN_DIST":"EAST","OWNER_ABRV":"METR","MAIN_RESP":"METROCTR","CLASS_ABRV":"PRICOL","ROUTE_LBL":" ","POINT_X":-85.646017150000006,"POINT_Y":38.313857159999998}},{"type":"Feature","id":344,"geometry":{"type":"Point","coordinates":[-85.735406742698046,38.242763086736318]},"properties":{"OBJECTID":344,"ROADNAME":"VINE ST","CID":305,"CROSSTYPE":"PEDESTRIAN","CROSSST":"MID-BLOCK","ATTRACT":null,"ATTRACTADD":null,"STATUS":"EXISTING","MILEPOINT":null,"AIDTYPE":"RAISED CROSSWALK","HVCROSS":"NO","PEDREF":"NA","CURBEXT":"NO","DELPOST":"NO","TARC":"NO","GUARD":"NA","AADT":500,"AADTSO":"LMPW","AADTYR":2021,"COUNDIST":6,"COUNDIST1":null,"RWCOMPKEY":20384,"DIR":" ","STRNAME":"VINE","TYPE":"ST","SPEED":25,"ONE_WAY":" ","MUNI_NAME":"LOUISVILLE","MAIN_DIST":"EAST","OWNER_ABRV":"METR","MAIN_RESP":"METRO","CLASS_ABRV":"LOCAL","ROUTE_LBL":" ","POINT_X":-85.735406740000002,"POINT_Y":38.242763089999997}},{"type":"Feature","id":345,"geometry":{"type":"Point","coordinates":[-85.697247547330988,38.198033215675586]},"properties":{"OBJECTID":345,"ROADNAME":"COLONEL SANDERS LN","CID":306,"CROSSTYPE":"PEDESTRIAN","CROSSST":"MID-BLOCK","ATTRACT":"YUM BRANDS","ATTRACTADD":"1900 COLONEL SANDERS LN","STATUS":"EXISTING","MILEPOINT":null,"AIDTYPE":"NONE","HVCROSS":"NO","PEDREF":"NO","CURBEXT":"NO","DELPOST":"NO","TARC":"NO","GUARD":"NA","AADT":null,"AADTSO":"NOT AVAILABLE","AADTYR":null,"COUNDIST":10,"COUNDIST1":null,"RWCOMPKEY":21051,"DIR":" ","STRNAME":"COLONEL SANDERS","TYPE":"LN","SPEED":25,"ONE_WAY":" ","MUNI_NAME":"WATTERSON PARK","MAIN_DIST":"EAST","OWNER_ABRV":"METR","MAIN_RESP":"METRO","CLASS_ABRV":"LOCAL","ROUTE_LBL":" ","POINT_X":-85.69724755,"POINT_Y":38.198033219999999}},{"type":"Feature","id":346,"geometry":{"type":"Point","coordinates":[-85.697138816962919,38.1984108769879]},"properties":{"OBJECTID":346,"ROADNAME":"COLONEL SANDERS LN","CID":306,"CROSSTYPE":"PEDESTRIAN","CROSSST":"MID-BLOCK","ATTRACT":"YUM BRANDS","ATTRACTADD":"1900 COLONEL SANDERS LN","STATUS":"EXISTING","MILEPOINT":null,"AIDTYPE":"NONE","HVCROSS":"YES","PEDREF":"NO","CURBEXT":"NO","DELPOST":"NO","TARC":"NO","GUARD":"NA","AADT":null,"AADTSO":"NOT AVAILABLE","AADTYR":null,"COUNDIST":10,"COUNDIST1":null,"RWCOMPKEY":21051,"DIR":" ","STRNAME":"COLONEL SANDERS","TYPE":"LN","SPEED":25,"ONE_WAY":" ","MUNI_NAME":"WATTERSON PARK","MAIN_DIST":"EAST","OWNER_ABRV":"METR","MAIN_RESP":"METRO","CLASS_ABRV":"LOCAL","ROUTE_LBL":" ","POINT_X":-85.697138820000006,"POINT_Y":38.198410879999997}},{"type":"Feature","id":347,"geometry":{"type":"Point","coordinates":[-85.729151981126662,38.20941788643087]},"properties":{"OBJECTID":347,"ROADNAME":"GREENUP RD","CID":308,"CROSSTYPE":"SCHOOL","CROSSST":"ENGLISH AVE","ATTRACT":"ST STEPHEN MARTYR","ATTRACTADD":"2931 PINDELL AVE","STATUS":"EXISTING","MILEPOINT":null,"AIDTYPE":"NONE","HVCROSS":"YES","PEDREF":"NA","CURBEXT":"NO","DELPOST":"NO","TARC":"NO","GUARD":"NO","AADT":null,"AADTSO":"NOT AVAILABLE","AADTYR":null,"COUNDIST":10,"COUNDIST1":null,"RWCOMPKEY":19236,"DIR":" ","STRNAME":"GREENUP","TYPE":"RD","SPEED":25,"ONE_WAY":" ","MUNI_NAME":"LOUISVILLE","MAIN_DIST":"EAST","OWNER_ABRV":"METR","MAIN_RESP":"METRO","CLASS_ABRV":"LOCAL","ROUTE_LBL":" ","POINT_X":-85.729151979999997,"POINT_Y":38.209417889999997}},{"type":"Feature","id":348,"geometry":{"type":"Point","coordinates":[-85.788070916327484,38.181192413246052]},"properties":{"OBJECTID":348,"ROADNAME":"HAZELWOOD AVE","CID":309,"CROSSTYPE":"SCHOOL","CROSSST":"MID-BLOCK","ATTRACT":"HAZELWOOD ELEMENTARY","ATTRACTADD":"1325 BLUEGRASS AVE","STATUS":"EXISTING","MILEPOINT":null,"AIDTYPE":"SPEED HUMPS","HVCROSS":"YES","PEDREF":"NA","CURBEXT":"NO","DELPOST":"NO","TARC":"NO","GUARD":"YES","AADT":2300,"AADTSO":"LMPW","AADTYR":2014,"COUNDIST":15,"COUNDIST1":null,"RWCOMPKEY":25809,"DIR":" ","STRNAME":"HAZELWOOD","TYPE":"AVE","SPEED":25,"ONE_WAY":" ","MUNI_NAME":"LOUISVILLE","MAIN_DIST":"WEST","OWNER_ABRV":"METR","MAIN_RESP":"METRO","CLASS_ABRV":"LOCAL","ROUTE_LBL":" ","POINT_X":-85.788070919999996,"POINT_Y":38.181192410000001}},{"type":"Feature","id":349,"geometry":{"type":"Point","coordinates":[-85.556474906273962,38.287995994950045]},"properties":{"OBJECTID":349,"ROADNAME":"FREYS HILL RD","CID":311,"CROSSTYPE":"PEDESTRIAN","CROSSST":"MID-BLOCK","ATTRACT":"EP TOM SAWYER STATE PARK","ATTRACTADD":"3000 FREYS HILL RD","STATUS":"EXISTING","MILEPOINT":null,"AIDTYPE":"NONE","HVCROSS":"YES","PEDREF":"NA","CURBEXT":"NO","DELPOST":"NO","TARC":"NO","GUARD":"NA","AADT":null,"AADTSO":"NOT AVAILABLE","AADTYR":null,"COUNDIST":17,"COUNDIST1":null,"RWCOMPKEY":8000,"DIR":" ","STRNAME":"FREYS HILL","TYPE":"RD","SPEED":25,"ONE_WAY":" ","MUNI_NAME":"LOUISVILLE","MAIN_DIST":"EAST","OWNER_ABRV":"METR","MAIN_RESP":"METROCTR","CLASS_ABRV":"PRICOL","ROUTE_LBL":" ","POINT_X":-85.556474910000006,"POINT_Y":38.287995989999999}},{"type":"Feature","id":350,"geometry":{"type":"Point","coordinates":[-85.663577384570772,38.245346140206387]},"properties":{"OBJECTID":350,"ROADNAME":"CANNONS LN","CID":312,"CROSSTYPE":"PEDESTRIAN","CROSSST":"DAYTON AVE","ATTRACT":"SENECA PARK","ATTRACTADD":"3151 PEE WEE REESE RD","STATUS":"EXISTING","MILEPOINT":2.0110000000000001,"AIDTYPE":"RRFB - SIDE MOUNTED","HVCROSS":"YES","PEDREF":"NA","CURBEXT":"NO","DELPOST":"NO","TARC":"NO","GUARD":"NA","AADT":12600,"AADTSO":"LMPW","AADTYR":2015,"COUNDIST":9,"COUNDIST1":null,"RWCOMPKEY":3643,"DIR":" ","STRNAME":"CANNONS","TYPE":"LN","SPEED":35,"ONE_WAY":" ","MUNI_NAME":"LOUISVILLE","MAIN_DIST":"EAST","OWNER_ABRV":"STAT","MAIN_RESP":"STATE","CLASS_ABRV":"MINART","ROUTE_LBL":"KY-2048","POINT_X":-85.663577380000007,"POINT_Y":38.245346140000002}},{"type":"Feature","id":351,"geometry":{"type":"Point","coordinates":[-85.598819827493116,38.165864751535501]},"properties":{"OBJECTID":351,"ROADNAME":"HUDSON LN","CID":313,"CROSSTYPE":"SCHOOL","CROSSST":"MID-BLOCK","ATTRACT":"ST. GABRIEL","ATTRACTADD":"5503 BARDSTOWN RD","STATUS":"EXISTING","MILEPOINT":null,"AIDTYPE":"NONE","HVCROSS":"YES","PEDREF":"NA","CURBEXT":"NO","DELPOST":"NO","TARC":"NO","GUARD":"NO","AADT":3500,"AADTSO":"LMPW","AADTYR":2021,"COUNDIST":26,"COUNDIST1":22,"RWCOMPKEY":13710,"DIR":" ","STRNAME":"HUDSON","TYPE":"LN","SPEED":25,"ONE_WAY":" ","MUNI_NAME":"LOUISVILLE","MAIN_DIST":"WEST","OWNER_ABRV":"METR","MAIN_RESP":"METROCTR","CLASS_ABRV":"SECCOL","ROUTE_LBL":" ","POINT_X":-85.598819829999997,"POINT_Y":38.165864749999997}},{"type":"Feature","id":352,"geometry":{"type":"Point","coordinates":[-85.551243273294546,38.293639410912476]},"properties":{"OBJECTID":352,"ROADNAME":"INDIAN LAKE DR","CID":314,"CROSSTYPE":"PEDESTRIAN","CROSSST":"MID-BLOCK","ATTRACT":null,"ATTRACTADD":null,"STATUS":"EXISTING","MILEPOINT":null,"AIDTYPE":"SPEED HUMPS","HVCROSS":"YES","PEDREF":"NA","CURBEXT":"NO","DELPOST":"NO","TARC":"NO","GUARD":"NA","AADT":null,"AADTSO":"NOT AVAILABLE","AADTYR":null,"COUNDIST":17,"COUNDIST1":null,"RWCOMPKEY":8007,"DIR":" ","STRNAME":"INDIAN LAKE","TYPE":"DR","SPEED":25,"ONE_WAY":" ","MUNI_NAME":"LOUISVILLE","MAIN_DIST":"EAST","OWNER_ABRV":"METR","MAIN_RESP":"METRO","CLASS_ABRV":"LOCAL","ROUTE_LBL":" ","POINT_X":-85.551243270000001,"POINT_Y":38.293639409999997}},{"type":"Feature","id":353,"geometry":{"type":"Point","coordinates":[-85.542873203994191,38.289020610239419]},"properties":{"OBJECTID":353,"ROADNAME":"VISTA GREENS DR","CID":317,"CROSSTYPE":"PEDESTRIAN","CROSSST":"MID-BLOCK","ATTRACT":null,"ATTRACTADD":null,"STATUS":"EXISTING","MILEPOINT":null,"AIDTYPE":"NONE","HVCROSS":"YES","PEDREF":"NA","CURBEXT":"NO","DELPOST":"NO","TARC":"NO","GUARD":"NA","AADT":null,"AADTSO":"NOT AVAILABLE","AADTYR":null,"COUNDIST":17,"COUNDIST1":null,"RWCOMPKEY":1893,"DIR":" ","STRNAME":"VISTA GREENS","TYPE":"DR","SPEED":25,"ONE_WAY":" ","MUNI_NAME":"LOUISVILLE","MAIN_DIST":"EAST","OWNER_ABRV":"METR","MAIN_RESP":"METRO","CLASS_ABRV":"LOCAL","ROUTE_LBL":" ","POINT_X":-85.542873200000002,"POINT_Y":38.289020610000001}},{"type":"Feature","id":354,"geometry":{"type":"Point","coordinates":[-85.545461151493356,38.288278794764032]},"properties":{"OBJECTID":354,"ROADNAME":"INDIAN LAKE DR","CID":315,"CROSSTYPE":"PEDESTRIAN","CROSSST":"MID-BLOCK","ATTRACT":null,"ATTRACTADD":null,"STATUS":"EXISTING","MILEPOINT":null,"AIDTYPE":"SPEED HUMPS","HVCROSS":"YES","PEDREF":"NA","CURBEXT":"NO","DELPOST":"NO","TARC":"NO","GUARD":"NA","AADT":null,"AADTSO":"NOT AVAILABLE","AADTYR":null,"COUNDIST":17,"COUNDIST1":null,"RWCOMPKEY":8005,"DIR":" ","STRNAME":"INDIAN LAKE","TYPE":"DR","SPEED":25,"ONE_WAY":" ","MUNI_NAME":"LOUISVILLE","MAIN_DIST":"EAST","OWNER_ABRV":"METR","MAIN_RESP":"METRO","CLASS_ABRV":"LOCAL","ROUTE_LBL":" ","POINT_X":-85.545461149999994,"POINT_Y":38.28827879}},{"type":"Feature","id":355,"geometry":{"type":"Point","coordinates":[-85.551026315485771,38.287217460981374]},"properties":{"OBJECTID":355,"ROADNAME":"INDIAN LAKE DR","CID":316,"CROSSTYPE":"PEDESTRIAN","CROSSST":"FREYS HILL RD","ATTRACT":null,"ATTRACTADD":null,"STATUS":"EXISTING","MILEPOINT":null,"AIDTYPE":"SPEED HUMPS","HVCROSS":"YES","PEDREF":"NA","CURBEXT":"NO","DELPOST":"NO","TARC":"NO","GUARD":"NA","AADT":null,"AADTSO":"NOT AVAILABLE","AADTYR":null,"COUNDIST":17,"COUNDIST1":null,"RWCOMPKEY":8006,"DIR":" ","STRNAME":"INDIAN LAKE","TYPE":"DR","SPEED":25,"ONE_WAY":" ","MUNI_NAME":"LOUISVILLE","MAIN_DIST":"EAST","OWNER_ABRV":"METR","MAIN_RESP":"METRO","CLASS_ABRV":"LOCAL","ROUTE_LBL":" ","POINT_X":-85.551026320000005,"POINT_Y":38.287217460000001}},{"type":"Feature","id":356,"geometry":{"type":"Point","coordinates":[-85.551635132330034,38.291536963694632]},"properties":{"OBJECTID":356,"ROADNAME":"LAKE VISTA DR","CID":318,"CROSSTYPE":"PEDESTRIAN","CROSSST":"MID-BLOCK","ATTRACT":null,"ATTRACTADD":null,"STATUS":"EXISTING","MILEPOINT":null,"AIDTYPE":"NONE","HVCROSS":"YES","PEDREF":"NA","CURBEXT":"NO","DELPOST":"NO","TARC":"NO","GUARD":"NA","AADT":null,"AADTSO":"NOT AVAILABLE","AADTYR":null,"COUNDIST":17,"COUNDIST1":null,"RWCOMPKEY":7998,"DIR":" ","STRNAME":"LAKE VISTA","TYPE":"DR","SPEED":25,"ONE_WAY":" ","MUNI_NAME":"LOUISVILLE","MAIN_DIST":"EAST","OWNER_ABRV":"METR","MAIN_RESP":"METRO","CLASS_ABRV":"LOCAL","ROUTE_LBL":" ","POINT_X":-85.551635129999994,"POINT_Y":38.291536960000002}},{"type":"Feature","id":357,"geometry":{"type":"Point","coordinates":[-85.82570031722021,38.265058882574863]},"properties":{"OBJECTID":357,"ROADNAME":"SOUTHWESTERN PKY","CID":319,"CROSSTYPE":"PEDESTRIAN","CROSSST":"W MARKET ST","ATTRACT":"SHAWNEE PARK","ATTRACTADD":"230 SOUTHWESTERN PKWY","STATUS":"EXISTING","MILEPOINT":null,"AIDTYPE":"NONE","HVCROSS":"YES","PEDREF":"NA","CURBEXT":"NO","DELPOST":"NO","TARC":"YES","GUARD":"NA","AADT":1900,"AADTSO":"LMPW","AADTYR":2016,"COUNDIST":5,"COUNDIST1":null,"RWCOMPKEY":21750,"DIR":" ","STRNAME":"SOUTHWESTERN","TYPE":"PKY","SPEED":25,"ONE_WAY":" ","MUNI_NAME":"LOUISVILLE","MAIN_DIST":"WEST","OWNER_ABRV":"METR","MAIN_RESP":"METROCTR","CLASS_ABRV":"MINART","ROUTE_LBL":" ","POINT_X":-85.825700319999996,"POINT_Y":38.265058879999998}},{"type":"Feature","id":358,"geometry":{"type":"Point","coordinates":[-85.79791073764784,38.265407275873791]},"properties":{"OBJECTID":358,"ROADNAME":"ALFORD AVE","CID":320,"CROSSTYPE":"SCHOOL","CROSSST":"N 29TH ST","ATTRACT":"ATKINSON ELEMENTARY","ATTRACTADD":"2811 DUNCAN ST","STATUS":"EXISTING","MILEPOINT":null,"AIDTYPE":"NONE","HVCROSS":"YES","PEDREF":"NA","CURBEXT":"NO","DELPOST":"NO","TARC":"NO","GUARD":"NO","AADT":null,"AADTSO":"NOT AVAILABLE","AADTYR":null,"COUNDIST":5,"COUNDIST1":null,"RWCOMPKEY":14551,"DIR":" ","STRNAME":"ALFORD","TYPE":"AVE","SPEED":25,"ONE_WAY":" ","MUNI_NAME":"LOUISVILLE","MAIN_DIST":"WEST","OWNER_ABRV":"METR","MAIN_RESP":"METRO","CLASS_ABRV":"LOCAL","ROUTE_LBL":" ","POINT_X":-85.797910740000006,"POINT_Y":38.265407279999998}},{"type":"Feature","id":359,"geometry":{"type":"Point","coordinates":[-85.796066127849727,38.253182565464783]},"properties":{"OBJECTID":359,"ROADNAME":"W CHESTNUT ST","CID":321,"CROSSTYPE":"PEDESTRIAN","CROSSST":"S 27TH ST","ATTRACT":null,"ATTRACTADD":null,"STATUS":"EXISTING","MILEPOINT":null,"AIDTYPE":"NONE","HVCROSS":"YES","PEDREF":"NA","CURBEXT":"NO","DELPOST":"NO","TARC":"YES","GUARD":"NA","AADT":5400,"AADTSO":"LMPW","AADTYR":2019,"COUNDIST":5,"COUNDIST1":null,"RWCOMPKEY":15690,"DIR":"W","STRNAME":"CHESTNUT","TYPE":"ST","SPEED":25,"ONE_WAY":"FT","MUNI_NAME":"LOUISVILLE","MAIN_DIST":"WEST","OWNER_ABRV":"METR","MAIN_RESP":"METROCTR","CLASS_ABRV":"MINART","ROUTE_LBL":" ","POINT_X":-85.79606613,"POINT_Y":38.25318257}},{"type":"Feature","id":360,"geometry":{"type":"Point","coordinates":[-85.777574098953934,38.261723724447045]},"properties":{"OBJECTID":360,"ROADNAME":"N 17TH ST","CID":322,"CROSSTYPE":"PEDESTRIAN","CROSSST":"DUNCAN ST","ATTRACT":null,"ATTRACTADD":null,"STATUS":"REMOVED","MILEPOINT":null,"AIDTYPE":"NONE","HVCROSS":"NO","PEDREF":"NA","CURBEXT":"NO","DELPOST":"NO","TARC":"NO","GUARD":"NA","AADT":null,"AADTSO":"NOT AVAILABLE","AADTYR":null,"COUNDIST":5,"COUNDIST1":null,"RWCOMPKEY":14888,"DIR":"N","STRNAME":"17TH","TYPE":"ST","SPEED":25,"ONE_WAY":" ","MUNI_NAME":"LOUISVILLE","MAIN_DIST":"WEST","OWNER_ABRV":"METR","MAIN_RESP":"METRO","CLASS_ABRV":"LOCAL","ROUTE_LBL":" ","POINT_X":-85.777574099999995,"POINT_Y":38.261723719999999}},{"type":"Feature","id":361,"geometry":{"type":"Point","coordinates":[-85.777597602530022,38.261576791235335]},"properties":{"OBJECTID":361,"ROADNAME":"N 17TH ST","CID":322,"CROSSTYPE":"PEDESTRIAN","CROSSST":"DUNCAN ST","ATTRACT":null,"ATTRACTADD":null,"STATUS":"EXISTING","MILEPOINT":null,"AIDTYPE":"NONE","HVCROSS":"YES","PEDREF":"NA","CURBEXT":"NO","DELPOST":"NO","TARC":"NO","GUARD":"NA","AADT":null,"AADTSO":"NOT AVAILABLE","AADTYR":null,"COUNDIST":5,"COUNDIST1":null,"RWCOMPKEY":14948,"DIR":"N","STRNAME":"17TH","TYPE":"ST","SPEED":25,"ONE_WAY":" ","MUNI_NAME":"LOUISVILLE","MAIN_DIST":"WEST","OWNER_ABRV":"METR","MAIN_RESP":"METRO","CLASS_ABRV":"LOCAL","ROUTE_LBL":" ","POINT_X":-85.777597600000007,"POINT_Y":38.261576789999999}},{"type":"Feature","id":362,"geometry":{"type":"Point","coordinates":[-85.777797934621319,38.260426485949615]},"properties":{"OBJECTID":362,"ROADNAME":"N 17TH ST","CID":323,"CROSSTYPE":"PEDESTRIAN","CROSSST":"ROWAN ST","ATTRACT":null,"ATTRACTADD":null,"STATUS":"REMOVED","MILEPOINT":null,"AIDTYPE":"NONE","HVCROSS":"NO","PEDREF":"NA","CURBEXT":"NO","DELPOST":"NO","TARC":"NO","GUARD":"NA","AADT":null,"AADTSO":"NOT AVAILABLE","AADTYR":null,"COUNDIST":5,"COUNDIST1":null,"RWCOMPKEY":14999,"DIR":"N","STRNAME":"17TH","TYPE":"ST","SPEED":25,"ONE_WAY":" ","MUNI_NAME":"LOUISVILLE","MAIN_DIST":"WEST","OWNER_ABRV":"METR","MAIN_RESP":"METRO","CLASS_ABRV":"LOCAL","ROUTE_LBL":" ","POINT_X":-85.777797930000006,"POINT_Y":38.26042649}},{"type":"Feature","id":363,"geometry":{"type":"Point","coordinates":[-85.777824288983496,38.260278715488575]},"properties":{"OBJECTID":363,"ROADNAME":"N 17TH ST","CID":323,"CROSSTYPE":"PEDESTRIAN","CROSSST":"ROWAN ST","ATTRACT":null,"ATTRACTADD":null,"STATUS":"EXISTING","MILEPOINT":null,"AIDTYPE":"NONE","HVCROSS":"YES","PEDREF":"NA","CURBEXT":"NO","DELPOST":"NO","TARC":"NO","GUARD":"NA","AADT":null,"AADTSO":"NOT AVAILABLE","AADTYR":null,"COUNDIST":5,"COUNDIST1":null,"RWCOMPKEY":15065,"DIR":"N","STRNAME":"17TH","TYPE":"ST","SPEED":25,"ONE_WAY":" ","MUNI_NAME":"LOUISVILLE","MAIN_DIST":"WEST","OWNER_ABRV":"METR","MAIN_RESP":"METRO","CLASS_ABRV":"LOCAL","ROUTE_LBL":" ","POINT_X":-85.777824289999998,"POINT_Y":38.260278720000002}},{"type":"Feature","id":364,"geometry":{"type":"Point","coordinates":[-85.78386113802064,38.237957630432106]},"properties":{"OBJECTID":364,"ROADNAME":"HALE AVE","CID":324,"CROSSTYPE":"PEDESTRIAN","CROSSST":"S 17TH ST","ATTRACT":null,"ATTRACTADD":null,"STATUS":"REMOVED","MILEPOINT":null,"AIDTYPE":"NONE","HVCROSS":"NO","PEDREF":"NA","CURBEXT":"NO","DELPOST":"NO","TARC":"NO","GUARD":"NA","AADT":null,"AADTSO":"NOT AVAILABLE","AADTYR":null,"COUNDIST":4,"COUNDIST1":null,"RWCOMPKEY":35071,"DIR":" ","STRNAME":"HALE","TYPE":"AVE","SPEED":25,"ONE_WAY":" ","MUNI_NAME":"LOUISVILLE","MAIN_DIST":"WEST","OWNER_ABRV":"METR","MAIN_RESP":"METRO","CLASS_ABRV":"LOCAL","ROUTE_LBL":" ","POINT_X":-85.783861139999999,"POINT_Y":38.237957629999997}},{"type":"Feature","id":365,"geometry":{"type":"Point","coordinates":[-85.783714566065029,38.237942332392841]},"properties":{"OBJECTID":365,"ROADNAME":"HALE AVE","CID":324,"CROSSTYPE":"PEDESTRIAN","CROSSST":"S 17TH ST","ATTRACT":null,"ATTRACTADD":null,"STATUS":"EXISTING","MILEPOINT":null,"AIDTYPE":"SPEED HUMPS","HVCROSS":"YES","PEDREF":"NA","CURBEXT":"NO","DELPOST":"NO","TARC":"NO","GUARD":"NA","AADT":null,"AADTSO":"NOT AVAILABLE","AADTYR":null,"COUNDIST":4,"COUNDIST1":null,"RWCOMPKEY":17019,"DIR":" ","STRNAME":"HALE","TYPE":"AVE","SPEED":25,"ONE_WAY":" ","MUNI_NAME":"LOUISVILLE","MAIN_DIST":"WEST","OWNER_ABRV":"METR","MAIN_RESP":"METRO","CLASS_ABRV":"LOCAL","ROUTE_LBL":" ","POINT_X":-85.783714570000001,"POINT_Y":38.237942330000003}},{"type":"Feature","id":366,"geometry":{"type":"Point","coordinates":[-85.780813046917444,38.237699125014899]},"properties":{"OBJECTID":366,"ROADNAME":"S 16TH ST","CID":325,"CROSSTYPE":"PEDESTRIAN","CROSSST":"HALE AVE","ATTRACT":null,"ATTRACTADD":null,"STATUS":"EXISTING","MILEPOINT":null,"AIDTYPE":"NONE","HVCROSS":"YES","PEDREF":"NA","CURBEXT":"NO","DELPOST":"NO","TARC":"NO","GUARD":"NA","AADT":null,"AADTSO":"NOT AVAILABLE","AADTYR":null,"COUNDIST":4,"COUNDIST1":null,"RWCOMPKEY":17018,"DIR":"S","STRNAME":"16TH","TYPE":"ST","SPEED":25,"ONE_WAY":" ","MUNI_NAME":"LOUISVILLE","MAIN_DIST":"WEST","OWNER_ABRV":"METR","MAIN_RESP":"METRO","CLASS_ABRV":"LOCAL","ROUTE_LBL":" ","POINT_X":-85.780813050000006,"POINT_Y":38.237699130000003}},{"type":"Feature","id":367,"geometry":{"type":"Point","coordinates":[-85.68950078991179,38.107374138485177]},"properties":{"OBJECTID":367,"ROADNAME":"KURTZ AVE","CID":326,"CROSSTYPE":"PEDESTRIAN","CROSSST":"HARNED AVE","ATTRACT":null,"ATTRACTADD":null,"STATUS":"EXISTING","MILEPOINT":null,"AIDTYPE":"NONE","HVCROSS":"NO","PEDREF":"NO","CURBEXT":"NO","DELPOST":"NO","TARC":"NO","GUARD":"NA","AADT":null,"AADTSO":"NOT AVAILABLE","AADTYR":null,"COUNDIST":24,"COUNDIST1":null,"RWCOMPKEY":25403,"DIR":" ","STRNAME":"KURTZ","TYPE":"AVE","SPEED":25,"ONE_WAY":" ","MUNI_NAME":"LOUISVILLE","MAIN_DIST":"WEST","OWNER_ABRV":"METR","MAIN_RESP":"METRO","CLASS_ABRV":"LOCAL","ROUTE_LBL":" ","POINT_X":-85.689500789999997,"POINT_Y":38.107374139999997}},{"type":"Feature","id":368,"geometry":{"type":"Point","coordinates":[-85.773036908559448,38.192940446933605]},"properties":{"OBJECTID":368,"ROADNAME":"CAMDEN AVE","CID":327,"CROSSTYPE":"PEDESTRIAN","CROSSST":"BELLEVUE AVE","ATTRACT":"HIGHVIEW BAPTIST","ATTRACTADD":"804 CAMDEN AVE","STATUS":"EXISTING","MILEPOINT":null,"AIDTYPE":"NONE","HVCROSS":"NO","PEDREF":"NO","CURBEXT":"NO","DELPOST":"NO","TARC":"NO","GUARD":"NO","AADT":900,"AADTSO":"LMPW","AADTYR":2016,"COUNDIST":15,"COUNDIST1":null,"RWCOMPKEY":22402,"DIR":" ","STRNAME":"CAMDEN","TYPE":"AVE","SPEED":25,"ONE_WAY":" ","MUNI_NAME":"LOUISVILLE","MAIN_DIST":"WEST","OWNER_ABRV":"METR","MAIN_RESP":"METRO","CLASS_ABRV":"LOCAL","ROUTE_LBL":" ","POINT_X":-85.773036910000002,"POINT_Y":38.192940450000002}},{"type":"Feature","id":369,"geometry":{"type":"Point","coordinates":[-85.74535831732625,38.235134491403521]},"properties":{"OBJECTID":369,"ROADNAME":"E ST CATHERINE ST","CID":328,"CROSSTYPE":"PEDESTRIAN","CROSSST":"S HANCOCK ST","ATTRACT":"SHELBY PARK COMMUNITY GARDEN","ATTRACTADD":"545 E ST CATHERINE ST","STATUS":"EXISTING","MILEPOINT":null,"AIDTYPE":"RRFB - SIDE MOUNTED","HVCROSS":"YES","PEDREF":"NO","CURBEXT":"YES","DELPOST":"NO","TARC":"YES","GUARD":"NA","AADT":4400,"AADTSO":"LMPW","AADTYR":2024,"COUNDIST":6,"COUNDIST1":null,"RWCOMPKEY":17228,"DIR":"E","STRNAME":"ST CATHERINE","TYPE":"ST","SPEED":35,"ONE_WAY":"FT","MUNI_NAME":"LOUISVILLE","MAIN_DIST":"EAST","OWNER_ABRV":"METR","MAIN_RESP":"METROCTR","CLASS_ABRV":"MINART","ROUTE_LBL":" ","POINT_X":-85.745358319999994,"POINT_Y":38.23513449}},{"type":"Feature","id":370,"geometry":{"type":"Point","coordinates":[-85.575233940405042,38.189562346843807]},"properties":{"OBJECTID":370,"ROADNAME":"WALNUTWOOD WAY","CID":329,"CROSSTYPE":"BIKE/PED","CROSSST":"LOCUST AVE","ATTRACT":null,"ATTRACTADD":null,"STATUS":"EXISTING","MILEPOINT":null,"AIDTYPE":"NONE","HVCROSS":"NO","PEDREF":"NO","CURBEXT":"NO","DELPOST":"NO","TARC":"NO","GUARD":"NA","AADT":null,"AADTSO":"NOT AVAILABLE","AADTYR":null,"COUNDIST":11,"COUNDIST1":null,"RWCOMPKEY":9682,"DIR":" ","STRNAME":"WALNUTWOOD","TYPE":"WAY","SPEED":25,"ONE_WAY":" ","MUNI_NAME":"JEFFERSONTOWN","MAIN_DIST":"EAST","OWNER_ABRV":"JEFF","MAIN_RESP":"2ND CLASS CITY","CLASS_ABRV":"LOCAL","ROUTE_LBL":" ","POINT_X":-85.575233940000004,"POINT_Y":38.189562350000003}},{"type":"Feature","id":371,"geometry":{"type":"Point","coordinates":[-85.576618245520734,38.188238108609646]},"properties":{"OBJECTID":371,"ROADNAME":"WATTERSON TRL","CID":330,"CROSSTYPE":"BIKE/PED","CROSSST":"JEFFERSON PARK PL","ATTRACT":null,"ATTRACTADD":null,"STATUS":"EXISTING","MILEPOINT":null,"AIDTYPE":"NONE","HVCROSS":"NO","PEDREF":"NO","CURBEXT":"NO","DELPOST":"NO","TARC":"NO","GUARD":"NA","AADT":null,"AADTSO":"NOT AVAILABLE","AADTYR":null,"COUNDIST":11,"COUNDIST1":null,"RWCOMPKEY":13953,"DIR":" ","STRNAME":"WATTERSON","TYPE":"TRL","SPEED":35,"ONE_WAY":" ","MUNI_NAME":"JEFFERSONTOWN","MAIN_DIST":"EAST","OWNER_ABRV":"METR","MAIN_RESP":"METROCTR","CLASS_ABRV":"PRICOL","ROUTE_LBL":" ","POINT_X":-85.576618249999996,"POINT_Y":38.18823811}},{"type":"Feature","id":372,"geometry":{"type":"Point","coordinates":[-85.822328796274931,38.256118111644348]},"properties":{"OBJECTID":372,"ROADNAME":"RIVER PARK DR","CID":331,"CROSSTYPE":"SCHOOL","CROSSST":"S 43RD ST","ATTRACT":"MARTIN LUTHER KING JR ELEMENTARY","ATTRACTADD":"4325 VERMONT AVE","STATUS":"EXISTING","MILEPOINT":null,"AIDTYPE":"NONE","HVCROSS":"NO","PEDREF":"NO","CURBEXT":"NO","DELPOST":"NO","TARC":"YES","GUARD":"NO","AADT":7000,"AADTSO":"LMPW","AADTYR":2024,"COUNDIST":5,"COUNDIST1":null,"RWCOMPKEY":21793,"DIR":" ","STRNAME":"RIVER PARK","TYPE":"DR","SPEED":35,"ONE_WAY":"Y","MUNI_NAME":"LOUISVILLE","MAIN_DIST":"WEST","OWNER_ABRV":"METR","MAIN_RESP":"METROCTR","CLASS_ABRV":"PRICOL","ROUTE_LBL":" ","POINT_X":-85.822328799999994,"POINT_Y":38.256118110000003}},{"type":"Feature","id":373,"geometry":{"type":"Point","coordinates":[-85.767006044555515,38.199091558896676]},"properties":{"OBJECTID":373,"ROADNAME":"WINN AVE","CID":332,"CROSSTYPE":"PEDESTRIAN","CROSSST":"SOUTHERN PKY","ATTRACT":null,"ATTRACTADD":null,"STATUS":"EXISTING","MILEPOINT":null,"AIDTYPE":"NONE","HVCROSS":"YES","PEDREF":"NA","CURBEXT":"NO","DELPOST":"NO","TARC":"NO","GUARD":"NA","AADT":12500,"AADTSO":"KYTC","AADTYR":2017,"COUNDIST":15,"COUNDIST1":null,"RWCOMPKEY":19794,"DIR":" ","STRNAME":"WINN","TYPE":"AVE","SPEED":25,"ONE_WAY":"N","MUNI_NAME":"LOUISVILLE","MAIN_DIST":"WEST","OWNER_ABRV":"METR","MAIN_RESP":"METRO","CLASS_ABRV":"LOCAL","ROUTE_LBL":" ","POINT_X":null,"POINT_Y":null}},{"type":"Feature","id":374,"geometry":{"type":"Point","coordinates":[-85.791970521419543,38.247553334731421]},"properties":{"OBJECTID":374,"ROADNAME":"MAPLE ST","CID":333,"CROSSTYPE":"PEDESTRIAN","CROSSST":"S 24TH ST","ATTRACT":"ALBERTA O. JONES PARK","ATTRACTADD":"744 S 23RD ST","STATUS":"EXISTING","MILEPOINT":null,"AIDTYPE":"NONE","HVCROSS":"YES","PEDREF":"NO","CURBEXT":"NO","DELPOST":"NO","TARC":"NO","GUARD":"NO","AADT":13600,"AADTSO":"LMPW","AADTYR":2019,"COUNDIST":4,"COUNDIST1":null,"RWCOMPKEY":16216,"DIR":" ","STRNAME":"MAPLE","TYPE":"ST","SPEED":25,"ONE_WAY":" ","MUNI_NAME":"LOUISVILLE","MAIN_DIST":"WEST","OWNER_ABRV":"METR","MAIN_RESP":"METRO","CLASS_ABRV":"LOCAL","ROUTE_LBL":" ","POINT_X":-85.791970520000007,"POINT_Y":38.247553330000002}},{"type":"Feature","id":375,"geometry":{"type":"Point","coordinates":[-85.791862009685843,38.247610601575737]},"properties":{"OBJECTID":375,"ROADNAME":"S 24TH ST","CID":333,"CROSSTYPE":"PEDESTRIAN","CROSSST":"MAPLE ST","ATTRACT":"ALBERTA O. JONES PARK","ATTRACTADD":"744 S 23RD ST","STATUS":"EXISTING","MILEPOINT":null,"AIDTYPE":"NONE","HVCROSS":"YES","PEDREF":"NO","CURBEXT":"NO","DELPOST":"NO","TARC":"NO","GUARD":"NO","AADT":13600,"AADTSO":"LMPW","AADTYR":2019,"COUNDIST":4,"COUNDIST1":null,"RWCOMPKEY":16215,"DIR":"S","STRNAME":"24TH","TYPE":"ST","SPEED":25,"ONE_WAY":" ","MUNI_NAME":"LOUISVILLE","MAIN_DIST":"WEST","OWNER_ABRV":"METR","MAIN_RESP":"METRO","CLASS_ABRV":"LOCAL","ROUTE_LBL":" ","POINT_X":-85.791862010000003,"POINT_Y":38.247610600000002}},{"type":"Feature","id":376,"geometry":{"type":"Point","coordinates":[-85.791802019282741,38.247536643671239]},"properties":{"OBJECTID":376,"ROADNAME":"MAPLE ST","CID":333,"CROSSTYPE":"PEDESTRIAN","CROSSST":"S 24TH ST","ATTRACT":"ALBERTA O. JONES PARK","ATTRACTADD":"744 S 23RD ST","STATUS":"EXISTING","MILEPOINT":null,"AIDTYPE":"NONE","HVCROSS":"YES","PEDREF":"NO","CURBEXT":"NO","DELPOST":"NO","TARC":"NO","GUARD":"NO","AADT":13600,"AADTSO":"LMPW","AADTYR":2019,"COUNDIST":4,"COUNDIST1":null,"RWCOMPKEY":16221,"DIR":" ","STRNAME":"MAPLE","TYPE":"ST","SPEED":25,"ONE_WAY":" ","MUNI_NAME":"LOUISVILLE","MAIN_DIST":"WEST","OWNER_ABRV":"METR","MAIN_RESP":"METRO","CLASS_ABRV":"LOCAL","ROUTE_LBL":" ","POINT_X":-85.791802020000006,"POINT_Y":38.24753664}},{"type":"Feature","id":377,"geometry":{"type":"Point","coordinates":[-85.790324703121513,38.247390259499774]},"properties":{"OBJECTID":377,"ROADNAME":"MAPLE ST","CID":334,"CROSSTYPE":"PEDESTRIAN","CROSSST":"S 23RD ST","ATTRACT":"ALBERTA O. JONES PARK","ATTRACTADD":"744 S 23RD ST","STATUS":"EXISTING","MILEPOINT":null,"AIDTYPE":"NONE","HVCROSS":"YES","PEDREF":"NO","CURBEXT":"NO","DELPOST":"NO","TARC":"YES","GUARD":"NO","AADT":12300,"AADTSO":"LMPW","AADTYR":2021,"COUNDIST":4,"COUNDIST1":null,"RWCOMPKEY":16228,"DIR":" ","STRNAME":"MAPLE","TYPE":"ST","SPEED":25,"ONE_WAY":" ","MUNI_NAME":"LOUISVILLE","MAIN_DIST":"WEST","OWNER_ABRV":"METR","MAIN_RESP":"METRO","CLASS_ABRV":"LOCAL","ROUTE_LBL":" ","POINT_X":-85.790324699999999,"POINT_Y":38.247390260000003}},{"type":"Feature","id":378,"geometry":{"type":"Point","coordinates":[-85.790206996523992,38.247452871078288]},"properties":{"OBJECTID":378,"ROADNAME":"S 23RD ST","CID":334,"CROSSTYPE":"PEDESTRIAN","CROSSST":"MAPLE ST","ATTRACT":"ALBERTA O. JONES PARK","ATTRACTADD":"744 S 23RD ST","STATUS":"EXISTING","MILEPOINT":null,"AIDTYPE":"NONE","HVCROSS":"YES","PEDREF":"NO","CURBEXT":"NO","DELPOST":"NO","TARC":"YES","GUARD":"NO","AADT":12300,"AADTSO":"LMPW","AADTYR":2021,"COUNDIST":4,"COUNDIST1":null,"RWCOMPKEY":16227,"DIR":"S","STRNAME":"23RD","TYPE":"ST","SPEED":25,"ONE_WAY":" ","MUNI_NAME":"LOUISVILLE","MAIN_DIST":"WEST","OWNER_ABRV":"METR","MAIN_RESP":"METRO","CLASS_ABRV":"LOCAL","ROUTE_LBL":" ","POINT_X":-85.790206999999995,"POINT_Y":38.247452869999996}},{"type":"Feature","id":379,"geometry":{"type":"Point","coordinates":[-85.790133864309084,38.247370846486717]},"properties":{"OBJECTID":379,"ROADNAME":"MAPLE ST","CID":334,"CROSSTYPE":"PEDESTRIAN","CROSSST":"S 23RD ST","ATTRACT":"ALBERTA O. JONES PARK","ATTRACTADD":"744 S 23RD ST","STATUS":"EXISTING","MILEPOINT":null,"AIDTYPE":"NONE","HVCROSS":"YES","PEDREF":"NO","CURBEXT":"NO","DELPOST":"NO","TARC":"YES","GUARD":"NO","AADT":12300,"AADTSO":"LMPW","AADTYR":2021,"COUNDIST":4,"COUNDIST1":null,"RWCOMPKEY":16231,"DIR":" ","STRNAME":"MAPLE","TYPE":"ST","SPEED":25,"ONE_WAY":" ","MUNI_NAME":"LOUISVILLE","MAIN_DIST":"WEST","OWNER_ABRV":"METR","MAIN_RESP":"METRO","CLASS_ABRV":"LOCAL","ROUTE_LBL":" ","POINT_X":-85.790133859999997,"POINT_Y":38.247370850000003}}]}