PERMIT_NO,APPLICANT_NAME,FROM_DATE,TO_DATE,WORK_DESCRIPTION,WORK_TYPE,STREET_ADDRESS,CITY,STATE,ZIP,LONGITUDE,LATITUDE,ObjectId,x,y
PW-REP-26-02668,7NT Engineering,8/24/2026 4:00:00 AM,10/30/2026 4:00:00 AM,"A. 7NT ENGINEERING B. JOAN AVE C. BETWEEN GARDINER LN AND BETTY LN D. VERGE/GRASS E. SOIL BORING IN THE GRASS. THIS WORK CONSISTS OF GEOTECHNICAL INVESTIGATION ACTIVITIES WITHIN METRO-OWNED RIGHT-OF-WAY IN SUPPORT OF ENGINEERING DESIGN FOR THE OVERALL MSD PROJECT F. RESTORATION WILL BE PERFORMED CONSISTENTLY ACROSS ALL BORING LOCATIONS UPON COMPLETION OF EACH BORING. DISTURBED AREAS WILL BE PROPERLY BACKFILLED. GRADED TO MATCH EXISTING CONTOURS AND RESTORED IN KIND. SOIL AREAS WILL BE SEEDED AND STABILIZED AND PAVED SURFACES IMPACTED WILL BE RESTORED IN ACCORDANCE WITH METRO-OWNED STANDARDS. G. THE WORK WILL OCCUR WITHIN METRO-OWNED RIGHT-OF-WAY WITH THE INTENT OF AVOIDING IMPACTS TO VEHICULAR TRAFFIC, SIDEWALKS, AND PEDESTRIAN PATHS. STANDARD MUTCD-COMPLIANT MEASURES WILL BE UTILIZED. H. APPLICANT: SARAH SENNET, 937-684-0614; PROJECT MGR: CHARLE ANDERSON, 937-356-9799; CONTRACTOR NAME: 7NT ENGINEERING, 937-435-3200","Excavation ,Lane Closure",3023 JOAN AVE,LOUISVILLE,KY,40205,-85.656165873339,38.220577249459,1,-9535200.76832428,4610633.01349526
PW-REP-26-02659,Louisville Gas and Electric,8/21/2026 4:00:00 AM,9/18/2026 4:00:00 AM,"LGE 
WORK ON KENMORE AVE
BETWEEN LEES LN AND WILSHIRE AVE
APPLICATION TO CLOSE SOUTHBOUND CURB LANE
APPLICATION TO PERFORM (1) 3'X 154' ASPHALT CUT TO INSTALL GAS MAIN. 
CUTS TO BE RESORED BY LMPW RESTORATION POLICY
PROJ/TASK: 406CGME22/790585I01
PROJECT ENGINEER: BRADLEY ZEITZ: BRADLEY.ZEITZ@LGE-KU.COM: 502-364-8368
MARGARET KING: 502-364-8281","Excavation ,Lane Closure",6410 KENMORE AVE,LOUISVILLE,KY,40216,-85.873009587746,38.193766346839,2,-9559339.70019378,4606834.77726664
PW-REP-26-02673,VERO NETWORKS,9/6/2026 4:00:00 AM,11/1/2026 4:00:00 AM,"VERO NETWORKS (ON S 3RD ST) (BETWEEN ALGER AVE AND W KENWOOD RD) (CURB LANE CLOSURE W/FLAGGERS AND PEDESTRIAN DETOUR) TO INSTALL 1,589' OF FIBER OPTIC CABLE THROUGH OVERLASHING ALONG S 3RD ST. KYTC PERMIT NOT REQUIRED. RAILROAD PERMIT NOT REQUIRED. NO RESTORATION PLAN REQUIRED. NOTIFICATION PLAN ATTACHED. PROPERTY OWNER NOTIFICATION ATTACHED. (SG-26197_S 3RD ST_Jefferson county KY)

VERO NETWORKS PROJECT MANAGER - PAUL HORNICK - 609-221-3669 
HP COMMUNICATIONS, INC. PROJECT MANAGER - RUSTY BUSKIRK - 961-805-5552
HP COMMUNICATIONS, INC. CONSTRUCTION MANAGER - MIKEY SIMS - 951-603-6922",Lane Closure,6209 S 3RD ST,LOUISVILLE,KY,40214,-85.768897937171,38.166405376989,3,-9547750.04426613,4602960.05569901
PW-REP-26-02674,VERO NETWORKS,9/6/2026 4:00:00 AM,11/1/2026 4:00:00 AM,"VERO NETWORKS (ON S WENZEL ST) (BETWEEN E MARKET ST AND E MAIN ST) (CURB LANE CLOSURE W/FLAGGERS AND PEDESTRIAN DETOUR) TO INSTALL 343' OF FIBER OPTIC CABLE THROUGH OVERLASHING ALONG S WENZEL ST, ACROSS THE STREET FROM LINCOLN ELEMENTARY PERFORMING ARTS SCHOOL. APPROVED KYTC PERMIT FOR E MARKET ST ATTACHED. NO RESTORATION PLAN REQUIRED. NOTIFICATION PLAN ATTACHED. PROPERTY OWNER NOTIFICATION ATTACHED. PARKING AREAS WILL BE CLOSED 72 HOURS PRIOR WORK ZONE PREPARATION. NO S WENZEL ST LOCATION ADDRESS ALONG ROUTE. (SG-3333284_S Wenzel St-Jefferson County_KY) 

VERO NETWORKS PROJECT MANAGER - PAUL HORNICK - 609-221-3669 
HP COMMUNICATIONS, INC. PROJECT MANAGER - RUSTY BUSKIRK - 961-805-5552 
HP COMMUNICATIONS, INC. CONSTRUCTION MANAGER - MIKEY SIMS - 951-603-6922",Lane Closure,1000 E MAIN ST,LOUISVILLE,KY,40206,-85.733757000002,38.254140000003,4,-9543838.17303448,4615389.74116603
PW-REP-26-02678,"HUTCHINS TELECOM SOLUTIONS, LLC",8/26/2026 4:00:00 AM,10/7/2026 4:00:00 AM,"A. SPECTRUM
B. (ON LADD AVE)
C. (BETWEEN LEES LN AND END OF ROAD)
D. (CURB LANE CLOSURE W/FLAGGERS AND SIDEWALK CLOSURE)
E. TO INSTALL 212' OF FIBER OPTIC CABLE THROUGH AERIAL STRAND FOR THE ALLIANCE EXPO BUILDING AT 6451 LADD AVE. 
F. NO RESTORATION PLAN REQUIRED.
G. NOTIFICATION PLAN ATTACHED.
H. PROPERTY OWNER NOTIFICATION ATTACHED. (6451 Ladd Ave Ste B)
 HUTCHINS TELECOM SOLUTIONS LLC PROJECT MANAGER - SCOTT HEUN - 610-212-7142 
 SPECTRUM CONSTRUCTION COORDINATOR - STEVEN MAY - 502-410-7919",Lane Closure,6462 LADD AVE,LOUISVILLE,KY,40216,-85.862334302509,38.190061975389,5,-9558151.33287713,4606310.09782278
PW-REP-26-02685,VERO NETWORKS,9/6/2026 4:00:00 AM,11/1/2026 4:00:00 AM,"VERO NETWORKS (ON W HILL ST) (BETWEEN S 7TH ST AND S 4TH ST) (CURB LANE CLOSURE W/FLAGGERS AND PEDESTRIAN DETOUR) TO INSTALL 1,856' OF FIBER OPTIC CABLE THROUGH OVERLASHING ALONG W HILL ST. KYTC PERMIT NOT REQUIRED. RAILROAD PERMIT NOT REQUIRED. NO RESTORATION PLAN REQUIRED. NOTIFICATION PLAN ATTACHED. PROPERTY OWNER NOTIFICATION ATTACHED. (SG-25886-W HILL ST_Jefferson County KY)

VERO NETWORKS PROJECT MANAGER - PAUL HORNICK - 609-221-3669 
HP COMMUNICATIONS, INC. PROJECT MANAGER - RUSTY BUSKIRK - 961-805-5552
HP COMMUNICATIONS, INC. CONSTRUCTION MANAGER - MIKEY SIMS - 951-603-6922",Lane Closure,402 W HILL ST,LOUISVILLE,KY,40208,-85.76194729592,38.226009673472,6,-9546976.30242138,4611402.78246993
PW-REP-26-02675,Louisville Gas and Electric,8/24/2026 4:00:00 AM,9/21/2026 4:00:00 AM,"LGE 
WORK ON PINE PT
BETWEEN VALLEY PARK DR AND DEAD END
APPLICATION TO CLOSE NORTHBOUND CURB LANE
APPLICATION TO PERFORM (1) 3'X5' DIRT CUT TO REPAIR GAS LEAK. 
CUTS TO BE RESTORED BY LMPW UTILITY RESTORATION POLICY. 
PROJ/TASK: 419RRCS22, IN
PROJECT ENGINEER: LORI BOISVERT: LORI.BOISVERT@LGE-KU.COM:502-333-1883
MARGARET KING: 502-364-8281","Excavation ,Lane Closure",12401 PINE PT,LOUISVILLE,KY,40299,-85.540954500002,38.170395000003,7,-9522375.49691081,4603524.95524555
PW-REP-26-02677,Louisville Gas and Electric,8/24/2026 4:00:00 AM,9/21/2026 4:00:00 AM,"LGE 
WORK ON LORENZO LN
BETWEEN FEGENBUSH LN AND KUHN LN
APPLICATION TO CLOSE EASTBOUND CURB LANE
APPLICATION TO PERFORM (1) 3'X5' DIRT CUT TO REPAIR GAS LEAK. 
CUTS TO BE RESTORED BY LMPW UTILITY RESTORATION POLICY. 
PROJ/TASK: 419RRCS22, IN
PROJECT ENGINEER: LORI BOISVERT: LORI.BOISVERT@LGE-KU.COM:502-333-1883
MARGARET KING: 502-364-8281","Excavation ,Lane Closure",7206 LORENZO LN,LOUISVILLE,KY,40228,-85.626284973181,38.146291619726,8,-9531874.44173424,4600112.57501513
PW-REP-26-02687,"TRC,LLC",8/24/2026 4:00:00 AM,10/2/2026 4:00:00 AM,"TRC, LLC - 2440 Elliott Ave.

Tap sewer main to install PSC.

A. TRC, LLC – MSD 

B. 2440 Elliott Ave. 

C. Between Buechel S 24th St. and S 26th St. 

D. Road will be closed. No sidewalk to be closed. 

E. Tap sewer main and install approx. 32LF of SDR-26 for new PSC. All restoration will be completed by the General Contractor. 

F. Final restoration will be per LMPW Utility Policy Manual. 

G. Tap sewer main and install new PSC. 

H. Project is paid for by Property Owner. MSD contact is Jerry Bond (502) 428-7260. Site contact - TRC, LLC - Jason Coffman (812) 572-8348. Project Manager - TRC, LLC – Andrew Meyer (502) 415-4027","Excavation ,Road Closure",2440 ELLIOTT AVE,LOUISVILLE,KY,40211,-85.792069240773,38.250392040091,9,-9550329.46198412,4614858.4473894
PW-REP-26-02680,Louisville Gas and Electric,8/24/2026 4:00:00 AM,9/21/2026 4:00:00 AM,"LGE
WORK ON ARNOLD PALMER BLVD
BETWEEN AIKEN RD AND ABINGTON RIDGE PL
APPLICATION TO CLOSE NORTHBOUND CURB LANE
APPLICATION TO PERFORM (1) 3'X5' DIRT CUT TO REPAIR GAS LEAK. 
CUTS TO BE RESTORED BY LMPW UTILITY RESTORATION POLICY. 
PROJ/TASK: 419RRCS22, IN
PROJECT ENGINEER: LORI BOISVERT: LORI.BOISVERT@LGE-KU.COM:502-333-1883
MARGARET KING: 502-364-8281","Excavation ,Lane Closure",2201 ARNOLD PALMER BLVD,LOUISVILLE,KY,40245,-85.481163000002,38.270349000003,10,-9515719.53757704,4617687.77098044
PW-REP-26-02676,Louisville Gas and Electric,8/24/2026 4:00:00 AM,9/21/2026 4:00:00 AM,"LGE
WORK ON FREY DR
BETWEEN GORDON RD AND POPLAR LEVEL RD
APPLICATION TO CLOSE SOUTHBOUND CURB LANE
APPLICATION TO PERFORM (1) 3'X5' DIRT CUT TO REPAIR GAS LEAK. 
CUTS TO BE RESTORED BY LMPW UTILITY RESTORATION POLICY. 
PROJ/TASK: 419RRCS22, IN
PROJECT ENGINEER: LORI BOISVERT: LORI.BOISVERT@LGE-KU.COM:502-333-1883
MARGARET KING: 502-364-8281","Excavation ,Lane Closure",6114 FREY DR,LOUISVILLE,KY,40219,-85.676037991072,38.162717774998,11,-9537412.9223513,4602437.94747081
PW-REP-26-02690,VERO NETWORKS,9/1/2026 4:00:00 AM,10/27/2026 4:00:00 AM,"VERO NETWORKS (ON LAMPTON ST)(BETWEEN S PRESTON ST AND S JACKSON ST)(CURB LANE CLOSURE W/FLAGGERS, PARKING LANE CLOSURE, AND PEDESTRIAN DETOUR) TO INSTALL 436' OF FIBER OPTIC CABLE THROUGH OVERLASHING ALONG LAMPTON ST. APPROVED KYTC PERMIT FOR S PRESTON ST ATTACHED. RESTORATION PLAN NOT REQUIRED. NOTIFICATION PLAN ATTACHED. PROPERTY OWNER NOTIFICATION ATTACHED. PARKING AREAS WILL BE CLOSED 72 HOURS PRIOR TO WORK ZONE PREPARATION. (SG-25896_PERMIT-3_ST_LAMPTON ST_ Jefferson County KY)

VERO NETWORKS PROJECT MANAGER - PAUL HORNICK - 609-221-3669 
HP COMMUNICATIONS, INC. PROJECT MANAGER - RUSTY BUSKIRK - 961-805-5552
HP COMMUNICATIONS, INC. CONSTRUCTION MANAGER - MIKEY SIMS - 951-603-6922",Lane Closure,421 LAMPTON ST,LOUISVILLE,KY,40203,-85.74768202041,38.24212959184,12,-9545388.29921558,4613687.29701442
PW-REP-26-02691,VERO NETWORKS,9/1/2026 4:00:00 AM,10/27/2026 4:00:00 AM,"VERO NETWORKS (ON W KENWOOD RD)(BETWEEN NEW CUT RD AND S 3RD ST)(CURB LANE CLOSURE AND CURB LANE CLOSURE W/FLAGGERS) TO INSTALL 1,978' OF FIBER OPTIC CABLE THROUGH OVERLASHING ALONG W KENWOOD RD. APPROVED KYTC PERMIT FOR NEW CUT RD ATTACHED. RESTORATION PLAN NOT REQUIRED. NOTIFICATION PLAN ATTACHED. PROPERTY OWNER NOTIFICATION ATTACHED. (SG-26198_W KENWOOD RD _Jefferson County KY)

VERO NETWORKS PROJECT MANAGER - PAUL HORNICK - 609-221-3669 
HP COMMUNICATIONS, INC. PROJECT MANAGER - RUSTY BUSKIRK - 961-805-5552
HP COMMUNICATIONS, INC. CONSTRUCTION MANAGER - MIKEY SIMS - 951-603-6922",Lane Closure,425 W KENWOOD DR,LOUISVILLE,KY,40214,-85.773208500002,38.161377000003,13,-9548229.89392551,4602248.12071668
PW-REP-26-02700,"HUTCHINS TELECOM SOLUTIONS, LLC",8/27/2026 4:00:00 AM,10/8/2026 4:00:00 AM,"A. SPECTRUM 
B. (ON S 26TH ST) 
C. (BETWEEN DATE ST AND W KENTUCKY ST) 
D. (CURB LANE CLOSURE W/ FLAGGERS AND PEDESTRIAN DETOUR) 
E. TO INSTALL 149' OF FIBER OPTIC CABLE THROUGH OVERLASHING FOR THE ST BENEDICT CENTER AT 946 S 25TH ST. 
F. RESTORATION PLAN FOR DATE ST ATTACHED. 
G. NOTIFICATION PLAN ATTACHED. 
H. PROPERTY OWNER NOTIFICATION ATTACHED. 
I. DATE ST PERMITTED UNDER 946 S 25th St - Application 2 - Date St.
J. (946 S 25th St - Application 1 - S 26th St) 
K. HUTCHINS TELECOM SOLUTIONS LLC PROJECT MANAGER - SCOTT HEUN - 610-212-7142 
L. SPECTRUM CONSTRUCTION COORDINATOR - TRENT ALDRIDGE - 502-702-6188","Excavation ,Lane Closure",925 S 26TH ST,LOUISVILLE,KY,40210,-85.795560000002,38.243646000003,14,-9550718.05152397,4613902.22841594
PW-REP-26-02701,"HUTCHINS TELECOM SOLUTIONS, LLC",8/27/2026 4:00:00 AM,10/8/2026 4:00:00 AM,"A. SPECTRUM 
B. (ON DATE ST) 
C. (BETWEEN S 26TH ST AND S 25TH ST) 
D. (CURB LANE CLOSURE W/FLAGGERS AND PEDESTRIAN DETOUR) 
E. (1 18""X30""_DIRT)
F. TO INSTALL 72' OF FIBER OPTIC CABLE THROUGH OVERLASHING, 198' THROUGH BORING, AND A NEW VAULT, TO THE ST BENEDICT CENTER AT 946 S 25TH ST. 
G. RESTORATION OF CUTS TO BE COMPLETED PER LMG OUTLINED UTILITY POLICY. RESTORATION PLAN ATTACHED. 
H. NOTIFICATION PLAN ATTACHED. 
I. PROPERTY OWNER NOTIFICATION ATTACHED. 
J. LOCATION ADDRESS IS ON OPPOSITE SIDE OF STREET. S 26TH ST PERMITTED UNDER 946 S 25th St - Application 1 - S 26th St.
K. (946 S 25th St - Application 2 - Date St) 
L. HUTCHINS TELECOM SOLUTIONS LLC PROJECT MANAGER - SCOTT HEUN - 610-212-7142 
M. SPECTRUM CONSTRUCTION COORDINATOR - TRENT ALDRIDGE - 502-702-6188","Excavation ,Lane Closure",2525 DATE ST,LOUISVILLE,KY,40210,-85.794190127288,38.243526880636,15,-9550565.557991,4613885.34461172
PW-REP-26-02696,Louisville Gas & Electric Company,8/25/2026 4:00:00 AM,9/22/2026 4:00:00 AM,"LGE
WORK ON INTERNATIONAL
BETWEEN RIVERPORT DR AND DEAD END.
APPLICATION TO CLOSE EASTBOUND CURB LANE.
APPLICATION TO PERFORM (1) 3'X5' DIRT CUT TO REPAIR GAS LEAK. 
CUTS TO BE RESTORED BY LMPW UTILITY RESTORATION POLICY. 
PROJ/TASK: 419RRCS22, IN
PROJECT ENGINEER: JAMES GEORGE:502.774.2869: JAMES.GEORGE@MILLERPIPELINE.COM  
DEREK WILKINS: 502-364-8465","Excavation ,Lane Closure",7081 INTERNATIONAL DR,LOUISVILLE,KY,40258,-85.885735378377,38.167004554023,16,-9560756.32872677,4603044.89252747
PW-REP-26-02689,Louisville Gas and Electric,8/25/2026 4:00:00 AM,9/22/2026 4:00:00 AM,"LGE
WORK ON BEECHLAND AVE
BETWEEN COLUMBIA AVE AND PRINCETON AVE
APPLICATION TO CLOSE NORTHBOUND CURB LANE
FOR JAMES GEORGE:
APPLICATION TO PERFORM (1) 3'X5' DIRT CUT TO REPAIR GAS LEAK. 
CUTS TO BE RESTORED BY LMPW UTILITY RESTORATION POLICY. 
PROJ/TASK: 419CCSO22, I
PROJECT ENGINEER: JAMES GEORGE:502.774.2869: JAMES.GEORGE@MILLERPIPELINE.COM
MARGARET KING: 502-364-8281","Excavation ,Lane Closure",7057 BEECHLAND AVE,LOUISVILLE,KY,40258,-85.846299859212,38.149320027567,17,-9556366.38681415,4600541.25289257
PW-REP-26-02688,Louisville Gas and Electric,8/25/2026 4:00:00 AM,9/22/2026 4:00:00 AM,"LGE
WORK ON FEYHURST DR
BETWEEN YUCCA LN AND BAYSHORE CT
APPLICATION TO CLOSE NORTHBOUND CURB LANE
FOR JAMES GEORGE:
APPLICATION TO PERFORM (1) 3'X5' DIRT CUT TO REPAIR GAS LEAK. 
CUTS TO BE RESTORED BY LMPW UTILITY RESTORATION POLICY. 
PROJ/TASK: 419CCSO22, I
PROJECT ENGINEER: JAMES GEORGE:502.774.2869: JAMES.GEORGE@MILLERPIPELINE.COM
MARGARET KING: 502-364-8281","Excavation ,Lane Closure",7417 FEYHURST DR,LOUISVILLE,KY,40258,-85.858222500002,38.146122000003,18,-9557693.60911581,4600088.5654917
PW-REP-26-02699,LOUISVILLE WATER COMPANY,8/23/2026 4:00:00 AM,9/26/2026 4:00:00 AM,"A.)  LWC  
B.)  232 E Burnett Ave 
C.)  Btwn S Brook St & S Floyd St 
D.)  Parking Lane & Sidewalk Closure 
E.)  Lead Replacement Project
     Two [2] pavement cut 4' x 5' sidewalk on both sides of E Burnett Ave 
F.)  Restoration per LMPW utility policy. All utility markings will be removed from work area.
     
      
G.)  LWC project 17326
     Resident notification letters sent on 07/27/2026
     Notification plan attached
H.)  Project Manager: Joseph Sloan (M) 502-213-8427
     Inspector: Terry Likens (M) 502-533-5078
     Southern Pipeline Construction Co., Inc.","Excavation ,Lane Closure",232 E BURNETT AVE,LOUISVILLE,KY,40208,-85.754403529622,38.2265204556,19,-9546136.53419842,4611475.16273616
PW-REP-26-02695,Louisville Gas & Electric Company,8/25/2026 4:00:00 AM,9/22/2026 4:00:00 AM,"LGE
WORK ON ROSE FARM DR
BETWEEN PHARRIS AVE AND DEAD END.
APPLICATION TO CLOSE EASTBOUND CURB LANE.
APPLICATION TO PERFORM (1) 3'X5' DIRT CUT TO REPAIR GAS LEAK. 
CUTS TO BE RESTORED BY LMPW UTILITY RESTORATION POLICY. 
PROJ/TASK: 419RRCS22, IN
PROJECT ENGINEER: JAMES GEORGE:502.774.2869: JAMES.GEORGE@MILLERPIPELINE.COM  
DEREK WILKINS: 502-364-8465","Excavation ,Lane Closure",4516 ROSE FARM DR,LOUISVILLE,KY,40258,-85.839928459654,38.146226101568,20,-9555657.12585972,4600103.30097056
PW-REP-26-02694,ATT SOUTHEAST,8/27/2026 4:00:00 AM,9/27/2026 4:00:00 AM,"A. COMPANY NAME: AT&T. B. ON WHAT STREET: AIR COMMERCE DR  C. BETWEEN WHAT STREETS: OUTER LOOP & UNIVERSAL WAY: METRO ASSETS AFFECTED: DRIVING LANE SIDEWALK CLOSURE E. ACCESS MANHOLE FOR SPLICE WORK. F. RESTORATION: NO RESTORATION NEEDED. G. ADDITIONAL INFO AT&T: A05HYN4 H. APPLICANT & PROJECT MANAGER CONTACT NAME & NUMBER.: MANAGER AL GRUSE 502-718-3264, DESIGNER PAUL ROSENBERGER 502-705-4502, EMAIL:   paul.rosenberger@rtsassociates.net",Lane Closure,8000 AIR COMMERCE DR,LOUISVILLE,KY,40219,-85.719267000002,38.134818000003,21,-9542225.15361288,4598488.61998436
PW-REP-26-02693,Louisville Gas & Electric Company,8/21/2026 4:00:00 AM,9/18/2026 4:00:00 AM,"LGE
WORK ON HIKES LN
BETWEEN CHEVY CHASE RD AND DOWNING WAY.
APPLICATION TO CLOSE WESTBOUND CURB LANE.
APPLICATION TO PERFORM OH ELECTRICAL WORK.
NO RESTORATION NEEDED.
PROJ/TASK: 165954 / 7687070I01
PROJECT ENGINEER: DOROTHY LEWTER: DOROTHY.LEWTER@LGE-KU.COM: 502-364-8337
DEREK WILKINS: 502-364-8465",Lane Closure,2505 HIKES LN,LOUISVILLE,KY,40218,-85.65495178662,38.20218945056,22,-9535065.61680894,4608027.9074505
PW-REP-26-02692,Louisville Gas & Electric Company,8/18/2026 4:00:00 AM,9/15/2026 4:00:00 AM,"LGE
WORK ON BOHNE AVE
BETWEEN S 35TH ST ADN DR WILLIAM G WEATHERS DR.
APPLICATION TO CLOSE EASTBOUND CURB LANE.
APPLICATION TO CLOSE SOUTHERNMOST SIDEWALK.
APPLICATION TO PERFORM (1) 3'X165' ASPHALT CUT, (1) 3'X30' ASPHALT CUT, (1) 3'X10' SIDEWALK CUT TO INSTALL GAS SERVICE.
CUTS TO BE RESTORED BY LMPW RESTORATION POLICY.
PROJ/TASK: 451GRFU22 / 7861371I01
PROJECT ENGINEER: BRADLEY ZEITZ: BRADLEY.ZEITZ@LGE-KU.COM: 502-364-8368
DEREK WILKINS: 502-364-8465
***CONTINUATION OF PERMIT #26-01917. WORK IS HALFWAY DONE***",Lane Closure,3401 BOHNE AVE,LOUISVILLE,KY,40211,-85.812961500002,38.228157000003,23,-9552655.17764301,4611707.07231467
PW-REP-26-02712,7NT Engineering,8/31/2026 4:00:00 AM,10/30/2026 4:00:00 AM,"A. 7NT ENGINEERING B. DUTCHMANS LN C. BETWEEN DUTCHMANS PKY AND DUTCHMANS PKY D. VERGE/GRASS E. SOIL BORING IN THE GRASS. THIS WORK CONSISTS OF GEOTECHNICAL INVESTIGATION ACTIVITIES WITHIN METRO-OWNED RIGHT-OF-WAY IN SUPPORT OF ENGINEERING DESIGN FOR THE OVERALL MSD PROJECT F. RESTORATION WILL BE PERFORMED CONSISTENTLY ACROSS ALL BORING LOCATIONS UPON COMPLETION OF EACH BORING. DISTURBED AREAS WILL BE PROPERLY BACKFILLED. GRADED TO MATCH EXISTING CONTOURS AND RESTORED IN KIND. SOIL AREAS WILL BE SEEDED AND STABILIZED AND PAVED SURFACES IMPACTED WILL BE RESTORED IN ACCORDANCE WITH METRO-OWNED STANDARDS. G. THE WORK WILL OCCUR WITHIN METRO-OWNED RIGHT-OF-WAY WITH THE INTENT OF AVOIDING IMPACTS TO VEHICULAR TRAFFIC, SIDEWALKS, AND PEDESTRIAN PATHS. STANDARD MUTCD-COMPLIANT MEASURES WILL BE UTILIZED. H. APPLICANT: SARAH SENNET, 937-684-0614; PROJECT MGR: CHARLE ANDERSON, 937-356-9799; CONTRACTOR NAME: 7NT ENGINEERING, 937-435-3200","Excavation ,Lane Closure",6026 DUTCHMANS LN,LOUISVILLE,KY,40205,-85.643755625352,38.229830688729,24,-9533819.26583774,4611944.25089572
PW-REP-26-02711,7NT Engineering,8/31/2026 4:00:00 AM,10/30/2026 4:00:00 AM,"A. 7NT ENGINEERING B. BOWLING BLVD C. BETWEEN CYPRESS STATION DR AND SHERBURN LN D. CENTER VERGE/GRASS E. SOIL BORING IN THE GRASS. THIS WORK CONSISTS OF GEOTECHNICAL INVESTIGATION ACTIVITIES WITHIN METRO-OWNED RIGHT-OF-WAY IN SUPPORT OF ENGINEERING DESIGN FOR THE OVERALL MSD PROJECT F. RESTORATION WILL BE PERFORMED CONSISTENTLY ACROSS ALL BORING LOCATIONS UPON COMPLETION OF EACH BORING. DISTURBED AREAS WILL BE PROPERLY BACKFILLED. GRADED TO MATCH EXISTING CONTOURS AND RESTORED IN KIND. SOIL AREAS WILL BE SEEDED AND STABILIZED AND PAVED SURFACES IMPACTED WILL BE RESTORED IN ACCORDANCE WITH METRO-OWNED STANDARDS. G. THE WORK WILL OCCUR WITHIN METRO-OWNED RIGHT-OF-WAY WITH THE INTENT OF AVOIDING IMPACTS TO VEHICULAR TRAFFIC, SIDEWALKS, AND PEDESTRIAN PATHS. STANDARD MUTCD-COMPLIANT MEASURES WILL BE UTILIZED. H. APPLICANT: SARAH SENNET, 937-684-0614; PROJECT MGR: CHARLE ANDERSON, 937-356-9799; CONTRACTOR NAME: 7NT ENGINEERING, 937-435-3200","Excavation ,Lane Closure",4700 BOWLING BLVD,ST MATTHEWS,KY,40207,-85.629244500002,38.242233000003,25,-9532203.89475294,4613701.95365236
PW-REP-26-02705,Louisville Gas & Electric Company,8/26/2026 4:00:00 AM,9/23/2026 4:00:00 AM,"LGE
WORK ON SUNNYS HALO CT
BETWEEN SMARTY JONES DR AND DEAD END.
APPLICATION TO CLOSE SOUTHBOUND CURB LANE.
APPLICATION TO PERFORM (1) 3'X5' DIRT CUT TO REPAIR GAS LEAK. 
CUTS TO BE RESTORED BY LMPW UTILITY RESTORATION POLICY. 
PROJ/TASK: 419RRCS22, IN
PROJECT ENGINEER: JAMES GEORGE:502.774.2869: JAMES.GEORGE@MILLERPIPELINE.COM  
DEREK WILKINS: 502-364-8465","Excavation ,Lane Closure",9806 SUNNYS HALO CT,LOUISVILLE,KY,40214,-85.83333851856,38.132731527841,26,-9554923.53697277,4598193.33198995
PW-REP-26-02710,Louisville Gas & Electric Company,8/26/2026 4:00:00 AM,9/23/2026 4:00:00 AM,"LGE
WORK ON OBANNON STATION WAY AND TRITON PARK BLVD.
APPLICATION TO CLOSE EASTBOUND AND WESTBOUND CURB LANES, NOT CONCURRENTLY.
APPLICATION TO PERFORM (1) 3'X35' ASPHALT CUT, (1) 3'X60' ASPHALT CUT, (2) 3'X5' DIRT CUTS, (1) 3'X5' SIDEWALK CUT TO INSTALL UG ELECTRICAL.
CUTS TO BE RESTORED BY LMPW RESTORATION POLICY.
PROJ/TASK: 171614LKS / 14970726I01
PROJECT ENGINEER: RYAN LIU: RYAN.LIU@LGE-KU.COM: 502-333-1714
DEREK WILKINS: 502-364-8465","Excavation ,Lane Closure",2701 EASTPOINT PKY,LOUISVILLE,KY,40223,-85.508337478192,38.283588000003,27,-9518744.58665172,4619565.10980927
PW-REP-26-02708,Louisville Gas & Electric Company,8/26/2026 4:00:00 AM,9/23/2026 4:00:00 AM,"LGE
WORK ON TERRA CROSSING BLVD
BETWEEN TERRA CROSSING CT AND BUSH FARM RD.
APPLICATION TO CLOSE NORTHBOUND AND SOUTHBOUND CURB LANE, NOT CURRENTLY.
APPLICATION TO PERFORM (2) 3'X5' ASPHALT CUTS TO INSTALL GAS SERVICE.
CUTS TO BE RESTORED BY LMPW RESTORATION POLICY.
PROJ/TASK: 
PROJECT ENGINEER: ALEXANDER WELLS: ALEXANDER.WELLS@LGE-KU.COM: 502-333-1910
DEREK WILKINS: 502-364-8465","Excavation ,Lane Closure",2517 TERRA CROSSING BLVD,LOUISVILLE,KY,40245,-85.49869912769,38.275876683571,28,-9517671.65038176,4618471.57519165
PW-REP-26-02714,7NT Engineering,8/31/2026 4:00:00 AM,10/30/2026 4:00:00 AM,"A. 7NT ENGINEERING B. 2723 GOLDSMITH LN C. BETWEEN SHANNON DR AND ROSALEE AVE D. VERGE/GRASS E. SOIL BORING IN THE GRASS. THIS WORK CONSISTS OF GEOTECHNICAL INVESTIGATION ACTIVITIES WITHIN METRO-OWNED RIGHT-OF-WAY IN SUPPORT OF ENGINEERING DESIGN FOR THE OVERALL MSD PROJECT F. RESTORATION WILL BE PERFORMED CONSISTENTLY ACROSS ALL BORING LOCATIONS UPON COMPLETION OF EACH BORING. DISTURBED AREAS WILL BE PROPERLY BACKFILLED. GRADED TO MATCH EXISTING CONTOURS AND RESTORED IN KIND. SOIL AREAS WILL BE SEEDED AND STABILIZED AND PAVED SURFACES IMPACTED WILL BE RESTORED IN ACCORDANCE WITH METRO-OWNED STANDARDS. G. THE WORK WILL OCCUR WITHIN METRO-OWNED RIGHT-OF-WAY WITH THE INTENT OF AVOIDING IMPACTS TO VEHICULAR TRAFFIC, SIDEWALKS, AND PEDESTRIAN PATHS. STANDARD MUTCD-COMPLIANT MEASURES WILL BE UTILIZED. H. APPLICANT: SARAH SENNET, 937-684-0614; PROJECT MGR: CHARLE ANDERSON, 937-356-9799; CONTRACTOR NAME: 7NT ENGINEERING, 937-435-3200","Excavation ,Lane Closure",2723 GOLDSMITH LN,LOUISVILLE,KY,40220,-85.660529774282,38.212859207351,29,-9535686.55555512,4609539.47358253
PW-REP-26-02706,Louisville Gas and Electric,8/26/2026 4:00:00 AM,9/23/2026 4:00:00 AM,"LGE
WORK ON E JEFFERSON ST
BETWEEN S CAMPBELL ST AND S WENZEL ST
APPLICATION TO CLOSE WESTBOUND CURB LANE
APPLICATION TO PERFORM (3) 3'X5' ASPHALT CUTS TO REMOVE GAS SERVICE. 
CUTS TO BE RESTORED BY LMPW UTILITY RESTORATION POLICY. 
PROJ/TASK: 419RRCS22, IN
PROJECT ENGINEER: LORI BOISVERT: LORI.BOISVERT@LGE-KU.COM:502-333-1883
MARGARET KING: 502-364-8281","Excavation ,Lane Closure",905 E JEFFERSON ST,LOUISVILLE,KY,40206,-85.736181270542,38.251574863396,30,-9544108.04159654,4615026.1160905
PW-REP-26-02728,Louisville Gas & Electric Company,8/27/2026 4:00:00 AM,9/24/2026 4:00:00 AM,"LGE
WORK ON PERWINKLE LN
BETWEEN VISTA HILLS BLVD AND PERWINKLE CT.
APPLICATION TO CLOSE NORTHBOUND CURB LANE.
APPLICATION TO PERFORM (1) 3'X5' DIRT CUT TO REPAIR GAS LEAK. 
CUTS TO BE RESTORED BY LMPW UTILITY RESTORATION POLICY. 
PROJ/TASK: 419RRCS22, IN
PROJECT ENGINEER: LORI BOISVERT: LORI.BOISVERT@LGE-KU.COM:502-333-1883
DEREK WILKINS: 502-364-8465","Excavation ,Lane Closure",11028 PERWINKLE LN,LOUISVILLE,KY,40291,-85.561014307535,38.092776397492,31,-9524608.54447079,4592540.30931029
PW-REP-26-02717,LOUISVILLE WATER COMPANY,8/30/2026 4:00:00 AM,10/3/2026 4:00:00 AM,"A.)  LWC 
B.)  LAMPTON ST 
C.)  BETWEEN S CLAY ST & SHELBY ST 
D.)  CLOSE ROAD. ROAD WILL BE PLATED AND OPEN TO LOCAL TRAFFIC AT THE END OF EACH WORK SHIFT. 
E.)  INSTALL WATER MAIN. 
     ONE [1] PAVEMENT CUT: 520' x 5 '. SERVICE WORK AND RESTORATION CONTINUE.  
F.)  RESTORATION PER LMPW UTILITY POLICY.  ALL UTILITY MARKINGS WILL BE REMOVED FROM WORK AREA. RESTORATION PLAN ATTACHED.
     
      
G.)  LWC PROJECT 17337
       RESIDENT NOTIFICATION LETTERS SENT WITH APPLICATION PW-REP-26-01142. NEW RESIDENT LETTERS MAILED 07/22/2026  ADDRESSING THAT WORK WILL CONTINUE UNDER A NEW PERMIT.
       NOTIFICATION PLAN ATTACHED. EMAIL NOTIFICATION SENT TO JCPS, TARC, METRO GOVERNMENT, METROSAFE & 311.
     
       PERMIT IS A CONTINUATION OF PERMIT NO.:PW-REP-26-02477    
     
H.)  PROJECT MANAGER: JACOB CLARK (502) 569-3688 (M) 502-533-5042. jmclark@louisvillewater.com
      INSPECTOR MOE MANLEY (M) 502-548-3455.
      CONTRACTOR (EXCEL EXCAVATING).","Excavation ,Road Closure",710 LAMPTON ST,LOUISVILLE,KY,40203,-85.741907865056,38.241524807656,32,-9544745.52318181,4613601.5778663
PW-REP-26-02716,Louisville Gas and Electric,8/27/2026 4:00:00 AM,9/24/2026 4:00:00 AM,"LGE
WORK ON ARLING AVE 
BETWEEN TAYLOR BLVD AND WHITMORE AVE
APPLICATION TO CLOSE WESTBOUND CURB LANE
APPLICATION TO PERFORM (1) 3'X5' DIRT CUT TO REPAIR GAS LEAK. 
CUTS TO BE RESTORED BY LMPW UTILITY RESTORATION POLICY. 
PROJ/TASK: 419RRCS22, IN
PROJECT ENGINEER: LORI BOISVERT: LORI.BOISVERT@LGE-KU.COM:502-333-1883
MARGARET KING: 502-364-8281","Excavation ,Lane Closure",1323 ARLING AVE,LOUISVILLE,KY,40215,-85.782682137322,38.17335865398,33,-9549284.49440793,4603944.60558302
PW-REP-26-02724,LOUISVILLE WATER COMPANY,8/30/2026 4:00:00 AM,10/3/2026 4:00:00 AM,"A.)  LWC 
B.)  E Breckinridge Street 
C.)  Between S Clay St & S Shelby St 
D.)  Road Closed.  
E.)  Water Main Replacement
     One [1] pavement cut: 5' x 520'. Excavation still ongoing. Completing service work to begin restoration and repaving.  
F.)  Restoration per LMPW utility policy. All utility markings will be removed from work area. Restoration plan attached.
     
      
G.)  LWC Project 17334
     Resident notification letters sent with application PW-REP-26-01509 addresses that work may continue under a new permit. 
     Notification Plan Attached
     
     Email notification sent to JCPS, TARC, Metro Government, METROSafe, and 311.
     Permit is a continuation of permit No.: PW-REP-26-02461.
     
H.)  Project Manager: Jacob Clark (502) 533-5042. jmclark@louisvillewater.com
     Moe Manley (502) 548-3455
     Contractor (Basham Construction).","Excavation ,Road Closure",715 E BRECKINRIDGE ST,LOUISVILLE,KY,40203,-85.74207205243,38.240081292701,34,-9544763.80043668,4613396.98400876
PW-REP-26-02721,Louisville Gas & Electric Company,9/1/2026 4:00:00 AM,9/29/2026 4:00:00 AM,"LGE
WORK ON BLANKENBAKER LN
BETWEEN CLARKWOOD RD AND CLARKWOOD RD.
APPLICATION TO CLOSE EASTBOUND CURB LANE.
APPLICATION TO PERFORM (1) 3'X5' ASPHALT CUT TO INSTALL GAS SERVICE.
CUTS TO BE RESTORED BY LMPW RESTORATION POLICY.
PROJ/TASK: 419NBGS22 / 7738535I01
PROJECT ENGINEER: DILLON GRAFF: DILLON.GRAFF@LGE-KU.COM: 502-333-1976
DEREK WILKINS: 502-364-8465
***CONTINUATION OF PERMIT #26-02510. WORK HAS NOT YET STARTED***","Excavation ,Lane Closure",512 BLANKENBAKER LN,LOUISVILLE,KY,40207,-85.656627000002,38.286342000003,35,-9535252.10070959,4619955.68014093
PW-REP-26-02729,VERO NETWORKS,9/3/2026 4:00:00 AM,10/29/2026 4:00:00 AM,"VERO NETWORKS (ON LOWER HUNTERS TRACE) (BETWEEN TERRY RD AND TRIPLETT DR) (CURB LANE CLOSURE AND SIDEWALK CLOSURE) (1 1'X1'_ASPHALT, 1 5'X5'_DIRT) TO INSTALL 207' OF FIBER OPTIC CABLE THROUGH BORING IN THE DIRT AND UNDER THE STREET, 1 POTHOLE, AND 1 BORE PIT. APPROVED KYTC PERMIT FOR TERRY RD ATTACHED. RESTORATION PLAN ATTACHED. NOTIFICATION PLAN ATTACHED. PROPERTY OWNER NOTIFICATION ATTACHED. NO LOWER HUNTERS TRACE LOCATION ADDRESS ALONG ROUTE. (SG-1845406_Permit 1_Lower Hunters Trace_Jefferson_County_KY) 

VERO NETWORKS PROJECT MANAGER - PAUL HORNICK - 609-221-3669 
HP COMMUNICATIONS, INC. PROJECT MANAGER - RUSTY BUSKIRK - 961-805-5552 
HP COMMUNICATIONS, INC. CONSTRUCTION MANAGER - MIKEY SIMS - 951-603-6922","Excavation ,Lane Closure",6001 TERRY RD,LOUISVILLE,KY,40258,-85.865548500002,38.164806000003,36,-9558509.13570536,4602733.60505546
PW-REP-26-02719,LOUISVILLE WATER COMPANY,8/30/2026 4:00:00 AM,10/3/2026 4:00:00 AM,"A.)  LWC 
B.)  E St. Catherine Street 
C.)  Between S Hancock St & S Clay St 
D.)  Close Road. Road will be plated and open to traffic at the end of each work shift.  
E.)  Install Water Main
     ONE [1] PAVEMENT CUT: 563' x 5'. Excavation to be completed and restoration to begin.  
F.)  RESTORATION PER LMPW UTILITY POLICY.  ALL UTILITY MARKINGS WILL BE REMOVED FROM WORK AREA. RESTORATION PLAN ATTACHED.
     
      
G.)  LWC PROJECT 17337
       SENT NOTIFICATION TO RESIDENTS  7 OR MORE DAYS PRIOR TO CONSTRUCTION. WORK WILL BEGIN WITHIN 30 DAYS OF NOTIFICATON.
       NOTIFICATION PLAN ATTACHED. EMAIL NOTIFICATION SENT TO JCPS, TARC, METRO GOVERNMENT, METROSAFE & 311.
     
       PERMIT IS A CONTINUATION OF PERMIT NO.: PW-REP-26-02064
H.)  PROJECT MANAGER: JACOB CLARK (502) 569-3688 (M) 502-533-5042. jmclark@louisvillewater.com
      INSPECTOR MOE MANLEY (M) 502-548-3455.
      CONTRACTOR (EXCEL EXCAVATING).","Excavation ,Road Closure",601 E ST CATHERINE ST Unit 101,LOUISVILLE,KY,40203,-85.745299500002,38.235132000003,37,-9545123.07825696,4612695.53622182
PW-REP-26-02725,LOUISVILLE WATER COMPANY,8/30/2026 4:00:00 AM,10/3/2026 4:00:00 AM,"A.)  LWC 
B.)  E Breckenridge Street 
C.)  Between S Hancock St & S Clay St  
D.)  Road Closed.  
E.)  Water Main Replacement
     One [1] pavement cut: 5' x 534'. Excavation still ongoing. Completing service work to begin restoration and repaving.  
F.)  Restoration per LMPW utility policy. All utility markings will be removed from work area. Restoration plan attached.
     
      
G.)  LWC Project 17334
     Resident notification letters sent with application PW-REP-26-01512 addresses that work may continue under a new permit. 
     Notification Plan Attached, 
     
     Email notification sent to JCPS, TARC, Metro Government, METROSafe, and 311.
     Continuation of permit No.: PW-REP-26-02462
     
H.)  Project Manager: Jacob Clark (502) 533-5042. jmclark@louisvillewater.com
     Moe Manley (502) 548-3455
     Contractor (Basham Construction).","Excavation ,Road Closure",603 E BRECKINRIDGE ST,LOUISVILLE,KY,40203,-85.744273500002,38.240305500003,38,-9545008.8644594,4613428.7613395
PW-REP-26-02738,Louisville Water Company,8/23/2026 4:00:00 AM,9/12/2026 4:00:00 AM,"A.)  LWC 
B.)  Dell Rd 
C.)  Between Valletta Rd & Seneca Valley Rd 
D.)  Lane Closure. Road will be plated and open to traffic at the end of work shifts. 
E.)  Lead Replacemet Project
     One [1] pavement cut: 4' x 5' (original scheduled work delayed) 
F.)  Restoration per LMPW utility policy. All utility markings will be removed from work area. Restoration plan attached.      
G.)  LWC Project 17326.04.
     Resident notification letters sent on 06/12/2026.
     Notification Plan Attached
     
     Email notification sent to Metro Government
     Permit is a continuation of permit no.: PW-REP-26-01818
     
H.)  Project Manager: Joseph Sloan (502) 213-8427. jsloan@louisvillewater.com
     Terry Likens (502) 762-3230
     Contractor (Southern Pipeline Construction Co. Inc.).","Excavation ,Lane Closure",2537 DELL RD,SENECA GARDENS,KY,40205,-85.677054680119,38.228787927956,39,-9537526.0996583,4611796.48053116
PW-REP-26-02737,Louisville Gas and Electric,8/28/2026 4:00:00 AM,9/25/2026 4:00:00 AM,"LGE
WORK ON WALNUT HILLS DR
BETWEEN LAUREL SPRINGS DR AND DEAD END
APPLICATION TO CLOSE NORTHBOUND CURB LANE
APPLICATION TO PERFORM (1) 3'X5' DIRT CUT TO INSTALL GAS SERVICE
CUTS TO BE RESTORED BY LMPW RESTORATION POLICY
PROJ/TASK: 419NBGS22 / T:7912657I01
PROJECT ENGINEER: ALEXANDER WELLS: 502.333.1910: ALEXANDER.WELLS@LGEKU.COM
MARGARET KING: 502-364-8281","Excavation ,Lane Closure",4905 WALNUT HILLS DR,LOUISVILLE,KY,40299,-85.612353840338,38.178693571596,40,-9530323.63511999,4604700.06741001
PW-REP-26-02749,Louisville Gas and Electric,8/31/2026 4:00:00 AM,9/28/2026 4:00:00 AM,"LGE
WORK ON IVINELL AVE
BETWEEN ST GABRIEL LN AND DEAD END
APPLICATION TO CLOSE WESTBOUND CURB LANE
APPLICATION TO PERFORM (2) 3'X5' DIRT CUTS TO INSTALL ELECTRIC SERVICE
CUTS TO BE RESTORED BY LMPW RESTORATION POLICY 
PROJ/ TASK: 7655500I01/14998722101
PROJECT ENGINEER:TODD HAMMRESMITH: 502-333-1830
MARGARET KING: 502-364-8281","Excavation ,Lane Closure",8611 IVINELL AVE,LOUISVILLE,KY,40291,-85.600019383267,38.170031743348,41,-9528950.56963963,4603473.51965289
PW-REP-26-02743,Louisville Gas & Electric Company,8/31/2026 4:00:00 AM,9/28/2026 4:00:00 AM,"LGE
WORK ON COLOME DR
BETWEEN FERNDALE RD AND FERNVIEW RD.
APPLICATION TO CLOSE NORTHBOUND CURB LANE.
APPLICATION TO PERFORM (1) 3'X5' DIRT CUT TO REPAIR GAS LEAK. 
CUTS TO BE RESTORED BY LMPW UTILITY RESTORATION POLICY. 
PROJ/TASK: 419RRCS22, IN
PROJECT ENGINEER: LORI BOISVERT: LORI.BOISVERT@LGE-KU.COM:502-333-1883
DEREK WILKINS: 502-364-8465","Excavation ,Lane Closure",6403 COLOME DR,LOUISVILLE,KY,40291,-85.609935738008,38.155697965831,42,-9530054.45319992,4601444.12248008
PW-REP-26-02742,Louisville Gas and Electric,8/31/2026 4:00:00 AM,9/28/2026 4:00:00 AM,"LGE
WORK ON FARMAN CT
BETWEEN SOUTH PARK RD AND LAZY RUN RD
APPLICATION TO CLOSE WESTBOUND CURB LANE
APPLICATION TO PERFORM (1) 3'X5' DIRT CUT TO REPAIR GAS LEAK. 
CUTS TO BE RESTORED BY LMPW UTILITY RESTORATION POLICY. 
PROJ/TASK: 419RRCS22, IN
PROJECT ENGINEER: MIA CARMAN: MIA.CARMAN@LGE-KU.COM: 502-364-8242
MARGARET KING: 502-364-8281","Excavation ,Lane Closure",1129 FARMAN CT,LOUISVILLE,KY,40219,-85.682004332086,38.117902257465,43,-9538077.09239487,4596094.86249685
PW-REP-26-02741,Louisville Gas and Electric,8/31/2026 4:00:00 AM,9/28/2026 4:00:00 AM,"LGE
WORK ON S DODGE LN
BETWEEN SOUTH RIDGE DR AND SILVER CREEK RD
APPLICATION TO CLOSE NORTHBOUND CURB LANE
APPLICATION TO PERFORM (1) 3'X5' DIRT CUT TO REPAIR GAS LEAK. 
CUTS TO BE RESTORED BY LMPW UTILITY RESTORATION POLICY. 
PROJ/TASK: 419RRCS22, IN
PROJECT ENGINEER: MIA CARMAN: MIA.CARMAN@LGE-KU.COM: 502-364-8242
MARGARET KING: 502-364-8281","Excavation ,Lane Closure",10407 S DODGE LN,LOUISVILLE,KY,40272,-85.84622066255,38.101723391952,44,-9556357.57068207,4593805.89968355
PW-REP-26-02745,Louisville Gas & Electric Company,8/28/2026 4:00:00 AM,9/9/2026 4:00:00 AM,"LGE
WORK ON AVONDALE CT
BETWEEN SHANNON RUN TRL AND BRISTOL OAKS DR.
APPLICATION TO CLOSE NORTHBOUND CURB LANE.
APPLICATION TO PERFORM (1) 3'X65' DIRT CUT AND (1) 3'X220' ASPHALT CUT TO INSTALL GAS SERVICE.
CUTS TO BE RESTORED BY LMPW RESTORATION POLICY.
PROJ/TASK: 406CGME22 / 7876022I01
PROJECT ENGINEER: TERESA BEESON: TERESA.BEESON@LGE-KU.COM: 502-364-8302
DEREK WILKINS: 502-364-8465
***CONTINUATION OF PERMIT # 26-01763. WORK IS HALFWAY DONE***","Excavation ,Lane Closure",8701 AVONDALE CT,LOUISVILLE,KY,40299,-85.598883000002,38.191212000003,45,-9528824.06803322,4606472.98205347
PW-REP-26-02750,Louisville Gas and Electric,8/31/2026 4:00:00 AM,9/28/2026 4:00:00 AM,"LGE
 WORK ON COOL BROOK RD
BETWEEN ST GABRIEL LN AND COOL BROOK CT
APPLICATION TO CLOSE EASTBOUND CURB LANE
APPLICATION TO PERFORM (1) 3'X5' DIRT CUT TO INSTALL ELECTRIC SERVICE
CUTS TO BE RESTORED BY LMPW RESTORATION POLICY
PROJ/ TASK:7655500/14998722IO1
PROJECT ENGINEER: TODD HAMMERSMITH:502-333-1830
MARGARET KING: 502-364-8281","Excavation ,Lane Closure",5203 COOL BROOK RD,LOUISVILLE,KY,40291,-85.599622446611,38.170978450641,46,-9528906.38285321,4603607.56990336
PW-REP-26-02753,Louisville Gas and Electric,8/31/2026 4:00:00 AM,9/28/2026 4:00:00 AM,"LGE
WORK ON AUGUSTINE WAY
BETWEEN ST GABRIEL LN AND DEAD END
APPLICATION TO CLOSE EASTBOUND LANE
APPLICATION TO PERFORM (1) 3'X5' DIRT CUT TO INSTALL ELECTRIC SERVICE
CUTS TO BE RESTORED BY LMPW RESTORATION POLICY 
PROJ/ TASK:7655500/14998722IO1
PROJECT ENGINEER: TODD HAMMERSMITH:502-333-1830
MARGARET KING: 502-364-8281","Excavation ,Lane Closure",8605 AUGUSTINE WAY,LOUISVILLE,KY,40291,-85.600378193879,38.168355122452,47,-9528990.51225425,4603236.12060859
PW-REP-26-02752,Louisville Gas and Electric,8/31/2026 4:00:00 AM,9/28/2026 4:00:00 AM,"LGE 
WORK ON EMRICH AVE
BETWEEN ST GABRIEL LN AND DEAD END
APPLICATION TO CLOSE WESTBOUND CURB LANE
APPLICATION TO PERFORM (2) 3'X5' DIRT CUTS TO INTATLL ELECTRIC SERVICE
CUTS TO BE RESTORED BY LMPW RESTORATION POLICY 
PROJ/TASK:7655500/14998722IO1
PROJECT ENGINEER: TODD HAMMERSMITH:502-333-1830
MARGARET KING: 502-364-8281","Excavation ,Lane Closure",8609 EMRICH AVE,LOUISVILLE,KY,40291,-85.600709225966,38.169220693512,48,-9529027.36257761,4603358.67938124
PW-REP-26-02756,Louisville Gas and Electric,9/1/2026 4:00:00 AM,9/29/2026 4:00:00 AM,"LGE 
WORK ON ST GABRIEL LN
BETWEEN BARDSTOWN RD AND COOL BROOK RD
APPLICATION TO CLOSE SOUTHBOUND AND NORTHBOUND CURB LANES NOT CONCURRENTLY
APPLICATION TO PERFORM (5) 3'X5' DIRT CUTS TO INSTALL ELECTRIC SERVICE
CUTS TO BE RESTORED BY LMPW RESTORATION POLICY
PROJ/TASK: 7655500/14998722IO1
PROJECT ENGINEER: TODD HAMMERSMITH:502-333-1830
MARGARET KING: 502-364-8281","Excavation ,Lane Closure",5400 ST GABRIEL LN,LOUISVILLE,KY,40291,-85.600452401093,38.168381879277,49,-9528998.77296352,4603239.90916497
PW-REP-26-02760,LOUISVILLE WATER,9/2/2026 4:00:00 AM,10/2/2026 4:00:00 AM,"A) LWC
B) S 3RD ST
C) BETWEEN W MUHAMMAD ALI BLVD AND W LIBERTY ST
D) MOVING ONE LANE AT A TIME MOVING WEST TO EAST. TRAFFIC CONTROL AND FLAGGERS ARE TO BE UTILIZED. THE ROAD WILL BE PLATED AND OPEN TO TRAFFIC AT THE END OF THE WORK SHIFT.
E) INSTALLING A WATER SERVICE
- ONE 35 X 3 STREET CUT
- ONE 5X5 SIDEWALK CUT
F) RESTORATION PER LMPW UTILITY POLICY. UTILITY MARKINGS WILL BE REMOVED FROM THE WORK AREA. THE RESTORATION PLAN IS ATTACHED.
G) LWC WORK ORDER: 25078070.
H) PROJECT MANAGER CLAY ROBINSON CELL: 502-919-2861 EMAIL: CROBINSON@LOUISVILLEWATER.COM","Excavation ,Lane Closure",430 S 3RD ST Unit A,LOUISVILLE,KY,40202,-85.755623700506,38.252194889521,50,-9546272.36299991,4615114.00771728
PW-REP-26-02762,VERO NETWORKS,9/8/2026 4:00:00 AM,11/3/2026 5:00:00 AM,"VERO NETWORKS (ON FLORENCE AVE)(BETWEEN GATEWOOD AVE AND SOUTHERN PKWY)(CURB LANE CLOSURE W/FLAGGERS AND PEDESTRIAN DETOUR) TO INSTALL 522' OF FIBER OPTIC CABLE THROUGH OVERLASHING. KYTC PERMIT NOT REQUIRED. RESTORATION PLAN NOT REQUIRED. NOTIFICATION PLAN ATTACHED. PROPERTY OWNER NOTIFICATION ATTACHED. ALLOW ACCESS TO AFFECTED DRIVEWAYS. APPROVED LMG PERMIT PW-REP-26-02640 FOR S 5TH ST ATTACHED. (SG-26075_W FLORENCE AVE_Jefferson County KY)

VERO NETWORKS PROJECT MANAGER - PAUL HORNICK - 609-221-3669 
HP COMMUNICATIONS, INC. PROJECT MANAGER - RUSTY BUSKIRK - 961-805-5552
HP COMMUNICATIONS, INC. CONSTRUCTION MANAGER - MIKEY SIMS - 951-603-6922",Lane Closure,500 W FLORENCE AVE,LOUISVILLE,KY,40215,-85.768285500002,38.191122000003,51,-9547681.86807233,4606460.23477202
PW-REP-26-02763,Louisville Gas and Electric,9/1/2026 4:00:00 AM,9/29/2026 4:00:00 AM,"LGE
WORK ON WEST JEFFERSON ST
BETWEEN 13TH ST AND 15TH ST
APPLICATION TO CLOSE WESTBOUND CURB LANE
APPLICATION TO INSTALL GAS SERVICE ON CUSTOMER PROPERTY
WORK IS ON CUSTOMER PROPERTY
NO CUTS TO BE RESTORED
PROJ/TASK: 419RRCS22, IN
PROJECT ENGINEER: JAMES GEORGE:502.774.2869: JAMES.GEORGE@MILLERPIPELINE.COM  
MARGARET KING: 502-364-8281",Lane Closure,1407 W JEFFERSON ST,LOUISVILLE,KY,40203,-85.773697678007,38.255672321665,52,-9548284.34897193,4615606.96401777
PW-REP-26-02764,Louisville Gas and Electric,9/1/2026 4:00:00 AM,9/29/2026 4:00:00 AM,"LGE
WORK ON W JEFFERSON ST
BETWEEN S 19TH ST AND S 20TH ST
APPLICATION TO CLOSE EASTBOUND CURB LANE
APPLICATION TO INSTALL GAS SERVICE ON CUSTOMER PROPERTY
NO CUTS TO BE RESTORED
PROJ/TASK: 419RRCS22, IN
PROJECT ENGINEER: JAMES GEORGE:502.774.2869: JAMES.GEORGE@MILLERPIPELINE.COM  
MARGARET KING: 502-364-8281",Lane Closure,1916 W JEFFERSON ST,LOUISVILLE,KY,40203,-85.782672371012,38.256684500292,53,-9549283.40722727,4615750.45358843
PW-REP-26-02761,Louisville Gas and Electric,9/1/2026 4:00:00 AM,9/29/2026 4:00:00 AM,"LGE
WORK ON SMYRNA RD
BETWEEN OUTER LOOP AND BRISCOE LN
APPLICATION TO CLOSE SOUTHBOUND CURB LANE
APPLICATION TO PERFORM (1) 3'X5' DIRT CUT TO REPAIR GAS LEAK. 
CUTS TO BE RESTORED BY LMPW UTILITY RESTORATION POLICY. 
PROJ/TASK: 419RRCS22, IN
PROJECT ENGINEER: LORI BOISVERT: LORI.BOISVERT@LGE-KU.COM:502-333-1883
MARGARET KING: 502-364-8281","Excavation ,Lane Closure",7606 SMYRNA RD,LOUISVILLE,KY,40228,-85.641862669106,38.139404401726,54,-9533608.54291235,4599137.74021183
PW-REP-26-02757,Louisville Gas and Electric,9/1/2026 4:00:00 AM,9/29/2026 4:00:00 AM,"LGE
WORK ON EMRICH AVE 
BETWEEN ST GABRIEL AVE AND CUMNOCK RD
APPLICATION TO CLOSE EASTBOUND CURB LANE
APPLICATION TO PERFORM (3) 3'X5' DIRT CUTS TO INSTALL ELECTRIC SERVIC
CUTS TO BE RESTORED BY LMPW RESTORATION POLICY
PROJ/ TASK: 7655500/14998722IO1
PROJECT ENGINEER: TODD HAMMERSMITH:502-333-1830
MARGARET KING: 502-364-8281","Excavation ,Lane Closure",8517 EMRICH AVE,LOUISVILLE,KY,40291,-85.601855340633,38.168836217379,55,-9529154.94747873,4603304.24008601
PW-REP-26-02765,ATT SE,9/1/2026 4:00:00 AM,10/16/2026 4:00:00 AM,"A. Company Name: AT&T SE
B. On What Street: 2700 S. 3rd St. 40208
C. Between What Streets: Winkler Ave and M St.
D. Metro Asset Affected: Curb lane, Verge.
E. Purpose: To place 3’ of buried FOC and flex via hand dig.
•	1 – 53”x53”x36” TPAD for FOC Cabinet
F. Restoration: Per Louisville Metro guidelines. No directional bore will be performed on this project.
G. Additional Information: AT&T project # A05CDQX
H. Applicant and Project Manager: AT&T; Al Gruse (502) 718-3264. Designer: Cyient Inc.; Eric Fortune C.E. (469) 534-1046.","Excavation ,Utility Cut",2700 S 3RD ST,LOUISVILLE,KY,40208,-85.762984500002,38.210157000003,56,-9547091.76345164,4609156.63555305
PW-REP-26-02758,Louisville Gas and Electric,9/1/2026 4:00:00 AM,9/29/2026 4:00:00 AM,"LGE
WORK ON CUMNOCK RD
BETWEEN BARDSTOWN RD AND EMRICH AVE
APPLICATION TO CLOSE SOUTHBOUND CURB LANE
APPLICATION TO PERFORM (2)3'X5' DIRT CUTS TO INSTALL ELECTRIC SERVICE
CUTS TO BE RESTORED BY LMPW RESTORATION POLICY
PROJ/TASK:7655500/14998722IO1
PROJECT ENGINEER: TODD HAMMERSMITH:502-333-1830
MARGARET KING: 502-364-8281","Excavation ,Lane Closure",5510 CUMNOCK RD,LOUISVILLE,KY,40291,-85.601764796302,38.168646594145,57,-9529144.86812991,4603277.39078724
PW-REP-26-02759,Louisville Gas and Electric,9/1/2026 4:00:00 AM,9/29/2026 4:00:00 AM,"LGE 
WORK ON HIAWATHA AVE
BETWEEN WOODBROOK RD AND HINES RD
APPLCIATION TO CLOSE EASTBOUND CURB LANE
APPLCATION TO PERFORM (1) 3'X5' DIRT CUT AND (1) 3'X5' ASPHALT CUT TO INSTALL GAS SERVICE
CUTS TO BE RESTORED BY LMPW RESTORATION POLICY
PROJ/ TASK:7866437I01","Excavation ,Lane Closure",12614 HIAWATHA AVE,LOUISVILLE,KY,40223,-85.520056500002,38.267397000003,58,-9520049.14219221,4617269.21320196
PW-REP-26-02766,Louisville Gas & Electric Company,9/1/2026 4:00:00 AM,10/31/2026 4:00:00 AM,"LGE
WORK ON HAMES TRCE
BETWEEN DEL MARIA WAY AND S HURSTBOURNE PKAY.
APPLICATION TO CLOSE ROAD FROM 9/1/26 - 10/31/26, 24 HOURS A DAY.
APPLICATION TO PERFORM (1) 20'X40' ASPHALT CUT TO MOVE GAS PIPELINE.
CUTS TO BE RESTORED BY LMPW RESTORATION POLICY.
PROJ/TASK: 406000147 / INVEST
PROJECT ENGINEER: CHAD AUGUSTINE: CHAD.AUGUSTINE@LGE-KU.COM: 502-364-8212
DEREK WILKINS: 502-364-8465
***CONTINUATION OF PERMIT #26-01603. WORK IS HALFWAY DONE***","Excavation ,Road Closure",5034 HAMES TRCE,LOUISVILLE,KY,40291,-85.608019898588,38.167911274439,59,-9529841.18293125,4603173.27541697
PW-REP-26-02771,ATT SOUTHEAST,9/4/2026 4:00:00 AM,10/4/2026 4:00:00 AM,"A. COMPANY NAME: AT&T. 
B. ON WHAT STREET: S BROOK ST 
C. BETWEEN WHAT STREETS: E MARKET ST & E JEFFERSON ST
D. METRO ASSETS AFFECTED: DRIVING LANE AND SIDEWALK CLOSURE 
E. ACCESS MANHOLE FOR SPLICE WORK. 
F. RESTORATION: NO RESTORATION NEEDED. 
G. ADDITIONAL INFO AT&T: A05J4HL 
H. APPLICANT & PROJECT MANAGER CONTACT NAME & NUMBER.: MANAGER AL GRUSE 502-718-3264, DESIGNER PAUL ROSENBERGER 502-705-4502, EMAIL:   paul.rosenberger@rtsassociates.net",Lane Closure,101 E JEFFERSON ST,LOUISVILLE,KY,40202,-85.752054000002,38.253294000003,60,-9545874.98575752,4615269.81365351
PW-REP-26-02769,Louisville Gas and Electric,9/2/2026 4:00:00 AM,9/30/2026 4:00:00 AM,"LGE
WORK ON GARY WAY
BETWEEN FERGUSSON FIFE AVE AND GLENGARRY DR
APPLICATION TO CLOSE NORTHBOUND CURB LANE
APPLICATION TO PERFORM (1) 3'X5' DIRT CUT TO REPAIR GAS LEAK. 
CUTS TO BE RESTORED BY LMPW UTILITY RESTORATION POLICY. 
PROJ/TASK: 419RRCS22, IN
PROJECT ENGINEER: LORI BOISVERT: LORI.BOISVERT@LGE-KU.COM:502-333-1883
MARGARET KING: 502-364-8281","Excavation ,Lane Closure",8603 GARY WAY,LOUISVILLE,KY,40118,-85.756273761939,38.124668174628,61,-9546344.72750762,4597052.24518191
PW-REP-26-02782,Louisville Water Company,8/30/2026 4:00:00 AM,10/3/2026 4:00:00 AM,"A.)  LWC 
B.)  Hill Rd 
C.)  Between Cross Rd & Hill Road Ct 
D.)  Road closure. Road will be plated and open to traffic at the end of work shifts. 
E.)  Lead Replacement Project
     One [1] pavement cut: 4' x 5' on the south side of Hill Rd.  Excavation continues. 
F.)  Restoration per LMPW utility policy. All utility markings will be removed from work area. Restoration plan attached.

     Permit is a Continuation of Permit No.: PW-REP-26-02070
      
G.)  LWC Project 17326.04.
     Resident notification letters sent on 07/09/2026.
     Notification Plan Attached
     Email notification sent to Metro Government. 
H.)  Project Manager: Joseph Sloan (502) 213-8427. jsloan@louisvillewater.com
     Terry Likens (502) 762-3230
     Contractor (Basham Construction).",Road Closure,57 HILL RD,LOUISVILLE,KY,40204,-85.718430373584,38.228840925286,62,-9542132.02078605,4611803.99076907
PW-REP-26-02789,Louisville Water Company,8/30/2026 4:00:00 AM,10/3/2026 4:00:00 AM,"A.)  LWC 
B.)  Grinstead Drive 
C.)  Between Ray Ave & Glenmary Ave 
D.)  Lane Closure. Road will be plated and open to traffic at the end of work shifts. 
E.)  Lead Replacement Project
     One [1] pavement cut: 4' x 5' center turn lane. Excavation Continues.  
F.)  Restoration per LMPW utility policy. All utility markings will be removed from work area. Restoration plan attached.    
G.)  LWC Project 17326.04.
     Resident notification letters sent on 4/28/2026.
     Notification Plan Attached
     Email notification sent to Metro Government

     Continuation of Permit NO.: PW-REP-26-01687
     
H.)  Project Manager: Joseph Sloan (502) 213-8427. jsloan@louisvillewater.com
     Terry Likens (502) 762-3230
     Contractor (Basham Construction).",Lane Closure,2460 GRINSTEAD DR Unit 1,LOUISVILLE,KY,40204,-85.708480980215,38.243347213431,63,-9541024.45938251,4613859.87889815
PW-REP-26-02792,,9/8/2026 4:00:00 AM,9/15/2026 4:00:00 AM,"Sanitary sewer construction consists of tying into the existing 15"" combined sewer line at Garland Avenue by setting a new 4' manhole and tie-in of 8"" sanitary sewer property service connection to be ran onto the proposed property. Road repair will be completed after construction within the roadway limits is completed and fully restored per LMG Utility Policy

Alec Frasier - Project Manager - 330-316-0974","Excavation ,Road Closure",2927 GARLAND AVE,LOUISVILLE,KY,40211,-85.801122401229,38.245124971532,64,-9551337.25519615,4614111.85797367
PW-REP-26-02780,Louisville Gas and Electric,9/3/2026 4:00:00 AM,10/1/2026 4:00:00 AM,"LGE
WORK ON YORKTOWN RD 
BETWEEN REVOLUTIONARY RD AND CORNWALLIS CT
APPLICATION TO CLOSE NORTHBOUND CURB LANE
APPLICATION TO PERFORM (1) 3'X5' DIRT CUT TO REPAIR GAS LEAK. 
CUTS TO BE RESTORED BY LMPW UTILITY RESTORATION POLICY. 
PROJ/TASK: 419RRCS22, IN
PROJECT ENGINEER: MIA CARMAN: MIA.CARMAN@LGE-KU.COM: 502-364-8242
MARGARET KING: 502-364-8281","Excavation ,Lane Closure",7513 YORKTOWN RD,LOUISVILLE,KY,40214,-85.760036476814,38.135554953627,65,-9546763.5910115,4598592.91937113
PW-REP-26-02788,Louisville Gas & Electric Company,9/1/2026 4:00:00 AM,9/29/2026 4:00:00 AM,"LGE
WORK ON BROADMOOD BLVD
BETWEEN BROADMOOR CT AND E INDIAN TRL.
APPLICATION TO CLOSE WESTBOUND CURB LANE.
APPLICATION TO PERFORM (1) 3'X5' DIRT CUT TO REPAIR GAS LEAK. 
CUTS TO BE RESTORED BY LMPW UTILITY RESTORATION POLICY. 
PROJ/TASK: 419RRCS22, IN
PROJECT ENGINEER: JAMES GEORGE:502.774.2869: JAMES.GEORGE@MILLERPIPELINE.COM  
DEREK WILKINS: 502-364-8465","Excavation ,Lane Closure",5215 BROADMOOR BLVD,LOUISVILLE,KY,40218,-85.661299776219,38.186573048652,66,-9535772.27177866,4605815.95791997
PW-REP-26-02783,Louisville Gas and Electric,9/3/2026 4:00:00 AM,10/1/2026 4:00:00 AM,"LGE
WORK ON LOWER HUNTERS TRCE
BETWEEN GREENBELT HWY AND GREEN ACRES DR
APPLICATION TO CLOSE NORTHBOUND CURB LANE
APPLICATION TO PERFORM (1) 3'X5' DIRT CUT TO REPAIR GAS LEAK. 
CUTS TO BE RESTORED BY LMPW UTILITY RESTORATION POLICY. 
PROJ/TASK: 419RRCS22, IN
PROJECT ENGINEER: MIA CARMAN: MIA.CARMAN@LGE-KU.COM: 502-364-8242
MARGARET KING: 502-364-8281","Excavation ,Lane Closure",6909 LOWER HUNTERS TRCE,LOUISVILLE,KY,40258,-85.87834074712,38.171985073379,67,-9559933.16214064,4603750.10586914
PW-REP-26-02781,Louisville Gas and Electric,9/3/2026 4:00:00 AM,10/1/2026 4:00:00 AM,"LGE
WORK ON THUNDER DR
BETWEEN WINSLOW DR AND TIVOLI DR
APPLICATION TO CLOSE SOUTHBOUND CURB LANE
APPLICATION TO PERFORM (1) 3'X5' DIRT CUT TO REPAIR GAS LEAK. 
CUTS TO BE RESTORED BY LMPW UTILITY RESTORATION POLICY. 
PROJ/TASK: 419RRCS22, IN
PROJECT ENGINEER: MIA CARMAN: MIA.CARMAN@LGE-KU.COM: 502-364-8242
MARGARET KING: 502-364-8281","Excavation ,Lane Closure",11014 THUNDER DR,LOUISVILLE,KY,40272,-85.867383904657,38.095437609157,68,-9558713.45201695,4592916.73281624
PW-REP-26-02791,Louisville Gas & Electric Company,9/3/2026 4:00:00 AM,10/1/2026 4:00:00 AM,"LGE
WORK ON MOSSWOOD LN
BETWEEN DOEWOOD LN AND CLOVERWOOD LN.
APPLICATION TO CLOS NORTHBOUND CURB LANE.
APPLICATION TO PERFORM (1) 3'X5' DIRT CUT TO REPAIR GAS LEAK. 
CUTS TO BE RESTORED BY LMPW UTILITY RESTORATION POLICY. 
PROJ/TASK: 419RRCS22, IN
PROJECT ENGINEER: JAMES GEORGE:502.774.2869: JAMES.GEORGE@MILLERPIPELINE.COM  
DEREK WILKINS: 502-364-8465","Excavation ,Lane Closure",5611 MOSSWOOD LN,LOUISVILLE,KY,40291,-85.581261707812,38.165851598437,69,-9526862.47475951,4602881.64741259
PW-REP-26-02784,Louisville Gas and Electric,9/3/2026 4:00:00 AM,10/1/2026 4:00:00 AM,"LGE
WORK ON THOMPSON AVE
BETWEEN DRESCHER BRIDGE AVE AND DEAD END
APPLICATION TO CLOSE SOUTHBOUND CURB LANE
APPLICATION TO PERFORM (1)3'X5' DIRT CUT AND (1) 3'X5' ASPHALT CUT TO INSTALL GAS SERVICE
CUTS TO BE RESTORED BY LMPW RESTORATION POLICY 
PROJ/TASK: 7835183I01
PROJECT ENGINEER: JOHN CARMICHAEL: JOHN.CARMICHAEL@LGE-KU.COM:502-333-1821
MARGARET KING: 502-364-8281","Excavation ,Lane Closure",218 THOMPSON AVE,LOUISVILLE,KY,40206,-85.709647956524,38.261893695655,70,-9541154.36659099,4616488.95684068
PW-REP-26-02787,MSD,8/28/2026 4:00:00 AM,9/11/2026 4:00:00 AM,"EMERGENCY APPLICATION
A.	COMPANY NAME – MSD.
B.	NAME OF STREET ACTIVITY IS ON – 2400 NORTHWESTERN PKWY (WORK IS ACTUALLY ON N 24th ST)
C.	BETWEEN TWO STREETS – NORTHWESTERN PKWY AND CORNWALL ST.
D.	METRO ASSESTS INVOLVED/USED –CLOSE 1 CURB LANE, WORKING IN VERGE, CLOSE ONE SIDEWALK (NO DIGGING IN SIDEWALK, JUST KEEPING PEDESTRIANS AWAY FROM DIGGING).
E.	PURPOSE – VERGE CAVE-IN, REPAIR LEAK IN SEWER SERVICE LINE BY MAKING (1) 5’x7’ DIRT CUT IN THE VERGE.  EQUIPMENT/VEHICLES WILL BE PARKED IN THE ADJACENT CURB LANE.
F.	RESTORATION PLAN – RESTORATION WILL COMPLY WITH LMPW’S RESTORATION POLICY.  UTILITY MARKINGS AND DEBRIS WILL BE REMOVED AS NECESSARY.
G.	MISC – THIS IS AN EMERGENCY.  WO #4131475
H.	APPLICANT NAME AND NUMBER – FIELD SUPERVISOR IS THERON BROWN 502-791-0844 CELL, PERMITS IS MARVIN SMITH – 502-793-7311, CELL.","Excavation ,Lane Closure",2400 NORTHWESTERN PKY,LOUISVILLE,KY,40212,-85.785889500002,38.272599000003,71,-9549641.53638826,4618006.80510287
PW-REP-26-02794,Louisville Gas and Electric,9/4/2026 4:00:00 AM,10/2/2026 4:00:00 AM,"LGE
WORK ON EPHRAIM MCDOWELL DR
BETWEEN ABIGAIL DR AND CANNONS LN
APPLICATION TO CLOSE WESTBOUND CURB LANE
APPLICATION TO PERFORM (1) 3'X5' DIRT CUT TO INSTALL GAS SERVICE
PROJ/ TASK: 419NBCS22
PROJECT ENDINEER: DAVID PAULLEY: DAVID.PAULLEY@LGE-KU.COM:502-364-8342
MARGARET KING: 502-364-8281","Excavation ,Lane Closure",3523 EPHRAIM MCDOWELL DR,LOUISVILLE,KY,40205,-85.652675825262,38.222795248538,72,-9534812.2579495,4610947.29477254
PW-REP-26-02807,MSD,9/1/2026 4:00:00 AM,9/15/2026 4:00:00 AM,"EMERGENCY APPLICATION 
A.	COMPANY NAME – MSD.
B.	NAME OF STREET ACTIVITY IS ON – 1125 CHARLES ST.
C.	BETWEEN TWO STREETS – TEXAS AVE AND SPRATT ST.
D.	METRO ASSESTS INVOLVED/USED –TEMPORARILY CLOSE SIDEWALK AND ADJACENT CURB LANE.
E.	PURPOSE – SEWER SERVICE CONNECTION REPAIR.   MAKE 1- 5’x7’ SIDEWALK CUT.
F.	RESTORATION PLAN – RESTORATION WILL COMPLY WITH LMPW’S UTILITY RESTORATION POLICY.
G.	MISC – THIS IS AN EMERGENCY.  WORK ORDER #4126917.
H.	APPLICANT NAME AND NUMBER – FIELD SUPERVISOR IS RICHARD GRIGSBY – 502-612-0956 CELL, PERMITS IS MARVIN SMITH – 502-631-3603, CELL.","Excavation ,Lane Closure",1125 CHARLES ST,LOUISVILLE,KY,40204,-85.733126647794,38.228531324225,73,-9543768.00254766,4611760.11736028
PW-REP-26-02811,MSD,9/1/2026 4:00:00 AM,9/15/2026 4:00:00 AM,"EMERGENCY APPLICATION
A.	COMPANY NAME – MSD.
B.	NAME OF STREET ACTIVITY IS ON – 218 NORTHWESTERN PKWY 
C.	BETWEEN TWO STREETS – JEWELL AVE AND W MARKET ST.
D.	METRO ASSESTS INVOLVED/USED –WORKING IN VERGE, CLOSE 1 ADJACENT CURB LANE, SIDEWALK IS NOT CLOSED.
E.	PURPOSE – CAVE-IN, REPAIR LEAK IN SEWER SERVICE LINE BY MAKING (1) 5’x7’ DIRT CUT IN THE VERGE.  EQUIPMENT/VEHICLES WILL BE PARKED IN THE ADJACENT CURB LANE.
F.	RESTORATION PLAN – RESTORATION WILL COMPLY WITH LMPW’S RESTORATION POLICY.  UTILITY MARKINGS AND DEBRIS WILL BE REMOVED AS NECESSARY.
G.	MISC – THIS IS AN EMERGENCY.  WO #4131475
H.	APPLICANT NAME AND NUMBER – FIELD SUPERVISOR IS THERON BROWN 502-791-0844 CELL, PERMITS IS MARVIN SMITH – 502-793-7311, CELL.","Excavation ,Lane Closure",218 NORTHWESTERN PKY,LOUISVILLE,KY,40212,-85.823825229738,38.26846632122,74,-9553864.52250534,4617420.82800963
PW-REP-26-02810,Louisville Gas & Electric Company,9/4/2026 4:00:00 AM,10/2/2026 4:00:00 AM,"LGE
WORK ON AVOCA RD
BETWEEN N ENGLISH STATION RD AND AIKEN RD.
APPLICATION TO CLOSE WESTBOUND CURB LANE.
APPLICATION TO PERFORM (2) 3'X5' DIRT CUTS TO REMOVE GAS SERVICE.
CUTS TO BE RESTORED BY LMPW RESTORAITON POLICY.
PROJ/TASK: 406PWRG22 / 7873657R02
PROJECT ENGINEER: KURT PEACE: KURT.PEACE@LGE-KU.COM: 502-333-1937
DEREK WILKINS: 502-364-8465
***CONTINUATION OF PERMIT #26-01961. WORK HAS NOT YET STARTED***",Lane Closure,12610 AVOCA RD,MIDDLETOWN,KY,40223,-85.510787425332,38.260886443559,75,-9519017.31351982,4616346.15542747
PW-REP-26-02814,Louisville Gas & Electric Company,9/7/2026 4:00:00 AM,10/5/2026 4:00:00 AM,"LGE
WORK ON ELLINGSWORTH LN
BETWEEN BLANKENBAKER PKWY AND THUNDERBOLT WAY.
APPLICATION TO CLOSE WESTBOUND CURB LANE.
APPLICATION TO PERFORM (1) 3'X5' DIRT CUT TO INSTALL GAS SERVICE.
CUTS TO BE RESTORED BY LMPW RESTORATION POLICY.
PROJ/TASK: 
PROJECT ENGINEER: ALEXANDER WELLS: ALEXANDER.WELLS@LGE-KU.COM: 502-333-1910
DEREK WILKINS: 502-364-8465","Excavation ,Lane Closure",11812 ELLINGSWORTH LN,MIDDLETOWN,KY,40243,-85.539596103817,38.226788218136,76,-9522224.2809392,4611513.10616898
PW-REP-26-02808,HUTCHINS TELECOM,9/7/2026 4:00:00 AM,9/14/2026 4:00:00 AM,"Company Name: Hutchins
On what street: E Washington St
Between what streets: N Shelby St & N Clay St
Metro asset affected: Curb lane closure W Washington St
Purpose: To close curb lane from 700 E Washington St to 740 E Washington St to overlash approx. 279’ of fiber optic to existing strand. No excavation. 
Notification plan: All affected residents will be notified in person 1 week prior to construction. Door hanger will be properly dated with the work/restoration dates per the approved permit and left at any home or business from 700 E Washington St to 803 E Washington St.
Notify the following people: 
COUNCIL: Ken.Herndon@louisvilleky.gov
PERMIT SUPERVISOR: Jerry.Cantrell@louisvilleky.gov
KYTC: JasonR.Richardson@ky.gov
Charter: Cory King, 502-817-5065
Hutchins: Scott Heun, 610-212-7142 
Applicant: Chris Lindsey, 918-915-1839",Lane Closure,700 E WASHINGTON ST,LOUISVILLE,KY,40202,-85.739688000002,38.255553000003,77,-9544498.40893437,4615590.04874186
PW-REP-26-02804,Louisville Gas and Electric,9/7/2026 4:00:00 AM,10/5/2026 4:00:00 AM,"LGE
WORK ON LONGEST AVE
BETWEEN CHEROKEE PKWY AND RAY AVE
APPLICATION TO CLOSE NORTHBOUND CURB LANE
APPLICATION TO PERFORM (1) 3'X5' DIRT CUT TO REPAIR GAS LEAK. 
CUTS TO BE RESTORED BY LMPW UTILITY RESTORATION POLICY. 
PROJ/TASK: 419RRCS22, IN
PROJECT ENGINEER: LORI BOISVERT: LORI.BOISVERT@LGE-KU.COM:502-333-1883
MARGARET KING: 502-364-8281","Excavation ,Lane Closure",2512 LONGEST AVE,LOUISVILLE,KY,40204,-85.708298989842,38.239689005083,78,-9541004.20030686,4613341.38456833
PW-REP-26-02812,Louisville Gas and Electric,9/7/2026 4:00:00 AM,10/5/2026 4:00:00 AM,"LGE
WORK ON BRECKINRIDGE 
BETWEEN S BROOK ST AND S FLOYD ST
APPLICATION TO CLOSE WESTBOUND CURB LANE
APPLICATION TO PERFORM (1) 3'X5' ASPHALT CUT TO INSTALL GAS SERVICE
PROJ/ TASK: 7916307I01
PROJECT ENDINEER: DAVID PAULLEY: DAVID.PAULLEY@LGE-KU.COM:502-364-8342
MARGARET KING: 502-364-8281","Excavation ,Lane Closure",301 E BRECKINRIDGE ST,LOUISVILLE,KY,40203,-85.750470000002,38.240964000003,79,-9545698.6556841,4613522.09237348
PW-REP-26-02809,HUTCHINS TELECOM,9/7/2026 4:00:00 AM,9/14/2026 4:00:00 AM,"Company Name: Hutchins
On what street: N/S Shelby St
Between what streets: E Washington St & E Market St
Metro asset affected: Curb lane closure N/S Shelby St
Purpose: To close curb lane from 740 E Washington St to 700 E Main St to overlash approx. 456’ of fiber optic to existing strand. No excavation. Work is on N/S Shelby St. Addresses from LOJIC. 
Notification plan: All affected residents will be notified in person 1 week prior to construction. Door hanger will be properly dated with the work/restoration dates per the approved permit and left at any home or business from 700 E Main St to 931 E Main St
Notify the following people: 
COUNCIL: Ken.Herndon@louisvilleky.gov
PERMIT SUPERVISOR: Jerry.Cantrell@louisvilleky.gov
KYTC: JasonR.Richardson@ky.gov
Charter: Cory King, 502-817-5065
Hutchins: Scott Heun, 610-212-7142 
Applicant: Chris Lindsey, 918-915-1839",Lane Closure,117 S SHELBY ST,LOUISVILLE,KY,40202,-85.737915000002,38.253888000003,80,-9544301.0394772,4615354.0179312
PW-REP-26-02805,Louisville Gas and Electric,9/7/2026 4:00:00 AM,10/5/2026 4:00:00 AM,"LGE
WORK ON EMIL AVE 
BETWEEN MAYLAWN AVE AND EASTERN PKWY
APPLICATION TO CLOSE MORTHBOUND CURB LANE
APPLICATION TO PERFORM (1) 3'X5' DIRT CUT TO REPAIR GAS LEAK. 
CUTS TO BE RESTORED BY LMPW UTILITY RESTORATION POLICY. 
PROJ/TASK: 419RRCS22, IN
PROJECT ENGINEER: LORI BOISVERT: LORI.BOISVERT@LGE-KU.COM:502-333-1883
MARGARET KING: 502-364-8281","Excavation ,Lane Closure",2433 EMIL AVE,LOUISVILLE,KY,40217,-85.750151096867,38.210659552452,81,-9545663.1555495,4609227.83411671
PW-REP-26-02829,Lousiville Water Company,9/6/2026 4:00:00 AM,10/3/2026 4:00:00 AM,"A.)  LWC 
B.)  Newbridge Rd 
C.)  Btwn Bardstown Rd & Williamsborough Ln 
D.)  Close EB driving lane at Brighton Hill Lane entrance.  
E.)  Installation of water main on Brighton Hill Ln.  
F.)  RESTORATION PER LMPW UTILITY POLICY.  ALL UTILITY MARKINGS WILL BE REMOVED FROM WORK AREA. RESTORATION PLAN ATTACHED.     
G.)  LWC PROJECT 17400
       SENT NOTIFICATION TO RESIDENTS  7 OR MORE DAYS PRIOR TO CONSTRUCTION. WORK WILL BEGIN WITHIN 30 DAYS OF NOTIFICATON.
       NOTIFICATION PLAN ATTACHED. EMAIL NOTIFICATION SENT TO METRO GOVERNMENT.     
H.)  PROJECT MANAGER: ERIC WALLS (502) 213-2037 (M) 502-333-4858. ewalls@louisvillewater.com
CONTRACTOR (SOUTHERN PIPELINE).","Excavation ,Lane Closure",9711 NEWBRIDGE RD,LOUISVILLE,KY,40291,-85.58937259535,38.157096943857,82,-9527765.37463013,4601642.17426538
PW-REP-26-02830,ATT SOUTHEAST,9/11/2026 4:00:00 AM,10/11/2026 4:00:00 AM,"A. COMPANY NAME: AT&T. 
B. ON WHAT STREET: W ST CATHERINE ST   
C. BETWEEN WHAT STREETS: S 3RD ST  & S 2ND  ST  
D. METRO ASSETS AFFECTED: DRIVING LANE  CLOSURE. 
E. ACCESS MANHOLE FOR RODDING WORK. 
F. RESTORATION: NO RESTORATION NEEDED. 
G. ADDITIONAL INFO AT&T: A05JC4E. 
H. APPLICANT & PROJECT MANAGER CONTACT NAME & NUMBER.: MANAGER AL GRUSE 502-718-3264, DESIGNER PAUL ROSENBERGER 502-705-4502, EMAIL:   paul.rosenberger@rtsassociates.net",Lane Closure,209 W ST CATHERINE ST,LOUISVILLE,KY,40203,-85.756948500002,38.237098000003,83,-9546419.83900521,4612974.16554181
PW-REP-26-02827,Louisville Gas and Electric,9/8/2026 4:00:00 AM,10/6/2026 4:00:00 AM,"LGE 
WORK ON DAWN DR
BETWEEN PRINCEWOOD PL AND ROLLING OAK BLVD
APPLICATION TO CLOSE WESTBOUND CURB LANE
APPLICATION TO PERFORM (1) 3'X5' DIRT CUT TO REPAIR GAS LEAK. 
CUTS TO BE RESTORED BY LMPW UTILITY RESTORATION POLICY. 
PROJ/TASK: 419CCSO22, I
PROJECT ENGINEER: JAMES GEORGE:502.774.2869: JAMES.GEORGE@MILLERPIPELINE.COM
MARGARET KING: 502-364-8281","Excavation ,Lane Closure",1513 DAWN DR,LOUISVILLE,KY,40216,-85.817765045238,38.163696170439,84,-9553189.90585269,4602576.4707767
PW-REP-26-02817,Louisville Gas and Electric,9/8/2026 4:00:00 AM,10/6/2026 4:00:00 AM,"LGE
WORK ON HESS LN
BETWEEN PINDELL AVE AND FERN RD
APPLICATION TO CLOSE EASTBOUND CURB LANE
APPLICATION TO PERFORM (1) 3'X5' DIRT CUT TO REPAIR GAS LEAK. 
CUTS TO BE RESTORED BY LMPW UTILITY RESTORATION POLICY. 
PROJ/TASK: 419CCSO22, I
PROJECT ENGINEER: JAMES GEORGE:502.774.2869: JAMES.GEORGE@MILLERPIPELINE.COM
MARGARET KING: 502-364-8281","Excavation ,Lane Closure",1046 HESS LN,AUDUBON PARK,KY,40217,-85.730998500002,38.207331000003,85,-9543531.09821912,4608756.274276
PW-REP-26-02825,Louisville Gas & Electric Company,9/8/2026 4:00:00 AM,10/6/2026 4:00:00 AM,"LGE
WORK ON ADAMS ST
BETWEEN CABEL ST AND QUINCY ST.
APPLICATION TO CLOSE SOUTHBOUND CURB LANE.
APPLICATION TO INSTALL (1) POLE.
AREA AROUND POLE TO BE RESTORED BY LMPW RESTORATION POLICY.
LINE TRANSFER AND POLE REMOVAL NOTIFICATION WILL BE HANDLED THROUGH NATIONAL JOINT UTILITIES NOTIFICATION SYSTEM (NJUNS).
PROJ/TASK: ANBCD340O / 15155683I01
PROJECT ENGINEER: MICHAEL MACDONALD: MICHAEL.MACDONALD@LGE-KU.COM: 502-537-7081
DEREK WILKINS: 502-364-8465","Excavation ,Lane Closure",247 ADAMS ST,LOUISVILLE,KY,40206,-85.727658304105,38.260313402055,86,-9543159.26931272,4616264.91434897
PW-REP-26-02826,Louisville Gas and Electric,9/8/2026 4:00:00 AM,10/6/2026 4:00:00 AM,"LGE
WORK ON MELVIN CT 
BETWEEN MELVIN DR AND DEAD END
APPLICATION TO CLOSE NORTHBOUND CURB LANE
APPLICATION TO PERFORM (1) 3'X5' DIRT CUT TO REPAIR GAS LEAK. 
CUTS TO BE RESTORED BY LMPW UTILITY RESTORATION POLICY. 
PROJ/TASK: 419CCSO22, I
PROJECT ENGINEER: JAMES GEORGE:502.774.2869: JAMES.GEORGE@MILLERPIPELINE.COM
MARGARET KING: 502-364-8281","Excavation ,Lane Closure",2709 MELVIN CT,LOUISVILLE,KY,40216,-85.842832500002,38.183284803248,87,-9555980.4021525,4605350.26236259
PW-REP-26-02833,MSD,9/2/2026 4:00:00 AM,9/16/2026 4:00:00 AM,"EMERGENCY APPLICATION
A.	COMPANY NAME – MSD.
B.	NAME OF STREET ACTIVITY IS ON – 635 EDITH RD 
C.	BETWEEN TWO STREETS – EDITH CT AND EMILY RD.
D.	METRO ASSESTS INVOLVED/USED –CLOSE 1 SIDEWALK AND THE ADJACENT CURB LANE.
E.	PURPOSE – REPAIR BLOCKED SEWER LINE BY MAKING (1) 5’x7’ SIDEWALK CUT.  EQUIPMENT/VEHICLES WILL BE PARKED IN THE ADJACENT CURB LANE.
F.	RESTORATION PLAN – RESTORATION WILL COMPLY WITH LMPW’S RESTORATION POLICY.  UTILITY MARKINGS AND DEBRIS WILL BE REMOVED AS NECESSARY.
G.	MISC – THIS IS AN EMERGENCY.  WO #4131958
H.	APPLICANT NAME AND NUMBER – FIELD SUPERVISOR IS THERON BROWN 502-791-0844 CELL, PERMITS IS MARVIN SMITH – 502-793-7311, CELL.","Excavation ,Lane Closure",635 EDITH RD,LOUISVILLE,KY,40206,-85.708731120345,38.263795212279,88,-9541052.30485441,4616758.54644831
PW-REP-26-02828,Louisville Gas and Electric,9/8/2026 4:00:00 AM,10/6/2026 4:00:00 AM,"LGE 
WORK ON INVICTA DR
BETWEEN LASABRE DR AND BONNYVILLE BLVD
APPLICATION TO CLOSE SOUTHBOUND CURB LANE
APPLICATION TO PERFORM (1) 3'X5' DIRT CUT TO REPAIR GAS LEAK. 
CUTS TO BE RESTORED BY LMPW UTILITY RESTORATION POLICY. 
PROJ/TASK: 419CCSO22, I
PROJECT ENGINEER: JAMES GEORGE:502.774.2869: JAMES.GEORGE@MILLERPIPELINE.COM
MARGARET KING: 502-364-8281","Excavation ,Lane Closure",5007 INVICTA DR,LOUISVILLE,KY,40216,-85.822801953098,38.168038395875,89,-9553750.61187083,4603191.27471722
PW-REP-26-02823,Louisville Gas & Electric Company,9/8/2026 4:00:00 AM,10/6/2026 4:00:00 AM,"LGE
WORK ON RAWLINGS ST
BETWEEN ZIEGLER ST AND S PRESTON ST.
APPLICATION TO CLOSE WESTBOUND AND EASTBOUND CURB LANES, NOT CONCURRENTLY.
APPLICATION TO CLOSE NORTHERNMOST AND SOUTHERNMOST SIDEWALKS.
APPLICATION TO REPLACE (1) POLE AND INSTALL (1) POLE.
AREA AROUND POLES TO BE RESTORED BY LMPW RESTORATION POLICY.
LINE TRANSFER AND POLE REMOVAL NOTIFICATION WILL BE HANDLED THROUGH NATIONAL JOINT UTILITIES NOTIFICATION SYSTEM (NJUNS).
PROJ/TASK: ANBRD340O / 15063282I01
PROJECT ENGINEER: OLIVIA WILLIAMS: OLIVIA.WILLIAMS@LGE-KU.COM: 502-333-1780
DEREK WILKINS: 502-364-8465",Lane Closure,630 RAWLINGS ST,LOUISVILLE,KY,40217,-85.745922313363,38.221721077366,90,-9545192.40952316,4610795.08797275
PW-REP-26-02831,Louisville Gas and Electric,9/8/2026 4:00:00 AM,10/6/2026 4:00:00 AM,"LGE
WORK ON TRUBART LN
BETWEEN MILBARB LN AND DEAD END
APPLICTION TO CLOSE WESTBOUND CURB LANE
APPLICATION TO PERFORM (1) 3'X5' DIRT CUT TO REPAIR GAS LEAK. 
CUTS TO BE RESTORED BY LMPW UTILITY RESTORATION POLICY. 
PROJ/TASK: 419CCSO22, I
PROJECT ENGINEER: JAMES GEORGE:502.774.2869: JAMES.GEORGE@MILLERPIPELINE.COM
MARGARET KING: 502-364-8281","Excavation ,Lane Closure",2559 TRUBART LN,LOUISVILLE,KY,40216,-85.839905728595,38.181685859486,91,-9555654.5954498,4605123.82061649
PW-REP-26-02816,Louisville Gas and Electric,9/8/2026 4:00:00 AM,10/6/2026 4:00:00 AM,"LGE
WORK ON SPRING GARDEN DR
BETWEEN BARDSTOWN RD AND AUSTIN LN
APPLICATION TO CLOSE NORTHBOUND CURB LANE
APPLICATION TO PERFORM (1) 3'X5' DIRT CUT TO REPAIR GAS LEAK. 
CUTS TO BE RESTORED BY LMPW UTILITY RESTORATION POLICY. 
PROJ/TASK: 419CCSO22, I
PROJECT ENGINEER: JAMES GEORGE:502.774.2869: JAMES.GEORGE@MILLERPIPELINE.COM
MARGARET KING: 502-364-8281","Excavation ,Lane Closure",108 SPRING GARDEN DR,LOUISVILLE,KY,40218,-85.630834902018,38.183651111984,92,-9532380.93749552,4605402.1395521
PW-REP-26-02815,Louisville Gas and Electric,9/8/2026 4:00:00 AM,10/6/2026 4:00:00 AM,"LGE
WORK ON RURAL WAY
BETWEEN RIDGECREST RD AND ROBINWOOD RD
APPLICATION TO CLOSE WESTBOUND CURB LANE
APPLICATION TO PERFORM (1) 3'X5' DIRT CUT TO REPAIR GAS LEAK. 
CUTS TO BE RESTORED BY LMPW UTILITY RESTORATION POLICY. 
PROJ/TASK: 419CCSO22, I
PROJECT ENGINEER: JAMES GEORGE:502.774.2869: JAMES.GEORGE@MILLERPIPELINE.COM
MARGARET KING: 502-364-8281","Excavation ,Lane Closure",5121 RURAL WAY,LOUISVILLE,KY,40218,-85.667389733383,38.171610000003,93,-9536450.20270911,4603696.99592488
PW-REP-26-02853,Louisville Gas and Electric,9/9/2026 4:00:00 AM,10/7/2026 4:00:00 AM,"LGE
WORK ON WORTHINGTON PLACE DR
BETWEEN SYMINGTON CIR AND BALLARDSVILLE RD
APPLICATION TO CLOSE SOUTHBOUND AND NORTHBOUND CURB LANES, NOT CONCURRENTLY.
APPLICATION TO PERFORM (1) 3'X5' DIRT CUT, (1) 3'X5' SIDEWALK CUT, (2) 3'X10' DIRT CUTS, (1) 3'X30' ASPHALT CUT TO INSTALL GAS SERVICE. 
CUTS TO BE RESTORED BY LMPW RESTORATION POLICY
PROJ/TASK: 406CGME22 / 7696093I01
PROJECT ENGINEER: BRADLEY ZEITZ: BRADLEY. ZEITZ@LGE-KU.COM: 502-364-8368
MARGARET KING:502-364-8281
***CONTINUATION OF PERMIT PW-REP-26-01979*** WORK HAS NOT YET STARTED***",Lane Closure,5307 WORTHINGTON PLACE DR,LOUISVILLE,KY,40241,-85.550178606641,38.317569797627,94,-9523402.31976488,4624385.42150524
PW-REP-26-02842,MSD,9/3/2026 4:00:00 AM,9/17/2026 4:00:00 AM,"EMERGENCY APPLICATION 
A.	COMPANY NAME – MSD.
B.	NAME OF STREET ACTIVITY IS ON – 1719 W KENTUCKY ST.
C.	BETWEEN TWO STREETS – S 17th ST AND S 17th ST.
D.	METRO ASSESTS INVOLVED/USED –TEMPORARILY CLOSE STREET.
E.	PURPOSE – STREET CAVE-IN.  MAKE 1- 5’x7’ ASPHALT CUT.
F.	RESTORATION PLAN – RESTORATION WILL COMPLY WITH LMPW’S UTILITY RESTORATION POLICY.
G.	MISC – THIS IS AN EMERGENCY.  WORK ORDER #4145273.
H.	APPLICANT NAME AND NUMBER – FIELD SUPERVISOR IS TROY WETHINGTON – 502-823-3131 CELL, PERMITS IS MARVIN SMITH – 502-631-3603, CELL.","Excavation ,Road Closure",1719 W KENTUCKY ST,LOUISVILLE,KY,40210,-85.783492885854,38.241966273173,95,-9549374.74652167,4613664.14895619
PW-REP-26-02838,Louisville Gas and Electric,9/9/2026 4:00:00 AM,10/7/2026 4:00:00 AM,"LGE
WORK ON NANKA RD
BETWEEN PRAIRIE DR AND PRAIRIE DR
APPLICATION TO CLOSE SOUTHBOUND CURB LANE
APPLICATION TO PERFORM (1) 3'X5' DIRT CUT TO REPAIR GAS LEAK. 
CUTS TO BE RESTORED BY LMPW UTILITY RESTORATION POLICY. 
PROJ/TASK: 419RRCS22, IN
PROJECT ENGINEER: MIA CARMAN: MIA.CARMAN@LGE-KU.COM: 502-364-8242
MARGARET KING: 502-364-8281","Excavation ,Lane Closure",10002 NANKA RD,LOUISVILLE,KY,40272,-85.837046255794,38.109768767381,96,-9555336.28039366,4594944.08455206
PW-REP-26-02836,Louisville Gas and Electric,9/9/2026 4:00:00 AM,10/7/2026 4:00:00 AM,"LGE
WORK ON TAMM CT
BETWEEN VALLEY STATION RD AND DEAD END
APPLICATION TO CLOSE EASTBOUND CURB LANE
APPLICATION TO PERFORM (1) 3'X5' DIRT CUT TO REPAIR GAS LEAK. 
CUTS TO BE RESTORED BY LMPW UTILITY RESTORATION POLICY. 
PROJ/TASK: 419RRCS22, IN
PROJECT ENGINEER: MIA CARMAN: MIA.CARMAN@LGE-KU.COM: 502-364-8242
MARGARET KING: 502-364-8281","Excavation ,Lane Closure",4202 TAMM CT,LOUISVILLE,KY,40272,-85.840423438777,38.106446510207,97,-9555712.22668364,4594474.06732153
PW-REP-26-02839,Louisville Gas & Electric Company,9/8/2026 4:00:00 AM,10/6/2026 4:00:00 AM,"LGE
WORK ON NORBROOK DR
BETWEEN BEECHBROOK RD AND FEGENBUSH LN.
APPLICATION TO CLOSE EASTBOUND CURB LANE.
APPLICATION TO PERFORM (1) 3'X5' DIRT CUT TO REPAIR GAS LEAK. 
CUTS TO BE RESTORED BY LMPW UTILITY RESTORATION POLICY. 
PROJ/TASK: 419RRCS22, IN
PROJECT ENGINEER: JAMES GEORGE:502.774.2869: JAMES.GEORGE@MILLERPIPELINE.COM  
DEREK WILKINS: 502-364-8465","Excavation ,Lane Closure",4314 NORBROOK DR,LOUISVILLE,KY,40218,-85.641002522077,38.183130335176,98,-9533512.79178307,4605328.38644205
PW-REP-26-02841,Louisville Gas & Electric Company,9/9/2026 4:00:00 AM,10/7/2026 4:00:00 AM,"LGE 
WORK ON SHEPHERDSVILLE RD 
BETWEEN FAMOUS WAY AND APPLEGATE LN. APPLICATION TO CLOSE NORTHBOUND AND SOUTHBOUND CURB LANES, NOT CONCURRENTLY. APPLICATION TO PERFORM (2) 3'X5' DIRT CUTS TO INSTALL GAS SERVICE. 
CUTS TO BE RESTORED BY LMPW RESTORATION POLICY. 
PROJ/TASK: 419NBCS22 / 7909275I01 
PROJECT ENGINEER: JASON OWENS: JASON.OWENS@LGE-KU.COM: 502-364-8737 
DEREK WILKINS: 502-364-8465","Excavation ,Lane Closure",8105 SHEPHERDSVILLE RD,LOUISVILLE,KY,40219,-85.660113500002,38.131422600003,99,-9535640.21611424,4598008.09027299
PW-REP-26-02837,Louisville Gas and Electric,9/9/2026 4:00:00 AM,10/7/2026 4:00:00 AM,"LGE
WORK ON VEGA LN
BETWEEN NORTHRIDGE DR AND SILVERWOOD LN
APPLICATION TO CLOSE WESTBOUND CURB LANE
APPLICATION TO PERFORM (1) 3'X5' DIRT CUT TO REPAIR GAS LEAK. 
CUTS TO BE RESTORED BY LMPW UTILITY RESTORATION POLICY. 
PROJ/TASK: 419RRCS22, IN
PROJECT ENGINEER: MIA CARMAN: MIA.CARMAN@LGE-KU.COM: 502-364-8242
MARGARET KING: 502-364-8281","Excavation ,Lane Closure",9915 VEGA LN,LOUISVILLE,KY,40272,-85.830359234514,38.110812979352,100,-9554591.88458985,4595091.81913789
PW-REP-26-02840,Louisville Gas & Electric Company,9/8/2026 4:00:00 AM,10/6/2026 4:00:00 AM,"LGE
WORK ON SOUTHVIEW DR
BETWEEN SOUTHVIEW TER AND SOUTHWOOD TER.
APPLICATION TO CLOSE SOUTHBOUND CURB LANE.
APPLICATION TO PERFORM (1) 3'X5' DIRT CUT TO REPAIR GAS LEAK. 
CUTS TO BE RESTORED BY LMPW UTILITY RESTORATION POLICY. 
PROJ/TASK: 419RRCS22, IN
PROJECT ENGINEER: JAMES GEORGE:502.774.2869: JAMES.GEORGE@MILLERPIPELINE.COM  
DEREK WILKINS: 502-364-8465","Excavation ,Lane Closure",5444 SOUTHVIEW DR,LOUISVILLE,KY,40214,-85.783465043018,38.148079448662,101,-9549371.64707135,4600365.6440325
PW-REP-26-02835,Louisville Gas & Electric Company,9/9/2026 4:00:00 AM,10/7/2026 4:00:00 AM,"LGE
WORK ON HORNBECK FARM RD
BETWEEN SEATONVILLE FARM RD AND WIND HAVEN WAY.
APPLICATION TO CLOSE NORTHBOUND AND SOUTHBOUND CURB LANE, NOT CONCURRENTLY.
APPLICATION TO PERFORM (2) 3'X5' DIRT CUTS TO INSTALL GAS SERVICE.
CUTS TO BE RESTORED BY LMPW RESTORATION POLICY.
PROJ/TASK: 419RRCS22 / 7904725I01
PROJECT ENGINEER: JASON OWENS: JASON.OWENS@LGE-KU.COM: 502-364-8737
DEREK WILKINS: 502-364-8465","Excavation ,Lane Closure",7603 HORNBECK FARM RD,LOUISVILLE,KY,40291,-85.559156788295,38.141829423416,102,-9524401.76637485,4599480.97361211
PW-REP-26-02860,MSD,9/3/2026 4:00:00 AM,9/17/2026 4:00:00 AM,"EMERGENCY APPLICATION –
A.	COMPANY NAME – MSD.
B.	NAME OF STREET ACTIVITY IS ON – 2545 W JEFFERSON ST (Work is actually on S 26th St).
C.	BETWEEN TWO STREETS – W JEFFERSON ST AND CONGRESS ST.
D.	METRO ASSESTS INVOLVED/USED –TEMPORARILY CLOSE ONE CURB LANE AND THE ADJACENT DRIVING LANE.
E.	PURPOSE – REPAIR ROADWAY CAVE-IN, MAKE (1) 5’x7’ ASPHALT CUT.
F.	RESTORATION PLAN – RESTORATION PLAN WILL BE COMPLIANT WITH LMPW’s UTILITY RESTORATION POLICY.
G.	MISC – THIS IS AN EMERGENCY.  WO #4126506.
H.	APPLICANT NAME AND NUMBER – FIELD SUPERVISOR IS TROY WETHINGTON 502-823-3131 CELL, PERMITS IS MARVIN SMITH – 502-793-7311, CELL.","Excavation ,Lane Closure",2545 W JEFFERSON ST,LOUISVILLE,KY,40212,-85.793320130622,38.257867688181,103,-9550468.71040515,4615918.18849456
PW-REP-26-02866,MSD,9/4/2026 4:00:00 AM,9/18/2026 4:00:00 AM,"EMERGENCY APPLICATION
A.	COMPANY NAME – MSD.
B.	NAME OF STREET ACTIVITY IS ON – 6903 YUMA WAY.
C.	BETWEEN TWO STREETS – INCA DR AND JOHNSONTOWN RD.
D.	METRO ASSESTS INVOLVED/USED –WORK IN THE VERGE AND CLOSE THE ADJACENT CURB LANE.
E.	PURPOSE – REPAIR BLOCKED SEWER LINE BY MAKING (1) 5’x7’ DIRT CUT.  EQUIPMENT/VEHICLES WILL BE PARKED IN THE ADJACENT CURB LANE.
F.	RESTORATION PLAN – RESTORATION WILL COMPLY WITH LMPW’S RESTORATION POLICY.  UTILITY MARKINGS AND DEBRIS WILL BE REMOVED AS NECESSARY.
G.	MISC – THIS IS AN EMERGENCY.  WO #413
H.	APPLICANT NAME AND NUMBER – FIELD SUPERVISOR IS THERON BROWN 502-791-0844 CELL, PERMITS IS MARVIN SMITH – 502-793-7311, CELL.","Excavation ,Lane Closure",6903 YUMA WAY,LOUISVILLE,KY,40258,-85.887267342732,38.118095698087,104,-9560926.86621868,4596122.23326757
PW-REP-26-02868,Louisville Gas and Electric,9/10/2026 4:00:00 AM,10/8/2026 4:00:00 AM,"LGE
WORK ON ANDERSON ST
BETWEEN S 15TH ST AND S 16TH ST
APPLICATION TO CLOSE EASTBOUND CURB LANE
APPLICATION TO PERFORM (1) 3'X5' DIRT CUT TO REMOVE GAS SERVICE. 
CUTS TO BE RESTORED BY LMPW UTILITY RESTORATION POLICY. 
PROJ/TASK: 419CCSO22, I
PROJECT ENGINEER: JAMES GEORGE:502.774.2869: JAMES.GEORGE@MILLERPIPELINE.COM
MARGARET KING: 502-364-8281","Excavation ,Lane Closure",1519 ANDERSON ST,LOUISVILLE,KY,40210,-85.777067663267,38.247149755105,105,-9548659.49401506,4614398.85789634
PW-REP-26-02861,Louisville Gas & Electric Company,9/10/2026 4:00:00 AM,10/8/2026 4:00:00 AM,"LGE
WORK ON GARLAND AVE
BETWEEN S 15TH ST AND S 13TH ST
APPLICATION TO CLOSE EASTBOUND AND WESTBOUND CURB LANES, NOT CONCURRENTLY.
APPLICATION TO CLOSE SOUTHERNMOST SIDEWALK.
APPLICATION TO PERFORM (3) POLE REPLACEMENTS, (1) POLE REMOVAL, (1) 3'X40' ASPHALT CUT, AND (1) 3'X10' SIDEWALK CUT TO PERFORM UG ELECTRICAL WORK.
LINE TRANSFER AND POLE REMOVAL NOTIFICATION WILL BE HANDLED THROUGH NATIONAL JOINT UTILITIES NOTIFICATION SYSTEM (NJUNS).
CUTS TO BE RESTORED BY LMPW RESTORATION POLICY.
PROJ/TASK: ANBCD340O, ANBCD343U / 7204267I01, 7204279I01
PROJECT ENGINEER: CHRISTIAN CLAYCOMB: CHRISTIAN.CLAYCOMB@LGE-KU.COM: 502-364-8531
DEREK WILKINS: 502-364-8465
***CONTINUATION OF PERMIT #25-02439. WORK HAS NOT YET STARTED.***","Excavation ,Lane Closure",1405 GARLAND AVE,LOUISVILLE,KY,40210,-85.777459000002,38.24255327273,106,-9548703.05742112,4613747.34789342
PW-REP-26-02858,Louisville Gas and Electric,9/10/2026 4:00:00 AM,10/8/2026 4:00:00 AM,"LGE
WORK ON ROYALWOOD DR
BETWEEN RIDAN WAY AND DEAD END
APPLICATION TO CLOSE SOUTHBOUND CURB LANE
APPLICATION TO PERFORM (1) 3'X5' DIRT CUT TO REPAIR GAS LEAK. 
CUTS TO BE RESTORED BY LMPW UTILITY RESTORATION POLICY. 
PROJ/TASK: 419RRCS22, IN
PROJECT ENGINEER: LORI BOISVERT: LORI.BOISVERT@LGE-KU.COM:502-333-1883
MARGARET KING: 502-364-8281","Excavation ,Lane Closure",7402 ROYALWOOD DR,LOUISVILLE,KY,40214,-85.80568625919,38.149519989502,107,-9551845.30154042,4600569.55857637
PW-REP-26-02859,Louisville Gas & Electric Company,9/10/2026 4:00:00 AM,10/8/2026 4:00:00 AM,"LGE
WORK ON PARK VIEW CT
BETWEEN NELSON MILLER PKWY AND DEAD END.
APPLICATION TO CLOSE SOUTHBOUND CURB LANE.
APPLICATION TO PERFORM (1) 3'X5' ASPHALT CUT TO INSTALL GAS LEAK.
CUTS TO BE RESTORED BY LMPW RESTORATION POLICY.
PROJ/TASK: 
PROJECT ENGINEER: JOHN CARMICHAEL: JOHN.CARMICHAEL@LGE-KU.COM: 502-333-1929
DEREK WILKINS: 502-364-8465","Excavation ,Lane Closure",13450 PARK VIEW CT,LOUISVILLE,KY,40223,-85.509357164218,38.278693579005,108,-9518858.09758091,4618871.02305107
PW-REP-26-02872,Brendan  Komp,9/8/2026 4:00:00 AM,11/13/2026 5:00:00 AM,"a. Strand Associates is the applicant, Meiners Electric is the Contractor, and Louisville Downtown Partnership is the project owner.
b. South 4th Street.
c. West Chestnut Street and Guthrie Street.
d. Sidewalk (partial width), lane or parking spot.
e. This is for a Louisville Downtown Partnership project funded by Louisville Metro to remove and replace existing light poles and install LED string lights over and along the roadway.
f. Items included in the construction contract to restore sidewalk.
g. This project has been delayed in construction due to unforeseen utility conflicts and weather conditions. There are no extended lane or sidewalk closures expected, and the work completed had minimal disruption to vehicular or pedestrian traffic.
h. Strand: Brendan Komp, P.E., 502-583-7020. Meiners: Jason Yates, 502-639-8450. Louisville Downtown Partnership: Rebecca Fleischaker, 502-614-4125.

Thanks,
This is a second application for an encroachment permit to complete the above-described work for Louisville Downtown Partnership. The first permit expired after construction delays due to unknown utility conflicts and weather.","Excavation ,Lane Closure",534 S 4TH ST,LOUISVILLE,KY,40202,-85.757692500002,38.250018000003,109,-9546502.66070636,4614805.42666878
PW-REP-25-01835,Kiewit Infrastructure South Co,9/2/2025 4:00:00 AM,3/31/2027 4:00:00 AM,"1.Kiewit 
2.E Kentucky St & S Brook St 
3.E Kentucky – Between 1st and S Floyd St 
4.S Brook – Between E St Catherine and E Caldwell  St 
4.All sidewalks, and lanes blocked at the intersection of S Brook St and E Kentucky St between the streets listed above. E Kentucky street will be closed from the intersection to Floyd street to allow this section of road to be re-striped to a two way configuration. After Striping is completed this section will be opened to local traffic and fully closed at the ally way connecting E Kentucky to Airmont Ct
 
5.(Purpose) - To demo and reconstruct the existing Bridge 056B00183N on I-65 over E Kentucky st and S Brook St. 

6.(Restoration plan) - Limits of sidewalk and Street restoration are outlined in the restoration plan attached. 

7.KYTC I-65 Central Corridor Bridge Replacement. 

8.Applicant: Devin Henderson (502) 790-4857  devin.henderson1@kiewit.com 

Project manager: Dylan Campbell 

Contractor: Kiewit Infrastructure South Co.

9.Notification: KYTCs communications team, will notify the public and neighbors in the area of the closure.","Excavation ,Road Closure",967 S BROOK ST,LOUISVILLE,KY,40203,-85.752945541381,38.238673514287,110,-9545974.23168985,4613197.45911461
PW-REP-25-01836,Kiewit,9/2/2025 4:00:00 AM,3/17/2027 4:00:00 AM,"a. Kiewit
b. Burnett Ave, S Preston St, E Hill St
c. South of the tracks: Between S Floyd St and Meriweather Ave
North of the tracks: Between S Floyd st and S Jackson St
d. (Metro asset involved/used) Full closure of roads and sidewalk of streets named. Exact Closure limits outlined in the TCP. 
e.(Purpose) – Reconstruction of I-65 Bridge 056B00179N over the CSX Railroad
f.(Restoration plan) Repave and reconstruct the street within the limits outlined in the restoration planned attached, to metro specifications.
g. I-65 Central Corridor Bridge Repair project
h.Applicant: Devin Henderson
(502) 655-1729
Devin.henderson1@kiewit.com
Project Manager: Dylan Campbell
Contractor: Kiewit Infrastructure South Co.
i. Notification: KYTCs communications team, will notify the public and neighbors in the area of the closure.",Road Closure,1467 S PRESTON ST,LOUISVILLE,KY,40208,-85.750865877017,38.225548535394,111,-9545742.72451183,4611337.43743916
PW-REP-25-02760,Louisville Gas & Electric Company,1/1/2026 5:00:00 AM,12/31/2026 5:00:00 AM,"LGE
VARIOUS ROAD LOCATIONS FOR TREE TRIMMING. DRIVING LANE/SIDEWALK TO BE BLOCKED AT VARIOUS
LOCATIONS THAT ARE INCLUDED ON LOCATION MAPS TO TRIM TREES FROM POWER LINES.
GENERAL TOWNSHIP AREAS AND TIMELINE TO INCLUDE:
Greenwood – January - February
Shively / Rubbertown – February – April
Harrods Creek / Glenview – April – June
Middletown / Douglas Hills – May – July
Algonquin – May – July
Butchertown / Original Highlands / Germantown – June – September
Buechel / Klondike – August – October
Strathmoor Manor / Wellington / Bon Air -August – October
Wyandotte / Shively / Beechmont / Iroquois – August – November 
Spring Mill / Hollow Creek / Heritage Creek – October – December
Hollyvilla / Fairdale / Penile – November / December
Poplar Hills / Lynnview / Newburg – October – December
PROJ/TASK: 108948 / EXP-I
PROJECT ENGINEER: MATTHEW WIECZOREK: MATTHEW.WIECZOREK@LGE-KU.COM: 502-364-8496
DEREK WILKINS: 502-364-8465
“‘CONTINUATION OF WORK: #PW-REP-23-00043**‘",Lane Closure,6900 ENTERPRISE DR,LOUISVILLE,KY,40214,-85.755883096857,38.149432409201,112,-9546301.23886962,4600557.16110574
PW-REP-26-00108,MESSER CONSTRUCTION,3/2/2026 5:00:00 AM,3/2/2027 5:00:00 AM,"A. MESSER CONSTRUCTION CO
B. E GRAY ST
C. S PRESTON ST AND JACKSON ST
D. Road closure and sidewalk closure. (NOTED IN PERMIT DESCRIPTION) AND SIDEWALK
E. BUILDING CONSTRUCTION FOR UOFL NEW HEALTH SCIENCE BLDG LOCATED AT 615 S PRESTON ST
F. MILL AND RESURFACE E GRAY ST ALL PORTIONS WITHIN CONSTRUCTION BARRICADES BETWEEN PRESTON AND JACKSON, REMOVE TEMPORARY STRIPING AND RESTRIPE PER ORIGINAL LAYOUT
G. GRESHAM SMITH DESIGNERS WORKING WITH PW ON THE PERMANENT BAGGING OF METERS ON S PRESTON ST AND E GRAY ST
H. DANIEL MOORE, 502-931-7497, PROJECT SUPERINTENDENT, MESSER CONSTRUCTION CO, 502-261-9775",Road Closure,400 E GRAY ST,LOUISVILLE,KY,40202,-85.746405521365,38.246388677195,113,-9545246.19999189,4614290.97910725
PW-REP-26-00142,,1/16/2026 5:00:00 AM,1/16/2028 5:00:00 AM,To close Meadow Av and Orchard Av for construction of the new Kentucky Humane Society this is in addition to PW-REP-25-01842.  The project is under bond.  See MOT attached.,Road Closure,1111 MEADOW AVE,LOUISVILLE,KY,40213,-85.717507408165,38.175594061227,114,-9542029.27674558,4604261.14822723
PW-REP-26-00239,DAWN BESCO INC,1/30/2026 5:00:00 AM,10/30/2026 4:00:00 AM,"Dawn Foods has entered into a consent order with MSD to remediate issues with the wastewater they are discharging. They are adding a WWPTP building, two tanks, and three silos to the property and need to move one existing entrance on Kenjoy Drive and add an additional entrance to maintain use of the manufacturing facility.",Excavation,6303 KENJOY DR,LOUISVILLE,KY,40214,-85.758061279196,38.167299000003,115,-9546543.71301845,4603086.58307099
PW-REP-26-00605,"MAC Construction & Excavating, Inc.",2/26/2026 5:00:00 AM,10/1/2026 4:00:00 AM,"a.	Name of Company: Mac Construction for Louisville Metro Gov.
b.	Name of street activity is on: Muhammad Ali Blvd
c.	Between what Cross streets: Southwestern and 8th street.
d.	Metro Asset involved: Lane and, sidewalk closure. 10 to 15min temp road closure to run overhead cable.
e.	Purpose: Louisville Metro Gov Road reconfiguration of Chestnut Street/River Park Drive from one-way to two-way.
f.	Restoration plan: Yes. Document submitted.
g.	Misc Important information:  The reconfiguration requires changes to traffic signals, pavement markings, and signage along the corridors. Additionally, the intersections of Muhammad Ali Blvd and River Park Drive at the I-264 ramp terminals (32nd and 33rd Streets) will require minor realignment to allow for two-way traffic to move through the intersections while improving pedestrian mobility and safety.
h.	Ted Newton - Project Manager MAC Construction
         tedn@macconstruction.com
         239-877-8809. 
         Metro Project Eng. Supervisor- Sheffer, Douglas <Douglas.Sheffer@louisvilleky.gov>1 (502) 5743915","Lane Closure ,Utility Cut",3229 W MUHAMMAD ALI BLVD,LOUISVILLE,KY,40212,-85.806056477524,38.256518585136,116,-9551886.51405684,4615726.93280613
PW-REP-26-00726,"Burns & McDonnell Engineering, Inc.",3/30/2026 4:00:00 AM,9/30/2026 4:00:00 AM,"Construction entrance to rebuild overhead utility crossing Clark Station Rd. Traffic on Clark Station Road will be closed periodically for public safety for the loading and unloading equipment.

There will be a 3-4 hour closure on 9/15/26",Road Closure,2136 CLARK STATION RD,LOUISVILLE,KY,40023,-85.419637568941,38.207254015575,117,-9508870.55792049,4608745.36805899
PW-REP-26-00898,The Fishel Company,8/31/2026 4:00:00 AM,9/13/2026 4:00:00 AM,"A. Team Fishel on behalf of Crown Castle
B. Sunny Vale Way
C. Between Skyline Dr and Evening Star Dr
D. Temporary Lane and Shoulder Area closure.
E.  Place +/- 338 ft of new 2 inch HDPE duct with fiber for Crown Castle. Placement is directional bore running parallel to Sunny Vale Way outside of payment in the shoulder area. 
F. Please see included Restoration plan
G. Project scope includes Sunny Vale Way and Evening Star Dr.
H. Applicant: Crown Castle, Mike Chadwick, (812) 968-5641, Mike.Chadwick.Contractor@crowncastle.com
Permitting Contractor: Team Fishel, Marissa Miler, (614) 921-8608, allpermits@teamfishel.com","Excavation ,Lane Closure",6508 SUNNY VALE WAY,LOUISVILLE,KY,40272,-85.881354641994,38.11343503159,118,-9560268.66738331,4595462.7950834
PW-REP-26-00897,The Fishel Company,8/24/2026 4:00:00 AM,9/6/2026 4:00:00 AM,"A. Team Fishel on behalf of Crown Castle
B. Evening Star Dr
C. Between Sunny Vale Way and Lanson Ct
D. Temporary Lane, Shoulder and Sidewalk Area Closure.
E. Place +/- 1350 ft of new 2 inch HDPE duct with fiber and 3 24""x36""x24"" HHs for Crown Castle. Placement is directional bore crossing Evening Star Dr and running parallel to Evening Star Dr outside of payment in the shoulder/sidewalk area.
F. please see included restoration plan.
G. Project scope includes Evening Star Dr and Sunny Vale Way.
H. Applicant: Crown Castle, Mike Chadwick, (812) 968-5641, Mike.Chadwick.Contractor@crowncastle.com
Permitting Contractor: Team Fishel, Marissa Miler, (614) 921-8608, allpermits@teamfishel.com","Excavation ,Lane Closure",9900 EVENING STAR DR,LOUISVILLE,KY,40272,-85.881208500002,38.113425000003,119,-9560252.39893118,4595461.37575851
PW-REP-26-01245,Louisville Water Company,4/26/2026 4:00:00 AM,10/31/2026 4:00:00 AM,"A.)  LWC 
B.)  LA SALLE AVE 
C.)  BETWEEN SAINT JOHN AVE & BLUEGRASS AVE 
D.)  CLOSE ROAD  ROAD WILL BE PLATED AND OPEN TO TRAFFIC AT THE END OF WORK SHIFTS. 
E.)  WATER MAIN REPLACEMENT. 
     ONE [1] PAVEMENT CUT: 4' X 62'  
F.)  RESTORATION PER LMPW UTILITY POLICY.  ALL UTILITY MARKINGS WILL BE REMOVED FROM WORK AREA. RESTORATION PLAN ATTACHED.     
G.)  LWC PROJECT 17335
       SENT NOTIFICATION TO RESIDENTS  7 OR MORE DAYS PRIOR TO CONSTRUCTION. WORK WILL BEGIN WITHIN 30 DAYS OF NOTIFICATON.
       NOTIFICATION PLAN ATTACHED. EMAIL NOTIFICATION SENT TO JCPS, TARC, METRO GOVERNMENT, METROSAFE & 311.
H.)  PROJECT MANAGER: SCOTT REYNOLDS (502) 272-4881 (M) 502-546-0789. msreynolds@louisvillewater.com
      INSPECTOR KYLE BURKE (M) 502-523-0290.
     CONTRACTOR (ARGENBRIGHT DIRT WORKS, LLC)","Excavation ,Road Closure",4225 LA SALLE AVE,LOUISVILLE,KY,40215,-85.791499438334,38.179406849456,120,-9550266.03186676,4604801.07675952
PW-REP-26-01247,Louisville Water Company,5/3/2026 4:00:00 AM,9/12/2026 4:00:00 AM,"A.)  LWC 
B.)  ST JUDE AVE 
C.)  BETWEEN CHURCHMAN AVE & LA SALLE AVE 
D.)  CLOSE ROAD  ROAD WILL BE PLATED AND OPEN TO TRAFFIC AT THE END OF WORK SHIFTS. 
E.)  WATER MAIN REPLACEMENT. 
     ONE [1] PAVEMENT CUT: 4' X 164'  
F.)  RESTORATION PER LMPW UTILITY POLICY.  ALL UTILITY MARKINGS WILL BE REMOVED FROM WORK AREA. RESTORATION PLAN ATTACHED.   
G.)  LWC PROJECT 17335
       SENT NOTIFICATION TO RESIDENTS  7 OR MORE DAYS PRIOR TO CONSTRUCTION. WORK WILL BEGIN WITHIN 30 DAYS OF NOTIFICATON.
       NOTIFICATION PLAN ATTACHED. EMAIL NOTIFICATION SENT TO JCPS, TARC, METRO GOVERNMENT, METROSAFE & 311.
H.)  PROJECT MANAGER: SCOTT REYNOLDS (502) 272-4881 (M) 502-546-0789. msreynolds@louisvillewater.com
      INSPECTOR KYLE BURKE (M) 502-523-0290.
     CONTRACTOR (ARGENBRIGHT DIRT WORKS, LLC)","Excavation ,Road Closure",4331 CHURCHMAN AVE,LOUISVILLE,KY,40215,-85.79238952041,38.17912959184,121,-9550365.11535022,4604761.81338573
PW-REP-26-01256,Louisville Gas & Electric Company,6/1/2026 4:00:00 AM,9/30/2026 4:00:00 AM,"LGE
WORK ON RANDY COE LN
BETWEEN DIXIE HWY AND LEWIS LN.
APPLICATION TO CLOSE NORTHBOUND AND SOUTHBOUND CURB LANES, NOT CONCURRENTLY.
APPLICATION TO REPLACE (6) POLES.
AREA AROUND POLES TO BE RESTORED BY LMPW RESTORATION POLICY.
LINE TRANSFER AND POLE REMOVAL NOTIFICATION WILL BE HANDLED THROUGH NATIONAL JOINT UTILITIES NOTIFICATION SYSTEM (NJUNS).
PROJ/TASK: ANBCD340O / 7817466I01
PROJECT ENGINEER: ANDREW MORZILLO: ANDREW.MORZILLO@LGE-KU.COM: 502-333-1946
DEREK WILKINS: 502-364-8465",Lane Closure,6675 RANDY COE LN,LOUISVILLE,KY,40272,-85.888445630455,38.055059697528,122,-9561058.03260801,4587206.82404491
PW-REP-26-01297,A L POST INC,5/11/2026 4:00:00 AM,9/14/2026 4:00:00 AM,"A. A.L. Post, Inc
B. Work is on S 5th Street
C. Between W. Market Street & Court Place
D. Turn lane closure
E. Construction Dumpster for building renovation at 209 S. 5th Street
F. Restoration Plan: N/A
G. Misc: Dumpster may be required to to be picked up for special events, storms or other reasons as deemed necessary
H. A.L. Post, Inc - Clayton Hanson 502.528.3546 (Project Manager)
Building Permit COM-ALT-26-00095",Lane Closure,209 S 5TH ST,LOUISVILLE,KY,40202,-85.75847468182,38.255156181821,123,-9546589.73278805,4615533.79520764
PW-REP-26-01598,Kiewit Infrastructure South Co,6/1/2026 4:00:00 AM,12/1/2026 5:00:00 AM,"a.	Kiewit
b.	S Brook St  
c.	E Kentucky and E Caldwell 
d.	South bound sidewalk and both driving lanes closed from Caldwell to Existing closure 
e.	To Stage Girders for proposed bridge above Intersection of E Kentucky and S Brook St 
f.	No cuts will be made in the area
g.	I-65 Central corridor 
Reference PW-REP-25-01835
h.	Devin Henderson devin.henderson1@kiewit.com 502 790 4857",Lane Closure,947 S BROOK ST Unit 1,LOUISVILLE,KY,40203,-85.752859500002,38.239200000003,124,-9545964.65360736,4613272.07765476
PW-REP-26-01617,,9/1/2026 4:00:00 AM,10/31/2026 4:00:00 AM,"A: Name of Company: Accelecom 
B: Name of Street Activity is on: Gardiner Ln 
C: Cross Streets: Colonel Sanders Ln & Gardiner Point Dr
D: Metro Asset Involved: Lane shift, lane closure, sidewalk closure
E: Purpose: Beginning on the South side of Gardiner Ln at 1438 Gardiner Ln, bore North 56' under Gardiner of 1.25"" conduit and 24FOC at 36"" minimum then place new HH. From new HH, bore SW 168' down Gardiner of new 1.25"" conduit and 24FOC at 36"" minimum. Place another HH, then begin core drill out of ROW to building. There is no pole work or aerial work associated with this job
F: Restoration Plan: Restoration per LMPW utility policy. All utility markings will be removed from the work area. The restoration plan is attached. 
G: Misc Important information: N/A 
H: Applicant/Project Manager & Contractor Name & #: Applicant: Erica Bailiff 208-954-6721 Project Manager: Don Hall: 502-724-2088 Contractor: Team Fishel - Kelly Lebonte: 502-264-1465
**THIS PERMIT IS APPROVED FOR UG CONSTRUCTION ONLY. NO ATTACHMENTS TO THE UTILITY POLE OR AERIAL CONSTRUCTION ARE PERMITTED ON THIS PERMIT AND MUST BE SUBMITTED SEPARATELY.**","Excavation ,Lane Closure",1441 GARDINER LN,LOUISVILLE,KY,40213,-85.694203334335,38.198291110448,125,-9539435.07911342,4607475.69155434
PW-REP-26-01664,LOUISVILLE WATER COMPANY,5/27/2026 4:00:00 AM,9/26/2026 4:00:00 AM,"A.)  LWC 
B.)  Industrial Blvd 
C.)  BETWEEN PRESTON HWY & FERN VALLEY RD 
D.)  LANE CLOSURE WITH THE USE OF TEMP TRAFFIC CONTROL SIGNALS.  ROAD WILL BE PLATED AND OPEN TO TRAFFIC AT THE END OF WORK SHIFTS. 
E.)  INSTALL WATER MAIN.      
ONE [1] PAVEMENT CUT: 4' X 5279' ALONG THE SOUTH SIDE OF INDUSTRIAL BLVD.
F.)  RESTORATION PER LMPW UTILITY POLICY.  ALL UTILITY MARKINGS WILL BE REMOVED FROM WORK AREA. RESTORATION PLAN ATTACHED.      
G.)  LWC PROJECT 16365.04.
       SENT NOTIFICATION TO RESIDENTS  7 OR MORE DAYS PRIOR TO CONSTRUCTION. WORK WILL BEGIN WITHIN 30 DAYS OF NOTIFICATON.
     NOTIFICATION PLAN ATTACHED.

     Permit is a continuation of permit No.: PW-REP-26-00381

H.)  PROJECT MANAGER: SCOTT REYNOLDS (502) 272-4881 (M) 502-546-0789. msreynolds@louisvillewater.com
      INSPECTOR MARK SULLIVAN (M) 502-468-1004.
     CONTRACTOR (CJ HUGHES).","Excavation ,Lane Closure",3200 FERN VALLEY RD,LOUISVILLE,KY,40213,-85.705251517874,38.156986976233,126,-9540664.95727917,4601626.60613183
PW-REP-26-01768,Louisville Water Company,9/8/2026 4:00:00 AM,10/2/2026 4:00:00 AM,"A.)  LWC 
B.)  E Breckenridge Street 
C.)  Between S Clay St & Logan St 
D.)  Road Closed. Road will be plated and open to traffic at the end of work shifts. 
E.)  Water Main Replacement
     One [1] pavement cut: 5' x 56'  
F.)  Restoration per LMPW utility policy. All utility markings will be removed from work area. Restoration plan attached.      
G.)  LWC Project 17334
     Resident notification letters sent on 06/08/2026.
     Notification Plan Attached    
     Email notification sent to JCPS, TARC, Metro Government, METROSafe, and 311.     
H.)  Project Manager: Jacob Clark (502) 533-5042. jmclark@louisvillewater.com
     Moe Manley (502) 548-3455
     Contractor (Basham Construction).","Excavation ,Road Closure",900 S SHELBY ST,LOUISVILLE,KY,40203,-85.740340500002,38.239902000003,127,-9544571.04490211,4613371.57258147
PW-REP-26-01803,Louisville Gas & Electric Company,6/15/2026 4:00:00 AM,10/31/2026 4:00:00 AM,"LGE
WORK ON E INDIAN TRL
BETWEEN BUTTERNUT RD AND LODEMA WAY.
APPLICATION TO CLOSE EASTBOUND AND WESTBOUND CURB LANE, NOT CONCURRENTLY.
APPLICATION TO REPLACE (26) POLES.
AREA AROUND POLES TO BE RESTORED BY LMPW RESTORATION POLICY.
PROJ/TASK: 174578 / 7800396I01, 7835679I01
PROJECT ENGINEER: RYAN LIU: RYAN.LIU@LGE-KU.COM: 502-333-1714
DEREK WILKINS: 502-364-8465",Lane Closure,3712 E INDIAN TRL,LOUISVILLE,KY,40213,-85.691722680002,38.170128240003,128,-9539158.93393623,4603487.18314258
PW-REP-26-01806,Louisville Gas & Electric Company,7/6/2026 4:00:00 AM,10/26/2026 4:00:00 AM,"LGE
WORK ON MARRET AVE
BETWEEN S JACKSON ST AND DEAD END.
APPLICATION TO CLOSE EASTBOUND CURB LANE.
APPLICATION REPLACE (1) POLE AND INSTALL (1) POLE.
AREA AROUND POLES TO BE RESTORED BY LMPW RESTORATION POLICY.
LINE TRANSFER AND POLE REMOVAL NOTIFICATION WILL BE HANDLED THROUGH NATIONAL JOINT UTILITIES NOTIFICATION SYSTEM (NJUNS).
PROJ/TASK: ANBCD340O, ANBCD343U / 7858462I01, 7858468I01
PROJECT ENGINEER: CHRISTIAN CLAYCOMB: CHRISTIAN.CLAYCOMB@LGE-KU.COM: 502-364-8531
DEREK WILKINS: 502-364-8465","Excavation ,Lane Closure",615 MARRET AVE,LOUISVILLE,KY,40208,-85.745995688978,38.229527055121,129,-9545200.57765926,4611901.22254436
PW-REP-26-01812,Louisville Gas & Electric Company,6/18/2026 4:00:00 AM,10/30/2026 4:00:00 AM,"LGE
WORK ON HICKORY ST
BETWEEN ASH ST AND GOSS AVE.
APPLICATION TO CLOSE SOUTHBOUND CURB LANE.
APPLICATION TO CLOSE WESTERNMOST SIDEWALK.
APPLICATION TO REPLACE (2) POLES.
AREA AROUND POLE TO BE RESTORED BY LMPW RESTORATION POLICY.
LINE TRANSFER AND POLE REMOVAL NOTIFICATION WILL BE HANDLED THROUGH NATIONAL JOINT UTILITIES NOTIFICATION SYSTEM (NJUNS).
PROJ/TASK: 
PROJECT ENGINEER: BLAIR BLANDFORD: BLAIR.BLANDFORD@LGE-KU.COM: 502-364-8347
DEREK WILKINS: 502-364-8465",Lane Closure,1312 HICKORY ST,LOUISVILLE,KY,40217,-85.735272567207,38.226474932798,130,-9544006.885204,4611468.71191714
PW-REP-26-01836,Louisville Gas & Electric Company,6/18/2026 4:00:00 AM,10/30/2026 4:00:00 AM,"LGE
WORK ON BOYLE ST
BETWEEN GOSS AVE AND SAMUEL ST
APPLICATION TO CLOSE SOUTHBOUND AND NORTHBOUND CURB LANE, NOT CONCURRENTLY.
APPLICATION TO CLOSE WESTERNMOST AND EASTERNMOST SIDEWALK.
APPLICATION TO REPLACE (4) POLES.
AREA AROUND POLE TO BE REPLACE BY LMPW RESTORATION POLICY.
LINE TRANSFER AND POLE REMOVAL NOTIFICATION WILL BE HANDLED THROUGH NATIONAL JOINT UTILITIES NOTIFICATION SYSTEM (NJUNS).
PROJ/TASK: 7253822I01
PROJECT ENGINEER: BLAIR BLANDFORD: BLAIR.BLANDFORD@LGE-KU.COM: 502-364-8347
DEREK WILKINS: 502-364-8465
***CONTINUATION OF PERMIT #26-00100. WORK HAS NOT YET STARTED***",Lane Closure,1240 BOYLE ST,LOUISVILLE,KY,40204,-85.73871746939,38.23010669388,131,-9544390.36996084,4611983.36413492
PW-REP-26-01837,Louisville Gas & Electric Company,6/18/2026 4:00:00 AM,10/30/2026 4:00:00 AM,"LGE
WORK ON LOGAN ST
BETWEEN GOSS AVE AND E KENTUCKY ST
APPLICATION TO CLOSE NORTHBOUND CURB LANE.
APPLICATION TO CLOSE EASTERNMOST SIDEWALK.
APPLICATION TO REPLACE (14) POLES AND REMOVE (1) POLE.
AREA AROUND POLE TO BE REPLACE BY LMPW RESTORATION POLICY.
LINE TRANSFER AND POLE REMOVAL NOTIFICATION WILL BE HANDLED THROUGH NATIONAL JOINT UTILITIES NOTIFICATION SYSTEM (NJUNS).
PROJ/TASK: 7253822I01
PROJECT ENGINEER: BLAIR BLANDFORD: BLAIR.BLANDFORD@LGE-KU.COM: 502-364-8347
DEREK WILKINS: 502-364-8465
***CONTINUATION OF PERMIT #26-00112. WORK HAS NOT YET STARTED***",Lane Closure,1101 LOGAN ST,LOUISVILLE,KY,40204,-85.739616000002,38.235213000003,132,-9544490.39393103,4612707.01571439
PW-REP-26-01835,Louisville Gas & Electric Company,6/18/2026 4:00:00 AM,10/30/2026 4:00:00 AM,"LGE
WORK ON SPRATT ST
BETWEEN GOSS AVE AND ELLISON AVE.
APPLICATION TO CLOSE SOUTHBOUND CURB LANE.
APPLICATION TO CLOSE WESTERNMOST SIDEWALK.
APPLICATION TO REPLACE (9) POLES.
AREA AROUND POLE TO BE REPLACE BY LMPW RESTORATION POLICY.
LINE TRANSFER AND POLE REMOVAL NOTIFICATION WILL BE HANDLED THROUGH NATIONAL JOINT UTILITIES NOTIFICATION SYSTEM (NJUNS).
PROJ/TASK: 7253822I01
PROJECT ENGINEER: BLAIR BLANDFORD: BLAIR.BLANDFORD@LGE-KU.COM: 502-364-8347
DEREK WILKINS: 502-364-8465
***CONTINUATION OF PERMIT #26-00094. WORK HAS NOT YET STARTED***",Lane Closure,1050 SAMUEL ST,LOUISVILLE,KY,40204,-85.735410979594,38.22858991837,133,-9544022.29320044,4611768.42069242
PW-REP-26-01843,Louisville Gas & Electric Company,7/6/2026 4:00:00 AM,10/2/2026 4:00:00 AM,"LGE
WORK ON S 4TH ST
BETWEEN YORK ST AND W BROADWAY.
APPLICATION TO CLOSE SOUTHBOUND CURB LANE.
APPLICATION TO CLOSE WESTERNMOST SIDEWALK.
APPLICATION TO PERFORM (1) 3'X105' ASPHALT CUT AND (1) 3'X20' SIDEWALK CUT TO INSTALL UG ELECTRICAL.
CUTS TO BE RESTORED BY LMPW RESTORATION POLICY.
PROJ/TASK: 180148 / 7827860I01
PROJECT ENGINEER: DAVID FLOOD: DAVID.FLOOD@LGE-KU.COM: 502-364-8226
DEREK WILKINS: 502-364-8465","Excavation ,Lane Closure",738 S 4TH ST,LOUISVILLE,KY,40202,-85.758509387757,38.245373081635,134,-9546593.59623528,4614147.02553978
PW-REP-26-01839,Louisville Gas & Electric Company,6/18/2026 4:00:00 AM,10/30/2026 4:00:00 AM,"LGE
WORK ON KRIEGER ST
BETWEEN SAMUEL ST AND ELLISON AVE
APPLICATION TO CLOSE SOUTHBOUND CURB LANE.
APPLICATION TO CLOSE WESTERNMOST SIDEWALK.
APPLICATION TO REPLACE (4) POLES.
AREA AROUND POLE TO BE REPLACE BY LMPW RESTORATION POLICY.
LINE TRANSFER AND POLE REMOVAL NOTIFICATION WILL BE HANDLED THROUGH NATIONAL JOINT UTILITIES NOTIFICATION SYSTEM (NJUNS).
PROJ/TASK: 7253822I01
PROJECT ENGINEER: BLAIR BLANDFORD: BLAIR.BLANDFORD@LGE-KU.COM: 502-364-8347
DEREK WILKINS: 502-364-8465
***CONTINUATION OF PERMIT #26-00112. WORK HAS NOT YET STARTED***",Lane Closure,969 CHARLES ST,LOUISVILLE,KY,40204,-85.736302847195,38.230522899488,135,-9544121.57544764,4612042.34574054
PW-REP-26-01867,Kiewit Infrastructure South Co,7/27/2026 4:00:00 AM,10/24/2026 4:00:00 AM,"1. Detailed description:  

PP4a. Between W. Broadway and Jacob St, Brook St partial closure for sewer work
1. Detailed description:
a. Kiewit
b. Underneath I-65, Brook St
c. Between W. Broadway and Jacob St, Brook St
d. Brook St blocked, sidewalk blocked, curb-lane & driving lane blocked, curb-lane mobile work zone, lane closure, alley, under-freeway parking blocked, parking entrance blocked.
e. Install sewer replacement: Cut a trench approximately 45 ft x 20 ft along length of sewer with trench box in Brook St., additional 10x10' area around manhole in center of Brook St with manhole trench to 16' below grade. If traffic opens on I-65 during construction, remove 95 ft x 5 ft median to road level to allow for traffic reroute per TCP option. Install new manhole in Brook St, in conjunction with MSD. Install connections at manhole. Remove and replace existing sewer pipe with PVC per plans. Backfill and pave sections in Brook St, restore any previous median sections. 
f. Backfill trench with aggregate. Install asphalt pavement and edge key after bridge construction is completed. Cut and repair pavement using typical sections. Alley pavement shall be placed to drain to proposed special curb and gutter, detail D on Roadway Drawings R2. Standard header curb. Restoration completed after bridge construction is completed.
g. I-65 Central Corridor Bridge Repair project
h. Applicant Name:Markina Evdokimoff
Applicant Contact: (714)721-1333 markina.evdokimoff@kiewit.com
Project Manager: Dylan Campbell
Contractor: Kiewit Infrastructure South","Excavation ,Lane Closure",146 E BROADWAY,LOUISVILLE,KY,40202,-85.752604082798,38.245666460747,136,-9545936.22069427,4614188.60977041
PW-REP-26-01872,"TRC,LLC",7/31/2026 4:00:00 AM,10/31/2026 4:00:00 AM,"A. TRC, LLC – KYTC
B. Edith Rd, under the overpass.
C. Between Mellwood Ave. and River Rd.
D. Road will be closed. No sidewalk to be closed.
E. Repair supporting structures, remove bridge deck, and replace bridge decking.
F. Final restoration will be per LMPW Utility Policy Manual.
G. Repair I-71 Overpass. CONTINUATION PERMIT OF PW-REP-26-00187
H. Project is paid for by KYTC. Site contact - TRC, LLC – Richard Smith (812) 267-8183. Project Manager - TRC, LLC –
Andrew Schad (812) 786-7040.",Road Closure,2200 MELLWOOD AVE,LOUISVILLE,KY,40206,-85.708728000002,38.266497000003,137,-9541051.95749941,4617141.60750695
PW-REP-26-01883,Louisville Water Company,6/29/2026 4:00:00 AM,12/31/2026 5:00:00 AM,"A.)  LWC 
B.)  Grade Lane 
C.)  Between Melton Ave & Crittenden Drive 
D.)  Road Closure 
E.)  REPLACE WATER MAIN. 
     ONE [1] PAVEMENT CUT: 2818' X 8' 
F.)  RESTORATION PER LMPW UTILITY POLICY.  ALL UTILITY MARKINGS WILL BE REMOVED FROM WORK AREA. RESTORATION PLAN ATTACHED.    
G.)  LWC PROJECT 17296
       SENT NOTIFICATION TO RESIDENTS  7 OR MORE DAYS PRIOR TO CONSTRUCTION. WORK WILL BEGIN WITHIN 30 DAYS OF NOTIFICATON.
       NOTIFICATION PLAN ATTACHED. EMAIL NOTIFICATION SENT TO JCPS, TARC, METRO GOVERNMENT, METROSAFE & 311.
H.)  PROJECT MANAGER: ANDY WILLIAMS (502) 212-1782 (M) 502-410-8697. awilliams@louisvillewater.com
     INSPECTOR BILL BUEHNER (M) 502-438-4224.
      CONTRACTOR (MAC CONSTRUCTION).","Excavation ,Road Closure",7123 GRADE LN,LOUISVILLE,KY,40213,-85.736958519598,38.147071456108,138,-9544194.56456567,4600222.96089122
PW-REP-26-01934,Louisville Water Company,8/10/2026 4:00:00 AM,9/14/2026 4:00:00 AM,"A.)  LWC 
B.)  East Pages Ln 
C.)  Between Dixie Hwy & Standing Oak Dr 
D.)  Road Closure 
E.)  Water Main Replacement. Dirt cut: One (1) 85' x 4'      
F.)  Restoration per LMPW utility policy. All utility markings will be removed from work area. Restoration plan attached.      
G.)  LWC Project 16398
       SENT NOTIFICATION TO RESIDENTS  7 OR MORE DAYS PRIOR TO CONSTRUCTION. WORK WILL BEGIN WITHIN 30 DAYS OF NOTIFICATION.
     Notification Plan Attached     
     Email notification sent to Metro Government.
H.)  Project Manager: Andy Williams (502) 410-8697 | awilliams@louisvillewater.com
     Kyle Burke (502) 523-0290
     Contractor (TRC,LLC)","Excavation ,Road Closure",4714 E PAGES LN,LOUISVILLE,KY,40272,-85.846188470716,38.129617542543,139,-9556353.9871035,4597752.64088856
PW-REP-26-01960,ATT SE,7/8/2026 4:00:00 AM,10/8/2026 4:00:00 AM,"A. Company Name: AT&T SE
B. On What Street: 430 W. Hill St. 40208
C. Between What Streets: S. 5th St. and S. 3rd St.
D. Metro Asset Affected: Curb / Parking lane.
E. Purpose: To place 52’ of aerial FOC via mobile operation. FOC will be placed as truck moves. Placement across roads/intersections shall take no longer than 5 minutes. Temporary lane closure may occur with flaggers as mobile truck resets. Additionally:
•	443’ of UG FOC pulled through existing conduit.
•	339’ of buried FOC via directional bore.
•	25’ of buried FOC via hand dig.
F. Restoration: Per Louisville Metro guidelines.
G. Additional Information: AT&T project # A05CSEW
H. Applicant and Project Manager: AT&T; Al Gruse (502) 718-3264. Designer: Cyient Inc.; Eric Fortune C.E. (469) 534-1046.","Excavation ,Lane Closure",430 W HILL ST,LOUISVILLE,KY,40208,-85.762420438777,38.226061102044,140,-9547028.97244329,4611410.07012112
PW-REP-26-01971,TEAM FISHEL,7/13/2026 4:00:00 AM,9/13/2026 4:00:00 AM,"A. VZB 
B. (ON N ENGLISH STATION RD)
C. (BETWEEN OLD HENRY RD AND AIKEN RD)
D. (CURB LANE CLOSURE W/FLAGGERS)
E. (2 30""X60""X30""_DIRT, 1 4'X4'_DIRT, 1 12""X42""X38""_DIRT) 
F. TO INSTALL 3,505' OF FIBER OPTIC CABLE THROUGH AERIAL FIBER, 463' THROUGH BORING IN THE DIRT, 38' THROUGH TRENCHING IN THE DIRT, 1 BORE PIT, AND 2 HANDHOLES. 
G. RESTORATION OF CUTS TO BE COMPLETED PER LMG OUTLINED UTILITY POLICY. 
H. KYTC NOTICE OF COMPLETION ATTACHED. 
I. RESTORATION PLAN ATTACHED. 
J. PROPERTY OWNER NOTIFICATION ATTACHED. 
K. THIS IS A FIBER RELOCATION PROJECT UNDER KYTC PROJECT 5-353 NORTH ENGLISH STATION RD. 
L. OLD HENRY RD TO BE PERMITTED UNDER EWO# 2605BONL - Application 2 - Old Henry Rd (2 of 2). (EWO# 2605BONL - Application 1 - N English Station Rd (1 of 2)) 
 
TEAM FISHEL DIVISION MANAGER -SCOTT MCMAHAN - 502-664-9312","Excavation ,Lane Closure",401 N ENGLISH STATION RD,MIDDLETOWN,KY,40223,-85.511907000002,38.248956000003,141,-9519141.94400199,4614654.88812805
PW-REP-26-01973,TEAM FISHEL,7/13/2026 4:00:00 AM,9/13/2026 4:00:00 AM,"A. VZB 
B. (ON OLD HENRY RD)
C. (BETWEEN ST CLAIR DR AND N ENGLISH STATION RD)
D. (CURB LANE CLOSURE W/FLAGGERS) 
E. TO INSTALL FIBER OPTIC CABLE THROUGH AERIAL FIBER. NO CUTS. 
F. KYTC NOTICE TO PROCEED ATTACHED. 
G. NO RESTORATION PLAN REQUIRED. 
H. PROPERTY OWNER NOTIFICATION ATTACHED. 
I. THIS IS A FIBER RELOCATION PROJECT UNDER KYTC PROJECT 5-353 NORTH ENGLISH STATION RD. 
J. NO OLD HENRY RD LOCATION ADDRESS ALONG ROUTE. N ENGLISH STATION RD TO BE PERMITTED UNDER EWO# 2605BONL - Application 1 - N English Station Rd (1 of 2). (EWO# 2605BONL - Application 2 - Old Henry Rd (2 of 2)) 
 
TEAM FISHEL DIVISION MANAGER -SCOTT MCMAHAN - 502-664-9312","Excavation ,Lane Closure",810 N ENGLISH STATION RD,MIDDLETOWN,KY,40223,-85.514693912901,38.25674076885,142,-9519452.18172679,4615758.43045178
PW-REP-26-01979,Louisville Gas & Electric Company,7/6/2026 4:00:00 AM,10/9/2026 4:00:00 AM,"LGE
WORK ON BUECHEL BANK RD
BETWEEN PROGRESS BLVD AND BARDSTOWN RD.
APPLICATION TO CLOSE NORTHBOUND AND SOUTHBOUND CURB LANES, NOT CONCURRENTLY.
APPLICATION TO INSTALL (47) POLES AND REPLACE (6) POLES.
AREA AROUND POLES TO BE RESOTRED BY LMPW RESTORATION POLICY.
LINE TRANSFER AND POLE REMOVAL NOTIFICATION WILL BE HANDLED THROUGH NATIONAL JOINT UTILITIES NOTIFICATION SYSTEM (NJUNS).
PROJ/TASK: 172936 / 7385022I01
PROJECT ENGINEER: DANIEL MULLINS: DANIEL.MULLINS@LGE-KU.COM: 502-333-1771
DEREK WILKINS: 502-364-8465
***CONTINUATION OF PERMIT #26-00945. WORK NOT YET STARTED***",Lane Closure,2105 BUECHEL BANK RD,LOUISVILLE,KY,40218,-85.647968942261,38.187216577412,143,-9534288.2901306,4605907.09971
PW-REP-26-02029,ATT SE,7/15/2026 4:00:00 AM,9/12/2026 4:00:00 AM,"A. Company Name: AT&T SE
B. On What Street: 4811 Unseld Blvd. 40218
C. Between What Streets: E. Indian Trl and Shasta Trl
D. Metro Asset Affected: Curb / Parking lane.
E. Purpose: To place 40’ of buried FOC via directional bore. Placement will be accompanied by a street cut due to presence of a large gas main.
F. Restoration: Per Louisville Metro guidelines.
G. Additional Information: AT&T project # A05BIGH.32
H. Applicant and Project Manager: AT&T; Al Gruse (502) 718-3264. Designer: Cyient Inc.; Eric Fortune C.E. (469) 534-1046.","Excavation ,Lane Closure",4811 UNSELD BLVD,LOUISVILLE,KY,40218,-85.673461637137,38.17992039908,144,-9537126.12394315,4604873.80262565
PW-REP-26-02026,ATT SE,7/15/2026 4:00:00 AM,9/12/2026 4:00:00 AM,"A. Company Name: AT&T SE
B. On What Street: 4811 E. Indian Trl. 40218
C. Between What Streets: Unseld Blvd and Exeter Ave.
D. Metro Asset Affected: Curb / Parking lane.
E. Purpose: To place 54’ of buried FOC via directional bore. Placement will be accompanied by a street cut due to presence of a large gas main.
F. Restoration: Per Louisville Metro guidelines.
G. Additional Information: AT&T project # A05BIGH.17
H. Applicant and Project Manager: AT&T; Al Gruse (502) 718-3264. Designer: Cyient Inc.; Eric Fortune C.E. (469) 534-1046.","Excavation ,Lane Closure",4811 E INDIAN TRL,LOUISVILLE,KY,40218,-85.671934606957,38.180984103816,145,-9536956.13572108,4605024.43984147
PW-REP-26-02388,Louisville Gas & Electric Company,7/20/2026 4:00:00 AM,10/30/2026 4:00:00 AM,"LGE
WORK ON KERRICK LN
BETWEEN TWIN DR AND DIXIE HWY.
APPLICATION TO CLOSE EASTBOUND CURB LANE.
APPLICATION TO REMOVE (1) POLE AND INSTALL (1) POLE.
AREA AROUND POLE TO BE RESTORED BY LMPW RESTORATION POLICY.
PROJ/TASK: ARCST343 / 15003286I01
PROJECT ENGINEER: CHRISTIAN CLAYCOMB: CHRISTIAN.CLAYCOMB@LGE-KU.COM: 502-364-8531
DEREK WILKINS: 502-364-8465","Excavation ,Lane Closure",4500 KERRICK LN,LOUISVILLE,KY,40258,-85.837742912623,38.153795417479,146,-9555413.83187712,4601174.7868926
PW-REP-26-02400,Louisville Gas & Electric Company,7/20/2026 4:00:00 AM,9/7/2026 4:00:00 AM,"LGE
WORK ON S WATTERSON TRL
BETWEEN WATERFERN WAY AND S HURSTBOURNE PKWY.
APPLICATION TO CLOSE SOUTHBOUND CURB LANE.
APPLICATION OT PERFORM (7) POLE REPLACEMENTS.
LINE TRANSFER AND POLE REMOVAL NOTIFICATION WILL BE HANDLED THROUGH NATIONAL JOINT UTILITIES NOTIFICATION SYSTEM (NJUNS).
PROJ/TASK: 25TPAOTH / 7653852I01
PROJECT ENGINEER: AMBREEN QUERESHI: AMBREEN.QUERESHI@LGE-KU.COM: 502-333-1791
DEREK WILKINS: 502-364-8465
***CONTINUATION OF PERMIT #25-02765. WORK HAS NOT YET STARTED***",Lane Closure,6230 S WATTERSON TRL,LOUISVILLE,KY,40291,-85.614660000002,38.156292000003,147,-9530580.35563947,4601528.21878238
PW-REP-26-02470,Charter Communications,8/10/2026 4:00:00 AM,9/10/2026 4:00:00 AM,"a. Name of Company: Spectrum/Charter Communications
b. Name of Street activity is on: Norene Ln
c. Cross streets: Shady Villa Dr & Naomi Dr
d. Metro Asset involved: Lane Closure, flagging
e. purpose: 793’ of aerial fiber placement to poles 7-12 
f. restoration plan: No restoration needed
g. Misc important information: Permits for Shady Villa Dr, Naomi Dr, Poplar Level Ct & Poplar Level Rd, permit #’s TBD
h. Application / Project manager & contractor Name & number:
Applicant name & number:  Shirley Stimach – (253) 951-0120
Project Manager Name & number: Patrick Riggs – (502) 817-1794
Contractor Name & Number: ITG – Michael Faith – (270) 863-1183",Lane Closure,4409 NORENE LN Unit 1,LOUISVILLE,KY,40219,-85.682050219369,38.163819658106,148,-9538082.20054385,4602593.95455517
PW-REP-26-02471,Charter Communications,8/10/2026 4:00:00 AM,9/10/2026 4:00:00 AM,"a. Name of Company: Spectrum/Charter Communications
b. Name of Street activity is on: Naomi Dr 
c. Cross streets: Norene Ln & Poplar Level Rd
d. Metro Asset involved: Lane Closure, flagging
e. purpose: 556’ of aerial fiber placement to poles 12-16
f. restoration plan: No restoration needed
g. Misc important information: Permits for Shady Villa Dr, Norene Ln, Poplar Level Ct & Poplar Level Rd, permit #’s TBD
h. Application / Project manager & contractor Name & number:
Applicant name & number:  Shirley Stimach – (253) 951-0120
Project Manager Name & number: Patrick Riggs – (502) 817-1794
Contractor Name & Number: ITG – Michael Faith – (270) 863-1183",Lane Closure,4310 NAOMI DR,LOUISVILLE,KY,40219,-85.682130109067,38.164760127279,149,-9538091.09382435,4602727.1101573
PW-REP-26-02482,Louisville Paving and Construction,8/3/2026 4:00:00 AM,9/14/2026 4:00:00 AM,"*notification 10 days in advance of the closing.*a. Louisville Paving and Construction b. Lake Louisvilla Drive c. Spring Drive and Park Springs Lane d. roadway (closure) e. Sanitary sewer construction. New sanitary sewer lines for Park Springs Section 2 neighborhood. f. Lake Louisvilla Drive will be completely milled and resurfaced in this work location and will include the extents of sewer construction per LMPW asphalt repair specifications. g. Louisville Paving and Construction was granted a permit previously permit (PW-REP-26-01262), but there is storm drainage work that need to be completed. Road will be closed from 8:00 AM - 5:00 PM daily Monday-Saturday. h. applicant name: Joseph Richardson, applicant phone #: 502-680-2031, project manager name: Joseph Richardson, project manager phone #: 502-680-2031, contractor name: Louisville Paving and Construction, contractor phone #: 502-583-1726","Excavation ,Road Closure ,Utility Cut",4414 LAKE LOUISVILLA DR,LOUISVILLE,KY,40245,-85.518368564109,38.308104155828,150,-9519861.24202811,4623042.49507103
PW-REP-26-02497,Louisville Gas & Electric Company,8/3/2026 4:00:00 AM,10/30/2026 4:00:00 AM,"LGE
WORK ON W BROADWAY
BETWEEN S 4TH ST AND S 3RD ST.
APPLICATION TO CLOSE EASTBOUND CURB LANE.
APPLICATION TO CLOSE SOUTHERNMOST SIDEWALK.
APPLICATION TO PERFORM (1) 3'X15' ASPHALT CUT AND (1) 3'X270' SIDEWALK CUT TO INSTALL UG CABLE.
CUTS TO BE RESTORED BY LMPW RESTORATION POLICY.
PROJ/TASK: ANBCD343U / 7827857I01
PROJECT ENGINEER: CHRIS SPALDING: CHRIS.SPALDING@LGE-KU.COM: 502-364-8393
DEREK WILKINS: 502-364-8465
***CONTINUATION OF PERMIT #26-01439. WORK HAS NOT YET STARTED.***","Excavation ,Lane Closure",324 W BROADWAY,LOUISVILLE,KY,40202,-85.757128255104,38.245996653064,151,-9546439.84925163,4614235.41219019
PW-REP-26-02498,Louisville Gas & Electric Company,8/3/2026 4:00:00 AM,10/30/2026 4:00:00 AM,"LGE
WORK ON S 3RD ST
BETWEEN W BROADWAY AND W YORK ST
APPLICATION TO CLOSE EASTERNMOST AND WESTERNMOST SOUTHBOUND CURB LANE, NOT CONCURRENTLY.
APPLICATION TO PERFORM (1) 3'X35' ASPHALT CUT TO INSTALL UG CABLE.
CUTS TO BE RESTORED BY LMPW RESTORATION POLICY.
PROJ/TASK: ANBCD343U / 7827857I01
PROJECT ENGINEER: CHRIS SPALDING: CHRIS.SPALDING@LGE-KU.COM: 502-364-8393
DEREK WILKINS: 502-364-8465
***CONTINUATION OF PERMIT #26-01441. WORK HAS NOT YET STARTED.***","Excavation ,Lane Closure",707 S 3RD ST,LOUISVILLE,KY,40202,-85.756741241688,38.245850610888,152,-9546396.76711523,4614214.711721
PW-REP-26-02519,ATT SOUTHEAST,8/6/2026 4:00:00 AM,9/6/2026 4:00:00 AM,"A. COMPANY NAME: AT&T. 
B. ON WHAT STREET: PHILLIPS LN 
C. BETWEEN WHAT STREETS: PRESTON HWY & MISSION DE 
D: METRO ASSETS AFFECTED: DRIVING LANE, VERGE,  & SIDEWALK CLOSURE  
E. ACCESS POLES & Manhole . 
F. RESTORATION: NO RESTORATION NEEDED. 
G. ADDITIONAL INFO AT&T: A05HKGM 
H. APPLICANT & PROJECT MANAGER CONTACT NAME & NUMBER.: MANAGER AL GRUSE 502-718-3264, DESIGNER PAUL ROSENBERGER 502-705-4502, EMAIL:   paul.rosenberger@rtsassociates.net",Lane Closure,1030 PHILLIPS LN,LOUISVILLE,KY,40209,-85.736398580993,38.19544910461,153,-9544132.23248528,4607073.12838193
PW-REP-26-02531,Louisville Water Company,8/16/2026 4:00:00 AM,9/19/2026 4:00:00 AM,"A.)  LWC 
B.)  E ST. CATHERINE ST AND STEVE MAGRE ALY FROM E KY ST TO MARY ST
C.)  BTWN LOGAN ST & SWAN ST 
D.)  CLOSE ROAD.  
E.)  WATER MAIN REPLACEMENT
     (1) ONE PAVEMENT CUT: 107' X 8' 
F.)  RESTORATION PER LMPW UTILITY POLICY.  ALL UTILITY MARKINGS WILL BE REMOVED FROM WORK AREA. RESTORATION PLAN ATTACHED.
G.)  LWC PROJECT 16398.04.
        RESIDENT NOTIFICATION MAILED 07/29/2026
       SENT JCPS EMAIL NOTIFICATION FOR ROAD CLOSURE.
       SENT METRO SAFE EMAIL NOTIFICATION FOR ROAD CLOSURE.
     H.)  PROJECT MANAGER: ANDY WILLIAMS 502-569-3600 X2219 (M) 502-410-8697. awilliams@louisvillewater.com
      INSPECTOR MOE MANLEY (M) 502-548-3455.
      CONTRACTOR (TRC, LLC).","Excavation ,Road Closure",917 E ST CATHERINE ST,LOUISVILLE,KY,40204,-85.738710976746,38.235114209305,154,-9544389.64720302,4612693.01488791
PW-REP-26-02535,ATT SE,8/6/2026 4:00:00 AM,9/6/2026 4:00:00 AM,"A. Company Name: AT&T SE
B. On What Street: 7001 S. Hancock St. 40203
C. Between What Streets: East Broadway and Roselane St.
D. Metro Asset Affected: Curb lane, Verge.
E. Purpose: To place 565’ of aerial FOC via mobile operation. FOC will be placed as truck moves. Placement across roads/intersections shall take no longer than 5 minutes. Temporary lane closure may occur with flaggers as mobile truck resets. Additionally:
•	35’ of buried FOC via directional bore.
•	1 – 53”x53”x36” TPAD for FOC Cabinet
F. Restoration: Per Louisville Metro guidelines.
G. Additional Information: AT&T project # A05BRZL
H. Applicant and Project Manager: AT&T; Al Gruse (502) 718-3264. Designer: Cyient Inc.; Eric Fortune C.E. (469) 534-1046.","Excavation ,Lane Closure",701 S HANCOCK ST,LOUISVILLE,KY,40203,-85.743571500002,38.244987000003,155,-9544930.71817687,4614092.30169634
PW-REP-26-02540,Louisville Gas & Electric Company,8/10/2026 4:00:00 AM,9/7/2026 4:00:00 AM,"LGE
WORK ON W WHITNEY AVE
BETWEEN SOUTHERN PKWY AND S 3RD ST.
APPLICATION TO CLOSE WESTBOUND CURB LANE.
APPLICATION TO INSTALL (1) POLE.
AREA AROUND POLE TO BE RESTORED BY LMPW RESTORATION POLICY.
LINE TRANSFER AND POLE REMOVAL NOTIFICATION WILL BE HANDLED THROUGH NATIONAL JOINT UTILITIES NOTIFICATION SYSTEM (NJUNS).
PROJ/TASK: ANBRD340O / 14972459I01
PROJECT ENGINEER: JACKSON THIELMEIER: JACKSON.THIELMEIER@LGE-KU.COM: 502-364-8384
DEREK WILKINS: 502-364-8465","Excavation ,Lane Closure",300 W WHITNEY AVE,LOUISVILLE,KY,40214,-85.764964500002,38.193975000003,156,-9547312.17604341,4606864.33125941
PW-REP-26-02541,Louisville Gas & Electric Company,8/10/2026 4:00:00 AM,9/7/2026 4:00:00 AM,"LGE
WORK ON BACK RUN RD
BETWEEN ROCKY CREEK LN AND BROAD RUN RD.
APPLICATION TO CLOSE EASTBOUND CURB LANE.
APPLICATION TO INSTALL (1) POLE.
AREA AROUND POLE TO BE RESTORED BY LMPW RESTORATION.
PROJ/TASK: ANBRD340O / 7799728I01
PROJECT ENGINEER: CADEN DUNBAR: CADEN.DUNBAR@LGE-KU.COM: 502-333-1780
DEREK WILKINS: 502-364-8465","Excavation ,Lane Closure",9925 BACK RUN RD,LOUISVILLE,KY,40299,-85.527278499758,38.106185454615,157,-9520853.09152756,4594437.13531697
PW-REP-26-02553,Louisville Gas & Electric Company,8/10/2026 4:00:00 AM,9/7/2026 4:00:00 AM,"LGE
WORK ON FAIRFIELD GARDENS DR
BETWEEN FAIRFIELD MEADOWS DR AND DEAD END.
APPLICATION TO CLOSE SOUTHBOUND CURB LANE.
APPLICATION TO PERFORM (1) 3'X5' DIRT CUT TO REPAIR GAS LEAK.
CUTS TO BE RESTORED BY LMPW RESTORATION POLICY.
PROJ/TASK: 419RRCS22, IN
PROJECT ENGINEER: LORI BOISVERT: LORI.BOISVERT@LGE-KU.COM:502-333-1883
DEREK WILKINS: 502-364-8465","Excavation ,Lane Closure",14402 FAIRFIELD GARDENS DR,LOUISVILLE,KY,40245,-85.490872526714,38.29490321085,158,-9516800.39714646,4621169.91965396
PW-REP-26-02552,Louisville Gas and Electric,8/10/2026 4:00:00 AM,9/7/2026 4:00:00 AM,"LGE
WORK ON VIM DR
BETWEEN FRANK AVE AND BUCHARD AVE
APPLICATION TO CLOSE EASTBOUND CURB LANE
APPLICATION TO PERFORM (1) 3'X5' DIRT CUT TO REPAIR GAS LEAK. 
CUTS TO BE RESTORED BY LMPW UTILITY RESTORATION POLICY. 
PROJ/TASK: 419RRCS22, IN
PROJECT ENGINEER: LORI BOISVERT: LORI.BOISVERT@LGE-KU.COM:502-333-1883
MARGARET KING: 502-364-8281","Excavation ,Lane Closure",1244 VIM DR,LOUISVILLE,KY,40213,-85.706464772419,38.173948753692,159,-9540800.01615732,4604028.16512901
PW-REP-26-02559,LOUISVILLE WATER COMPANY,8/11/2026 4:00:00 AM,9/11/2026 4:00:00 AM,"A.) LWC
B.) E ORMSBY AVE
C.) BETWEEN S HANCOCK ST AND S JACKSON ST
D.) CLOSING EAST BOUND DRIVING LANE AND SIDEWALK OF E ORMSBY AVE WITH USE OF FLAGGERS
E.) INSTALL NEW WATER SERVICE 
ONE (1) 5'X5' STREET CUT @ 514 E ORMSBY AVE
ONE (1) 5'X5' PAVEMENT CUT @ 514 E ORMSBY AVE
F.) RESTORATION PER LMPW UTILITY POLICY. ALL UTILITY MARKINGS WILL BE REMOVED FROM WORK AREA. RESTORATION PLAN ATTACHED.
G.) WORK ORDER NUMBER 26011370
H.) CLAY ROBINSON (502) 919-2816 CROBINSON@LOUISVILLEWATER.COM","Excavation ,Lane Closure",514 E ORMSBY AVE,LOUISVILLE,KY,40203,-85.747404000002,38.230725000003,160,-9545357.35012533,4612070.98606473
PW-REP-26-02563,"POWER OF DESIGN GROUP, LLC",8/22/2026 4:00:00 AM,10/4/2026 4:00:00 AM,"A. VERO NETWORKS 
B. (ON CRUMS LN) 
C. (BETWEEN BURRELL DR AND FERN LEA RD) 
D. (CURB LANE CLOSURE W/FLAGGERS AND SIDEWALK CLOSURE) 
E. (2 36""X24""X36""_DIRT, 4 1'X1'_DIRT, 3 1'X1'_ASPHALT, 4 5'X5'_DIRT) 
F. TO INSTALL 2,066' OF FIBER OPTIC CABLE THROUGH BORING, 2 HANDHOLES, 7 POTHOLES, AND 4 BORE PITS, TO SERVICE HENRY B. SCHAFFNER ELEMENTARY SCHOOL AT 2701 CRUMS LN, LOUISVILLE, KY 40216. 
G. RESTORATION TO BE COMPLETED AS OUTLINED BY KYTC. 
H. APPROVED KYTC PERMIT ATTACHED. 
I. RESTORATION PLAN ATTACHED. 
J. NOTIFICATION PLAN ATTACHED. 
K. PROPERTY OWNER NOTIFICATION ATTACHED. (DOT-SG-1837879_Crums Ln_Jefferson_County_KY) 

L. VERO NETWORKS PROJECT MANAGER - PAUL HORNICK - 609-221-3669 
M. HP COMMUNICATIONS, INC. PROJECT MANAGER - RUSTY BUSKIRK - 961-805-5552
N. HP COMMUNICATIONS, INC. CONSTRUCTION MANAGER - MIKEY SIMS - 951-603-6922","Excavation ,Lane Closure",2627 CRUMS LN,SHIVELY,KY,40216,-85.824428062502,38.194997437503,161,-9553931.62954166,4607009.15228833
PW-REP-26-02567,ATT SOUTHEAST,8/13/2026 4:00:00 AM,9/13/2026 4:00:00 AM,"A. COMPANY NAME: AT&T. 
B. ON WHAT STREET: S 5TH ST 
C. BETWEEN WHAT STREETS: ARMORY PL & S 4TH ST. 
D. METRO ASSETS AFFECTED: CURB LANE & SIDEWALK CLOSURE. 
E. ACCESS MANHOLE. 
F. RESTORATION: NO RESTORATION NEEDED. 
G. ADDITIONAL INFO AT&T: A05H621. 
H. APPLICANT & PROJECT MANAGER CONTACT NAME & NUMBER.: MANAGER AL GRUSE 502-718-3264, DESIGNER PAUL ROSENBERGER 502-705-4502, EMAIL: paul.rosenberger@rtsassociates.net",Lane Closure,500 W JEFFERSON ST Unit 101,LOUISVILLE,KY,40202,-85.758678000002,38.254023000003,162,-9546612.36606454,4615373.15536303
PW-REP-26-02568,ATT SOUTHEAST,8/13/2026 4:00:00 AM,9/13/2026 4:00:00 AM,"A. COMPANY NAME: AT&T. 
B. ON WHAT STREET: W LIBERTY  ST 
C. BETWEEN WHAT STREETS: ARMORY PL AND S 4TH ST
D. METRO ASSETS AFFECTED: CURB LANE & SIDEWALK CLOSURE. 
E. ACCESS MANHOLE FOR SPLICE WORK 
F. RESTORATION: NO RESTORATION NEEDED. 
G. ADDITIONAL INFO SEE PERMIT NUMBER: PW-REP-26-02567
FOR THE WORK ON S 5TH ST AT&T: A05H621. 
H. APPLICANT & PROJECT MANAGER CONTACT NAME & NUMBER.: MANAGER AL GRUSE 502-718-3264, DESIGNER PAUL ROSENBERGER 502-705-4502, EMAIL: paul.rosenberger@rtsassociates.net",Lane Closure,500 W JEFFERSON ST Unit 101,LOUISVILLE,KY,40202,-85.758678000002,38.254023000003,163,-9546612.36606454,4615373.15536303
PW-REP-26-02565,Louisville Gas and Electric,8/11/2026 4:00:00 AM,9/8/2026 4:00:00 AM,"LGE
WORK ON W ST CATHERINE ST 
BETWEEN S 6TH ST AND GARVIN PL
APPLICATION TO CLOSE WESTBOUND CURB LANE
APPLICATION TO REPAIR ELECTIC BOX 
NO CUTS TO RESTORE
PROJ / TASK: 14995060
PROJECT ENGINEER: JOSEPH DOWNS: JOSEPH.DOWNS@LGE-KU.COM: 502-364-8528
MARGARET KING: 502-364-8281
*** EMERGENCY REPAIR***",Lane Closure,523 W ST CATHERINE ST,LOUISVILLE,KY,40203,-85.761720168673,38.237419767142,164,-9546951.0187319,4613019.76837472
PW-REP-26-02558,Louisville Gas and Electric,8/11/2026 4:00:00 AM,9/7/2026 4:00:00 AM,"LGE 
WORK ON AIKEN ROAD
BETWEEN N ENGLISH STATION RD AND AVOCA RD
APPLICATION TO CLOSE WESTBOUND CURB LANE
APPLICATION TO PERFORM (1) 3'X5' DIRT CUT AND (1) 3'X5' ASPHALT CUT TO INSTALL GAS SERVICE
CUTS TO BE RESTORED BY LMPW RESTORATION POLICY 
PROJ/ TASK:419NBCS22
PROJECT ENGINEER: JOHN CARMICHAEL: JOHN.CARMICHAEL@LGE-KU.COM 502-333-1821
MARGARET KING: 502-364-8281","Excavation ,Lane Closure",13117 AIKEN RD,MIDDLETOWN,KY,40223,-85.510489908494,38.254002748671,165,-9518984.19409691,4615370.28455716
PW-REP-26-02573,LOUISVILLE WATER,8/12/2026 4:00:00 AM,9/11/2026 4:00:00 AM,"A) LWC
B) S 15TH ST
C) BETWEEN W.BRECKENRIDGE AND GARLAND AVE
D) STARTING ON THE EAST SIDE MOVING WEST ONE LANE AT A TIME UTILIZING FLAGGERS AND TRAFFIC CONTROL. THE ROAD WILL BE PLATED AND OPEN TO TRAFFIC AT THE END OF THE WORK SHIFT.
E) INSTALLING A FIRE SERVICE
ONE (1) 35X12 STREET CUT
ONE (1) 5X5 SIDEWALK CUT
F) RESTORATION PER LMPW UTILITY POLICY.ALL UTILITY MARKINGS WILL BE REMOVED FROM THE WORK AREA. THE RESTORATION PLAN IS ATTACHED.
G) LWC WORK ORDER: 26005744
H) PROJECT MANAGER CLAY ROBINSON CELL: 919-2861 EMAIL: CROBINSON@LOUISVILLEWATER.COM","Excavation ,Lane Closure",1405 GARLAND AVE,LOUISVILLE,KY,40210,-85.777459000002,38.24255327273,166,-9548703.05742112,4613747.34789342
PW-REP-26-02575,ATT SOUTHEAST,8/14/2026 4:00:00 AM,9/14/2026 4:00:00 AM,"A. COMPANY NAME: AT&T. 
B. ON WHAT STREET: CHAMBERLAIN LN 
C. BETWEEN WHAT STREETS: BROWNSBORO RD & VON ALLMEN CT. 
D. METRO ASSETS AFFECTED: CURB LANE & SIDEWALK CLOSURE. 
E. ACCESS MANHOLE FOR SPLICE WORK
F. RESTORATION: NO RESTORATION NEEDED. 
G. ADDITIONAL INFO AT&T: A05HL1M. 
H. APPLICANT & PROJECT MANAGER CONTACT NAME & NUMBER.: MANAGER AL GRUSE 502-718-3264, DESIGNER PAUL ROSENBERGER 502-705-4502, EMAIL: paul.rosenberger@rtsassociates.net",Lane Closure,9870 VON ALLMEN CT,LOUISVILLE,KY,40241,-85.568919009018,38.313225886855,167,-9525488.49181475,4623769.11267603
PW-REP-26-02571,Louisville Gas and Electric,8/12/2026 4:00:00 AM,9/9/2026 4:00:00 AM,"LGE
WORK ON WHARTON CT
BETWEEN BIRCHLINE BLVD AND DEAD END
APPLICATION TO CLOSE WESTBOUND CURB LANE
APPLICATION TO PERFORM (1) 3'X5' DIRT CUT TO REPAIR GAS LEAK. 
CUTS TO BE RESTORED BY LMPW UTILITY RESTORATION POLICY. 
PROJ/TASK: 419RRCS22, IN
PROJECT ENGINEER: LORI BOISVERT: LORI.BOISVERT@LGE-KU.COM:502-333-1883
MARGARET KING: 502-364-8281","Excavation ,Lane Closure",8703 WHARTON CT,LOUISVILLE,KY,40291,-85.598329867349,38.153463061227,168,-9528762.49358795,4601127.73736836
PW-REP-26-02572,Louisville Gas & Electric Company,8/12/2026 4:00:00 AM,9/9/2026 4:00:00 AM,"LGE
WORK ON REFLECTION DR
BETWEEN RUNIC WAY AND ROSETTE BLVD.
APPLICATION TO CLOSE NORTHBOUND CURB LANE.
APPLICATION TO PERFORM (1) 3'X5' DIRT CUT TO REPAIR GAS LEAK. 
CUTS TO BE RESTORED BY LMPW UTILITY RESTORATION POLICY. 
PROJ/TASK: 419RRCS22, IN
PROJECT ENGINEER: LORI BOISVERT: LORI.BOISVERT@LGE-KU.COM:502-333-1883
DEREK WILKINS: 502-364-8465","Excavation ,Lane Closure",5513 REFLECTION DR,LOUISVILLE,KY,40218,-85.669215482072,38.169682259981,169,-9536653.44412348,4603424.03454101
PW-REP-26-02582,ATT SE,8/12/2026 4:00:00 AM,9/30/2026 4:00:00 AM,"A. Company Name: AT&T SE
B. On What Street: 1024 S. 5th St. 40203
C. Between What Streets: Zane St and W. Kentucky St.
D. Metro Asset Affected: Curb lane, Verge.
E. Purpose: To place 85’ of buried FOC and flex via directional bore.
•	1 – 53”x53”x36” TPAD for FOC Cabinet
F. Restoration: Per Louisville Metro guidelines.
G. Additional Information: AT&T project # A05C809
H. Applicant and Project Manager: AT&T; Al Gruse (502) 718-3264. Designer: Cyient Inc.; Eric Fortune C.E. (469) 534-1046.","Excavation ,Lane Closure",1024 S 5TH ST,LOUISVILLE,KY,40203,-85.76066507143,38.238579000003,170,-9546833.56584407,4613184.06371267
PW-REP-26-02586,Merrick-Kemper,8/17/2026 4:00:00 AM,9/28/2026 4:00:00 AM,"A. MERRICK-KEMPER 
B. 500 S 4TH ST 
C. BETWEEN W MUHAMMAD ALI BLVD AND GUTHRIE ST 
D. CURB/PARKING LANE CLOSURE in front of the Seelbach ONLY WITH hanging SCAFFOLDING INSTALLED ABOVE. There will be no encroachment into the driving lane.
E. MERRICK-KEMPER IS USING A 150-FOOT LIFT TO REPAIR THE DAMAGED 10TH FLOOR CORNICE AT THE SEELBACH HOTEL PER THEIR REQUEST. LIFT WILL REMAIN ON SITE IN FRONT OF ALLEYWAY. 
F. THERE WILL BE NO DIGGING OR DAMAGE TO THE RIGHT OF WAY. IF ANY DAMAGE OCCURS TO THE SIDEWALK, A FULL SLAB WILL BE REPLACED. 
G. THIS WILL BE A 4-6 WEEK REPAIR JOB PLANNED STARTING ON MONDAY AUGUST 17, 2026 AND WE PLAN ON BEING FINISHED ON MONDAY SEPTEMBER 28, 2026 AT THE LATEST. HOURS WILL BE FROM 9AM-6PM, MONDAY-THURSDAY EACH WEEK PENDING APPROVAL FROM THE PUBLIC WORKS DEPT. METERS WILL BE BAGGED. WE WILL HAVE A LIST WATCH DURING THE ENTIRE PROCESS.
H. APPLICANT NAME: MERRICK-KEMPER 502-449-1234; PROJECT MGR: JOHN BERRY 502-608-0992; CONTRACTOR NAME: MERRICK KEMPER 502-449-1234",Lane Closure,500 S 4TH ST,LOUISVILLE,KY,40202,-85.757490000002,38.251143000003,171,-9546480.11850947,4614964.89786124
PW-REP-26-02589,Louisville Gas and Electric,8/13/2026 4:00:00 AM,11/30/2026 5:00:00 AM,"LGE 
WORK ON N 16TH ST
BETWEEN NORTHWESTERN PKWY AND NELLIGAN AVE
APPLICATON TO CLOSE NORTHBOUND CURB LANE
APPLICATON TO REPLACE (1) POLE
AREA AROUND POLES TO BE RESTORED BY LMPW RESTORATION POLICY
LINE TRANSFER AND POLE REMOVAL NOTIFICATION WILL BE HANDLED THROUGH NATIONAL JOINT UTILITIES 
PROJ/TASK: 25TPAOTH / 7754974101
PROJECT ENGINEER: AMBREEN QUERESHI: AMBREEN.QUERESHI@LGE-KU.COM: 502-333-1791
MARGARET KING: 502-364-8281
*** CONTUNATION OF PERMIT # PW-REP-26-01634*** WORK HAS NOT STARTED***",Lane Closure,1604 NORTHWESTERN PKY,LOUISVILLE,KY,40203,-85.773874559853,38.263744337018,172,-9548304.03936896,4616751.33346043
PW-REP-26-02595,ATT SOUTHEAST,8/15/2026 4:00:00 AM,9/15/2026 4:00:00 AM,"A. COMPANY NAME: AT&T. 
B. ON WHAT STREET: GOLDSMITH LN 
C. BETWEEN WHAT STREETS: HEATHER LN & BARDSTOWN RD. 
D. METRO ASSETS AFFECTED: DRIVING LANE & SIDEWALK CLOSURE. 
E. ACCESS MANHOLE AND POLE FOR SPLICE WORK. 
F. RESTORATION: NO RESTORATION NEEDED. G. ADDITIONAL INFO AT&T: A05HN1Y. 
H. APPLICANT & PROJECT MANAGER CONTACT NAME & NUMBER.: MANAGER AL GRUSE 502-718-3264, DESIGNER PAUL ROSENBERGER 502-705-4502, EMAIL: paul.rosenberger@rtsassociates.net",Lane Closure,2220 GOLDSMITH LN,LOUISVILLE,KY,40218,-85.668405901684,38.208844738588,173,-9536563.32204694,4608970.7246829
PW-REP-26-02584,Louisville Gas & Electric Company,8/13/2026 4:00:00 AM,9/10/2026 4:00:00 AM,"LGE
WORK ON IDLEWOOD LN
BETWEEN IDLEWOOD CT AND WALTLEE RD
APPLICATION TO CLOSE NORTHBOUND CURB LANE.
APPLICATION TO PERFORM (1) 3'X5' DIRT CUT TO REPAIR GAS LEAK.
CUTS TO BE RESTORED BY LMPW UTILITY RESTORATION POLICY. 
PROJ/TASK: 419RRCS22, IN
PROJECT ENGINEER: LORI BOISVERT: LORI.BOISVERT@LGE-KU.COM:502-333-1883
DEREK WILKINS: 502-364-8465","Excavation ,Lane Closure",5313 IDLEWOOD LN,LOUISVILLE,KY,40291,-85.583421124475,38.171288861699,174,-9527102.85992285,4603651.52333989
PW-REP-26-02591,Louisville Gas and Electric,8/13/2026 4:00:00 AM,11/30/2026 5:00:00 AM,"LGE
WORK ON 15TH ST
BETWEEN ROWAN ST AND LYTLE ST
APPLICATION TO CLOSE NORTHBOUND CURB LANE
APPLICATION TO REPLACE (2) POLES
AREA AROUND POLES TO BE RESTORED BY LMPW RESTORATION POLICY 
LINE TRANSFER AND POLE REMOVAL NOTIFICATION WILL BE HANDLED THROUGH NATIONAL JOINT UTILITIES NOTIFICATION SYSTEM (NJUNS)
PROJ/TASK: 25TPAOTH / 7754974101
PROJECT ENGINEER: AMBREEN QUERESHI: AMBREEN.QUERESHI@LGE-KU.COM: 502-333-1791
MARGARET KING: 502-364-8281
***CONTINUATION OF PERMIT # PW-REP-26-01633*** WORK HAS NOT STARTED***",Lane Closure,213 N 15TH ST,LOUISVILLE,KY,40203,-85.774415142859,38.260540285717,175,-9548364.21679392,4616297.07995888
PW-REP-26-02588,Louisville Gas & Electric Company,8/13/2026 4:00:00 AM,9/10/2026 4:00:00 AM,"LGE
WORK ON W MAIN ST
BETWEEN S 15TH ST AND S 13TH ST.
APPLICATION TO CLOSE SOUTHERNMOST WESTBOUND CURB LANE.
APPLICATION TO CLOSE SOUTHERNMOST SIDEWALK.
APPLICATION TO REPLACE (1) POLE.
AREA AROUND POLE TO BE REPLACED BY LMPW RESTORATION POLICY.
PROJ/TASK: 25TPAOTH / 7754974I01
PROJECT ENGINEER: AMBREEN QUERESHI: AMBREEN.QUERESHI@LGE-KU.COM: 502-333-1791
DEREK WILKINS: 502-364-8465","Excavation ,Lane Closure",1402 W MAIN ST,LOUISVILLE,KY,40203,-85.773133232732,38.258455451494,176,-9548221.51521134,4616001.5139127
PW-REP-26-02587,LOUISVILLE WATER COMPANY,8/13/2026 4:00:00 AM,9/11/2026 4:00:00 AM,"A.) LWC
B.) S. HANCOCK ST
C.) BETWEEN E JACOB ST AND LAMPTON ST
D.) CLOSING NORTH AND SOUTH BOUND LANES, WORKING ONE LANE AT A TIME, MOVING FROM EAST TO WEST CLOSING WEST SIDEWALK WITH USE OF FLAGGERS. 
E.) INSTALL NEW 3/4"" SERVICE
F.) RESTORATION PER LMPW UTILITY POLICY. ALL UTILITY MARKINGS WILL BE REMOVED FROM WORK AREA. RESTORATION PLAN ATTACHED.
G.) LWC WORK ORDER 26013967
H.) SUPERVISOR CLAY ROBINSON (502) 919-2861
EMAIL: CROBINSON@LOUISVILLEWATER.COM","Excavation ,Lane Closure",746 S HANCOCK ST,LOUISVILLE,KY,40203,-85.743972938797,38.242642100071,177,-9544975.40613911,4613759.93797911
PW-REP-26-02590,Louisville Gas and Electric,8/13/2026 4:00:00 AM,11/30/2026 5:00:00 AM,"LGE
WORK ON NORTHWESTERN PKWY 
BETWEEN N 16 ST AND N 18TH ST
APPLICATION TO CLOSE SOUTHBOUND CURB LANE
APPLICATION TO REPLACE (1) POLE
AREA AROUND POLES TO BE RESTORED BY LMPW RESTORATION POLICY
LINE TRANSFER AND POLE REMOVAL NOTIFICAITON WIL BE HANDLED THROUGH NATIONAL JOINT UTILITIES NOTIFICATION SYSTEM (NJUNS)
PROJ/TASK: 25TPAOTH / 7754974101
PROJECT ENGINEER: AMBREEN QUERESHI: AMBREEN.QUERESHI@LGE-KU.COM: 502-333-1791
MARGARET KING: 502-364-8281
***CONTINUATION OF PERMIT # PW-REP-26-01635*** WORK HAS NOT STARTED***",Lane Closure,1612 NORTHWESTERN PKY,LOUISVILLE,KY,40203,-85.773982401488,38.263837210377,178,-9548316.04424485,4616764.50085442
PW-REP-26-02603,ATT SOUTHEAST,8/16/2026 4:00:00 AM,9/16/2026 4:00:00 AM,"A. COMPANY NAME: AT&T. 
B. ON WHAT STREET: SMYRNA RD 
C. BETWEEN WHAT STREETS: OUTER LOOP & BRISCOE LN. 
D. METRO ASSETS AFFECTED: VERGE CLOSURE. 
E. ACCESS MANHOLE  FOR SPLICE WORK. 
F. RESTORATION: NO RESTORATION NEEDED. 
G. ADDITIONAL INFO AT&T: A05HLLT. 
H. APPLICANT & PROJECT MANAGER CONTACT NAME & NUMBER.: MANAGER AL GRUSE 502-718-3264, DESIGNER PAUL ROSENBERGER 502-705-4502, EMAIL: paul.rosenberger@rtsassociates.net",Lane Closure,6401 OUTER LOOP,LOUISVILLE,KY,40228,-85.641885000002,38.137959000003,179,-9533611.02877632,4598933.16596296
PW-REP-26-02604,ATT SOUTHEAST,8/16/2026 4:00:00 AM,9/25/2026 4:00:00 AM,"A. COMPANY NAME: AT&T. 
B. ON WHAT STREET: COOPER CHAPEL RD 
C. BETWEEN WHAT STREETS: PRESTON HWY & COOPER CROSSINGS DR. 
D. METRO ASSETS AFFECTED: DRIVING LANE CLOSURE. 
E. ACCESS MANHOLE AND POLE FOR SPLICE WORK. 
F. RESTORATION: NO RESTORATION NEEDED. 
G. ADDITIONAL INFO AT&T: A05G5C2. 
H. APPLICANT & PROJECT MANAGER CONTACT NAME & NUMBER.: MANAGER AL GRUSE 502-718-3264, DESIGNER PAUL ROSENBERGER 502-705-4502, EMAIL: paul.rosenberger@rtsassociates.net",Lane Closure,9900 PRESTON CROSSING BLVD,LOUISVILLE,KY,40229,-85.669002000002,38.108916000003,180,-9536629.67940816,4594823.43701781
PW-REP-26-02597,Louisville Gas and Electric,8/14/2026 4:00:00 AM,9/11/2026 4:00:00 AM,"LGE
WORK ON FERNDALE RD
BETWEEN RENATE RD AND BIRCHLINE BLVD
APPLICATION TO CLOSE EASTBOUND CURB LANE
APPLICATION TO PERFORM (1) 3'X5' DIRT CUT TO REPAIR GAS LEAK. 
CUTS TO BE RESTORED BY LMPW UTILITY RESTORATION POLICY. 
PROJ/TASK: 419RRCS22, IN
PROJECT ENGINEER: LORI BOISVERT: LORI.BOISVERT@LGE-KU.COM:502-333-1883
MARGARET KING: 502-364-8281","Excavation ,Lane Closure",8606 FERNDALE RD,LOUISVILLE,KY,40291,-85.600989340109,38.155574278345,181,-9529058.54474137,4601426.6123611
PW-REP-26-02600,Louisville Gas & Electric Company,8/14/2026 4:00:00 AM,9/11/2026 4:00:00 AM,"LGE
WORK ON CLARK STATION RD
BETWEEN SPOTSWOOD LN AND WIND DANCE DR.
APPLICATION TO CLOSE NORTHBOUND AND SOUTHBOUND CURB LANES, NOT CONCURRENTLY.
CUTS TO BE RESTORED BY LMPW RESTORATION POLICY.
PROJ/TASK: 
PROJECT ENGINEER: JOHN CARMICHAEL: JOHN.CARMICHAEL@LGE-KU.COM: 502-333-1929
DEREK WILKINS: 502-364-8465","Excavation ,Lane Closure",2121 CLARK STATION RD,LOUISVILLE,KY,40023,-85.419579931436,38.207813685664,182,-9508864.14174279,4608824.65557005
PW-REP-26-02598,Louisville Gas & Electric Company,8/13/2026 4:00:00 AM,9/10/2026 4:00:00 AM,"LGE
WORK ON OLD HEADY RD
BETWEEN DRY RIDGE RD AND CREEK VALLEY RD.
APPLICATION TO CLOSE WESTBOUND CURB LANE.
APPLICATION TO INSTALL (2) POLES AND REMOVE (1) POLE.
AREA AROUND POLE TO BE RESTORED BY LMPW RESTORATION POLICY.
PROJ/TASK: 15065564",Lane Closure,8101 OLD HEADY RD,LOUISVILLE,KY,40299,-85.439421000002,38.129130000003,183,-9511072.83939235,4597683.64558583
PW-REP-26-02612,ATT SOUTHEAST,8/21/2026 4:00:00 AM,9/21/2026 4:00:00 AM,"A. COMPANY NAME: AT&T. 
B. ON WHAT STREET: SHEPHERDSVILLE RD 
C. BETWEEN WHAT STREETS: APPLEGATE LN AND FAMOUS WAY. 
D. METRO ASSETS AFFECTED: DRIVING LANE CABLE. WORK WILL TAKE PLACE VIA MOBILE OPERATION; AERIAL CABLE WILL BE INSTALLED WHILE TRUCK ROLLS. 
E. ACCESS MANHOLE AND POLE LINE FOR SPLICE WORK. 
F. RESTORATION: NO RESTORATION NEEDED. 
G. ADDITIONAL INFO AT&T: A05HHWG. 
H. APPLICANT & PROJECT MANAGER CONTACT NAME & NUMBER.: MANAGER AL GRUSE 502-718-3264, DESIGNER PAUL ROSENBERGER 502-705-4502, EMAIL: paul.rosenberger@rtsassociates.net",Lane Closure,8015 SHEPHERDSVILLE RD,LOUISVILLE,KY,40219,-85.659475500002,38.132901000003,184,-9535569.19427912,4598217.31622445
PW-REP-26-02617,"HUTCHINS TELECOM SOLUTIONS, LLC",8/19/2026 4:00:00 AM,9/30/2026 4:00:00 AM,"A. SPECTRUM
B. (ON DISTRIBUTION DR)
C. (BETWEEN CANE RUN RD AND GREENBELT HWY)
D. (CURB LANE CLOSURE W/FLAGGERS)
E. (1 2'X2'_DIRT) 
F. TO INSTALL 265' OF FIBER OPTIC CABLE THROUGH BORING, AND 1 BORE PIT AT THE BASE OF THE POLE.
G. RESTORATION OF CUTS TO BE COMPLETED PER LMG OUTLINED UTILITY POLICY. RESTORATION PLAN ATTACHED.
H. NOTIFICATION PLAN ATTACHED.
I. PROPERTY OWNER NOTIFICATION ATTACHED.
J. (7301 Distribution Dr)
K. HUTCHINS TELECOM SOLUTIONS LLC PROJECT MANAGER - SCOTT HEUN - 610-212-7142
L. SPECTRUM CONSTRUCTION COORDINATOR - STEVEN MAY - 502-410-7919","Excavation ,Lane Closure",7400 DISTRIBUTION DR,LOUISVILLE,KY,40258,-85.89198742273,38.150767492757,185,-9561452.30312056,4600746.15110151
PW-REP-26-02616,Louisville Gas & Electric Company,8/24/2026 4:00:00 AM,9/21/2026 4:00:00 AM,"LGE
WORK ON CAWEIN WAY
BETWEEN STANTON BLVD AND ALLISON WAY.
APPLICATION TO CLOSE NORTHBOUND CURB LANE.
APPLICATION TO PERFORM OH ELECTRICAL WORK. 
NO CUTS TO BE RESTORED.
PROJ/TASK: CRELD340 / 6301532I01
PROJECT ENGINEER: RYAN LIU: RYAN.LIU@LGE-KU.COM: 502-333-1714
DEREK WILKINS: 502-364-8465
***CONTINUATION OF PERMIT #26-01627. WORK HAS NOT YET STARTED***",Lane Closure,3303 CAWEIN WAY,LOUISVILLE,KY,40220,-85.641274283787,38.215251548268,186,-9533543.04415824,4609878.42282736
PW-REP-26-02614,Louisville Gas & Electric Company,8/24/2026 4:00:00 AM,9/21/2026 4:00:00 AM,"LGE
WORK ON AINSLIE WAY
BETWEEN RADIANCE RD AND JOHNSTON WAY.
APPLICATION TO CLOSE NORTHBOUND CURB LANE.
APPLICATION TO PERFORM OH ELECTRICAL WORK. 
NO CUTS TO BE RESTORED.
PROJ/TASK: CRELD340 / 6301532I01
PROJECT ENGINEER: RYAN LIU: RYAN.LIU@LGE-KU.COM: 502-333-1714
DEREK WILKINS: 502-364-8465
***CONTINUATION OF PERMIT #26-01629. WORK HAS NOT YET STARTED***",Lane Closure,3203 AINSLIE WAY,LOUISVILLE,KY,40220,-85.646566209113,38.211593883647,187,-9534132.13859085,4609360.20576442
PW-REP-26-02613,LOUISVILLE WATER,8/17/2026 4:00:00 AM,9/11/2026 4:00:00 AM,"A) LWC
B) DEERWOOD AVE
C) BETWEEN BARDSTOWN RD AND FERNWOOD AVE
D) WORKING ONE LANE AT A TIME WORKING WEST TO EAST. FLAGGERS AND TRAFFIC CONTROL WILL BE UTILIZED. CLOSING THE SIDEWALK ON THE NORTHSIDE. THE ROAD WILL BE PLATED AND OPEN TO TRAFFIC AT THE END OF THE WORK SHIFT.
E) INSTALLING A WATER SERVICE
ONE (1) 5X5 STREET CUT
ONE (1) 5X5 SIDEWALK CUT
F) RESTORATION PER LMPW UTILITY POLICY. ALL UTILITY MARKINGS WILL BE REMOVED FROM THE WORK AREA.THE RESTORATION PLAN IS ATTACHED.
G) LWC WORK ORDER: 26010501
H) PROJECT MANAGER CLAY ROBINSON 502-919-2861 EMAIL CROBINSON@Louisvillewater.com","Excavation ,Lane Closure",1718 BARDSTOWN RD,LOUISVILLE,KY,40205,-85.702801500002,38.229570000003,188,-9540392.22253722,4611907.30831389
PW-REP-26-02615,Louisville Gas & Electric Company,8/24/2026 4:00:00 AM,9/21/2026 4:00:00 AM,"LGE
WORK ON NOE WAY
BETWEEN RADIANCE RD AND NOE CT.
APPLICATION TO CLOSE NORTHBOUND CURB LANE.
APPLICATION TO PERFORM OH ELECTRICAL WORK. 
NO CUTS TO BE RESTORED.
PROJ/TASK: CRELD340 / 6301531I01
PROJECT ENGINEER: RYAN LIU: RYAN.LIU@LGE-KU.COM: 502-333-1714
DEREK WILKINS: 502-364-8465
***CONTINUATION OF PERMIT #26-01630. WORK HAS NOT YET STARTED***",Lane Closure,3315 NOE WAY,LOUISVILLE,KY,40220,-85.642685944729,38.212228706039,189,-9533700.18953548,4609450.14538365
PW-REP-26-02608,Louisville Gas and Electric,8/17/2026 4:00:00 AM,9/14/2026 4:00:00 AM,"LGE 
WORK ON FERNDALE RD
BETWEEN BIRCHLINE BLVD AND RENATE RD
APPLICATION TO CLOSE WESTBOUND CURB LANE
APPLICATION TO PERFORM (1) 3'X5' DIRT CUT TO REPAIR GAS LEAK. 
CUTS TO BE RESTORED BY LMPW UTILITY RESTORATION POLICY. 
PROJ/TASK: 419RRCS22, IN
PROJECT ENGINEER: LORI BOISVERT: LORI.BOISVERT@LGE-KU.COM:502-333-1883
MARGARET KING: 502-364-8281","Excavation ,Lane Closure",8611 FERNDALE RD,LOUISVILLE,KY,40291,-85.600919345107,38.155572000003,190,-9529050.75293339,4601426.28982237
PW-REP-26-02611,Louisville Gas & Electric Company,8/24/2026 4:00:00 AM,9/21/2026 4:00:00 AM,"LGE
WORK ON FURMAN BLVD
BETWEEN STANTON BLVD AND ALLISON WAY.
APPLICATION TO CLOSE NORTHBOUND CURB LANE.
APPLICATION TO PERFORM OH ELECTRICAL WORK. 
NO CUTS TO BE RESTORED.
PROJ/TASK: CRELD340 / 6301532I01
PROJECT ENGINEER: RYAN LIU: RYAN.LIU@LGE-KU.COM: 502-333-1714
DEREK WILKINS: 502-364-8465
***CONTINUATION OF PERMIT #26-01628. WORK HAS NOT YET STARTED***",Lane Closure,3303 FURMAN BLVD,LOUISVILLE,KY,40220,-85.642066433616,38.214662729191,191,-9533631.22587384,4609794.99732008
PW-REP-26-02609,Louisville Gas and Electric,8/17/2026 4:00:00 AM,9/14/2026 4:00:00 AM,"LGE
WORK ON FLAT ROCK RD
BETWEEN HERITAGE RIDGE CT AND AIKEN RD
APPLICATION TO CLOSE WESTBOUND CURB LANE
APPLICATION TO PERFORM (1) 3'X5' DIRT CUT TO REPAIR GAS LEAK. 
CUTS TO BE RESTORED BY LMPW UTILITY RESTORATION POLICY. 
PROJ/TASK: 419RRCS22, IN
PROJECT ENGINEER: LORI BOISVERT: LORI.BOISVERT@LGE-KU.COM:502-333-1883
MARGARET KING: 502-364-8281","Excavation ,Lane Closure",2709 FLAT ROCK RD,LOUISVILLE,KY,40245,-85.453923856529,38.275440033112,192,-9512687.28999598,4618409.6576702
PW-REP-26-02622,ATT SOUTHEAST,8/20/2026 4:00:00 AM,9/20/2026 4:00:00 AM,"A. COMPANY NAME: AT&T. 
B. ON WHAT STREET: VAUGHN MILL RD 
C. BETWEEN WHAT STREETS: PEPPER MILL LN & FOX HOLLOW WAY 
D: METRO ASSETS AFFECTED: DRIVING LANE CLOSURE 
E. ACCESS POLES FOR SPLICE WORK. 
F. RESTORATION: NO RESTORATION NEEDED 
G. ADDITIONAL INFO AT&T: A05GTSS 
H. APPLICANT & PROJECT MANAGER CONTACT NAME & NUMBER.: MANAGER AL GRUSE 502-718-3264, DESIGNER PAUL ROSENBERGER 502-705-4502, EMAIL:   paul.rosenberger@rtsassociates.net",Lane Closure,7300 BRISCOE LN,LOUISVILLE,KY,40228,-85.627012500002,38.141019000003,193,-9531955.42964949,4599366.26640659
PW-REP-26-02625,Louisville Water Company,8/16/2026 4:00:00 AM,9/19/2026 4:00:00 AM,"A.)  LWC 
B.)  E Kentucky St 
C.)  Between S Clay St & S Shelby St 
D.)  Lane & Sidewalk Closure. Road will be plated and open to traffic at the end of work shifts. 
E.)  Lead Replacement Project
     One [1] pavement cut: 4' x 5'  
F.)  Restoration per LMPW utility policy. All utility markings will be removed from work area. Restoration plan attached.      
G.)  LWC Project 17326.04.
     Resident notification letters sent on 08/11/2026. 
     Notification Plan Attached
     Email notification sent to Metro Government.
H.)  Project Manager: Joseph Sloan (502) 213-8427. jsloan@louisvillewater.com
     Terry Likens (502) 762-3230
     Contractor (Southern Pipeline Construction).""","Excavation ,Lane Closure",735 E KENTUCKY ST,LOUISVILLE,KY,40203,-85.74216851834,38.237085104448,194,-9544774.53897266,4612972.33790805
PW-REP-26-02628,LOUISVILLE WATER COMPANY,8/12/2026 4:00:00 AM,11/14/2026 5:00:00 AM,"A.)  LWC 
B.)  SHEPHERDSVILLE RD 
C.)  BETWEEN COOPER AVE & MILES LN 
D.)  CLOSE ROAD.   ROAD WILL BE PLATED AND OPEN TO LOCAL TRAFFIC AT THE END OF WORK SHIFTS. 
E.)  WATER MAIN REPLACEMENT
     ONE [1] PAVEMENT CUT: 5' X 1338': EXCAVATION ONGOING FOR TIE-INS.  
F.)  RESTORATION PER LMPW UTILITY POLICY.  ALL UTILITY MARKINGS WILL BE REMOVED FROM WORK AREA. RESTORATION PLAN ATTACHED.
G.)  LWC PROJECT 16660
       SENT NOTIFICATION TO RESIDENTS  7 OR MORE DAYS PRIOR TO CONSTRUCTION. WORK WILL BEGIN WITHIN 30 DAYS OF NOTIFICATON.
       NOTIFICATION PLAN ATTACHED. EMAIL NOTIFICATION SENT TO JCPS, TARC, METRO GOVERNMENT, METROSAFE & 311.
     
       PERMIT IS A CONTINUATION OF PERMIT NO.:PW-REP-26-01719
     
H.)  PROJECT MANAGER: ERIC WALLS (502) 213-2037 (M) 502-333-4858. ewalls@louisvillewater.com
     INSPECTOR BILL BUEHNER (M) 502-438-4224.
      CONTRACTOR (MAC CONSTRUCTION).",Road Closure,1599 COOPER AVE,LOUISVILLE,KY,40219,-85.669183809921,38.12129495868,195,-9536649.91839576,4596574.92134062
PW-REP-26-02623,Louisville Gas & Electric Company,8/11/2026 4:00:00 AM,9/15/2026 4:00:00 AM,"LGE
WORK ON WESBORO RD
BETWEEN GREENLAWN RD AND HAYWARD RD.
APPLICATION TO CLOSE WESTBOUND AND EASTBOUND CURB LANES.
APPLICATION TO PERFORM (4) 3'X5' DIRT CUTS FOR EMERGENCY REPAIRS TO UG ELECTRICAL.
CUTS TO BE RESTORED BY LMPW RESTORATION POLICY.
PROJ/TASK: AROCBC343 / 7872555I01
PROJECT ENGINEER: JOSEPH DOWNS: JOSEPH.DOWNS@LGE-KU.COM: 502-364-8528
DEREK WILKINS: 502-364-8465
***CONTINUATION OF PERMIT # 26-01517. WORK IS HALFWAY DONE***",Lane Closure,7411 WESBORO RD,LOUISVILLE,KY,40242,-85.617401218415,38.283947199512,196,-9530885.50667736,4619616.05038921
PW-REP-26-02630,LOUISVILLE WATER COMPANY,8/19/2026 4:00:00 AM,9/11/2026 4:00:00 AM,"A.)  LWC 
B.)  S 40TH ST 
C.)  BETWEEN GARLAND AVE & W KENTUCKY ST 
D.)  CLOSE THE SOUTHBOUND CURB AND DRIVING LANE ON THE WEST SIDE OF S 40TH ST WITH USE FLAGGERS. CLOSE SIDEWALK ON THE WEST SIDE OF S 40TH ST AVE.  ROAD WILL BE PLATED AND OPEN TO TRAFFIC AT THE END OF WORK SHIFTS. 
E.)  INSTALL NEW WATER SERVICE
ONE [1] STREET CUT: 5' X 5'
ONE [1] SIDEWALK CUT: 5' X 5' 
F.)  RESTORATION PER LMPW UTILITY POLICY.  ALL UTILITY MARKINGS WILL BE REMOVED FROM WORK AREA. RESTORATION PLAN ATTACHED.
G.)  WORK ORDER NUMBER: 26003951
H.)  SUPERVISOR: CLAY ROBINSON (502) 919-2861 CROBINSON@LOUISVILLEWATER.COM","Excavation ,Lane Closure",4011 W KENTUCKY ST,LOUISVILLE,KY,40211,-85.818629276018,38.245322115433,197,-9553286.11158304,4614139.80149011
PW-REP-26-02643,7NT Engineering,8/24/2026 4:00:00 AM,10/30/2026 4:00:00 AM,"A. 7NT ENGINEERING 
B. OXMOOR LN 
C. BETWEEN BULLITT LN AND UPTON OXMOOR LN 
D. VERGE/GRASS 
E. SOIL BORING IN THE GRASS. THIS WORK CONSISTS OF GEOTECHNICAL INVESTIGATION ACTIVITIES WITHIN METRO-OWNED RIGHT-OF-WAY IN SUPPORT OF ENGINEERING DESIGN FOR THE OVERALL MSD PROJECT 
F. RESTORATION WILL BE PERFORMED CONSISTENTLY ACROSS ALL BORING LOCATIONS UPON COMPLETION OF EACH BORING. DISTURBED AREAS WILL BE PROPERLY BACKFILLED. GRADED TO MATCH EXISTING CONTOURS AND RESTORED IN KIND. SOIL AREAS WILL BE SEEDED AND STABILIZED AND PAVED SURFACES IMPACTED WILL BE RESTORED IN ACCORDANCE WITH METRO-OWNED STANDARDS. 
G. THE WORK WILL OCCUR WITHIN METRO-OWNED RIGHT-OF-WAY WITH THE INTENT OF AVOIDING IMPACTS TO VEHICULAR TRAFFIC, SIDEWALKS, AND PEDESTRIAN PATHS. STANDARD MUTCD-COMPLIANT MEASURES WILL BE UTILIZED. 
H. APPLICANT: SARAH SENNET, 937-684-0614; PROJECT MGR: CHARLE ANDERSON, 937-356-9799; CONTRACTOR NAME: 7NT ENGINEERING, 937-435-3200","Excavation ,Lane Closure",301 OXMOOR LN,LOUISVILLE,KY,40222,-85.612905000002,38.245284000003,198,-9530384.98993313,4614134.39893743
PW-REP-26-02637,Louisville Gas & Electric Company,8/19/2026 4:00:00 AM,9/16/2026 4:00:00 AM,"LGE
WORK ON LARCH CT
BETWEEN LANTANA DR AND DEAD END.
APPLICATION TO CLOSE EASTBOUND CURB LANE.
APPLICATION TO PERFORM (1) 3'X5' DIRT CUT TO REPAIR GAS LEAK. 
CUTS TO BE RESTORED BY LMPW UTILITY RESTORATION POLICY. 
PROJ/TASK: 419RRCS22, IN
PROJECT ENGINEER: LORI BOISVERT: LORI.BOISVERT@LGE-KU.COM:502-333-1883
DEREK WILKINS: 502-364-8465","Excavation ,Lane Closure",6506 LARCH CT,LOUISVILLE,KY,40229,-85.640657345245,38.115165770305,199,-9533474.3668739,4595707.67257081
PW-REP-26-02641,7NT Engineering,8/24/2026 4:00:00 AM,10/30/2026 4:00:00 AM,"A. 7NT ENGINEERING B. 101 BULLITT LN C. BETWEEN OXMOOR CT AND BUNSEN PKY D. VERGE/GRASS E. SOIL BORING IN THE GRASS. THIS WORK CONSISTS OF GEOTECHNICAL INVESTIGATION ACTIVITIES WITHIN METRO-OWNED RIGHT-OF-WAY IN SUPPORT OF ENGINEERING DESIGN FOR THE OVERALL MSD PROJECT F. RESTORATION WILL BE PERFORMED CONSISTENTLY ACROSS ALL BORING LOCATIONS UPON COMPLETION OF EACH BORING. DISTURBED AREAS WILL BE PROPERLY BACKFILLED. GRADED TO MATCH EXISTING CONTOURS AND RESTORED IN KIND. SOIL AREAS WILL BE SEEDED AND STABILIZED AND PAVED SURFACES IMPACTED WILL BE RESTORED IN ACCORDANCE WITH METRO-OWNED STANDARDS. G. THE WORK WILL OCCUR WITHIN METRO-OWNED RIGHT-OF-WAY WITH THE INTENT OF AVOIDING IMPACTS TO VEHICULAR TRAFFIC, SIDEWALKS, AND PEDESTRIAN PATHS. STANDARD MUTCD-COMPLIANT MEASURES WILL BE UTILIZED. H. APPLICANT: SARAH SENNET, 937-684-0614; PROJECT MGR: CHARLE ANDERSON, 937-356-9799; CONTRACTOR NAME: 7NT ENGINEERING, 937-435-3200","Excavation ,Lane Closure",101 BULLITT LN,LOUISVILLE,KY,40222,-85.613544000002,38.246841000003,200,-9530456.12308774,4614355.09334907
PW-REP-26-02645,VERO NETWORKS,9/6/2026 4:00:00 AM,11/1/2026 4:00:00 AM,"VERO NETWORKS (ON S 7TH ST) (BETWEEN W BURNETT AVE AND INDUSTRY RD) (CURB LANE CLOSURE W/FLAGGERS AND PEDESTRIAN DETOUR) TO INSTALL 2,064' OF PROPOSED FIBER OPTIC CABLE THROUGH OVERLASHING TO THE MCFERRAN PREPATORY ACADEMY AT 1900 S 7TH ST, LOUISVILLE, KY 40208. KYTC PERMIT NOT REQUIRED. RESTORATION PLAN ATTACHED. NOTIFICATION PLAN ATTACHED. PROPERTY OWNER NOTIFICATION ATTACHED. INTERSECTION TO BE CONTROLLED BY OFF DUTY POLICE OFFICER. TRAFFIC TO BE STOPPED FOR NO MORE THAN 15 MIN AT A TIME. (SG-25887-S 7TH ST_ Jefferson County KY) 

VERO NETWORKS PROJECT MANAGER - PAUL HORNICK - 609-221-3669 
HP COMMUNICATIONS, INC. PROJECT MANAGER - RUSTY BUSKIRK - 961-805-5552 
HP COMMUNICATIONS, INC. CONSTRUCTION MANAGER - MIKEY SIMS -951-603-6922",Lane Closure,1481 S 7TH ST,LOUISVILLE,KY,40208,-85.768853029414,38.227061647062,201,-9547745.04515749,4611551.85270474
PW-REP-26-02646,7NT Engineering,8/24/2026 4:00:00 AM,10/30/2026 4:00:00 AM,"A. 7NT ENGINEERING B. 6420 DUTCHMANS PKWY C. BETWEEN NEW DUTCHMANS PKWY AND NEW DUTCHMANS PKWY D. VERGE/GRASS E. SOIL BORING IN THE GRASS. THIS WORK CONSISTS OF GEOTECHNICAL INVESTIGATION ACTIVITIES WITHIN METRO-OWNED RIGHT-OF-WAY IN SUPPORT OF ENGINEERING DESIGN FOR THE OVERALL MSD PROJECT F. RESTORATION WILL BE PERFORMED CONSISTENTLY ACROSS ALL BORING LOCATIONS UPON COMPLETION OF EACH BORING. DISTURBED AREAS WILL BE PROPERLY BACKFILLED. GRADED TO MATCH EXISTING CONTOURS AND RESTORED IN KIND. SOIL AREAS WILL BE SEEDED AND STABILIZED AND PAVED SURFACES IMPACTED WILL BE RESTORED IN ACCORDANCE WITH METRO-OWNED STANDARDS. G. THE WORK WILL OCCUR WITHIN METRO-OWNED RIGHT-OF-WAY WITH THE INTENT OF AVOIDING IMPACTS TO VEHICULAR TRAFFIC, SIDEWALKS, AND PEDESTRIAN PATHS. STANDARD MUTCD-COMPLIANT MEASURES WILL BE UTILIZED. H. APPLICANT: SARAH SENNET, 937-684-0614; PROJECT MGR: CHARLE ANDERSON, 937-356-9799; CONTRACTOR NAME: 7NT ENGINEERING, 937-435-3200","Excavation ,Lane Closure",6420 DUTCHMANS PKY,ST MATTHEWS,KY,40205,-85.640913211939,38.230269468389,202,-9533502.84982398,4612006.43130409
PW-REP-26-02647,7NT Engineering,8/24/2026 4:00:00 AM,10/30/2026 4:00:00 AM,"A. 7NT ENGINEERING B. SHERBURN LN C. BETWEEN BOWLING BLVD AND SHERBURN LN D. VERGE/GRASS E. SOIL BORING IN THE GRASS. THIS WORK CONSISTS OF GEOTECHNICAL INVESTIGATION ACTIVITIES WITHIN METRO-OWNED RIGHT-OF-WAY IN SUPPORT OF ENGINEERING DESIGN FOR THE OVERALL MSD PROJECT F. RESTORATION WILL BE PERFORMED CONSISTENTLY ACROSS ALL BORING LOCATIONS UPON COMPLETION OF EACH BORING. DISTURBED AREAS WILL BE PROPERLY BACKFILLED. GRADED TO MATCH EXISTING CONTOURS AND RESTORED IN KIND. SOIL AREAS WILL BE SEEDED AND STABILIZED AND PAVED SURFACES IMPACTED WILL BE RESTORED IN ACCORDANCE WITH METRO-OWNED STANDARDS. G. THE WORK WILL OCCUR WITHIN METRO-OWNED RIGHT-OF-WAY WITH THE INTENT OF AVOIDING IMPACTS TO VEHICULAR TRAFFIC, SIDEWALKS, AND PEDESTRIAN PATHS. STANDARD MUTCD-COMPLIANT MEASURES WILL BE UTILIZED. H. APPLICANT: SARAH SENNET, 937-684-0614; PROJECT MGR: CHARLE ANDERSON, 937-356-9799; CONTRACTOR NAME: 7NT ENGINEERING, 937-435-3200","Excavation ,Lane Closure",5000 SHELBYVILLE RD,ST MATTHEWS,KY,40207,-85.625230500002,38.250423000003,203,-9531757.0583169,4614862.83601369
PW-REP-26-02642,7NT Engineering,8/24/2026 4:00:00 AM,10/30/2026 4:00:00 AM,"A. 7NT ENGINEERING B. DEAN DR LN C. BETWEEN FLORA AVE AND MEADOW DR D. VERGE/GRASS E. SOIL BORING IN THE GRASS. THIS WORK CONSISTS OF GEOTECHNICAL INVESTIGATION ACTIVITIES WITHIN METRO-OWNED RIGHT-OF-WAY IN SUPPORT OF ENGINEERING DESIGN FOR THE OVERALL MSD PROJECT F. RESTORATION WILL BE PERFORMED CONSISTENTLY ACROSS ALL BORING LOCATIONS UPON COMPLETION OF EACH BORING. DISTURBED AREAS WILL BE PROPERLY BACKFILLED. GRADED TO MATCH EXISTING CONTOURS AND RESTORED IN KIND. SOIL AREAS WILL BE SEEDED AND STABILIZED AND PAVED SURFACES IMPACTED WILL BE RESTORED IN ACCORDANCE WITH METRO-OWNED STANDARDS. G. THE WORK WILL OCCUR WITHIN METRO-OWNED RIGHT-OF-WAY WITH THE INTENT OF AVOIDING IMPACTS TO VEHICULAR TRAFFIC, SIDEWALKS, AND PEDESTRIAN PATHS. STANDARD MUTCD-COMPLIANT MEASURES WILL BE UTILIZED. H. APPLICANT: SARAH SENNET, 937-684-0614; PROJECT MGR: CHARLE ANDERSON, 937-356-9799; CONTRACTOR NAME: 7NT ENGINEERING, 937-435-3200","Excavation ,Lane Closure",3328 GOLDSMITH LN,LOUISVILLE,KY,40220,-85.655140875002,38.211511500003,204,-9535086.66603134,4609348.53396903
PW-REP-26-02638,Louisville Gas and Electric,8/19/2026 4:00:00 AM,9/16/2026 4:00:00 AM,"LGE
WORK ON MARY DELL LN
BETWEEN CHARLIE VETTINER PARK RD AND BILLTOWN RD
APPLICATION TO CLOSE NORTHBOUND CURB LANE
 APPLICATION TO PERFORM (1) 3'X5' DIRT CUT AND (1) 3'X5' ASPHALT CUT TO INSTALL GAS SERVICE CUTS TO BE RESTORED BY LMPW RESTORATION POLICY
PROJ / TASK: GCM-7913022 I01
PROJECT ENGINEER: ALEXANDER WELLS: ALEXANDER.WELLS@LGE-KU.COM: 502-333-1910
MARGARET KING: 502-364-8281","Excavation ,Lane Closure",10308 MARY DELL LN,LOUISVILLE,KY,40299,-85.567032682846,38.168645050328,205,-9525278.50694581,4603277.17219404
PW-REP-26-02640,VERO NETWORKS,9/6/2026 4:00:00 AM,11/1/2026 4:00:00 AM,"A. VERO NETWORKS
B. (ON S 5TH ST)
C. (BETWEEN W FAIRMONT AVE AND EXPRESSWAY AVE)
D. (CURB LANE CLOSURE W/FLAGGERS AND PEDESTRIAN DETOUR)
E. TO INSTALL 1,526' OF PROPOSED FIBER OPTIC CABLE THROUGH OVERLASHING ALONG S 5TH ST.
F. KYTC PERMIT NOT REQUIRED. RESTORATION PLAN ATTACHED.
G. NOTIFICATION PLAN ATTACHED.
H. PROPERTY OWNER NOTIFICATION ATTACHED.
I. (SG-26073_S 5TH ST_Jefferson_County_KY)

J. VERO NETWORKS PROJECT MANAGER -PAUL HORNICK - 609-221-3669
K. HP COMMUNICATIONS, INC. PROJECT MANAGER - RUSTY BUSKIRK - 961-805-5552
L. HP COMMUNICATIONS, INC. CONSTRUCTION MANAGER - MIKEY SIMS -951-603-6922",Lane Closure,4049 S 5TH ST,LOUISVILLE,KY,40214,-85.768375500002,38.194857000003,206,-9547691.8868265,4606989.26019086
PW-REP-26-02629,Louisville Gas and Electric,8/19/2026 4:00:00 AM,9/16/2026 4:00:00 AM,"LGE
WORK ON NELINDA MAY DR 
BETWEEN STEPHEN FOSTER AVE AND FAIRY BELLE CT
APPLICATION TO CLOSE SOUTHBOUND CURB LANE
APPLICATION TO PERFORM (1) 3'X5' DIRT CUT TO REPAIR GAS LEAK. 
CUTS TO BE RESTORED BY LMPW UTILITY RESTORATION POLICY. 
PROJ/TASK: 419RRCS22, IN
PROJECT ENGINEER: MIA CARMAN: MIA.CARMAN@LGE-KU.COM: 502-364-8242
MARGARET KING: 502-364-8281","Excavation ,Lane Closure",3513 NELINDA MAY DR,LOUISVILLE,KY,40213,-85.696152775636,38.171301364501,207,-9539652.08992638,4603653.29370959
PW-REP-26-02631,ATT SE,8/19/2026 4:00:00 AM,10/19/2026 4:00:00 AM,"A. Company Name: AT&T SE
B. On What Street: 412 W. Hill Street 40208 (Alley)
C. Between What Streets: West Magnola Ave. and West Gaulbert Ave.
D. Metro Asset Affected: Curb lane, Verge.
E. Purpose: To place 1,185’ of aerial FOC via mobile operation. FOC will be placed as truck moves. Placement across roads/intersections shall take no longer than 5 minutes. Temporary lane closure may occur with flaggers as mobile truck resets. Additionally:
•	252’ of buried FOC via directional bore.
•	300’ of UG FOC pulled through existing conduit.
F. Restoration: Per Louisville Metro guidelines.
G. Additional Information: AT&T project # A05CSFB
H. Applicant and Project Manager: AT&T; Al Gruse (502) 718-3264. Designer: Cyient Inc.; Eric Fortune C.E. (469) 534-1046.","Excavation ,Lane Closure",412 W HILL ST,LOUISVILLE,KY,40208,-85.762116275512,38.226028040819,208,-9546995.11314352,4611405.38520189
PW-REP-26-02649,Louisville Gas and Electric,8/20/2026 4:00:00 AM,9/17/2026 4:00:00 AM,"LGE GAS/ 6101 STRAWBERRY LN
LGE WORK ON STRAWBERRY LN 
BETWEEN ROCHESTER DR AND EILER AVE 
APPLICATION TO CLOSE SOUTHBOUND CURB LANE
APPLICATION TO PERFORM (1) 3'X800' ASPHALT CUT TO REPLACE GAS MAIN 
CUTS TO BE RESTORED BY LMPW RESTORATION POLICY PROJ/ TASK PROJ/TASK: 419CCSO22, I 
PROJECT ENGINEER: JAMES GEORGE:502.774.2869: JAMES.GEORGE@MILLERPIPELINE.COM MARGARET KING: 502-364-8281 ***CONTINUATION OF PERMIT #26-02467 WORK IS 90%% DONE.***","Excavation ,Lane Closure",6101 STRAWBERRY LN,LOUISVILLE,KY,40214,-85.752297000002,38.171664000003,209,-9545902.03639378,4603704.64224385
PW-REP-26-02650,Louisville Water Company,8/16/2026 4:00:00 AM,9/19/2026 4:00:00 AM,"A.)  LWC 
B.)  Rubel Ave 
C.)  Between Payne St & Rogers St 
D.)  Lane & Sidewalk Closure. Road will be plated and open to traffic at the end of work shifts. 
E.)  Lead Replacement Project
     One [1] pavement cut: 4' x 5'  
F.)  Restoration per LMPW utility policy. All utility markings will be removed from work area. Restoration plan attached.
G.)  LWC Project 17326.04.
     Resident notification letters sent on 08/11/2026. 
     Notification Plan Attached
     Email notification sent to Metro Government.   
H.)  Project Manager: Joseph Sloan (502) 213-8427. jsloan@louisvillewater.com
     Terry Likens (502) 762-3230
     Contractor (Southern Pipeline Construction).""","Excavation ,Lane Closure",632 RUBEL AVE,LOUISVILLE,KY,40204,-85.730143090911,38.244809454548,210,-9543435.87451469,4614067.13621006
PW-REP-26-02652,LOUISVILLE WATER COMPANY,8/23/2026 4:00:00 AM,9/26/2026 4:00:00 AM,"A.)  LWC 
B.)  Baxter Ave 
C.)  Between Christy Ave & Highland Ave 
D.)  Lane closure. Road will be plated and open to traffic at the end of work shifts. 
E.)  Lead Replacement Project
     One [1] pavement cut: 4' x 5' on sb travel lane of Baxter Ave. 
F.)  Restoration per LMPW utility policy. All utility markings will be removed from work area. Restoration plan attached.
G.)  LWC Project 17326.04.
     Resident notification letters sent on 08/13/2026.
     Notification Plan Attached  
     Email notification sent to Metro Government.
H.)  Project Manager: Joseph Sloan (502) 213-8427. jsloan@louisvillewater.com
     Terry Likens (502) 762-3230
     Contractor (Basham Construction).","Excavation ,Lane Closure",939 BAXTER AVE,LOUISVILLE,KY,40204,-85.725360000002,38.241589500003,211,-9542903.42327029,4613610.74700866
PW-REP-26-02655,Spirtas Wrecking Company,8/20/2026 4:00:00 AM,3/31/2027 4:00:00 AM,"A.	Spirtas Wrecking Company
B.	S 1st Street and Gray Street
C.	To the south of Gray Street between S Brook St and 1st St. And to the East of S 1st street between W Chestnut and W Broadway at 649 S 1st Street
D.	Sidewalk and parking lane on 1st street and the east bound travel and parking lanes of Gray St and the sidewalk on Gray St
E.	The purpose of the lane and sidewalk closures is to protect pedestrians and traffic from demolition processes used in the dismantling, wrecking, and removal of the structure at 649 First Street.
F.	N/A
G.	We will have gates to access the east bound lane of Gray Street and adjacent to the underside of I 65 overpass for jobsite trucking and deliveries. The gate will be manned with a flagger when it is open.
H.	Applicant : Spirtas Wrecking Company Project Manager: Will Gabel 515-808-8131 Business name Spirtas Wrecking Company 314-862-9800",Lane Closure,649 S 1ST ST,LOUISVILLE,KY,40202,-85.753192640627,38.246800781253,212,-9546001.73865209,4614349.39254883
PW-REP-26-02656,,8/16/2026 4:00:00 AM,9/19/2026 4:00:00 AM,"A.)  LWC 
B.)  Southern Pkwy 
C.)  Between W Kenton St & W Evelyn 
D.)  Lane & Sidewalk Closure. Road will be plated and open to traffic at the end of work shifts. 
E.)  Lead Replacement Project
     One [1] pavement cut: 4' x 5'  
F.)  Restoration per LMPW utility policy. All utility markings will be removed from work area. Restoration plan attached.
     
      
G.)  LWC Project 17326.04.
     Resident notification letters sent on 08/11/2026. 
     Notification Plan Attached
     
     Email notification sent to Metro Government.
     
     
H.)  Project Manager: Joseph Sloan (502) 213-8427. jsloan@louisvillewater.com
     Terry Likens (502) 762-3230
     Contractor (Southern Pipeline Construction).""",Lane Closure,3936 SOUTHERN PKY,LOUISVILLE,KY,40214,-85.766877563597,38.197635234598,213,-9547525.13730866,4607382.78695057
PW-REP-26-02660,Louisville Gas & Electric Company,8/21/2026 4:00:00 AM,9/19/2026 4:00:00 AM,"LGE
WORK ON DAWSON HILL RD
BETWEEN COPPERHEAD RD AND BARBET WAY.
APPLICATION TO CLOSE NORTHBOUND AND SOUTHBOUND CURB LANE, NOT CONCURRENTLY.
APPLICATION TO PERFORM (2) 3'X5' DIRT CUTS TO INSTALL UG ELECTRICAL.
CUTS TO BE RESTORED BY LMPW RESTORATION POLICY.
PROJ/TASK: ANBRD341U / 14973122I01
PROJECT ENGINEER: MICHAEL MACDONALD: MICHAEL.MACDONALD@LGE-KU.COM: 502-537-7081
DEREK WILKINS: 502-364-8465","Excavation ,Lane Closure",8401 DAWSON HILL RD,LOUISVILLE,KY,40299,-85.501901506984,38.119214976064,214,-9518028.13761409,4596280.60629143
PW-REP-26-02666,Louisville Gas and Electric,8/21/2026 4:00:00 AM,9/18/2026 4:00:00 AM,"LGE
WORK ON BRIDWELL DR
BETWEEN CANE RUN RD AND KAUFMAN LN
APPLICATION TO CLOSE WESTBOUND CURB LANE
APPLICATION TO PERFORM (1)3'X100' ASPHALT CUT TO INSTALL GAS MANE
CUTS TO BE RESTORED BY LMPW RESTORATION POLICY 
PROJ/TASK: 406CGME22/7902211I01
PROJECT ENGINEER: BRADLEY ZEITZ: BRADLEY.ZEITZ@LGE-KU.COM: 502-364-8368
MARGARET KING: 502-364-8281","Excavation ,Lane Closure",3306 BRIDWELL DR,LOUISVILLE,KY,40216,-85.859438577447,38.17994348267,215,-9557828.98223775,4604877.07159944
PW-REP-26-02667,7NT Engineering,8/24/2026 4:00:00 AM,10/30/2026 4:00:00 AM,"A. 7NT ENGINEERING B. BROWNS LN C. BETWEEN SHERBURN LN AND KRESGE WAY/BOWLING BLVD D. VERGE/GRASS E. SOIL BORING IN THE GRASS. THIS WORK CONSISTS OF GEOTECHNICAL INVESTIGATION ACTIVITIES WITHIN METRO-OWNED RIGHT-OF-WAY IN SUPPORT OF ENGINEERING DESIGN FOR THE OVERALL MSD PROJECT F. RESTORATION WILL BE PERFORMED CONSISTENTLY ACROSS ALL BORING LOCATIONS UPON COMPLETION OF EACH BORING. DISTURBED AREAS WILL BE PROPERLY BACKFILLED. GRADED TO MATCH EXISTING CONTOURS AND RESTORED IN KIND. SOIL AREAS WILL BE SEEDED AND STABILIZED AND PAVED SURFACES IMPACTED WILL BE RESTORED IN ACCORDANCE WITH METRO-OWNED STANDARDS. G. THE WORK WILL OCCUR WITHIN METRO-OWNED RIGHT-OF-WAY WITH THE INTENT OF AVOIDING IMPACTS TO VEHICULAR TRAFFIC, SIDEWALKS, AND PEDESTRIAN PATHS. STANDARD MUTCD-COMPLIANT MEASURES WILL BE UTILIZED. H. APPLICANT: SARAH SENNET, 937-684-0614; PROJECT MGR: CHARLE ANDERSON, 937-356-9799; CONTRACTOR NAME: 7NT ENGINEERING, 937-435-3200",Excavation,400 MALLARD CREEK RD,ST MATTHEWS,KY,40207,-85.631245248379,38.239852275255,216,-9532426.61704348,4613364.52502826
PW-REP-26-02670,7NT Engineering,8/24/2026 4:00:00 AM,9/25/2026 4:00:00 AM,"A. 7NT ENGINEERING B. 2801 RIO RITA AVE C. BETWEEN GOLDSMITH LN AND BOAIRES LN/TALISMAN RD D. VERGE/GRASS E. SOIL BORING IN THE GRASS. THIS WORK CONSISTS OF GEOTECHNICAL INVESTIGATION ACTIVITIES WITHIN METRO-OWNED RIGHT-OF-WAY IN SUPPORT OF ENGINEERING DESIGN FOR THE OVERALL MSD PROJECT F. RESTORATION WILL BE PERFORMED CONSISTENTLY ACROSS ALL BORING LOCATIONS UPON COMPLETION OF EACH BORING. DISTURBED AREAS WILL BE PROPERLY BACKFILLED. GRADED TO MATCH EXISTING CONTOURS AND RESTORED IN KIND. SOIL AREAS WILL BE SEEDED AND STABILIZED AND PAVED SURFACES IMPACTED WILL BE RESTORED IN ACCORDANCE WITH METRO-OWNED STANDARDS. G. THE WORK WILL OCCUR WITHIN METRO-OWNED RIGHT-OF-WAY WITH THE INTENT OF AVOIDING IMPACTS TO VEHICULAR TRAFFIC, SIDEWALKS, AND PEDESTRIAN PATHS. STANDARD MUTCD-COMPLIANT MEASURES WILL BE UTILIZED. H. APPLICANT: SARAH SENNET, 937-684-0614; PROJECT MGR: CHARLE ANDERSON, 937-356-9799; CONTRACTOR NAME: 7NT ENGINEERING, 937-435-3200","Excavation ,Lane Closure",2801 RIO RITA AVE,LOUISVILLE,KY,40220,-85.653481500002,38.209455000003,217,-9534901.9452513,4609057.18130066
PW-REP-26-02665,Louisville Water Company,8/23/2026 4:00:00 AM,9/12/2026 4:00:00 AM,"A.)  LWC  
B.)  S 3rd Street 
C.)  Btwn W Florence Ave & W Collins Ct 
D.)  Road Closure.  
E.)  Mill & Paving
     Close NB 3rd St from W Florence Ave to W Collins Ct for Mill & Paving.  
F.)  Restoration per LMPW utility policy. All utility markings will be removed from work area at completion of work.
G.) Resident notification letters sent on 08/12/2026
     Notification plan attached     
H.)  Project Manager: Jacob Clark (M) 502-533-5042
       Contractor: Hall Paving",Road Closure,4354 S 3RD ST,LOUISVILLE,KY,40214,-85.764915871128,38.192081814076,218,-9547306.76270192,4606596.18025198
