X,Y,OBJECTID,UNITID,SIGID,MAINSTREET,CROSSSTREET,OWNER2,ROUTE,MILEPOINT,DESCRIPTION,TIMES,OWNER,TYPE,INTID,ATMSID
1281754.0,283064.3125,1,MPW017206,SIG017206,OLD HENRY,I 265 RAMP,S,KY-3084,1.25,OLD HENRY @ I 265 RAMP,24 HOURS,KYTC,1,   76747569996,
1281857.0,272485.625,2,MPW017211,SIG017211,SHELBYVILLE,BECKLEY WOODS,S,US 60,12.291,SHELBYVILLE @ BECKLEY WOODS,24 HOURS,KYTC,1,   78959406728,
1283267.27,272076.037499994,3,MPW017290,SIG017290,SHELBYVILLE,LAKE FOREST,S,US-60,12.58,SHELBYVILLE @ LAKE FOREST,24 HOURS,KYTC,1,  123759407630,
1261619.0,298048.03125,4,MPW015159,SIG015159,BROWNSBORO,I 265 RAMP,S,KY-22,3.7,BROWNSBORO @ I 265 RAMP,24 HOURS,KYTC,1,  143907249996,
1244902,288428,5,MPW011726,SIG011726,HERR,LIME KILN,S,KY-22,0.44,HERR @ LIME KILN,24 HOURS,KYTC,1,  184229013860,
1243600.5,288437.65625,6,MPW011500,SIG011500,U S HIGHWAY 42,HOLIDAY MANOR,S,US-42,6.13,U S HIGHWAY 42 @ HOLIDAY MANOR,24 HOURS,KYTC,1,  187067127686,
1251698.875,279133.875,7,MPW013156,SIG013156,LYNDON,NEW LA GRANGE,S,KY-146,0.98,LYNDON @ NEW LA GRANGE,24 HOURS,KYTC,1,  235327744625,
1244134.48375,276386.787499994,8,MPW011581,SIG011581,BRAMTON,SHELBYVILLE,S,US-60,4.95,BRAMTON @ SHELBYVILLE,24 HOURS,KYTC,1,  262606465940,
1244654.25,276331.5625,9,MPW011670,SIG011670,STONEHENGE,SHELBYVILLE,S,US-60,5.05,STONEHENGE @ SHELBYVILLE,24 HOURS,KYTC,1,  263000555940,
1242350.125,276605.125,10,MPW011296,SIG011296,FAIRMEADE,SHELBYVILLE,S,US-60,4.61,FAIRMEADE @ SHELBYVILLE,24 HOURS,KYTC,1,  264621205940,
1232937.5,266380.75,11,MPW009450,SIG009450,BON AIR,PEE WEE REESE,S,KY-155,15.652,BON AIR @ PEE WEE REESE,24 HOURS,KYTC,1,  312405959397,
1247228.875,266177.9375,12,MPW012210,SIG012210,BROWNS,LOWE,M,,,BROWNS @ LOWE,24 HOURS,METRO,1,  313107233967,
1244550.25,265148.875,13,MPW011654,SIG011654,TAYLORSVILLE,YORKSHIRE,S,KY-155,13.442,TAYLORSVILLE @ YORKSHIRE,24 HOURS,KYTC,1,  318763947434,
1245179.125,265087.375,14,MPW011780,SIG011780,BROWNS,HIKES,S,KY-155,13.314,BROWNS @ HIKES,24 HOURS,KYTC,1,  319207232930,
1231761.5,262657.96875,15,MPW009242,SIG009242,BARDSTOWN,GARDINER,S,US-31E,12.133,BARDSTOWN @ GARDINER,24 HOURS,KYTC,1,  338103842479,
1252379.375,292509.25,16,MPW013311,SIG013311,BROWNSBORO,BARBOUR,S,KY-22,1.71,BROWNSBORO @ BARBOUR,24 HOURS,KYTC,1,  428707248262,
1260113.25,280572.40625,17,MPW014859,SIG014859,ORMSBY STATION,HURSTBOURNE,S,KY-1747,14.76,ORMSBY STATION @ HURSTBOURNE,24 HOURS,KYTC,1,  448089749125,
1242946.75,287525.3125,18,MPW011392,SIG011392,BROWNSBORO,NORTHFIELD,S,US-42,5.92,BROWNSBORO @ NORTHFIELD,24 HOURS,KYTC,1,  459007243105,
1270123.48875,263665.296250001,19,MPW016351,SIG016351,BLUEGRASS,BLANKENBAKER,S,KY-913,2.26,BLUEGRASS @ BLANKENBAKER,24 HOURS,KYTC,1,  487305747624,
1253308.5,264367.3125,20,MPW013501,SIG013501,BLOWING TREE,TAYLORSVILLE,S,KY-155,11.79,BLOWING TREE @ TAYLORSVILLE,24 HOURS,KYTC,1,  591905636394,
1269960.375,266682.875,21,MPW016337,SIG016337,BLANKENBAKER,I 64 RAMP,S,KY-913,2.85,BLANKENBAKER @ I 64 RAMP,24 HOURS,KYTC,1,  515176249997,
1236857.625,277255.15625,22,MPW010182,SIG010182,BRECKENRIDGE,CHENOWETH,S,US-60,3.54,BRECKENRIDGE @ CHENOWETH,24 HOURS,KYTC,1,  518306561093,
1254573.0,257179.78125,23,MPW013764,SIG013764,SIX MILE,STONY BROOK,M,,,SIX MILE @ STONY BROOK,24 HOURS,METRO,1,  573360058946,
1251587.75,257247.84375,24,MPW013130,SIG013130,SIX MILE,HURSTBOURNE,S,KY-1747,9.58,SIX MILE @ HURSTBOURNE,24 HOURS,KYTC,1,  575160059126,
1242817.125,266712.4375,25,MPW011371,SIG011371,DEEBET,HILLBROOK,S,KY-1932,3.21,DEEBET @ HILLBROOK,24 HOURS,KYTC,1,  622916302765,
1259675.625,268081.001249999,26,MPW014758,SIG014758,TIMBERWOOD,LINN STATION,JT,,,TIMBERWOOD @ LINN STATION,24 HOURS,JEFFERSONTOWN,1,  658524454096,
1259035.15125,267476.097499996,27,MPW014632,SIG014632,HURSTBOURNE,BLAIRWOOD,S,KY-1747,12.16,HURSTBOURNE @ BLAIRWOOD,24 HOURS,KYTC,1,670491260875,
1258904.375,266885.25,28,MPW014608,SIG014608,BLAIRWOOD ACCESS,HURSTBOURNE,S,KY-146,7.847,BLAIRWOOD ACCESS @ HURSTBOURNE,24 HOURS,KYTC,1,6711D2639126,
1259910.875,295467.03125,29,MPW014813,SIG014813,SPRINGHURST,SPRINGBROOKE,S,KY-1747,18.27,SPRINGHURST @ SPRINGBROOKE,24 HOURS,KYTC,1,  705491239124,
1260113.25,296596.376249999,30,MPW014860,SIG014860,BROWNSBORO,SUMMIT PLAZA,S,KY-22,3.47,BROWNSBORO @ SUMMIT PLAZA,24 HOURS,KYTC,1,  72110724D626,
1264169.68125001,299671.932500005,31,MPW015642,SIG015642,BALLARDSVILLE,NEW CHAMBERLAIN,S,KY-22,4.42,BALLARDSVILLE @ NEW CHAMBERLAIN,24 HOURS,KYTC,1,  77720364D473,
1233070.09999999,258536.207499996,32,MPW009466,SIG009466,ADELE,BASHFORD MANOR,M,,,ADELE @ BASHFORD MANOR,24 HOURS,METRO,1,  778802760404,
1232282.0,258040.436250001,33,MPW009330,SIG009330,BASHFORD MANOR,MAYO,M,,,BASHFORD MANOR @ MAYO,24 HOURS,METRO,1,  780004044270,
1235053.75,242073.78125,34,MPW009873,SIG009873,FERN VALLEY,SHEPHERDSVILLE,S,KY-2052,1.21,FERN VALLEY @ SHEPHERDSVILLE,24 HOURS,KYTC,1,2,
1260689.25,251392.53125,35,MPW014972,SIG014972,BILLTOWN,MICHAELE,S,KY-1819,8.36,BILLTOWN @ MICHAELE,24 HOURS,KYTC,1,  863401887588,
1266771.33125,239525.71875,36,MPW015978,SIG015978,BILLTOWN,GELLHAUS,S,KY-1819,5.53,BILLTOWN @ GELLHAUS,24 HOURS,KYTC,1, 1051401882506,
1250844.875,246474.173749998,37,MPW012965,SIG012965,BARDSTOWN,HURSTBOURNE,S,US-31E,7.25,BARDSTOWN @ HURSTBOURNE,24 HOURS,KYTC,1, 1141203849126,
1256510.125,237736.547499999,38,MPW014147,SIG014147,BARDSTOWN,BROOKRIDGE VILLAGE,S,US-31E,5.18,BARDSTOWN @ BROOKRIDGE VILLAGE,24 HOURS,KYTC,1, 115450384D372,
1256261.625,238417.0,39,MPW014096,SIG014096,BARDSTOWN,CEDARLOOK,S,US-31E,5.33,BARDSTOWN @ CEDARLOOK,24 HOURS,KYTC,1, 1157403841459,
1262957.60375001,255985.432500005,40,MPW015440,SIG015440,OLD TAYLORSVILLE,SHELBY,JT,,,OLD TAYLORSVILLE @ SHELBY,24 HOURS,JEFFERSONTOWN,1, 1169648495935,
1208630.75,263674.75,41,MPW005886,SIG005886,UNIVERSITY,I 65 RAMP,S,I-65,0.241,UNIVERSITY @ I 65 RAMP,24 HOURS,KYTC,1,12154F2719998,
1224414.625,286348.78125,42,MPW008014,SIG008014,ZORN,RIVER,M,,,ZORN @ RIVER,24 HOURS,METRO,1, 1216875538199,
1201123.75,279608.625,43,MPW004434,SIG004434,18TH,MARKET,S,US 31W,20.554,18TH @ MARKET,24 HOURS,KYTC,1, 1267418834214,
1202073.625,279458.1875,44,MPW004668,SIG004668,MARKET,16TH,S,US 31W,20.735,MARKET @ 16TH,24 HOURS,KYTC,1, 1269742146007,
1216913.875,279174.9375,45,MPW007051,SIG007051,ADAMS,STORY,S,US-42,0.455,ADAMS @ STORY,24 HOURS,KYTC,1, 1273200166183,
1196998.25,278731.4375,46,MPW003520,SIG003520,26TH,MUHAMMAD ALI,M,,,26TH @ MUHAMMAD ALI,24 HOURS,METRO,1, 1277965847012,
1205123.625,274083.0,47,MPW005334,SIG005334,BRECKINRIDGE,8TH,M,,,BRECKINRIDGE @ 8TH,24 HOURS,METRO,1, 1318106581885,
1205597.0,274015.25,48,MPW005436,SIG005436,BRECKINRIDGE,7TH,M,,,BRECKINRIDGE @ 7TH,24 HOURS,METRO,1, 1319506585899,
1207792,272495,49,MPW005792,SIG005792,KENTUCKY,2ND,S,KY-1020,11.595,KENTUCKY @ 2ND,24 HOURS,KYTC,1, 1331035325872,
1193179.25,272298.9375,50,MPW002849,SIG002849,DUMESNIL,32ND,M,,,DUMESNIL @ 32ND,24 HOURS,METRO,1, 1332616986456,
1199039.25,272217.0,51,MPW003972,SIG003972,DIXIE,OAK,M,,,DIXIE @ OAK,24 HOURS,METRO,1, 1333716124719,
1195085.25,272051.125,52,MPW003124,SIG003124,DUMESNIL,28TH,M,,,DUMESNIL @ 28TH,24 HOURS,METRO,1, 1335416986570,
1201450.625,271899.0625,53,MPW004512,SIG004512,15TH,OAK,M,,,15TH @ OAK,24 HOURS,METRO,1, 1336922044719,
1209232.0,271707.5,54,MPW006004,SIG006004,FLOYD,ST CATHERINE,M,,,FLOYD @ ST CATHERINE,24 HOURS,METRO,1, 1339222545785,
1212459.0,270466.875,55,MPW006493,SIG006493,LOGAN,OAK,S,KY-864,14.615,LOGAN @ OAK,24 HOURS,KYTC,1, 1352039214718,
1207451.25,270309.5,56,MPW005748,SIG005748,ORMSBY,2ND,S,KY-1020,11.172,ORMSBY @ 2ND,24 HOURS,KYTC,1, 1353748035872,
1206290.75,269089.6875,57,MPW005560,SIG005560,4TH,MAGNOLIA,M,,,4TH @ MAGNOLIA,24 HOURS,METRO,1, 1365723054130,
1197919.5,268917.5625,58,MPW003747,SIG003747,DIXIE,HILL,M,,,DIXIE @ HILL,24 HOURS,METRO,1, 1367216122934,
1207535.5,267728.938749999,59,MPW005761,SIG005761,1ST,HILL,M,,,1ST @ HILL,24 HOURS,METRO,1, 1377622232933,
1224902.125,267538.25,60,MPW008105,SIG008105,BARDSTOWN,BOULEVARD NAPOLEON,S,US-31E,13.799,BARDSTOWN @ BOULEVARD NAPOLEON,24 HOURS,KYTC,1, 1379703840617,
1206038.875,267470.625,61,MPW005520,SIG005520,4TH,GAULBERT,M,,,4TH @ GAULBERT,24 HOURS,METRO,1, 1380523052499,
1221939.25,267360.25,62,MPW007660,SIG007660,NORRIS,SPEED,M,,,NORRIS @ SPEED,24 HOURS,METRO,1, 1382445916082,
1215221.375,267062.625,63,MPW006866,SIG006866,EASTERN,GOSS,S,US-60,5.522,EASTERN @ GOSS,24 HOURS,KYTC,1, 1385718352592,
1202110.84625,266248.767499998,64,MPW004673,SIG004673,INDUSTRY,7TH,M,,,INDUSTRY @ 7TH,24 HOURS,METRO,1, 1396631615899,
1205816.75,266035.6875,65,MPW005480,SIG005480,4TH,CARDINAL,M,,,4TH @ CARDINAL,24 HOURS,METRO,1, 1398423053344,
1201627.28874999,265863.099999994,66,MPW004565,SIG004565,ALGONQUIN,7TH,S,KY-2054,2.519,ALGONQUIN @ 7TH,24 HOURS,KYTC,1, 1401800615899,
1189945.0,264367.75,67,MPW002319,SIG002319,CAMP GROUND,MILLERS,S,KY-1934,10.12,CAMP GROUND @ MILLERS,24 HOURS,KYTC,1, 1413709254388,
1217199.5,263397.375,68,MPW007082,SIG007082,MCKINLEY,AUDUBON PLAZA,S,KY-864,12.901,MCKINLEY @ AUDUBON PLAZA,24 HOURS,KYTC,1, 1424842928241,
1205302.625,262726.876249999,69,MPW005360,SIG005360,4TH,MONTANA,M,,,4TH @ MONTANA,24 HOURS,METRO,1, 1434023054437,
1205227.875,262253.0625,70,MPW005350,SIG005350,4TH,WINKLER,S,US-60,3.072,4TH @ WINKLER,24 HOURS,KYTC,1, 1440423057237,
1209190.95125,259492.391249999,71,MPW005992,SIG005992,CENTRAL,CRITTENDEN,S,KY-1631,1.038,CENTRAL @ CRITTENDEN,24 HOURS,KYTC,1, 1473210411342,
1276130.125,273262.625,72,MPW016924,SIG016924,AIKEN,SHELBYVILLE,S,US-60,11.2,AIKEN @ SHELBYVILLE,24 HOURS,KYTC,1,   31800325940,
1284760.875,271467.625,73,MPW017372,SIG017372,SHELBYVILLE,BECKLEY STATION,S,US-60,12.9,SHELBYVILLE @ BECKLEY STATION,24 HOURS,KYTC,1,   49459409983,
1279941.0,292701.09375,74,MPW017116,SIG017116,LA GRANGE,WESTPORT,S,KY-1447,9.24,LA GRANGE @ WESTPORT,24 HOURS,KYTC,1,   92637077132,
1242668.25,287193.375,75,MPW011345,SIG011345,BROWNSBORO,I 264 RAMP,S,US-42,5.8,BROWNSBORO @ I 264 RAMP,24 HOURS,KYTC,1,  127507249995,
1239305.5,265636.655000001,76,MPW010680,SIG010680,FURMAN,I 264 RAMP,S,KY-155,14.44,FURMAN @ I 264 RAMP,24 HOURS,KYTC,1,  128323499995,
1234913.5,277483.5,77,MPW009839,SIG009839,BAUER,MASONIC HOME,S,US-60,3.185,BAUER @ MASONIC HOME,24 HOURS,KYTC,1,  252604157657,
1237669.5,277156.25,78,MPW010357,SIG010357,SHELBYVILLE,WILLIS,S,US-60,3.7,SHELBYVILLE @ WILLIS,24 HOURS,KYTC,1,  256359407199,
1235270.25,276840.125,79,MPW009914,SIG009914,BAUER,LEXINGTON,S,US-60,10.339,BAUER @ LEXINGTON,24 HOURS,KYTC,1,  257604153838,
1260119.32625,289176.536249995,80,MPW014742,SIG014742,WESTPORT RD,WESTPORT CIR,S,KY-1447,5.1,WESTPORT RD @ WESTPORT CIR,24 HOURS,KYTC,1,  181871327354,
1239826.25,284972.875,81,MPW010785,SIG010785,BLANKENBAKER,BROWNSBORO,S,US-42,5.15,BLANKENBAKER @ BROWNSBORO,24 HOURS,KYTC,1,  203305490724,
1232749.3,281635.957499996,82,MPW009415,SIG009415,BROWNSBORO,COUNTRY,S,US-42,3.66,BROWNSBORO @ COUNTRY,24 HOURS,KYTC,1,  221407241300,
1240921.30875,279828.256249994,83,MPW011019,SIG011019,HUBBARDS,WESTPORT,S,KY-1447,0.93,HUBBARDS @ WESTPORT,24 HOURS,KYTC,1,  230130077132,
1269910.625,274468.0,84,MPW000218,SIG000218,SHELBYVILLE,MADISON,S,US-60,9.68,SHELBYVILLE @ MADISON,24 HOURS,KYTC,1,  274059409985,
1257892.25,265060.6875,85,MPW014418,SIG014418,HURSTBOURNE,I 64 RAMP,S,KY-1747,11.68,HURSTBOURNE @ I 64 RAMP,24 HOURS,KYTC,1,  319391269997,
1233968.5,259096.4375,86,MPW009633,SIG009633,BARDSTOWN,BASHFORD MANOR,S,US-31E,11.343,BARDSTOWN @ BASHFORD MANOR,24 HOURS,KYTC,1,  373503840404,
1245253.75,256989.5,87,MPW011795,SIG011795,BRECKENRIDGE,SIX MILE,S,KY-1932,1.13,BRECKENRIDGE @ SIX MILE,24 HOURS,KYTC,1,  391606566005,
1269737.0,293679.25,88,MPW016311,SIG016311,CHAMBERLAIN,WESTPORT,S,KY-1447,7.04,CHAMBERLAIN @ WESTPORT,24 HOURS,KYTC,1,  418910537132,
1258906.125,282295.90625,89,MPW014610,SIG014610,NEW LA GRANGE,WHIPPS MILL,S,KY-146,3.96,NEW LA GRANGE @ WHIPPS MILL,24 HOURS,KYTC,1,  445646257158,
1241977.25,286488.5,90,MPW011230,SIG011230,BROWNSBORO,RUDY,S,US-42,5.65,BROWNSBORO @ RUDY,24 HOURS,KYTC,1,  459107245655,
1242562.625,273004.75,91,MPW011333,SIG011333,BROWNS,KRESGE,M,,,BROWNS @ KRESGE,24 HOURS,METRO,1,  466607234084,
1232534.0,277744.6875,92,MPW009382,SIG009382,CANNONS,FRANKFORT,S,US-60,2.733,CANNONS @ FRANKFORT,24 HOURS,KYTC,1,  579809362323,
1268807.875,273923.25,93,MPW016205,SIG016205,HERITAGE HILL,SHELBYVILLE,S,US-60,9.51,HERITAGE HILL @ SHELBYVILLE,24 HOURS,KYTC,1,  589625035940,
1246826.6525,302707.806250006,94,MPW012121,SIG012121,U S HIGHWAY 42,I 265 RAMP,S,US-42,8.95,U S HIGHWAY 42 @ I 265 RAMP,24 HOURS,KYTC,1,514667129996,
1242518.25,270117.0,95,MPW011322,SIG011322,DUTCHMANS,DUPONT,M,,,DUTCHMANS @ DUPONT,24 HOURS,METRO,1,  531617171747,
1259480.0,295949.28125,96,MPW014719,SIG014719,BROWNSBORO,HURSTBOURNE,S,KY-22,3.29,BROWNSBORO @ HURSTBOURNE,24 HOURS,KYTC,1,  543707249125,
1253230.875,261715.03125,97,MPW013487,SIG013487,STONY BROOK,HURSTBOURNE,S,KY-1747,10.55,STONY BROOK @ HURSTBOURNE,24 HOURS,KYTC,1,  573689469126,
1267902.75,273592.53125,98,MPW016105,SIG016105,SHELBYVILLE,BLANKENBAKER,S,KY-913,4.22,SHELBYVILLE @ BLANKENBAKER,24 HOURS,KYTC,1,  648159407624,
1259323.625,272992.625,99,MPW014684,SIG014684,WHITTINGTON,HURSTBOURNE,S,KY-1747,13.2,WHITTINGTON @ HURSTBOURNE,24 HOURS,KYTC,1,  649173539126,
1259302.0,272131.4375,100,MPW014680,SIG014680,WILLIAMSBURG,HURSTBOURNE,S,KY-1747,13.04,WILLIAMSBURG @ HURSTBOURNE,24 HOURS,KYTC,1,  649867059126,
1259360.125,274563.53125,101,MPW014691,SIG014691,SHELBYVILLE,HURSTBOURNE,S,US-60,7.86,SHELBYVILLE @ HURSTBOURNE,24 HOURS,KYTC,1,  663759409125,
1259110.74875,268143.1875,102,MPW014642,SIG014642,LINN STATION,HURSTBOURNE,S,KY-1747,12.29,LINN STATION @ HURSTBOURNE,24 HOURS,KYTC,1,  669340969126,
1263084.75,281471.1875,103,MPW015459,SIG015459,DORSEY,HURSTBOURNE,S,KY-1747,15.33,DORSEY @ HURSTBOURNE,24 HOURS,KYTC,1,  692016609125,
1266390.0,292604.625,104,MPW015936,SIG015936,TOWNE CENTER,INDIAN LAKE,S,KY-1447,6.39,TOWNE CENTER @ INDIAN LAKE,24 HOURS,KYTC,1,  719824139533,
1244816.125,291713.0625,105,MPW011706,SIG011706,U S HIGHWAY 42,SEMINARY,S,US-42,6.8,U S HIGHWAY 42 @ SEMINARY,24 HOURS,KYTC,1,  756067128657,
1262421.375,298664.1875,106,MPW015317,SIG015317,BROWNSBORO,CHAMBERLAIN,S,KY-22,4.03,BROWNSBORO @ CHAMBERLAIN,24 HOURS,KYTC,1,  777807241053,
1247821.5,230024.78125,107,MPW012335,SIG012335,BEULAH CHURCH,I 265 RAMP,S,KY-864,3.37,BEULAH CHURCH @ I 265 RAMP,24 HOURS,KYTC,1,  822105189996,
1245878.5,250142.4375,108,MPW011928,SIG011928,BARDSTOWN,WATTERSON,S,US-31E,8.42,BARDSTOWN @ WATTERSON,24 HOURS,KYTC,1,2,
1239080.125,242570.234999999,109,MPW010642,SIG010642,FERN VALLEY,POPLAR LEVEL,S,KY-864,6.92,FERN VALLEY @ POPLAR LEVEL,24 HOURS,KYTC,1,  825121905123,
1240928.75,253669.90625,110,MPW011021,SIG011021,BARDSTOWN,BUECHEL,S,US-31E,9.55,BARDSTOWN @ BUECHEL,24 HOURS,KYTC,1,2,
1254524.25,241397.46875,111,MPW013753,SIG013753,FERN CREEK,FERNDALE,M,,,FERN CREEK @ FERNDALE,24 HOURS,METRO,1,  914321812184,
1243976.50125,235049.625,112,MPW011554,SIG011554,OUTER,VAUGHN MILL,S,KY-1065,9.25,OUTER @ VAUGHN MILL,24 HOURS,KYTC,1,  954248156840,
1257993.0,233691.186250001,113,MPW014432,SIG014432,BARDSTOWN,BRENTLINGER,S,US-31E,4.37,BARDSTOWN @ BRENTLINGER,24 HOURS,KYTC,1,  961703840667,
1254860.54375,242258.622500002,114,MPW013810,SIG013810,BARDSTOWN,FERN CREEK,S,US-31E,6.12,BARDSTOWN @ FERN CREEK,24 HOURS,KYTC,1, 1043603842181,
1255136.895,241499.041250005,115,MPW013876,SIG013876,BARDSTOWN,FERNDALE,S,US-31E,5.96,BARDSTOWN @ FERNDALE,24 HOURS,KYTC,1, 1043703842184,
1239655.75,229846.0,116,MPW010747,SIG010747,MANSLICK,SMYRNA,S,KY-2845,2,MANSLICK @ SMYRNA,24 HOURS,KYTC,1, 1079841656026,
1231728.0,220318.016249999,117,MPW009232,SIG009232,PRESTON,OLD PRESTON,S,KY-61,1,PRESTON @ OLD PRESTON,24 HOURS,KYTC,1, 108745144D539,
1259383.125,230489.922499999,118,MPW014696,SIG014696,BARDSTOWN,GLENMARY FARM,S,US-31E,3.71,BARDSTOWN @ GLENMARY FARM,24 HOURS,KYTC,1, 1105803848648,
1256725.0,237148.1875,119,MPW014197,SIG014197,BARDSTOWN,I 265 RAMP,S,US-31E,4.98,BARDSTOWN @ I 265 RAMP,24 HOURS,KYTC,1, 1154803849996,
1250894.875,253380.59375,120,MPW012973,SIG012973,HURSTBOURNE CROSSINGS,HURSTBOURNE,S,KY-1747,8.879,HURSTBOURNE CROSSINGS @ HURSTBOURNE,24 HOURS,KYTC,1, 1186089229126,
1231724.5,217390.8125,121,MPW009230,SIG009230,ANTLE,MUD,M,,,ANTLE @ MUD,24 HOURS,METRO,1, 1210334244487,
1225074.875,285252.03125,122,MPW008139,SIG008139,ZORN,I 71 RAMP,S,I-71,0,ZORN @ I 71 RAMP,24 HOURS,KYTC,1, 1217575539999,
1199308.00125,280413.6875,123,MPW004016,SIG004016,MAIN,22ND,S,US 31W,20.3,MAIN @ 22ND,24 HOURS,KYTC,1, 1258341396580,
1199782.75,280339.5,124,MPW004124,SIG004124,MAIN,21ST,S,US 31W,20.39,MAIN @ 21ST,24 HOURS,KYTC,1, 1259141396573,
1202150.75,279960.625,125,MPW004681,SIG004681,W MAIN ST,N 16TH ST,S,US 31W,20.845,W MAIN ST @ N 16TH ST,24 HOURS,KYTC,1, 1263960066007,
1202548.0,279382.125,126,MPW004760,SIG004760,15TH,MARKET,S,US 31W,20.83,15TH @ MARKET,24 HOURS,KYTC,1, 1270622044214,
1200893.125,278114.875,127,MPW004392,SIG004392,18TH,MUHAMMAD ALI,M,,,18TH @ MUHAMMAD ALI,24 HOURS,METRO,1, 1282918837012,
1196916.5,277932.125,128,MPW003506,SIG003506,CHESTNUT,26TH,M,,,CHESTNUT @ 26TH,24 HOURS,METRO,1, 1284811146584,
1200293.625,277396.75,129,MPW004253,SIG004253,CHESTNUT,19TH,M,,,CHESTNUT @ 19TH,24 HOURS,METRO,1, 1288411144567,
1198798.25,277148.063749999,130,MPW003924,SIG003924,MAGAZINE,22ND,S,US-31W,19.68,MAGAZINE @ 22ND,24 HOURS,KYTC,1, 1291141286580,
1202986.0,275932.25,131,MPW004851,SIG004851,BROADWAY,13TH,S,US 150,1.559,BROADWAY @ 13TH,24 HOURS,KYTC,1, 1303707026442,
1199805.625,274480.0625,132,MPW004133,SIG004133,DIXIE,GARLAND,M,,,DIXIE @ GARLAND,24 HOURS,METRO,1, 1314516122482,
1198725.0,273552.5,133,MPW003901,SIG003901,GREENWOOD,DR W J HODGE,S,US-31W,19.09,GREENWOOD @ DR W J HODGE,24 HOURS,KYTC,1, 1323326516574,
1203075.875,273408.6875,134,MPW004876,SIG004876,KENTUCKY,12TH,M,,,KENTUCKY @ 12TH,24 HOURS,METRO,1, 1324635326566,
1206842.49875,272642.25,135,MPW005657,SIG005657,4TH,KENTUCKY,M,,,4TH @ KENTUCKY,24 HOURS,METRO,1, 1329623053532,
1207317.625,272569.1875,136,MPW005724,SIG005724,KENTUCKY,3RD,S,KY-1020,11.49,KENTUCKY @ 3RD,24 HOURS,KYTC,1, 1330235326438,
1198004.125,271908.313749999,137,MPW003761,SIG003761,DUMESNIL,22ND,S,US-31W,18.665,DUMESNIL @ 22ND,24 HOURS,KYTC,1, 1336816986580,
1198912.25,271844.1875,138,MPW003952,SIG003952,DIXIE,DUMESNIL,M,,,DIXIE @ DUMESNIL,24 HOURS,METRO,1, 1337716121698,
1202812.50125,271724.938749999,139,MPW004808,SIG004808,OAK,12TH,M,,,OAK @ 12TH,24 HOURS,METRO,1, 1338947196566,
1209851.75,271603.875,140,MPW006098,SIG006098,PRESTON,ST CATHERINE,S,KY-61,11.685,PRESTON @ ST CATHERINE,24 HOURS,KYTC,1, 1339851435785,
1212627.11499999,271568.976249993,141,MPW006516,SIG006516,KENTUCKY,LOGAN,S,KY-864,14.872,KENTUCKY @ LOGAN,24 HOURS,KYTC,1, 1340035313921,
1206621.125,271220.25,142,MPW005615,SIG005615,4TH,OAK,M,,,4TH @ OAK,24 HOURS,METRO,1, 1343823054719,
1207573.5,271095.75,143,MPW005766,SIG005766,OAK,2ND,S,KY-1020,11.372,OAK @ 2ND,24 HOURS,KYTC,1, 1345047195872,
1209732.375,270819.1875,144,MPW006078,SIG006078,OAK,PRESTON,S,KY-61,11.525,OAK @ PRESTON,24 HOURS,KYTC,1, 1347947185143,
1205547.0,270562.0625,145,MPW005425,SIG005425,ORMSBY,6TH,M,,,ORMSBY @ 6TH,24 HOURS,METRO,1, 1350648036009,
1206974.5,270373.3125,146,MPW005679,SIG005679,ORMSBY,3RD,S,KY-1020,11.171,ORMSBY @ 3RD,24 HOURS,KYTC,1, 1353048036438,
1208246.25,269173.25,147,MPW005841,SIG005841,BROOK,WOODBINE,M,,,BROOK @ WOODBINE,24 HOURS,METRO,1, 1364507077266,
1206585.5,267872.5,148,MPW005612,SIG005612,HILL,3RD,S,KY-1020,10.7,HILL @ 3RD,24 HOURS,KYTC,1, 1376029346438,
1216337.5,267545.375,149,MPW006997,SIG006997,CASTLEVALE,EASTERN,S,US-60,5.759,CASTLEVALE @ EASTERN,24 HOURS,KYTC,1, 1380610041835,
1224994.75,266735.6875,150,MPW008122,SIG008122,BOULEVARD NAPOLEON,DOUGLASS,M,,,BOULEVARD NAPOLEON @ DOUGLASS,24 HOURS,METRO,1, 1390106171665,
1196254.375,263986.5,151,MPW003362,SIG003362,DIXIE,MILLERS,S, US-31W,17.04,DIXIE @ MILLERS,24 HOURS,KYTC,1, 1418116124388,
1218908.00125,261978.84375,152,MPW007252,SIG007252,NIGHTINGALE,POPLAR LEVEL,S,KY-864,12.471,NIGHTINGALE @ POPLAR LEVEL,24 HOURS,KYTC,1, 1444245635123,
1194371.5,258956.0,153,MPW003032,SIG003032,DIXIE,FARNSLEY,S, US-31W,16.02,DIXIE @ FARNSLEY,24 HOURS,KYTC,1, 1479416122147,
1220985,258745,154,MPW007535,SIG007535,MERCER,POPLAR LEVEL,S,KY-864,11.747,MERCER @ POPLAR LEVEL,24 HOURS,KYTC,1, 1481843365123,
1197640.5,257355.59375,155,MPW003677,SIG003677,BERRY,POWELL,S,US-60,1.034,BERRY @ POWELL,24 HOURS,KYTC,1, 1495505055136,
1191038.875,256717.03125,156,MPW002515,SIG002515,CRUMS,JANELL,S,KY-2049,1.35,CRUMS @ JANELL,24 HOURS,KYTC,1, 1502513583311,
1258143.25,274695.001249999,157,MPW014458,SIG014458,WHITTINGTON,SHELBYVILLE,S,US-60,7.63,WHITTINGTON @ SHELBYVILLE,24 HOURS,KYTC,1,28011E9395940,
1192765.75,275391.75,158,MPW002796,SIG002796,LOUIS COLEMAN JR,GARLAND,M,,,LOUIS COLEMAN JR @ GARLAND,24 HOURS,METRO,1,28210E9852482,
1193152.0,279343.375,159,MPW002845,SIG002845,LOUIS COLEMAN JR,MUHAMMAD ALI,M,,,LOUIS COLEMAN JR @ MUHAMMAD ALI,24 HOURS,METRO,1,28218E9857012,
1193412.5,280877.0,160,MPW002882,SIG002882,LOUIS COLEMAN JR,MARKET,M,,,LOUIS COLEMAN JR @ MARKET,24 HOURS,METRO,1,28222E9854214,
1269153.7375,268717.316249996,161,MPW016240,SIG016240,MARTIN HOUSE,WATTERSON,S,KY-913,3.26,MARTIN HOUSE @ WATTERSON,24 HOURS,KYTC,1,28607E0487355,
1287881.78,253915.528750002,162,MPW017546,SIG017546,TAYLORSVILLE LAKE,TAYLORSVILLE,S,KY-155,4.26,TAYLORSVILLE LAKE @ TAYLORSVILLE,24 HOURS,KYTC,1,2895999586394,
1277100.40000001,290134.724999994,163,MPW016988,SIG016988,CHAMBERLAIN,COLLINS,M,,,CHAMBERLAIN @ COLLINS,24 HOURS,METRO,1,   28110531224,
1278662.815,272885.052499995,164,MPW017059,SIG017059,SHELBYVILLE,URTON,S,US-60,11.68,SHELBYVILLE @ URTON,24 HOURS,KYTC,1,   32359406711,
1279756.59999999,282137.747500002,165,MPW017104,SIG017104,OLD HENRY,I 265 RAMP,S,KY-3084,0.838,OLD HENRY @ I 265 RAMP,24 HOURS,KYTC,1,   76447569996,
1249860.125,314091.8125,166,MPW012788,SIG012788,COVERED BRIDGE,U S HIGHWAY 42,S,US-42,11.22,COVERED BRIDGE @ U S HIGHWAY 42,24 HOURS,KYTC,1,  139713056712,
1265875.5,265301.6875,167,MPW015878,SIG015878,BLUEGRASS,WATTERSON,S,KY-1819,11.77,BLUEGRASS @ WATTERSON,24 HOURS,KYTC,1,  144105747355,
1269735.25,267189.5,168,MPW016309,SIG016309,OLD BLANKENBAKER,BLANKENBAKER,S,KY-913,2.95,OLD BLANKENBAKER @ BLANKENBAKER,24 HOURS,KYTC,1,1457F4227624,
1260891.5,289538.8125,169,MPW015010,SIG015010,WESTPORT,HURSTBOURNE,S,KY-1447,5.25,WESTPORT @ HURSTBOURNE,24 HOURS,KYTC,1,  181771329125,
1237183.5,276719.375,170,MPW010256,SIG010256,BRECKENRIDGE,WILLIS,S,KY-1932,5.4,BRECKENRIDGE @ WILLIS,24 HOURS,KYTC,1,  259306567199,
1237816.375,275701.0,171,MPW010393,SIG010393,BRECKENRIDGE,GRANDVIEW,S,KY-1932,5.18,BRECKENRIDGE @ GRANDVIEW,24 HOURS,KYTC,1,  268106562607,
1259185.5,265811.375,172,MPW014657,SIG014657,BLUEGRASS,PLANTSIDE,JT,,,BLUEGRASS @ PLANTSIDE,24 HOURS,JEFFERSONTOWN,1,  315105745094,
1250616.00125,264693.875,173,MPW012933,SIG012933,LOWE,TAYLORSVILLE,S,KY-155,12.3,LOWE @ TAYLORSVILLE,24 HOURS,KYTC,1,  322039676394,
1270334.0,259260.6875,174,MPW016375,SIG016375,ELECTRON,BLANKENBAKER,S,KY-913,1.44,ELECTRON @ BLANKENBAKER,24 HOURS,KYTC,1,  372436657624,
1248113.5325,258076.909999996,175,MPW012401,SIG012401,SUMMERFIELD,MANNER DALE,M,,,SUMMERFIELD @ MANNER DALE,24 HOURS,METRO,1,  382524234154,
1259205.75,283165.0,176,MPW014659,SIG014659,ASHMOOR,LA GRANGE,S,KY-146,3.23,ASHMOOR @ LA GRANGE,24 HOURS,KYTC,1,  445201983707,
1259835.125,281354.96875,177,MPW014793,SIG014793,CORPORATE CAMPUS,ORMSBY STATION,M,,,CORPORATE CAMPUS @ ORMSBY STATION,24 HOURS,METRO,1,  446870178974,
1258315.625,259613.4375,178,MPW014483,SIG014483,PATTI,TAYLORSVILLE,S,KY-155,10.46,PATTI @ TAYLORSVILLE,24 HOURS,KYTC,1,  499349886394,
1260889.625,257148.375,179,MPW015009,SIG015009,COLLEGE,OLD SIX MILE,S,KY-155,9.77,COLLEGE @ OLD SIX MILE,24 HOURS,KYTC,1,  503812204764,
1242327.0,286829.0625,180,MPW011291,SIG011291,BROWNSBORO,I 264 RAMP,S,US-42,5.73,BROWNSBORO @ I 264 RAMP,24 HOURS,KYTC,1,  528207249995,
1250824.5,275562.5,181,MPW012961,SIG012961,CHRISTIAN,SHELBYVILLE,S,US-60,6.23,CHRISTIAN @ SHELBYVILLE,24 HOURS,KYTC,1,  594217895940,
1235846.875,266077.96875,182,MPW010008,SIG010008,DUTCHMANS,TAYLORSVILLE,S,KY-155,15.1,DUTCHMANS @ TAYLORSVILLE,24 HOURS,KYTC,1,  617417176394,
1262868.375,274167.28125,183,MPW015414,SIG015414,SHELBYVILLE,DORSEY,S,US-60,8.53,SHELBYVILLE @ DORSEY,24 HOURS,KYTC,1,  67215940E256,
1268203.25,293191.0,184,MPW016137,SIG016137,WESTPORT,I 265 RAMP,S,KY-1447,6.75,WESTPORT @ I 265 RAMP,24 HOURS,KYTC,1,  698571329996,
1264682.75,291722.34375,185,MPW015720,SIG015720,FREYS HILL,SPRINGHURST,S,KY-1447,6.03,FREYS HILL @ SPRINGHURST,24 HOURS,KYTC,1,  724823409123,
1240381.125,271586.936250001,186,MPW010907,SIG010907,BRECKENRIDGE,KRESGE,S,KY-1932,4.25,BRECKENRIDGE @ KRESGE,24 HOURS,KYTC,1,  781906564084,
1278924.125,253411.71875,187,MPW017073,SIG017073,TAYLORSVILLE,I 265 RAMP,S,KY-155,6.06,TAYLORSVILLE @ I 265 RAMP,24 HOURS,KYTC,1,  798163949996,
1235012.75,239961.65625,188,MPW009863,SIG009863,MILE OF SUNSHINE,SHEPHERDSVILLE,S,KY-2052,0.81,MILE OF SUNSHINE @ SHEPHERDSVILLE,24 HOURS,KYTC,1,  927443775945,
1252595.5,244970.6875,189,MPW013351,SIG013351,BARDSTOWN,HUDSON,S,US-31E,6.8,BARDSTOWN @ HUDSON,24 HOURS,KYTC,1, 1060703843011,
1253437.75,244248.6875,190,MPW013532,SIG013532,BARDSTOWN,FAIRGROUND,S,US-31E,6.59,BARDSTOWN @ FAIRGROUND,24 HOURS,KYTC,1, 1073103842114,
1267391.125,256143.3125,191,MPW016050,SIG016050,BLANKENBAKER,BLANKENBAKER ACCESS,S,KY 913,0,BLANKENBAKER @ BLANKENBAKER ACCESS,24 HOURS,KYTC,1, 1077276247847,
1260880.125,254332.875,192,MPW015007,SIG015007,WATTERSON,RUCKRIEGEL,M,,,WATTERSON @ RUCKRIEGEL,24 HOURS,METRO,1, 1089073558881,
1235179.39875001,234244.685000002,193,MPW009896,SIG009896,APPLEGATE,SHEPHERDSVILLE,M,,,APPLEGATE @ SHEPHERDSVILLE,24 HOURS,METRO,1, 1162501355945,
1258610.625,232331.375,194,MPW014535,SIG014535,BARDSTOWN,COLONEL HANCOCK,S,US-31E,4.09,BARDSTOWN @ COLONEL HANCOCK,24 HOURS,KYTC,1, 1210503849413,
1225880.75,283929.53125,195,MPW008293,SIG008293,RIVERWOOD,ZORN,M,,,RIVERWOOD @ ZORN,24 HOURS,METRO,1, 1220355397553,
1197336.875,281712.25,196,MPW003609,SIG003609,DUNCAN,26TH,M,,,DUNCAN @ 26TH,24 HOURS,METRO,1, 1239817026583,
1201204.125,280112.8125,197,MPW004449,SIG004449,18TH,MAIN,S,US 31W,20.662,18TH @ MAIN,24 HOURS,KYTC,1, 1261918824139,
1199228.75,279909.125,198,MPW004005,SIG004005,MARKET,22ND,S,US 31W,20.2009,MARKET @ 22ND,24 HOURS,KYTC,1, 1264342146580,
1222750.75,279628.875,199,MPW007745,SIG007745,BROWNSBORO,CLIFTON,S,US-42,1.685,BROWNSBORO @ CLIFTON,24 HOURS,KYTC,1, 1272807241184,
1202470.125,278872.875,200,MPW004744,SIG004744,15TH,JEFFERSON,M,,,15TH @ JEFFERSON,24 HOURS,METRO,1, 1276222043327,
1199347.75,277548.4375,201,MPW004025,SIG004025,CHESTNUT,DR W J HODGE,S,US-31W,19.846,CHESTNUT @ DR W J HODGE,24 HOURS,KYTC,1, 1287311146574,
1200767.875,277318.623750001,202,MPW004355,SIG004355,CHESTNUT,18TH,M,,,CHESTNUT @ 18TH,24 HOURS,METRO,1, 1289611141883,
1195334.5,276726.0,203,MPW003187,SIG003187,BROADWAY,29TH,M,,,BROADWAY @ 29TH,24 HOURS,METRO,1, 1297607026578,
1218093.5,276707.25,204,MPW007160,SIG007160,LEXINGTON,PAYNE,M,,,LEXINGTON @ PAYNE,24 HOURS,METRO,1, 1297938384996,
1195810.25,276700.061250001,205,MPW003290,SIG003290,BROADWAY,28TH,M,,,BROADWAY @ 28TH,24 HOURS,METRO,1, 1298007026570,
1198587.5,275794.0625,206,MPW003876,SIG003876,MAPLE,22ND,S,US-31W,19.42,MAPLE @ 22ND,24 HOURS,KYTC,1, 1304941726580,
1205715.25,274766.9375,207,MPW005461,SIG005461,7TH,YORK,M,,,7TH @ YORK,24 HOURS,METRO,1, 1311958997433,
1198411.0,274659.998750001,208,MPW003841,SIG003841,GARLAND,22ND,S,US-31W,19.2,GARLAND @ 22ND,24 HOURS,KYTC,1, 1312724826580,
1204701.125,274628.125,209,MPW005214,SIG005214,CAWTHON,9TH,M,,,CAWTHON @ 9TH,24 HOURS,METRO,1, 1313731264569,
1207958.25,273572.6875,210,MPW005814,SIG005814,BRECKINRIDGE,2ND,S,KY-1020,11.8,BRECKINRIDGE @ 2ND,24 HOURS,KYTC,1, 1323206585872,
1208434.5,273499.5,211,MPW005862,SIG005862,W BRECKINRIDGE ST,S 1ST ST,M,,,W BRECKINRIDGE ST @ S 1ST ST,24 HOURS,METRO,1, 1324006570658,
1208267.25,272423.25,212,MPW005845,SIG005845,1ST,KENTUCKY,M,,,1ST @ KENTUCKY,24 HOURS,METRO,1, 1331722233531,
1198036.25,272250.0,213,MPW003774,SIG003774,OAK,22ND,S,US-31W,18.747,OAK @ 22ND,24 HOURS,KYTC,1, 1332947196580,
1206756.75,272090.5625,214,MPW005638,SIG005638,4TH,ST CATHERINE,M,,,4TH @ ST CATHERINE,24 HOURS,METRO,1, 1334723055786,
1207232.25,272017.875,215,MPW005707,SIG005707,ST CATHERINE,3RD,S,KY-1020,11.49,ST CATHERINE @ 3RD,24 HOURS,KYTC,1, 1335857866438,
1208655.75,271798.75,216,MPW005889,SIG005889,BROOK,ST CATHERINE,M,,,BROOK @ ST CATHERINE,24 HOURS,METRO,1, 1338307075785,
1208050.875,271031.25,217,MPW005822,SIG005822,1ST,OAK,M,,,1ST @ OAK,24 HOURS,METRO,1, 1345622234718,
1214808.375,270854.875,218,MPW006810,SIG006810,ST CATHERINE,SCHILLER,M,,,ST CATHERINE @ SCHILLER,24 HOURS,METRO,1, 1347657855851,
1212512.375,270829.1875,219,MPW006499,SIG006499,LOGAN,MARY,S,KY-864,14.691,LOGAN @ MARY,24 HOURS,KYTC,1, 1347739214234,
1206763.375,269017.4375,220,MPW005639,SIG005639,MAGNOLIA,3RD,S,KY-1020,10.912,MAGNOLIA @ 3RD,24 HOURS,KYTC,1, 1366341306438,
1207135.49875,268273.1875,221,MPW005696,SIG005696,BURNETT,2ND,S,KY-1020,10.784,BURNETT @ 2ND,24 HOURS,KYTC,1, 1372107755872,
1208083.375,268127.375,222,MPW005824,SIG005824,BROOK,BURNETT,M,,,BROOK @ BURNETT,24 HOURS,METRO,1, 1373607070774,
1208010.625,267656.8125,223,MPW005817,SIG005817,BROOK,HILL,M,,,BROOK @ HILL,24 HOURS,METRO,1, 1378307072933,
1205964.50125,266994.6875,224,MPW005505,SIG005505,4TH,LEE,M,,,4TH @ LEE,24 HOURS,METRO,1, 1386723053797,
1206439.125,266922.4375,225,MPW005581,SIG005581,LEE,3RD,S,KY-1020,10.508,LEE @ 3RD,24 HOURS,KYTC,1, 1388337976438,
1191784.5,266680.875,226,MPW002648,SIG002648,CANE RUN,COMMERCE CENTER,S,KY-1934,11.28,CANE RUN @ COMMERCE CENTER,24 HOURS,KYTC,1, 139130934D199,
1205744.5,265575.25,227,MPW005467,SIG005467,BRANDEIS,4TH,M,,,BRANDEIS @ 4TH,24 HOURS,METRO,1, 1403706482305,
1207999.83499999,263767.640000001,228,MPW005815,SIG005815,FLOYD,UNIVERSITY,M,,,FLOYD @ UNIVERSITY,24 HOURS,METRO,1,142022254F271,
1198782.75,262100.59375,229,MPW003916,SIG003916,ARCADE,7TH STREET,S,KY-1931,9.62,ARCADE @ 7TH STREET,24 HOURS,KYTC,1, 1442201485900,
1219430.0,261049.3125,230,MPW007305,SIG007305,FINCASTLE,POPLAR LEVEL,S,KY-864,12.268,FINCASTLE @ POPLAR LEVEL,24 HOURS,KYTC,1, 1456922135123,
1213342.5,260161.75,231,MPW006617,SIG006617,HESS,PRESTON,S,KY-61,9.332,HESS @ PRESTON,24 HOURS,KYTC,1, 1466129065144,
1273922.75,274301.6875,232,MPW016732,SIG016732,JUNEAU,SHELBYVILLE,S,US-60,10.73,JUNEAU @ SHELBYVILLE,24 HOURS,KYTC,1,   16340775940,
1274759.625,295398.5,233,MPW016812,SIG016812,COLLINS,WESTPORT,S,KY-1447,8.03,COLLINS @ WESTPORT,24 HOURS,KYTC,1,   28012247132,
1244454.5,290319.311250001,234,MPW011633,SIG011633,LIME KILN,U S HIGHWAY 42,S,US-42,6.52,LIME KILN @ U S HIGHWAY 42,24 HOURS,KYTC,1,  179038606712,
1259365.25,288988.75,235,MPW014693,SIG014693,GOOSE CREEK,WESTPORT,S,KY-1447,4.94,GOOSE CREEK @ WESTPORT,24 HOURS,KYTC,1,  181925897132,
1246436.76000001,282003.342500001,236,MPW012044,SIG012044,WASHBURN,WESTPORT,S,KY-1447,2.09,WASHBURN @ WESTPORT,24 HOURS,KYTC,1,  220070427132,
1250814.5825,280374.856250003,237,MPW012963,SIG012963,LYNDON,LA GRANGE,S,KY-2050,0.27,LYNDON @ LA GRANGE,24 HOURS,KYTC,1,  228127743707,
1241271.18875,276730.516249999,238,MPW011095,SIG011095,HUBBARDS,SHELBYVILLE,S,US-60,4.41,HUBBARDS @ SHELBYVILLE,24 HOURS,KYTC,1,  259030085940,
1239185.5,276979.5,239,MPW010665,SIG010665,BROWNS,SHELBYVILLE,S,US-60,4.04,BROWNS @ SHELBYVILLE,24 HOURS,KYTC,1,  260107235940,
1270045.375,274018.125,240,MPW016343,SIG016343,MAIN,MADISON,MT,,,MAIN @ MADISON,24 HOURS,MIDDLETOWN,1,  276941369985,
1239007.25,273788.875,241,MPW010637,SIG010637,BRECKENRIDGE,WINCHESTER,S,KY-1932,4.74,BRECKENRIDGE @ WINCHESTER,24 HOURS,KYTC,1,  278406567222,
1235788.25,271278.25,242,MPW009997,SIG009997,CANNONS,I 64 RAMP,S,KY-2048,1.325,CANNONS @ I 64 RAMP,24 HOURS,KYTC,1,  291009369997,
1260507.0,263681.125,243,MPW014945,SIG014945,BUNSEN PKY,PLANTSIDE DR,JT,,,BUNSEN PKY @ PLANTSIDE DR,24 HOURS,JEFFERSONTOWN,1,  460407638870,
1240532.76375,274730.373750001,244,MPW010949,SIG010949,BROWNS,WINCHESTER,M,,,BROWNS @ WINCHESTER,24 HOURS,METRO,1,  464207237222,
1242913.95625,272155.923749998,245,MPW011388,SIG011388,BROWNS,SHERBURN,M,,,BROWNS @ SHERBURN,24 HOURS,METRO,1,  466807235950,
1243824.375,265222.9375,246,MPW011533,SIG011533,BRECKENRIDGE,TAYLORSVILLE,S,KY-155,13.59,BRECKENRIDGE @ TAYLORSVILLE,24 HOURS,KYTC,1,  518806566394,
1244108.26875,271003.216250002,247,MPW011577,SIG011577,BROWNS,DUTCHMANS,M,,,BROWNS @ DUTCHMANS,24 HOURS,METRO,1,  531507231717,
1243569.25,270469.4375,248,MPW011495,SIG011495,DUTCHMANS,DUPONT,M,,,DUTCHMANS @ DUPONT,24 HOURS,METRO,1,  531717171749,
1240944.0,270646.1875,249,MPW011024,SIG011024,BRECKENRIDGE,DUTCHMANS,S,KY-1932,4.05,BRECKENRIDGE @ DUTCHMANS,24 HOURS,KYTC,1,  531906561717,
1270456.625,300359.71875,250,MPW016385,SIG016385,BALLARDSVILLE,MURPHY,S,KY-22,5.64,BALLARDSVILLE @ MURPHY,24 HOURS,KYTC,1,  540503644492,
1255126.25,263366.125,251,MPW013874,SIG013874,TAYLORSVILLE,HURSTBOURNE,S,KY-155,11.4,TAYLORSVILLE @ HURSTBOURNE,24 HOURS,KYTC,1,  561263949126,
1253796.34625,262110.542500004,252,MPW013608,SIG013608,HURSTBOURNE,GREENE,S,KY-1747,10.68,HURSTBOURNE @ GREENE,24 HOURS,KYTC,1,  561991269352,
1256330.5,261912.46875,253,MPW014109,SIG014109,SIX MILE,TAYLORSVILLE,S,KY-155,11.03,SIX MILE @ TAYLORSVILLE,24 HOURS,KYTC,1,  562560056394,
1238090.25125,267428.4375,254,MPW010439,SIG010439,CANNONS,DUTCHMANS,S,KY-2048,0.485,CANNONS @ DUTCHMANS,24 HOURS,KYTC,1,  617909361717,
1236955.875,265922.40625,255,MPW010207,SIG010207,TAYLORSVILLE,I 264 RAMP,S,KY-155,14.88,TAYLORSVILLE @ I 264 RAMP,24 HOURS,KYTC,1,  618163949995,
1264433.375,273989.71875,256,MPW015687,SIG015687,LA FONTENAY,MOSER,S,US-60,8.83,LA FONTENAY @ MOSER,24 HOURS,KYTC,1,  678831324472,
1274299.25,252728.891249999,257,MPW016774,SIG016774,TAYLORSVILLE,TUCKER STATION,S,KY 155,7.588,TAYLORSVILLE @ TUCKER STATION,24 HOURS,KYTC,1,  803463946551,
1297426.75,227859.891249999,258,MPW017689,SIG017689,DRY RIDGE,NAPIER,M,,,DRY RIDGE @ NAPIER,24 HOURS,METRO,1,  809116897475,
1276548.75,252953.84375,259,MPW016958,SIG016958,STONE LAKES,TAYLORSVILLE,S,KY-155,6.45,STONE LAKES @ TAYLORSVILLE,24 HOURS,KYTC,1,  815914026394,
1257272.49875,235656.625,260,MPW014304,SIG014304,BARDSTOWN,I 265 RAMP,S,US-31E,7.77,BARDSTOWN @ I 265 RAMP,24 HOURS,KYTC,1,  821803849996,
1244661.25,251026.25,261,MPW011671,SIG011671,BARDSTOWN,BRECKENRIDGE,S,US-31E,8.69,BARDSTOWN @ BRECKENRIDGE,24 HOURS,KYTC,1,2,
1235082.5,245048.125,262,MPW009882,SIG009882,RANGELAND,SHEPHERDSVILLE,S,KY-2052,1.78,RANGELAND @ SHEPHERDSVILLE,24 HOURS,KYTC,1,2,
1245006.75,254178.78125,263,MPW011741,SIG011741,REDDING,MEADOW RIDGE,S,KY-1932,0.6,REDDING @ MEADOW RIDGE,24 HOURS,KYTC,1, 1082354379904,
1255877.75,239473.65625,264,MPW014034,SIG014034,BARDSTOWN,BEULAH CHURCH,S,US-31E,5.5,BARDSTOWN @ BEULAH CHURCH,24 HOURS,KYTC,1, 1157103840518,
1240100.0,235341.71875,265,MPW010847,SIG010847,OUTER LOOP,SMYRNA PKWY,S,KY-1065,8.52,OUTER LOOP @ SMYRNA PKWY,24 HOURS,KYTC,1, 1159546326026,
1250470.0,251772.625,266,MPW012917,SIG012917,WATTERSON,HURSTBOURNE,S,KY-1747,8.52,WATTERSON @ HURSTBOURNE,24 HOURS,KYTC,1, 1183973559126,
1227285.16374999,258672.907499999,267,MPW008552,SIG008552,NEWBURG,I 264 RAMP,S,KY-1703,2.2,NEWBURG @ I 264 RAMP,24 HOURS,KYTC,1, 1211845529995,
1229272.5,290758.875,268,MPW008812,SIG008812,INDIAN HILLS,RIVER,M,,,INDIAN HILLS @ RIVER,24 HOURS,METRO,1, 1214731548199,
1201866.5,281127.125,269,MPW004618,SIG004618,BANK,17TH,M,,,BANK @ 17TH,24 HOURS,METRO,1, 1249303705896,
1197231.125,280742.375,270,MPW003581,SIG003581,MAIN,26TH,M,,,MAIN @ 26TH,24 HOURS,METRO,1, 1253941396583,
1197175.875,280295.5,271,MPW003574,SIG003574,MARKET,26TH,M,,,MARKET @ 26TH,24 HOURS,METRO,1, 1259842146584,
1199702.75,279834.4375,272,MPW004105,SIG004105,MARKET,DR W J HODGE,S,US 31W,20.401,MARKET @ DR W J HODGE,24 HOURS,KYTC,1, 1264942146574,
1199149.125,279402.623750001,273,MPW003992,SIG003992,JEFFERSON,22ND,S,US-31W,20.112,JEFFERSON @ 22ND,24 HOURS,KYTC,1, 1270433276580,
1198995.375,278416.0,274,MPW003968,SIG003968,22ND,MUHAMMAD ALI,S,US-31W,19.923,22ND @ MUHAMMAD ALI,24 HOURS,KYTC,1, 1280365807012,
1201842.5,277966.25,275,MPW004615,SIG004615,16TH,MUHAMMAD ALI,M,,,16TH @ MUHAMMAD ALI,24 HOURS,METRO,1, 1284560077012,
1192963.25,276861.25,276,MPW002814,SIG002814,BROADWAY,LOUIS COLEMAN JR,M,,,BROADWAY @ LOUIS COLEMAN JR,24 HOURS,METRO,1,129600702E985,
1193668.75,276827.125,277,MPW002933,SIG002933,BROADWAY,32ND,M,,,BROADWAY @ 32ND,24 HOURS,METRO,1, 1296407026456,
1201096.25,276298.5,278,MPW004430,SIG004430,BROADWAY,17TH,S,US 150,1.192,BROADWAY @ 17TH,24 HOURS,KYTC,1, 1300807025897,
1201566.5,276207.375,279,MPW004545,SIG004545,BROADWAY,16TH,S,US 150,1.283,BROADWAY @ 16TH,24 HOURS,KYTC,1, 1302007026007,
1203933.75,275749.5625,280,MPW005047,SIG005047,BROADWAY,11TH,S,US 150,1.72,BROADWAY @ 11TH,24 HOURS,KYTC,1, 1305307021899,
1206190.75,274700.875,281,MPW005545,SIG005545,6TH,YORK,M,,,6TH @ YORK,24 HOURS,METRO,1, 1312560097433,
1208087.125,274402.25,282,MPW005826,SIG005826,2ND,YORK,S,KY-1020,11.996,2ND @ YORK,24 HOURS,KYTC,1, 1315258727433,
1198513.0,272188.498750001,283,MPW003859,SIG003859,OAK,DR W J HODGE,S,US-31W,18.83,OAK @ DR W J HODGE,24 HOURS,KYTC,1, 1333447196574,
1207705.75,271945.25,284,MPW005782,SIG005782,ST CATHERINE,2ND,S,KY-1020,11.507,ST CATHERINE @ 2ND,24 HOURS,KYTC,1, 1336657865872,
1200110.37375,271690.875,285,MPW004209,SIG004209,DUMESNIL,17TH,M,,,DUMESNIL @ 17TH,24 HOURS,METRO,1, 1339416985897,
1207096.25,271158.625,286,MPW005690,SIG005690,OAK,3RD,S,KY-1020,11.316,OAK @ 3RD,24 HOURS,KYTC,1, 1344647196438,
1208527.375,270969.4375,287,MPW005871,SIG005871,BROOK,OAK,M,,,BROOK @ OAK,24 HOURS,METRO,1, 1346307074718,
1209106,270892,288,MPW005967,SIG005967,FLOYD,OAK,M,,,FLOYD @ OAK,24 HOURS,METRO,1, 1346922544718,
1206499.5,270436.5,289,MPW005597,SIG005597,4TH,ORMSBY,M,,,4TH @ ORMSBY,24 HOURS,METRO,1, 1352223054803,
1208371.25,269971.251249999,290,MPW005858,SIG005858,BROOK,ORMSBY,M,,,BROOK @ ORMSBY,24 HOURS,METRO,1, 1357807074802,
1204080.0,268256.125,291,MPW005086,SIG005086,HILL,7TH,M,,,HILL @ 7TH,24 HOURS,METRO,1, 1372329345899,
1193657.47499999,267448.981250003,292,MPW002931,SIG002931,ALGONQUIN,BEECH,S,KY-2054,0.95,ALGONQUIN @ BEECH,24 HOURS,KYTC,1, 1380800610458,
1197306.75,267058.1875,293,MPW003602,SIG003602,ALGONQUIN,DIXIE,S,KY-2054,1.64,ALGONQUIN @ DIXIE,24 HOURS,KYTC,1, 1385800611612,
1206914.25,266850.1875,294,MPW005669,SIG005669,LEE,2ND,S,KY-1020,10.513,LEE @ 2ND,24 HOURS,KYTC,1, 1389037975872,
1220811.625,266605.0,295,MPW007511,SIG007511,NEWBURG,SPEED,S,KY-1703,4.287,NEWBURG @ SPEED,24 HOURS,KYTC,1, 1392245526082,
1230334.75,264574.75,296,MPW008997,SIG008997,BARDSTOWN,TYLER,S,US-31E,12.593,BARDSTOWN @ TYLER,24 HOURS,KYTC,1, 1412803846596,
1200008.75,263974.0,297,MPW004191,SIG004191,CENTRAL,7TH STREET,S,KY-1931,10.04,CENTRAL @ 7TH STREET,24 HOURS,KYTC,1, 1418310415900,
1192227.25,272419.75,298,MPW002721,SIG002721,LOUIS COLEMAN JR,DUMESNIL,M,,,LOUIS COLEMAN JR @ DUMESNIL,24 HOURS,METRO,1,28198E9851698,
1277925.625,272996.90625,299,MPW017023,SIG017023,PARK PLACE,SHELBYVILLE,S,US-60,10.92,PARK PLACE @ SHELBYVILLE,24 HOURS,KYTC,1,   48920185940,
1277425.375,288187.25,300,MPW017003,SIG017003,LA GRANGE,I 265 RAMP,S,KY-146,7.28,LA GRANGE @ I 265 RAMP,24 HOURS,KYTC,1,  104937079996,
1277612.5,276833.6875,301,MPW017013,SIG017013,AIKEN,ENGLISH STATION,M,,,AIKEN @ ENGLISH STATION,24 HOURS,METRO,1,  106600329409,
1284300.8275,284311.329999998,302,MPW017340,SIG017340,OLD HENRY,BUSH FARM,S,KY-3084,1.79,OLD HENRY @ BUSH FARM,24 HOURS,KYTC,1,  11314756D130,
1280731.25,272619.4375,303,MPW017155,SIG017155,SHELBYVILLE,I 265 RAMP,S,US-60,12.07,SHELBYVILLE @ I 265 RAMP,24 HOURS,KYTC,1,  122559409996,
1249566.75,313258.3125,304,MPW012737,SIG012737,HUNTING CREEK,U S HIGHWAY 42,S,US-42,11.05,HUNTING CREEK @ U S HIGHWAY 42,24 HOURS,KYTC,1,  139830266712,
1241462.0,278722.25,305,MPW011135,SIG011135,HUBBARDS,LEDYARD,M,,,HUBBARDS @ LEDYARD,24 HOURS,METRO,1,  238430073793,
1272408.375,275183.875,306,MPW016597,SIG016597,EVERGREEN,SHELBYVILLE,S,US-60,10.39,EVERGREEN @ SHELBYVILLE,24 HOURS,KYTC,1,  270619905940,
1235649.66,271865.667500004,307,MPW009976,SIG009976,CANNONS,WINCHESTER,S,KY-2048,1.45,CANNONS @ WINCHESTER,24 HOURS,KYTC,1,  288409367222,
1244364.00125,264485.4375,308,MPW011619,SIG011619,BRECKENRIDGE,HIKES,S,KY-1932,2.695,BRECKENRIDGE @ HIKES,24 HOURS,KYTC,1,  323706562930,
1244893.75,261029.59375,309,MPW011722,SIG011722,BRECKENRIDGE,SUDBURY,S,KY-1932,1.99,BRECKENRIDGE @ SUDBURY,24 HOURS,KYTC,1,  352706563259,
1233354.75,260095.375,310,MPW009510,SIG009510,BARDSTOWN,HEATHER,S,US-31E,11.563,BARDSTOWN @ HEATHER,24 HOURS,KYTC,1,  363503842866,
1235234.75,257663.71875,311,MPW009903,SIG009903,BARDSTOWN,HIKES,S,KY-2251,1,BARDSTOWN @ HIKES,24 HOURS,KYTC,1,  386003842930,
1270077.25,262819.25,312,MPW016345,SIG016345,BLANKENBAKER,COMMONWEALTH,S,KY-913,2.11,BLANKENBAKER @ COMMONWEALTH,24 HOURS,KYTC,1,  487976248353,
1255116.25,294295.8125,313,MPW013869,SIG013869,BROWNSBORO,GOOSE CREEK,S,KY-22,2.33,BROWNSBORO @ GOOSE CREEK,24 HOURS,KYTC,1,  451107242589,
1246983.25,264951.0,314,MPW012164,SIG012164,MCMAHAN,TAYLORSVILLE,S,KY-155,12.987,MCMAHAN @ TAYLORSVILLE,24 HOURS,KYTC,1,  468442936394,
1247955.45375,264880.577500001,315,MPW012367,SIG012367,HOUSTON,TAYLORSVILLE,M,,,HOUSTON @ TAYLORSVILLE,24 HOURS,METRO,1,  469030016394,
1233525.625,276110.5625,316,MPW009547,SIG009547,CANNONS,LEXINGTON,S,US-60,9.968,CANNONS @ LEXINGTON,24 HOURS,KYTC,1,  578509363838,
1259145.375,258961.0,317,MPW014649,SIG014649,MERIONETH,TAYLORSVILLE,S,KY-155,10.26,MERIONETH @ TAYLORSVILLE,24 HOURS,KYTC,1,  499730966394,
1246656.87625,302103.6875,318,MPW012088,SIG012088,U S HIGHWAY 42,WOLF PEN BRANCH,S,US-42,8.8,U S HIGHWAY 42 @ WOLF PEN BRANCH,24 HOURS,KYTC,1,  514167127258,
1241207.625,269203.28125,319,MPW011077,SIG011077,DUTCHMANS PKY,DUTCHMANS LN,M,,,DUTCHMANS PKY @ DUTCHMANS LN,24 HOURS,METRO,1,  545817179463,
1257136.75,264574.125,320,MPW014279,SIG014279,BUNSEN,HURSTBOURNE,S,KY-1747,11.46,BUNSEN @ HURSTBOURNE,24 HOURS,KYTC,1,  560588709126,
1268762.125,270597.34375,321,MPW016201,SIG016201,FINCHLEY,BLANKENBAKER,S,KY-913,3.63,FINCHLEY @ BLANKENBAKER,24 HOURS,KYTC,1,  645822157624,
1258832.875,266633.4375,322,MPW014594,SIG014594,HURSTBOURNE,I 64 RAMP,S,KY-1747,12,HURSTBOURNE @ I 64 RAMP,24 HOURS,KYTC,1,  671291269997,
1258800.375,297390.0625,323,MPW014587,SIG014587,SPRINGDALE,PARK PLAZA,M,,,SPRINGDALE @ PARK PLAZA,24 HOURS,METRO,1,  78286100D520,
1241520.3,253259.853750005,324,MPW011155,SIG011155,BARDSTOWN,FEGENBUSH,S,US-31E,9.44,BARDSTOWN @ FEGENBUSH,24 HOURS,KYTC,1,2,
1237081.5,250040.65625,325,MPW010230,SIG010230,PROGRESS,BUECHEL BANK,M,,,PROGRESS @ BUECHEL BANK,24 HOURS,METRO,1,2,
1234976.75,239300.6875,326,MPW009855,SIG009855,SHEPHERDSVILLE,WHISPERING HILLS,S,KY-2052,0.69,SHEPHERDSVILLE @ WHISPERING HILLS,24 HOURS,KYTC,1,  933559457160,
1247649.375,235457.875,327,MPW012304,SIG012304,FEGENBUSH,WATTERSON,S,KY-1065,10.09,FEGENBUSH @ WATTERSON,24 HOURS,KYTC,1,  950421637291,
1232170.5,235397.96875,328,MPW009307,SIG009307,JUDGE,OUTER,S,KY-1065,7,JUDGE @ OUTER,24 HOURS,KYTC,1,  955533704815,
1232004.0,219030.765000001,329,MPW009276,SIG009276,MUD,PRESTON,S,KY-61,0.65,MUD @ PRESTON,24 HOURS,KYTC,1, 1086544875144,
1233620.0,252436.21875,330,MPW009566,SIG009566,INDIAN,NEWBURG,S,KY-1703,0.5,INDIAN @ NEWBURG,24 HOURS,KYTC,1, 1197031494552,
1190776.75,281544.8125,331,MPW002471,SIG002471,41ST,MARKET,M,,,41ST @ MARKET,24 HOURS,METRO,1, 1242522854214,
1197105.375,279725.625,332,MPW003560,SIG003560,JEFFERSON,26TH,M,,,JEFFERSON @ 26TH,24 HOURS,METRO,1, 1266133276584,
1201999.5,278947.75,333,MPW004642,SIG004642,JEFFERSON,16TH,M,,,JEFFERSON @ 16TH,24 HOURS,METRO,1, 1275533276007,
1197792.25,278607.25,334,MPW003710,SIG003710,24TH,MUHAMMAD ALI,M,,,24TH @ MUHAMMAD ALI,24 HOURS,METRO,1, 1278765767012,
1198872.5,277622.625,335,MPW003940,SIG003940,CHESTNUT,22ND,S,US-31W,19.95,CHESTNUT @ 22ND,24 HOURS,KYTC,1, 1286911146580,
1199272.25,277073.9375,336,MPW004012,SIG004012,MAGAZINE,DR W J HODGE,S,US-31W,19.76,MAGAZINE @ DR W J HODGE,24 HOURS,KYTC,1, 1292141286574,
1218623.0,277056.25,337,MPW007221,SIG007221,PAYNE,SPRING,M,,,PAYNE @ SPRING,24 HOURS,METRO,1, 1292449968070,
1196785.5,276640.4375,338,MPW003473,SIG003473,BROADWAY,26TH,M,,,BROADWAY @ 26TH,24 HOURS,METRO,1, 1298407026584,
1199182.5,276497.125,339,MPW003998,SIG003998,BROADWAY,DR W J HODGE,S,US 150,0.825,BROADWAY @ DR W J HODGE,24 HOURS,KYTC,1, 1299207026574,
1207142.375,274572.1875,340,MPW005697,SIG005697,4TH,LIBRARY,M,,,4TH @ LIBRARY,24 HOURS,METRO,1, 1313523053847,
1207612.5,274491.1875,341,MPW005772,SIG005772,LIBRARY,3RD,S,KY-1020,11.968,LIBRARY @ 3RD,24 HOURS,KYTC,1, 1314338476438,
1195395.75,274049.4375,342,MPW003198,SIG003198,GREENWOOD,28TH,M,,,GREENWOOD @ 28TH,24 HOURS,METRO,1, 1319026516570,
1198248.75,273613.875,343,MPW003811,SIG003811,GREENWOOD,22ND,S,US-31W,19.19,GREENWOOD @ 22ND,24 HOURS,KYTC,1, 1322926516580,
1201697.24875,273608.375,344,MPW004578,SIG004578,15TH,KENTUCKY,M,,,15TH @ KENTUCKY,24 HOURS,METRO,1, 1323022043532,
1193254.5,272784.25,345,MPW002857,SIG002857,32ND,VIRGINIA,M,,,32ND @ VIRGINIA,24 HOURS,METRO,1, 1328964566877,
1197985.875,271318.625,346,MPW003756,SIG003756,22ND,WILSON,S,US-31W,18.598,22ND @ WILSON,24 HOURS,KYTC,1, 1342465807212,
1210303.25,270862.125,347,MPW006141,SIG006141,JACKSON,OAK,S,KY-61,11.524,JACKSON @ OAK,24 HOURS,KYTC,1, 1347532924718,
1210114.625,269624.5,348,MPW006118,SIG006118,JACKSON,ORMSBY,S,KY-61,11.292,JACKSON @ ORMSBY,24 HOURS,KYTC,1, 1360332924802,
1207708.25125,268860.4375,349,MPW005783,SIG005783,1ST,MAGNOLIA,M,,,1ST @ MAGNOLIA,24 HOURS,METRO,1, 1367522234130,
1206112.25,267944.625,350,MPW005531,SIG005531,4TH,HILL,M,,,4TH @ HILL,24 HOURS,METRO,1, 1375223052934,
1207846.25125,266708.186250001,351,MPW005801,SIG005801,BROOK,1ST,M,,,BROOK @ 1ST,24 HOURS,METRO,1, 1390607072223,
1213096.5,266273.875,352,MPW006584,SIG006584,BURNETT,TEXAS,M,,,BURNETT @ TEXAS,24 HOURS,METRO,1, 1396007746424,
1199455.25,263272.25,353,MPW004044,SIG004044,7TH STREET,WATHEN,S,KY-1931,9.88,7TH STREET @ WATHEN,24 HOURS,KYTC,1, 1426459007057,
1217795.0,262648.09375,354,MPW007131,SIG007131,HESS,POPLAR LEVEL,S,KY-864,12.716,HESS @ POPLAR LEVEL,24 HOURS,KYTC,1, 1434929065123,
1220054.0,260214.1875,355,MPW007405,SIG007405,BELMAR,POPLAR LEVEL,S,KY-864,12.071,BELMAR @ POPLAR LEVEL,24 HOURS,KYTC,1, 1465604805123,
1278123.0,289972.875,356,MPW017033,SIG017033,CHAMBERLAIN,FACTORY,S,KY-146,7.55,CHAMBERLAIN @ FACTORY,24 HOURS,KYTC,1,   91110532109,
1232045.25125,292612.8125,357,MPW009285,SIG009285,BLANKENBAKER,RIVER,M,,,BLANKENBAKER @ RIVER,24 HOURS,METRO,1,  175005498199,
1239816.0,276907.1875,358,MPW010781,SIG010781,SHELBYVILLE,THIERMAN,S,US-60,4.12,SHELBYVILLE @ THIERMAN,24 HOURS,KYTC,1,  256959406436,
1258888.25,279038.40625,359,MPW014600,SIG014600,TAMARISK,HURSTBOURNE,S,KY-1747,14.39,TAMARISK @ HURSTBOURNE,24 HOURS,KYTC,1,  238880589125,
1245966.37625,276158.594999999,360,MPW011944,SIG011944,SHELBYVILLE,TEN PIN,S,US-60,5.3,SHELBYVILLE @ TEN PIN,24 HOURS,KYTC,1,  264559407022,
1248916.5,275799.875,361,MPW012609,SIG012609,NORWOOD,OXMOOR,S,US-60,5.86,NORWOOD @ OXMOOR,24 HOURS,KYTC,1,  266746094839,
1246057.25,258787.1875,362,MPW011967,SIG011967,BRECKENRIDGE,MANNER DALE,S,KY-1932,1.5,BRECKENRIDGE @ MANNER DALE,24 HOURS,KYTC,1,  375906564154,
1272373.5,294632.4375,363,MPW016588,SIG016588,MURPHY,WESTPORT,S,KY-1447,7.56,MURPHY @ WESTPORT,24 HOURS,KYTC,1,  418544927132,
1248361.6825,283385.963750005,364,MPW012459,SIG012459,HERR,WESTPORT,S,KY-1447,2.67,HERR @ WESTPORT,24 HOURS,KYTC,1,  436629017132,
1242520.25,263205.875,365,MPW011323,SIG011323,HIKES,ROSS,M,,,ST JOHN PAUL II,24 HOURS,METRO,1,  508029305629,
1241932.78125,272453.932500005,366,MPW011223,SIG011223,BROWNS,KRESGE,M,,,BROWNS @ KRESGE,24 HOURS,METRO,1,  529007234084,
1264256.625,260558.40625,367,MPW015659,SIG015659,PLANTSIDE,WATTERSON,S,KY-1819,10.8,PLANTSIDE @ WATTERSON,24 HOURS,KYTC,1,  543050947355,
1262001.375,281158.03125,368,MPW015234,SIG015234,ORMSBY STATION,HURSTBOURNE,S,KY-1747,15.13,ORMSBY STATION @ HURSTBOURNE,24 HOURS,KYTC,1,  560389749125,
1259262.875,270018.875,369,MPW014672,SIG014672,TIMBERWOOD,HURSTBOURNE,S,KY-1747,12.64,TIMBERWOOD @ HURSTBOURNE,24 HOURS,KYTC,1,  652124459126,
1260397.25,274439.125,370,MPW014921,SIG014921,WILDWOOD,SHELBYVILLE,S,US-60,8.06,WILDWOOD @ SHELBYVILLE,24 HOURS,KYTC,1,  664032835940,
1263113.25,283430.65625,371,MPW015465,SIG015465,LA GRANGE,HURSTBOURNE RAMP,S,KY-146,3.59,LA GRANGE @ HURSTBOURNE RAMP,24 HOURS,KYTC,1,  69293707E700,
1256057.99875,287171.0,372,MPW014062,SIG014062,HERMITAGE,WESTPORT,S,KY-1447,4.2,HERMITAGE @ WESTPORT,24 HOURS,KYTC,1,  730927637132,
1248227.5,309692.3125,373,MPW012431,SIG012431,FOX HARBOR,U S HIGHWAY 42,S,US-42,10.33,FOX HARBOR @ U S HIGHWAY 42,24 HOURS,KYTC,1,  767723806712,
1234285.375,256894.84375,374,MPW009716,SIG009716,HIKES,CHAMPIONS TRACE,S,KY-2052,4.07,HIKES @ CHAMPIONS TRACE,24 HOURS,KYTC,1,  780629303804,
1237319.95999999,256178.685000002,375,MPW010285,SIG010285,BARDSTOWN,SIX MILE,S,KY-2251,0.5,BARDSTOWN @ SIX MILE,24 HOURS,KYTC,1,  829903846005,
1233382.125,235443.1875,376,MPW009515,SIG009515,OUTER,ROBBS,S,KY-1065,7.23,OUTER @ ROBBS,24 HOURS,KYTC,1,  955248155545,
1231738.625,223040.28125,377,MPW009235,SIG009235,COOPER CHAPEL,PRESTON CROSSING,M,,,COOPER CHAPEL @ PRESTON CROSSING,24 HOURS,METRO,1, 100331273D471,
1263434.625,254179.40625,378,MPW015532,SIG015532,TAYLORSVILLE,RUCKRIEGEL,S,KY-155,9.02,TAYLORSVILLE @ RUCKRIEGEL,24 HOURS,KYTC,1, 1174363948881,
1253536.875,251823.9375,379,MPW013548,SIG013548,WATTERSON,STONY BROOK,M,,,WATTERSON @ STONY BROOK,24 HOURS,METRO,1, 1184873558946,
1232401.375,217083.828749999,380,MPW009357,SIG009357,ANTLE,PRESTON,S,KY-61,0.27,ANTLE @ PRESTON,24 HOURS,KYTC,1, 1209934245144,
1202624.625,279887.125,381,MPW004772,SIG004772,W MAIN ST,N 15TH ST,S,US 31W,20.934,W MAIN ST @ N 15TH ST,24 HOURS,KYTC,1, 1264422032204,
1201045,279101,382,MPW004420,SIG004420,18TH,JEFFERSON,M,,,18TH @ JEFFERSON,24 HOURS,METRO,1, 1273918833327,
1196149.75,278866.9375,383,MPW003344,SIG003344,28TH,MUHAMMAD ALI,M,,,28TH @ MUHAMMAD ALI,24 HOURS,METRO,1, 1276565707012,
1199470.5,278343.0,384,MPW004050,SIG004050,DR W J HODGE,MUHAMMAD ALI,S,US-31W,20.1,DR W J HODGE @ MUHAMMAD ALI,24 HOURS,KYTC,1, 1280965747012,
1196027.0,278073.4375,385,MPW003322,SIG003322,CHESTNUT,28TH,M,,,CHESTNUT @ 28TH,24 HOURS,METRO,1, 1283311146570,
1202316.25,277892.5,386,MPW004723,SIG004723,15TH,MUHAMMAD ALI,M,,,15TH @ MUHAMMAD ALI,24 HOURS,METRO,1, 1285122047012,
1195004.25,277749.375,387,MPW003113,SIG003113,MAGAZINE,30TH,M,,,MAGAZINE @ 30TH,24 HOURS,METRO,1, 1286141286444,
1202192.75,277098.375,388,MPW004695,SIG004695,CHESTNUT,15TH,M,,,CHESTNUT @ 15TH,24 HOURS,METRO,1, 1291811142204,
1190979.49875,276986.436250001,389,MPW002501,SIG002501,BROADWAY,38TH,M,,,BROADWAY @ 38TH,24 HOURS,METRO,1, 1293807026446,
1202041.625,276117.25,390,MPW004655,SIG004655,BROADWAY,15TH,S,US 150,1.373,BROADWAY @ 15TH,24 HOURS,KYTC,1, 1302907022204,
1203450.5,275842.4375,391,MPW004942,SIG004942,BROADWAY,12TH,S,US 150,1.649,BROADWAY @ 12TH,24 HOURS,KYTC,1, 1304507026566,
1199062.75,275726.875,392,MPW003976,SIG003976,MAPLE,DR W J HODGE,S,US-31W,19.5,MAPLE @ DR W J HODGE,24 HOURS,KYTC,1, 1305541726574,
1195549.625,275028.875,393,MPW003224,SIG003224,GARLAND,28TH,M,,,GARLAND @ 28TH,24 HOURS,METRO,1, 1310424826570,
1206663.5,274634.125,394,MPW005621,SIG005621,5TH,YORK,M,,,5TH @ YORK,24 HOURS,METRO,1, 1313022077433,
1207009.875,273718.375,395,MPW005684,SIG005684,BRECKINRIDGE,4TH,M,,,BRECKINRIDGE @ 4TH,24 HOURS,METRO,1, 1322006582305,
1196288.625,272091.96875,396,MPW003369,SIG003369,DUMESNIL,26TH,M,,,DUMESNIL @ 26TH,24 HOURS,METRO,1, 1334616986584,
1208179.77249999,271880.056250006,397,MPW005834,SIG005834,1ST,ST CATHERINE,M,,,1ST @ ST CATHERINE,24 HOURS,METRO,1, 1337222235785,
1210365.5,271273.25,398,MPW006153,SIG006153,JACKSON,ST CATHERINE,S,KY-61,11.616,JACKSON @ ST CATHERINE,24 HOURS,KYTC,1, 1343032925785,
1222532.25,269423.563749999,399,MPW007709,SIG007709,BARDSTOWN,BONNYCASTLE,S,US-31E,14.383,BARDSTOWN @ BONNYCASTLE,24 HOURS,KYTC,1, 1362703840605,
1197242.75,269140.501249999,400,MPW003583,SIG003583,HILL,22ND,S,US-31W,18.16,HILL @ 22ND,24 HOURS,KYTC,1, 1365029346580,
1223316.625,268797.625,401,MPW007822,SIG007822,BARDSTOWN,MARYLAND,S,US-31E,14.192,BARDSTOWN @ MARYLAND,24 HOURS,KYTC,1, 1368203844240,
1202312.75,268525.5,402,MPW004722,SIG004722,HILL,12TH,M,,,HILL @ 12TH,24 HOURS,METRO,1, 1369829346566,
1207608.5,268202.001249999,403,MPW005771,SIG005771,W BURNETT AVE,S 1ST ST,M,,,W BURNETT AVE @ S 1ST ST,24 HOURS,METRO,1, 1372807740775,
1196562.75,267136.0,404,MPW003428,SIG003428,ALGONQUIN,22ND,S,US-31W,17.734,ALGONQUIN @ 22ND,24 HOURS,KYTC,1, 1384900616580,
1191564.375,266398.25,405,MPW002612,SIG002612,BELLS,CANE RUN,S,KY-1934,11.21,BELLS @ CANE RUN,24 HOURS,KYTC,1, 1394904780934,
1215568.5,265572.5,406,MPW006914,SIG006914,CLARKS,POPLAR LEVEL,S,KY-864,13.415,CLARKS @ POPLAR LEVEL,24 HOURS,KYTC,1, 1403811585123,
1205428.75,263536.8125,407,MPW005391,SIG005391,4TH,INDUSTRY,M,,,4TH @ INDUSTRY,24 HOURS,METRO,1, 1423223053161,
1209087.75,262641.375,408,MPW005960,SIG005960,CRITTENDEN,EASTERN,S,US-60,4.038,CRITTENDEN @ EASTERN,24 HOURS,KYTC,1, 1435013421835,
1205709.5,262177.875,409,MPW005459,SIG005459,3RD,WINKLER,S,US-60,3.157,3RD @ WINKLER,24 HOURS,KYTC,1, 1441264387237,
1205009.75,260828.21875,410,MPW005304,SIG005304,4TH,HEYWOOD,M,,,4TH @ HEYWOOD,24 HOURS,METRO,1, 1459823052909,
1205798.75,258302.28125,411,MPW005475,SIG005475,GARRETT,TULANE,M,,,GARRETT @ TULANE,24 HOURS,METRO,1, 1485726966554,
1199960.5,258062.0625,412,MPW004181,SIG004181,LONGFIELD,TAYLOR,S,US-60,1.62,LONGFIELD @ TAYLOR,24 HOURS,KYTC,1, 1488239336392,
1278398.125,273923.40625,413,MPW017050,SIG017050,DATA VAULT,ENGLISH STATION,M,,,DATA VAULT @ ENGLISH STATION,24 HOURS,METRO,1,   16790939409,
1280070.75,272698.75,414,MPW017125,SIG017125,SHELBYVILLE,I 265 RAMP,S,US-60,11.97,SHELBYVILLE @ I 265 RAMP,24 HOURS,KYTC,1,   18059409996,
1297415.875,270198.6875,415,MPW017688,SIG017688,FLAT ROCK,SHELBYVILLE,S,US 60,15.426,FLAT ROCK @ SHELBYVILLE,24 HOURS,KYTC,1,   58022365940,
1236128.5,270632.1875,416,MPW010062,SIG010062,CANNONS,I 64 RAMP,S,KY-2048,10.53,CANNONS @ I 64 RAMP,24 HOURS,KYTC,1,  129009369997,
1247385.5,308214.25,417,MPW012238,SIG012238,U S HIGHWAY 42,TIMBER RIDGE,S,US-42,10.02,U S HIGHWAY 42 @ TIMBER RIDGE,24 HOURS,KYTC,1,  149267128230,
1249338.125,277551.6875,418,MPW012691,SIG012691,NEW LA GRANGE,WASHBURN,S,KY-146,0.45,NEW LA GRANGE @ WASHBURN,24 HOURS,KYTC,1,  252446257042,
1233925.0,282004.625,419,MPW009622,SIG009622,BROWNSBORO,CHENOWETH,S,US-42,3.89,BROWNSBORO @ CHENOWETH,24 HOURS,KYTC,1,  220207241093,
1231435.5,263195.6875,420,MPW009183,SIG009183,BARDSTOWN,BRIGHTON,S,US-31E,12.253,BARDSTOWN @ BRIGHTON,24 HOURS,KYTC,1,  333103840685,
1232236.5,261889.516249999,421,MPW009322,SIG009322,BARDSTOWN,I 264 RAMP,S,I-264,15.674,BARDSTOWN @ I 264 RAMP,24 HOURS,KYTC,1,  345003849995,
1232702.0,261120.641249999,422,MPW009408,SIG009408,BARDSTOWN,GOLDSMITH,S,US-31E,11.773,BARDSTOWN @ GOLDSMITH,24 HOURS,KYTC,1,  351303842585,
1234934.75,257423.625,423,MPW009846,SIG009846,BUECHEL,HIKES,S,US-31E,10.97,BUECHEL @ HIKES,24 HOURS,KYTC,1,  388108272930,
1248760.32625,283674.28125,424,MPW012568,SIG012568,LYNDON,WESTPORT,S,KY-1447,3,LYNDON @ WESTPORT,24 HOURS,KYTC,1,  435827747132,
1258732.25,276397.875,425,MPW014568,SIG014568,HURSTBOURNE PKY,HURSTBOURNE TRCE,S,KY-1747,13.87,HURSTBOURNE PKY @ HURSTBOURNE TRCE,24 HOURS,KYTC,1,  477491259183,
1253065.25,275292.8125,426,MPW013455,SIG013455,LYNDON,SHELBYVILLE,S,US-60,6.66,LYNDON @ SHELBYVILLE,24 HOURS,KYTC,1,  592327745940,
1241228.99875,262280.875,427,MPW011080,SIG011080,FURMAN,HIKES,M,,,FURMAN @ HIKES,24 HOURS,METRO,1,  508423492930,
1270107.125,261264.1875,428,MPW016349,SIG016349,PLANTSIDE,BLANKENBAKER,S,KY-913,1.81,PLANTSIDE @ BLANKENBAKER,24 HOURS,KYTC,1,  515050947624,
1247764.875,275944.28125,429,MPW012325,SIG012325,SHELBYVILLE,I 264 RAMP,S,US-60,5.64,SHELBYVILLE @ I 264 RAMP,24 HOURS,KYTC,1,  526659409995,
1245505.20874999,276220.049999997,430,MPW011854,SIG011854,SHELBYVILLE,SHERBURN,S,US-60,5.21,SHELBYVILLE @ SHERBURN,24 HOURS,KYTC,1,  529159405950,
1264047.06625,258603.566249996,431,MPW015626,SIG015626,ELECTRON,WATTERSON,S,KY-1819,10.43,ELECTRON @ WATTERSON,24 HOURS,KYTC,1,  544536657355,
1256311.75,264094.25,432,MPW014102,SIG014102,S HURSTBOURNE PKY,HURSTBOURNE,S,KY-1747,11.29,S HURSTBOURNE PKY @ HURSTBOURNE,24 HOURS,KYTC,1,  560830429126,
1260839.375,297334.375,433,MPW014998,SIG014998,BROWNSBORO,I 265 RAMP,S,KY-22,3.66,BROWNSBORO @ I 265 RAMP,24 HOURS,KYTC,1,  719007249996,
1238721.125,254583.375,434,MPW010581,SIG010581,BUECHEL BANK,BUECHEL,S,US-31E,10.04,BUECHEL BANK @ BUECHEL,24 HOURS,KYTC,1,2,
1235299.25,250282.90625,435,MPW009924,SIG009924,BUECHEL BANK,SHEPHERDSVILLE,S,KY-1703,0,BUECHEL BANK @ SHEPHERDSVILLE,24 HOURS,KYTC,1,2,
1235024.24875,243460.28125,436,MPW009866,SIG009866,POPLAR LEVEL,SHEPHERDSVILLE,S,KY-864,7.42,POPLAR LEVEL @ SHEPHERDSVILLE,24 HOURS,KYTC,1,  908451235945,
1251385.0,256271.172499999,437,MPW013096,SIG013096,HURSTBOURNE,AMBROSSE,S,KY-1747,9.39,HURSTBOURNE @ AMBROSSE,24 HOURS,KYTC,1, 1032291269795,
1231077.75,222934.047499999,438,MPW009122,SIG009122,COOPER CHAPEL,PRESTON,S,KY-61,1.4,COOPER CHAPEL @ PRESTON,24 HOURS,KYTC,1, 1087512735144,
1251052.75,247262.3125,439,MPW013017,SIG013017,STONY BROOK,HURSTBOURNE,S,KY-1747,7.64,STONY BROOK @ HURSTBOURNE,24 HOURS,KYTC,1, 1140889469126,
1261493.37,254830.886250004,440,MPW015123,SIG015123,BILLTOWN,MAPLE,JT,,,BILLTOWN @ MAPLE,24 HOURS,JEFFERSONTOWN,1, 1169201884170,
1262393.75,253398.453749999,441,MPW015311,SIG015311,GAUDET,RUCKRIEGEL,S,KY-1819,9.12,GAUDET @ RUCKRIEGEL,24 HOURS,KYTC,1, 1174036828881,
1193182.25,278525.5625,442,MPW002852,SIG002852,34TH,RIVER PARK,M,,,34TH @ RIVER PARK,24 HOURS,METRO,1,1278855356448,
1228179.625,280193.0,443,MPW008671,SIG008671,BROWNSBORO,HILLCREST,S,US-42,2.747,BROWNSBORO @ HILLCREST,24 HOURS,KYTC,1, 1260707242938,
1195202.0,279017.4375,444,MPW003154,SIG003154,30TH,MUHAMMAD ALI,M,,,30TH @ MUHAMMAD ALI,24 HOURS,METRO,1, 1274864447012,
1200623.125,276389.1875,445,MPW004324,SIG004324,BROADWAY,18TH,S,US 150,1.07,BROADWAY @ 18TH,24 HOURS,KYTC,1, 1299807021883,
1203462.375,276087.9375,446,MPW004945,SIG004945,12TH STREET CONNECTOR,ESQUIRE,M,,,12TH STREET CONNECTOR @ ESQUIRE,24 HOURS,METRO,1, 1303385349226,
1198884.215,274597.157499999,447,MPW003946,SIG003946,GARLAND,DR W J HODGE,S,US-31W,19.285,GARLAND @ DR W J HODGE,24 HOURS,KYTC,1, 1313224826574,
1196326.375,272391.6875,448,MPW003377,SIG003377,OAK,26TH,M,,,OAK @ 26TH,24 HOURS,METRO,1, 1332247196584,
1206144.375,271283.4375,449,MPW005537,SIG005537,GARVIN,OAK,M,,,GARVIN @ OAK,24 HOURS,METRO,1, 1342824914719,
1212101.375,271014.875,450,MPW006433,SIG006433,MARY,ST CATHERINE,S,KY-864,14.794,MARY @ ST CATHERINE,24 HOURS,KYTC,1, 1346242345785,
1212027.375,270540.1875,451,MPW006422,SIG006422,OAK,SHELBY,S,KY-864,14.7,OAK @ SHELBY,24 HOURS,KYTC,1, 1351347185937,
1207236.75,268934.4375,452,MPW005709,SIG005709,MAGNOLIA,2ND,S,KY-1020,10.913,MAGNOLIA @ 2ND,24 HOURS,KYTC,1, 1367141305872,
1208189.5,268810.125,453,MPW005835,SIG005835,BROOK,MAGNOLIA,M,,,BROOK @ MAGNOLIA,24 HOURS,METRO,1, 1368107074129,
1207061.5,267800.3125,454,MPW005688,SIG005688,HILL,2ND,S,KY-1020,10.694,HILL @ 2ND,24 HOURS,KYTC,1, 1376529345872,
1214322,267791,455,MPW006745,SIG006745,GOSS,TEXAS,S,KY-864,13.933,GOSS @ TEXAS,24 HOURS,KYTC,1, 1377025926424,
1195107.375,267294.125,456,MPW003126,SIG003126,ALGONQUIN,CYPRESS,S,KY-2054,1.22,ALGONQUIN @ CYPRESS,24 HOURS,KYTC,1, 1383300611374,
1216180.0,264722.25,457,MPW006977,SIG006977,POPLAR LEVEL,THRUSTON,S,KY-864,13.2,POPLAR LEVEL @ THRUSTON,24 HOURS,KYTC,1, 1411651236480,
1208859.02249999,263639.954999998,458,MPW005937,SIG005937,UNIVERSITY,I 65 RAMP,S,I-65,0.185,UNIVERSITY @ I 65 RAMP,24 HOURS,KYTC,1,14222F2719998,
1205928.25,263485.65625,459,MPW005500,SIG005500,EASTERN,3RD,S,US-60,3.479,EASTERN @ 3RD,24 HOURS,KYTC,1, 1427818356438,
1223536.375,263136.25,460,MPW007851,SIG007851,NEWBURG,TREVILIAN,S,KY-1703,3.399,NEWBURG @ TREVILIAN,24 HOURS,KYTC,1, 1428245526530,
1203959.375,262452.03125,461,MPW005049,SIG005049,ALGONQUIN,WINKLER,S,US-60,2.78,ALGONQUIN @ WINKLER,24 HOURS,KYTC,1, 1437400617237,
1212995.125,260875.03125,462,MPW006572,SIG006572,LOCUST,PRESTON,S,KY-61,9.476,LOCUST @ PRESTON,24 HOURS,KYTC,1, 1459239135144,
1213721.625,259384.9375,463,MPW006670,SIG006670,AUDUBON,PRESTON,S,KY-61,9.177,AUDUBON @ PRESTON,24 HOURS,KYTC,1, 1474602195144,
1192302.5,272905.3125,464,MPW002732,SIG002732,LOUIS COLEMAN JR,VIRGINIA,M,,,LOUIS COLEMAN JR @ VIRGINIA,24 HOURS,METRO,1,28201E9856877,
1248692.0,310786.1875,465,MPW012554,SIG012554,U S HIGHWAY 42,RIVER,S,US-42,10.55,U S HIGHWAY 42 @ RIVER,24 HOURS,KYTC,1,  135767128199,
1236363.375,277308.375,466,MPW010103,SIG010103,FRANKFORT,LEXINGTON,S,US-60,3.46,FRANKFORT @ LEXINGTON,24 HOURS,KYTC,1,  252723233838,
1237692.125,283660.375,467,MPW010365,SIG010365,BROWNSBORO,HUBBARDS,S,US-42,4.671,BROWNSBORO @ HUBBARDS,24 HOURS,KYTC,1,  214107243007,
1248393.75,275865.5625,468,MPW012477,SIG012477,NEW LA GRANGE,SHELBYVILLE,S,US-60,5.77,NEW LA GRANGE @ SHELBYVILLE,24 HOURS,KYTC,1,  266446255940,
1238122.75,259888.375,469,MPW010446,SIG010446,GOLDSMITH,HIKES,M,,,GOLDSMITH @ HIKES,24 HOURS,METRO,1,  365725852930,
1242012.125,268874.5,470,MPW011236,SIG011236,BRECKENRIDGE,I 264 RAMP,S,KY-1932,3.73,BRECKENRIDGE @ I 264 RAMP,24 HOURS,KYTC,1,  518506569995,
1264099.5,257336.5,471,MPW015634,SIG015634,WATTERSON,RUCKRIEGEL,S,KY-1819,10.16,WATTERSON @ RUCKRIEGEL,24 HOURS,KYTC,1,  543173558881,
1278127.25,253202.8125,472,MPW017034,SIG017034,TAYLORSVILLE,I 265 RAMP,S,KY-155,6.21,TAYLORSVILLE @ I 265 RAMP,24 HOURS,KYTC,1,  815663949996,
1266226.62375,253289.96875,473,MPW015919,SIG015919,CHENOWETH RUN,TAYLORSVILLE,S,KY-155,8.46,CHENOWETH RUN @ TAYLORSVILLE,24 HOURS,KYTC,1,  852410956394,
1243261.625,237274.5,474,MPW011449,SIG011449,BLAZIER,PEPPERMILL,S,KY-22 ,0,BLAZIER @ PEPPERMILL,24 HOURS,KYTC,1,  943205535032,
1248282.25,235106.75,475,MPW012443,SIG012443,BEULAH CHURCH,FEGENBUSH,S,KY-1065,4.25,BEULAH CHURCH @ FEGENBUSH,24 HOURS,KYTC,1,  952105182163,
1246024.0,235061.46875,476,MPW011958,SIG011958,APPLE VALLEY,OUTER,S,KY-1065,9.66,APPLE VALLEY @ OUTER,24 HOURS,KYTC,1,  952908904815,
1267299.96125001,252960.576250002,477,MPW016039,SIG016039,TAYLORSVILLE,BLANKENBAKER,S,KY-155,8.244,TAYLORSVILLE @ BLANKENBAKER,24 HOURS,KYTC,1, 1055963947624,
1258250.5,237562.873750001,478,MPW014474,SIG014474,RIDGESIDE,BLACK WILLOW,S,KY-1447,3.04,RIDGESIDE @ BLACK WILLOW,24 HOURS,KYTC,1, 11343D281D284,
1235579.0,235781.28125,479,MPW009967,SIG009967,OUTER,SHEPHERDSVILLE,S,KY-1065,7.66,OUTER @ SHEPHERDSVILLE,24 HOURS,KYTC,1, 1159448155945,
1261344.2175,254056.230000004,480,MPW015101,SIG015101,BILLTOWN,RUCKRIEGEL,S,KY-1819,8.89,BILLTOWN @ RUCKRIEGEL,24 HOURS,KYTC,1, 1169401888881,
1262375.0,255527.78125,481,MPW015307,SIG015307,TAYLORSVILLE,WATTERSON,S,KY-155,9.35,TAYLORSVILLE @ WATTERSON,24 HOURS,KYTC,1, 1169863947355,
1223786.5,275203.25,482,MPW007891,SIG007891,GRINSTEAD,I 64 RAMP,S,I-64,8.071,GRINSTEAD @ I 64 RAMP,24 HOURS,KYTC,1, 1213026639997,
1192005.5,281097.0625,483,MPW002686,SIG002686,MARKET,38TH,M,,,MARKET @ 38TH,24 HOURS,METRO,1, 1249642146446,
1199624.0,279327.9375,484,MPW004089,SIG004089,JEFFERSON,DR W J HODGE,S,US-31W,20.14,JEFFERSON @ DR W J HODGE,24 HOURS,KYTC,1, 1271433276574,
1201716.75,277171.625,485,MPW004583,SIG004583,CHESTNUT,16TH,M,,,CHESTNUT @ 16TH,24 HOURS,METRO,1, 1290711146007,
1198701.0,276524.5,486,MPW003897,SIG003897,BROADWAY,22ND,S,US 150,0,BROADWAY @ 22ND,24 HOURS,KYTC,1, 1299107026580,
1207483.25,273644.6875,487,MPW005753,SIG005753,BRECKINRIDGE,3RD,S,KY-1020,11.978,BRECKINRIDGE @ 3RD,24 HOURS,KYTC,1, 1322706586438,
1206552.37625,272734.125,488,MPW005605,SIG005605,5TH,KENTUCKY,M,,,5TH @ KENTUCKY,24 HOURS,METRO,1, 1329222073532,
1195160.875,272537.0,489,MPW003141,SIG003141,28TH,VIRGINIA,M,,,28TH @ VIRGINIA,24 HOURS,METRO,1, 1330565706877,
1194775.5,272092.6875,490,MPW003082,SIG003082,CATALPA,DUMESNIL,M,,,CATALPA @ DUMESNIL,24 HOURS,METRO,1, 1334510111698,
1211522.5,271102.25,491,MPW006335,SIG006335,CLAY,ST CATHERINE,M,,,CLAY @ ST CATHERINE,24 HOURS,METRO,1, 1344911675785,
1211459.75,270692.625,492,MPW006324,SIG006324,CLAY,OAK,M,,,CLAY @ OAK,24 HOURS,METRO,1, 1349311674718,
1197570.625,270106.875,493,MPW003658,SIG003658,STANDARD,22ND,M,,,STANDARD @ 22ND,24 HOURS,METRO,1, 1355861246580,
1205337.5,269216.625,494,MPW005368,SIG005368,MAGNOLIA,6TH,M,,,MAGNOLIA @ 6TH,24 HOURS,METRO,1, 1363941306009,
1205162.25,268087.25,495,MPW005339,SIG005339,HILL,6TH,M,,,HILL @ 6TH,24 HOURS,METRO,1, 1373929346009,
1213717.5,265230.5625,496,MPW006669,SIG006669,BURNETT,EASTERN,S,US-60,5.069,BURNETT @ EASTERN,24 HOURS,KYTC,1, 1406307741835,
1200941.75,262469.625,497,MPW004401,SIG004401,CENTRAL,COLORADO,M,,,CENTRAL @ COLORADO,24 HOURS,METRO,1, 1437210411238,
1200342.5,259344.40625,498,MPW004268,SIG004268,ARCADE,TAYLOR,S,US-60,1.89,ARCADE @ TAYLOR,24 HOURS,KYTC,1, 1475001486392,
1245531.85124999,281425.022499993,499,MPW011789,SIG011789,I 264 RAMP,WESTPORT,S,KY1447,2,I 264 RAMP @ WESTPORT,24 HOURS,KYTC,1,2807199957132,
1192541.25,274417.25,500,MPW002768,SIG002768,LOUIS COLEMAN JR,GREENWOOD,M,,,LOUIS COLEMAN JR @ GREENWOOD,24 HOURS,METRO,1,28206E9852651,
1245020.88375001,276284.102500007,501,MPW018015,SIG018015,STONEHENGE,SHELBYVILLE,S,US-60,5.12,STONEHENGE @ SHELBYVILLE,24 HOURS,KYTC,1,  263000555940,
1248857.72750001,275352.200000003,502,MPW018014,SIG018014,OXMOOR,SHELBYVILLE,M,,,OXMOOR @ SHELBYVILLE,24 HOURS,METRO,1,  266748395940,
1214725.63124999,267486.801249996,503,MPW017874,SIG017874,GOSS,PARKWAY GARDENS,S,KY-864,13.837,GOSS @ PARKWAY GARDENS,24 HOURS,KYTC,1, 1383225929018,
1208138.03,264669.568749994,504,MPW018016,SIG018016,BRANDEIS,FLOYD,M,,,BRANDEIS @ FLOYD,24 HOURS,METRO,3, 1407106472254,
1223562.0,274781.0625,505,MPW007858,SIG007858,GRINSTEAD,LEXINGTON,S,US-60,8.009,GRINSTEAD @ LEXINGTON,24 HOURS,KYTC,1, 1524326633838,
1214283.625,277555.1875,506,MPW006743,SIG006743,MARKET,WENZEL,S,US 31W,16.715,MARKET @ WENZEL,24 HOURS,KYTC,1, 1552742137101,
1214503.25,276502.21875,507,MPW006772,SIG006772,CHESTNUT,LIBERTY,S,KY-864,15.84,CHESTNUT @ LIBERTY,24 HOURS,KYTC,1, 1553711133844,
1205340.375,275486.0,508,MPW005369,SIG005369,BROADWAY,8TH,S,US 150,2.015,BROADWAY @ 8TH,24 HOURS,KYTC,1, 1555307021885,
1215208.5,275993.9375,509,MPW006863,SIG006863,BAXTER,LEXINGTON,S,US-31E,16.3,BAXTER @ LEXINGTON,24 HOURS,KYTC,1, 1557604173838,
1213208.25,278236.1875,510,MPW006597,SIG006597,MAIN,SHELBY,S,US 31W,16.982,MAIN @ SHELBY,24 HOURS,KYTC,1, 1560341385936,
1207942.0,276599.8125,511,MPW005812,SIG005812,GUTHRIE,3RD,M,KY-1020,12.37,GUTHRIE @ 3RD,24 HOURS,METRO,1, 1561526736438,
1206716.0,276388.875,512,MPW005631,SIG005631,ARMORY,CHESTNUT,M,,,ARMORY @ CHESTNUT,24 HOURS,METRO,1, 1561801671114,
1226360.125,259301.625,513,MPW008391,SIG008391,GARDINER,NEWBURG,S,KY-1703,2.4,GARDINER @ NEWBURG,24 HOURS,KYTC,1, 1566224794552,
1228484.75,257726.422499999,514,MPW008712,SIG008712,MEADOWCREEK,NEWBURG,S,KY-1703,1.89,MEADOWCREEK @ NEWBURG,24 HOURS,KYTC,1, 1566843064552,
1226988.0,266830.375,515,MPW008502,SIG008502,BARDSTOWN,WROCKLAGE,S,US-31E,13.387,BARDSTOWN @ WROCKLAGE,24 HOURS,KYTC,1, 1587903847314,
1228271.0,266499.875,516,MPW008684,SIG008684,BARDSTOWN,TAYLORSVILLE,S,US-31E,13.126,BARDSTOWN @ TAYLORSVILLE,24 HOURS,KYTC,1, 1588703846394,
1217006.0,272963.4375,517,MPW007060,SIG007060,BAXTER,HIGHLAND,S,US-31E,15.653,BAXTER @ HIGHLAND,24 HOURS,KYTC,1, 1602604172923,
1217406.375,273239.25,518,MPW007096,SIG007096,CHEROKEE,HIGHLAND,M,,,CHEROKEE @ HIGHLAND,24 HOURS,METRO,1, 1609411002923,
1219237.625,269286.25,519,MPW007279,SIG007279,BAXTER,CASTLEWOOD,S,KY-1703,4.871,BAXTER @ CASTLEWOOD,24 HOURS,KYTC,1, 1613204171006,
1211232.875,273074.625,520,MPW006285,SIG006285,BRECKINRIDGE,HANCOCK,M,,,BRECKINRIDGE @ HANCOCK,24 HOURS,METRO,1, 1629506572796,
1211811.25,272988.75,521,MPW006378,SIG006378,BRECKINRIDGE,CLAY,M,,,BRECKINRIDGE @ CLAY,24 HOURS,METRO,1, 1629906571167,
1212391.0,272903.625,522,MPW006479,SIG006479,BRECKINRIDGE,SHELBY,S,KY-864,15.156,BRECKINRIDGE @ SHELBY,24 HOURS,KYTC,1, 1630206575937,
1211069.625,272000.0,523,MPW006257,SIG006257,HANCOCK,KENTUCKY,M,,,HANCOCK @ KENTUCKY,24 HOURS,METRO,1, 1634627963531,
1212901.25,276248.0,524,MPW006558,SIG006558,SHELBY,MUHAMMAD ALI,M,,,SHELBY @ MUHAMMAD ALI,24 HOURS,METRO,1,1642059377011,
1213477.875,276159.001249999,525,MPW006635,SIG006635,CAMPBELL,MUHAMMAD ALI,M,,,CAMPBELL @ MUHAMMAD ALI,24 HOURS,METRO,1, 1642209247011,
1209139.75,276009.6875,526,MPW005981,SIG005981,BROOK,CHESTNUT,M,,,BROOK @ CHESTNUT,24 HOURS,METRO,1, 1643007071113,
1208757.75,275586.625,527,MPW005907,SIG005907,1ST,GRAY,M,,,1ST @ GRAY,24 HOURS,METRO,1, 1644322232625,
1209739.75,274966.625,528,MPW006082,SIG006082,BROADWAY,FLOYD,S,US 150,2.845,BROADWAY @ FLOYD,24 HOURS,KYTC,1, 1647307012254,
1211474.25,278504.5,529,MPW006325,SIG006325,JACKSON,MAIN,S,US 31W,17.343,JACKSON @ MAIN,24 HOURS,KYTC,1, 1650432924138,
1211024.17125,279422.814999998,530,MPW006251,SIG006251,PRESTON,RIVER,M,,,PRESTON @ RIVER,24 HOURS,METRO,1, 1650851428199,
1220385.625,278475.375,531,MPW007447,SIG007447,FRANKFORT,HALDEMAN,S,US-60,0.382,FRANKFORT @ HALDEMAN,24 HOURS,KYTC,1, 1658623232783,
1200085.5,266649.375,532,MPW004205,SIG004205,ALGONQUIN,16TH,S,KY-2054,2.17,ALGONQUIN @ 16TH,24 HOURS,KYTC,1, 1664100616007,
1205374.625,272225.4375,533,MPW005378,SIG005378,ST CATHERINE,7TH,M,,,ST CATHERINE @ 7TH,24 HOURS,METRO,1, 1667157865899,
1208235.0,278490.0625,534,MPW005838,SIG005838,MARKET,3RD,S,US 31W,21.944,MARKET @ 3RD,24 HOURS,KYTC,1, 1669342146438,
1207829.25125,279070.6875,535,MPW005799,SIG005799,W MAIN ST,N 4TH ST,S,US 31W,21.932,W MAIN ST @ N 4TH ST,24 HOURS,KYTC,1, 1671123042305,
1206339.5,278784.25,536,MPW005568,SIG005568,MARKET,7TH,S,US 31W,21.574,MARKET @ 7TH,24 HOURS,KYTC,1, 1671442145899,
1208114.125,277703.875,537,MPW005828,SIG005828,LIBERTY,3RD,M,KY-1020,12.581,LIBERTY @ 3RD,24 HOURS,METRO,1, 1673438456438,
1206108.75,277298.8125,538,MPW005530,SIG005530,7TH,MUHAMMAD ALI,M,,,7TH @ MUHAMMAD ALI,24 HOURS,METRO,1, 1674158997012,
1208004.25,277002.4375,539,MPW005816,SIG005816,3RD,MUHAMMAD ALI,M,KY-1020,12.447,3RD @ MUHAMMAD ALI,24 HOURS,METRO,1, 1674864387012,
1208753.375,278928.75,540,MPW005906,SIG005906,MAIN ST,S 2ND ST,S,US 31W,17.887,MAIN ST @ S 2ND ST,24 HOURS,KYTC,1, 1675719084139,
1210315.25,278683.75,541,MPW006144,SIG006144,E MAIN ST,FLOYD ST,S,US 31W,17.587,E MAIN ST @ FLOYD ST,24 HOURS,KYTC,1, 1676122532254,
1208604.28,277915.231250003,542,MPW005887,SIG005887,JEFFERSON,2ND,S,KY-1020,12.627,JEFFERSON @ 2ND,24 HOURS,KYTC,1, 1676833275872,
1210116.125,277401.75,543,MPW006119,SIG006119,FLOYD,LIBERTY,M,,,FLOYD @ LIBERTY,24 HOURS,METRO,1, 1677522543844,
1210664.875,277096.625,544,MPW006190,SIG006190,LIBERTY,PRESTON,S,KY-61,12.79,LIBERTY @ PRESTON,24 HOURS,KYTC,1, 1677738445143,
1203574.0,279736.1875,545,MPW004966,SIG004966,MAIN,13TH,S,US 31W,21.117,MAIN @ 13TH,24 HOURS,KYTC,1, 1678741396441,
1200444.875,283477.9375,546,MPW004290,SIG004290,PORTLAND,22ND,S,US-150,0.125,PORTLAND @ 22ND,24 HOURS,KYTC,1, 1712051296579,
1199585.125,253719.547499999,547,MPW004079,SIG004079,TAYLOR,I 264 RAMP,S,KY-1865,5.53,TAYLOR @ I 264 RAMP,24 HOURS,KYTC,1, 1774763929995,
1215191.0,256399.4375,548,MPW006860,SIG006860,BELMAR,PRESTON,S,KY-61,8.54,BELMAR @ PRESTON,24 HOURS,KYTC,1, 1782304805144,
1212380.625,256062.313749999,549,MPW006476,SIG006476,PHILLIPS,STANDIFORD FIELD,S,I-65,0.772,PHILLIPS @ STANDIFORD FIELD,24 HOURS,KYTC,1, 1789750516280,
1217643.25,251887.251249999,550,MPW007116,SIG007116,STANDIFORD,PRESTON,S,KY-61,7.568,STANDIFORD @ PRESTON,24 HOURS,KYTC,1, 1819232575144,
1217466.0,249860.75,551,MPW007098,SIG007098,TWIN SPIRES,HERCULES,M,,,TWIN SPIRES @ HERCULES,24 HOURS,METRO,1, 1834176977771,
1204124.25,248695.4375,552,MPW005094,SIG005094,KINGSTON,3RD,M,,,KINGSTON @ 3RD,24 HOURS,METRO,1, 1846635646438,
1229207.5,245478.59375,553,MPW008802,SIG008802,NAOMI,POPLAR LEVEL,S,KY-864,8.72,NAOMI @ POPLAR LEVEL,24 HOURS,KYTC,1,2,
1201890.4725,238190.688749999,554,MPW017879,SIG017879,SHOREWOOD,3RD STREET,S,KY-1865,2.56,SHOREWOOD @ 3RD STREET,24 HOURS,KYTC,1, 1902259786440,
1226237.625,238036.1875,555,MPW008360,SIG008360,MINOR,PRESTON,S,KY-61,4.43,MINOR @ PRESTON,24 HOURS,KYTC,1, 1904944065144,
1229013.5,235603.8125,556,MPW008782,SIG008782,OUTER,NOLTEMEYER WYNDE,S,KY-1065,6.41,OUTER @ NOLTEMEYER WYNDE,24 HOURS,KYTC,1, 1921648158358,
1230141.875,226751.6875,557,MPW008962,SIG008962,GLEN ROSE,PRESTON,S,KY-61,2.13,GLEN ROSE @ PRESTON,24 HOURS,KYTC,1, 1975525645144,
1199697.75,251152.1875,558,MPW004104,SIG004104,BLUEGRASS,TAYLOR,S,KY-1865,5.03,BLUEGRASS @ TAYLOR,24 HOURS,KYTC,1, 2012705726392,
1218950.0,227600.5,559,MPW007258,SIG007258,MINOR,SOUTH PARK,M,,,MINOR @ SOUTH PARK,24 HOURS,METRO,1, 2039944066310,
1226289.25,227683.9375,560,MPW008376,SIG008376,BLUE LICK,SOUTH PARK,S,KY-1450,2.17,BLUE LICK @ SOUTH PARK,24 HOURS,KYTC,1, 2044305776310,
1195535.625,247859.875,561,MPW003222,SIG003222,HAZELWOOD,MANSLICK,S,KY-1931,6.593,HAZELWOOD @ MANSLICK,24 HOURS,KYTC,1, 2044428614163,
1219353.25,242711.78125,562,MPW007296,SIG007296,FERN VALLEY,SIGNATURE,S,KY-1747,0.97,FERN VALLEY @ SIGNATURE,24 HOURS,KYTC,1, 2064721909227,
1204910.75,243241.53125,563,MPW005263,SIG005263,STRAWBERRY,THALIA,S,KY-1020,6.09,STRAWBERRY @ THALIA,24 HOURS,KYTC,1, 2074761936427,
1200764.5,244585.25,564,MPW004354,SIG004354,KENWOOD,KNOLL GATE,S,KY-1865,3.775,KENWOOD @ KNOLL GATE,24 HOURS,KYTC,1, 2080375869366,
1204284.99875,253127.03125,565,MPW005124,SIG005124,ASHLAND,SOUTHERN,S,KY-1020,8.007,ASHLAND @ SOUTHERN,24 HOURS,KYTC,1, 2088801946052,
1192659.625,255798.71875,566,MPW002783,SIG002783,CRUMS,DIXIE,S, US-31W,15.34,CRUMS @ DIXIE,24 HOURS,KYTC,1, 2092913581612,
1184437.5425,241856.261250004,567,MPW001682,SIG001682,DIXIE,KERRICK,S, US-31W,12.3,DIXIE @ KERRICK,24 HOURS,KYTC,1, 2183216123540,
1184538.22875001,242157.996250004,568,MPW017876,SIG017876,DIXIE,KERRICK,S, US-31W,12.3,DIXIE @ KERRICK,24 HOURS,KYTC,1, 2183216123540,
1184287.92375,241420.771249995,569,MPW017877,SIG017877,DIXIE,KERRICK,S, US-31W,12.14,DIXIE @ KERRICK,24 HOURS,KYTC,1, 2183216123540,
1184357.875,227966.561250001,570,MPW001675,SIG001675,PAGES,3RD STREET,S,KY-907,2.1,PAGES @ 3RD STREET,24 HOURS,KYTC,1, 2236549356440,
1184393.0,225061.65625,571,MPW001677,SIG001677,SILVERWOOD,STONESTREET,M,,,SILVERWOOD @ STONESTREET,24 HOURS,METRO,1, 2247259956179,
1176771.625,224621.203749999,572,MPW000904,SIG000904,VALLEY STATION,RENAISSANCE VALLEY,S,KY-907,0.32,VALLEY STATION @ RENAISSANCE VALLEY,24 HOURS,KYTC,1, 224936826E239,
1171303.125,244922.09375,573,MPW000308,SIG000308,GREENBELT,RIVERPORT,S,KY-1934,5.5,GREENBELT @ RIVERPORT,24 HOURS,KYTC,1, 2282483248382,
1172979.5,248178.875,574,MPW000458,SIG000458,LOWER HUNTERS,GREENBELT,S,KY-1934,6.2,LOWER HUNTERS @ GREENBELT,24 HOURS,KYTC,1, 2285539698324,
1180821.75,233469.78125,575,MPW001370,SIG001370,DIXIE,PAGES,S, US-31W,10.5,DIXIE @ PAGES,24 HOURS,KYTC,1, 2290216127130,
1248554.10124999,244287.002499998,576,MPW012520,SIG012520,WATTERSON,HURSTBOURNE,S,KY-1747,6.847,WATTERSON @ HURSTBOURNE,24 HOURS,KYTC,1, 2479772919126,
1205218.05875,259064.329999998,577,MPW005342,SIG005342,SOUTHERN,HARLAN,S,KY-1020,9.15,SOUTHERN @ HARLAN,24 HOURS,KYTC,1,2762160522810,
1246232.2475,265005.030000001,578,MPW018013,SIG018013,GOODWILL,TAYLORSVILLE,S,KY-155,13.123,GOODWILL @ TAYLORSVILLE,24 HOURS,KYTC,1,28256E9916394,
1208066.62375,264220.141249999,579,MPW017864,SIG017864,I 65 RAMP,UNIVERSITY,M,,,I 65 RAMP @ UNIVERSITY,24 HOURS,METRO,1,291049998F271,
1195598.5,269695.5,580,MPW003233,SIG003233,CYPRESS,HILL,M,,,CYPRESS @ HILL,24 HOURS,METRO,1, 1510013742934,
1221252.25,269884.0,581,MPW007583,SIG007583,BARDSTOWN,EASTERN,S,US-31E,14.626,BARDSTOWN @ EASTERN,24 HOURS,KYTC,1, 1517403841835,
1218028.75,267940.25,582,MPW007153,SIG007153,BARRET,EASTERN,S,US-60,6.104,BARRET @ EASTERN,24 HOURS,KYTC,1, 1519303951835,
1223994.5,275610.75,583,MPW007941,SIG007941,GRINSTEAD,I 64 RAMP,S,I-64,8.072,GRINSTEAD @ I 64 RAMP,24 HOURS,KYTC,1, 1522726639997,
1221607.105,264410.537499994,584,MPW007623,SIG007623,NEWBURG,BELLARMINE,S,KY-1703,3.85,NEWBURG @ BELLARMINE,24 HOURS,KYTC,1, 154274552D266,
1207353.25,259591.922499999,585,MPW005729,SIG005729,CENTRAL,FLOYD,M,,,CENTRAL @ FLOYD,24 HOURS,METRO,1, 1544110412254,
1213786.75,278147.375,586,MPW006678,SIG006678,CAMPBELL,MAIN,S,US 31W,16.919,CAMPBELL @ MAIN,24 HOURS,KYTC,1, 1551609244138,
1214700.375,277489.875,587,MPW006798,SIG006798,BAXTER,MARKET,S,US 31W,16.635,BAXTER @ MARKET,24 HOURS,KYTC,1, 1552804174213,
1214365.23875,281125.787499994,588,MPW018017,SIG018017,I 64 WEST,I 64 RAMP,M,,,I 64 WEST @ I 64 RAMP,24 HOURS,METRO,3, 1558799549997,
1206458.625,276429.625,589,MPW005584,SIG005584,CHESTNUT,6TH,M,,,CHESTNUT @ 6TH,24 HOURS,METRO,1, 1561711146009,
1207408.25,276281.28125,590,MPW005742,SIG005742,CHESTNUT,4TH,M,,,CHESTNUT @ 4TH,24 HOURS,METRO,1, 1562111142305,
1227786.03,258430.542500004,591,MPW008614,SIG008614,BISHOP,NEWBURG,S,KY-1703,2.09,BISHOP @ NEWBURG,24 HOURS,KYTC,1, 1567405404552,
1211444.25,263703.5625,592,MPW006321,SIG006321,EASTERN,PRESTON,S,KY-61,4.549,EASTERN @ PRESTON,24 HOURS,KYTC,1, 1573018355143,
1195259.625,257470.5,593,MPW003171,SIG003171,BERRY,MANSLICK,S,US-60,0.588,BERRY @ MANSLICK,24 HOURS,KYTC,1, 1577605054163,
1228572.75,277996.1875,594,MPW008727,SIG008727,FRANKFORT,HILLCREST,S,US-60,1.979,FRANKFORT @ HILLCREST,24 HOURS,KYTC,1, 1581123232938,
1218888.03874999,272161.382499993,595,MPW007250,SIG007250,CHEROKEE,PATTERSON,M,,,CHEROKEE @ PATTERSON,24 HOURS,METRO,1, 1604511004985,
1210819.25,278090.0,596,MPW006214,SIG006214,MARKET,PRESTON,S,US 31W,17.375,MARKET @ PRESTON,24 HOURS,KYTC,1, 1638042135143,
1211167.75,276515.375,597,MPW006274,SIG006274,JACKSON,MUHAMMAD ALI,S,KY-61,12.611,JACKSON @ MUHAMMAD ALI,24 HOURS,KYTC,1, 1641132927011,
1209232.25,275514.875,598,MPW006006,SIG006006,BROOK,GRAY,M,,,BROOK @ GRAY,24 HOURS,METRO,1, 1644607072625,
1212778.87625,275453.75,599,MPW006546,SIG006546,CHESTNUT,SHELBY,M,,,CHESTNUT @ SHELBY,24 HOURS,METRO,1, 1644811135937,
1221081.5,279908.25,600,MPW007555,SIG007555,BROWNSBORO,HALDEMAN,S,US-42,1.368,BROWNSBORO @ HALDEMAN,24 HOURS,KYTC,1, 1656307242783,
1204477.25,273211.53125,601,MPW005160,SIG005160,KENTUCKY,9TH,M,,,KENTUCKY @ 9TH,24 HOURS,METRO,1, 1665635324569,
1205926.0,273001.9375,602,MPW005498,SIG005498,KENTUCKY,6TH,M,,,KENTUCKY @ 6TH,24 HOURS,METRO,1, 1665935326009,
1208316.25,278997.3125,603,MPW005850,SIG005850,MAIN,3RD,S,US 31W,22.02,MAIN @ 3RD,24 HOURS,KYTC,1, 1669241396437,
1206893.0,279216.25,604,MPW005664,SIG005664,MAIN,6TH,S,US 31W,21.75,MAIN @ 6TH,24 HOURS,KYTC,1, 1670641396008,
1207683.875,278058.15625,605,MPW005779,SIG005779,4TH,JEFFERSON,M,,,4TH @ JEFFERSON,24 HOURS,METRO,1, 1672623053327,
1205724.0,277944.25,606,MPW005464,SIG005464,8TH,LIBERTY,M,,,8TH @ LIBERTY,24 HOURS,METRO,1, 1672818853845,
1210237.125,278178.75,607,MPW006132,SIG006132,FLOYD,MARKET,S,US 31W,17.487,FLOYD @ MARKET,24 HOURS,KYTC,1, 1676522544213,
1210158.875,277675.25,608,MPW006121,SIG006121,FLOYD,JEFFERSON,M,,,FLOYD @ JEFFERSON,24 HOURS,METRO,1, 1677122543326,
1203970.75,279157.125,609,MPW005051,SIG005051,MARKET,12TH,S,US 31W,21.1,MARKET @ 12TH,24 HOURS,KYTC,1, 1679542146566,
1204917.875,279008.8125,610,MPW005268,SIG005268,MARKET,10TH,S,US 31W,21.282,MARKET @ 10TH,24 HOURS,KYTC,1, 1686142146413,
1205084.875,276646.28125,611,MPW005331,SIG005331,CHESTNUT,ROY WILKINS,M,,,CHESTNUT @ ROY WILKINS,24 HOURS,METRO,1, 1687211146207,
1205511.0,276578.125,612,MPW005410,SIG005410,CHESTNUT,8TH,M,,,CHESTNUT @ 8TH,24 HOURS,METRO,1, 1687311141885,
1195199.25,285951.75,613,MPW003153,SIG003153,PORTLAND,33RD,S,KY-3064,1.784,PORTLAND @ 33RD,24 HOURS,KYTC,1, 1715351296461,
1192395.75,284912.3125,614,MPW002749,SIG002749,BANK,38TH,S,KY-3082,0,BANK @ 38TH,24 HOURS,KYTC,1, 1718603706445,
1223604.625,268555.6875,615,MPW007866,SIG007866,BARDSTOWN,SPEED,S,US-31E,14.123,BARDSTOWN @ SPEED,24 HOURS,KYTC,1, 1724703846082,
1189060.875,273856.6875,616,MPW002193,SIG002193,CECIL,HALE,M,,,CECIL @ HALE,24 HOURS,METRO,1, 1741010262784,
1184266.5,258593.5625,617,MPW001663,SIG001663,CANE RUN,CRUMS,S,KY-1934,9.18,CANE RUN @ CRUMS,24 HOURS,KYTC,1, 1758809341358,
1182750.25,257184.6875,618,MPW001531,SIG001531,CRUMS,SHANKS,S,KY-1934,8.78,CRUMS @ SHANKS,24 HOURS,KYTC,1, 1761703076315,
1217726.375,250224.828749999,619,MPW007125,SIG007125,GRADE,I 65 RAMP,S,I-65,0,GRADE @ I 65 RAMP,24 HOURS,KYTC,1, 1776925949998,
1229327.5,242593.375,620,MPW008826,SIG008826,FERN VALLEY,GEIL,S,KY-1747,2.88,FERN VALLEY @ GEIL,24 HOURS,KYTC,1,2,
1223695.25,252624.3125,621,MPW007881,SIG007881,BISHOP,POPLAR LEVEL,S,KY-864,10.45,BISHOP @ POPLAR LEVEL,24 HOURS,KYTC,1, 1816505405123,
1206681.0,251467.53125,622,MPW005623,SIG005623,ALLMOND,WOODLAWN,M,,,ALLMOND @ WOODLAWN,24 HOURS,METRO,1, 1837300747290,
1200220.25,247580.34375,623,MPW004241,SIG004241,MARRET,NEW CUT,S,KY-1865,4.343,MARRET @ NEW CUT,24 HOURS,KYTC,1, 1857442224553,
1227208.67749999,235710.278750002,624,MPW008539,SIG008539,OUTER,PRESTON,S,KY-61,3.95,OUTER @ PRESTON,24 HOURS,KYTC,1, 1920948155144,
1219526.375,235149.016249999,625,MPW007321,SIG007321,MINOR,OUTER,S,KY-1065,4.56,MINOR @ OUTER,24 HOURS,KYTC,1, 1925144064815,
1196074.875,232266.46875,626,MPW003331,SIG003331,OUTER,3RD STREET,S,KY-907,4.66,OUTER @ 3RD STREET,24 HOURS,KYTC,1, 1948248156440,
1229820.37375,228254.28125,627,MPW008903,SIG008903,MANSLICK,PRESTON,S,KY-61,2.45,MANSLICK @ PRESTON,24 HOURS,KYTC,1, 1969541655144,
1208533.0,252174.4375,628,MPW005873,SIG005873,NEVADA,OLD PARK,M,,,NEVADA @ OLD PARK,24 HOURS,METRO,1, 201544548E154,
1197283.49875,241451.8125,629,MPW003596,SIG003596,MANSLICK,PALATKA,S,KY-1142,0.635,MANSLICK @ PALATKA,24 HOURS,KYTC,1, 2027241634939,
1221961.375,255547.766249999,630,MPW007662,SIG007662,POPLAR LEVEL,SANITA,S,KY-864,10.75,POPLAR LEVEL @ SANITA,24 HOURS,KYTC,1, 2044151236313,
1221182.0,242572.40625,631,MPW007579,SIG007579,INDUSTRIAL,ULRICH,S,KY-1747,1.33,INDUSTRIAL @ ULRICH,24 HOURS,KYTC,1, 2064831606701,
1218646.375,242820.079999998,632,MPW007223,SIG007223,FERN VALLEY,I 65 RAMP,S,KY-1747,0.79,FERN VALLEY @ I 65 RAMP,24 HOURS,KYTC,1, 2065321909998,
1216105.375,242903.141249999,633,MPW006971,SIG006971,FERN VALLEY,WORLDPORT,S,KY-1747,0.35,FERN VALLEY @ WORLDPORT,24 HOURS,KYTC,1,206562190F275,
1194725.5,255630.71875,634,MPW003075,SIG003075,MANSLICK RD,MANSLICK BLVD,S,KY-1931,8.1,MANSLICK RD @ MANSLICK BLVD,24 HOURS,KYTC,1, 2091832354163,
1209065.75,255609.453749999,635,MPW005949,SIG005949,CRITTENDEN,PARK,S,KY-1631,0.3,CRITTENDEN @ PARK,24 HOURS,KYTC,1, 2101213424954,
1209243.875,231820.734999999,636,MPW006007,SIG006007,NATIONAL,OUTER,S,KY-1065,2.51,NATIONAL @ OUTER,24 HOURS,KYTC,1, 2106045354815,
1228812.43125001,231857.694999993,637,MPW018004,SIG018004,PRESTON,ST RITA,S,KY-61,3.16,PRESTON @ ST RITA,24 HOURS,KYTC,1, 2114651445810,
1179024.25,253047.375,638,MPW001168,SIG001168,CANE RUN,LEES,S,KY-1934,7.78,CANE RUN @ LEES,24 HOURS,KYTC,1, 2135009343800,
1184666.625,247283.9375,639,MPW001710,SIG001710,GRASTON,UPPER HUNTERS,M,,,GRASTON @ UPPER HUNTERS,24 HOURS,METRO,1, 2161126216709,
1175954.625,246168.75,640,MPW000814,SIG000814,LOWER HUNTERS,TERRY,S,KY-1727,3.03,LOWER HUNTERS @ TERRY,24 HOURS,KYTC,1, 2169039696641,
1185656.5,244998.688749999,641,MPW001775,SIG001775,DIXIE,TRENT,S, US-31W,12.64,DIXIE @ TRENT,24 HOURS,KYTC,1, 2173616126527,
1173239.75,233913.0,642,MPW000494,SIG000494,TERRY,PAGES,S,KY-1727,0.64,TERRY @ PAGES,24 HOURS,KYTC,1, 2215166417130,
1167195.25,228710.0625,643,MPW000076,SIG000076,CANE RUN,JOHNSONTOWN,S,KY-1934,2.3,CANE RUN @ JOHNSONTOWN,24 HOURS,KYTC,1, 2282009343355,
1187777.75,240404.28125,644,MPW002033,SIG002033,ARNOLDTOWN,ST ANDREWS CHURCH,S,KY-1931,4.11,ARNOLDTOWN @ ST ANDREWS CHURCH,24 HOURS,KYTC,1, 2299601705780,
1173109.8725,221033.823750004,645,MPW000477,SIG000477,BETHANY,DIXIE,S, US-31W,7.72,BETHANY @ DIXIE,24 HOURS,KYTC,1, 2326305141612,
1168039.25,206744.5,646,MPW000113,SIG000113,DIXIE,WATSON,S, US-31W,4.81,DIXIE @ WATSON,24 HOURS,KYTC,1, 2333116127059,
1188667.5,249969.5,647,MPW002140,SIG002140,DIXIE,GAGEL,S, US-31W,13.99,DIXIE @ GAGEL,24 HOURS,KYTC,1, 2366116122455,
1213733.25,241332.90625,648,MPW006672,SIG006672,CRITTENDEN,GRADE,M,,,CRITTENDEN @ GRADE,24 HOURS,METRO,1, 2497913422594,
1240533.25,243806.484999999,649,MPW010948,SIG010948,FERN VALLEY,HURSTBOURNE,S,KY-1747,5.13,FERN VALLEY @ HURSTBOURNE,24 HOURS,KYTC,1, 9958821909126,
1217832.25,234544.672499999,650,MPW007135,SIG007135,OUTER,AIR COMMERCE,S,KY-1065,4.2,OUTER @ AIR COMMERCE,24 HOURS,KYTC,1, 995964815E722,
1215757.8575,233789.053749993,651,MPW018006,SIG018006,OUTER,AIR COMMERCE,S,KY-1065,3.8,OUTER @ AIR COMMERCE,24 HOURS,KYTC,1, 995964815E722,
1258545.16625001,265767.603750005,652,MPW014520,SIG014520,HURSTBOURNE,I 64 RAMP,S,KY-1747,11.83,HURSTBOURNE @ I 64 RAMP,24 HOURS,KYTC,1,2766291269997,
1208941.5,279813.0,653,MPW005930,SIG005930,I 64 RAMP,RIVER,S,KY-3077,0.171,I 64 RAMP @ RIVER,24 HOURS,KYTC,1,2795599975529,
1244725.27124999,263773.897499993,654,MPW017860,SIG017860,EL CONQUISTADOR,BRECKENRIDGE,S,KY-1932,2.538,EL CONQUISTADOR @ BRECKENRIDGE,24 HOURS,KYTC,1,2943536600656,
1206057.33125,264472.141249999,655,MPW017865,SIG017865,3RD,CENTENNIAL,S,KY-1020,10.1,3RD @ CENTENNIAL,24 HOURS,KYTC,1,295506438E928,
1241950.61499999,269775.481250003,656,MPW017872,SIG017872,BRECKENRIDGE,DUTCHMANS,M,,,BRECKENRIDGE @ DUTCHMANS,24 HOURS,METRO,1,  532306561717,
1251218.24375001,275519.546250001,657,MPW018005,SIG018005,CHRISTIAN,SHELBYVILLE,S,US-60,6.3,CHRISTIAN @ SHELBYVILLE,24 HOURS,KYTC,1,  594217895940,
1240842.72125,271869.577500001,658,MPW017875,SIG017875,BRECKENRIDGE,KRESGE,M,,,BRECKENRIDGE @ KRESGE,24 HOURS,METRO,1,  781906564084,
1216241.625,274241.4375,659,MPW006983,SIG006983,BAXTER,BROADWAY,S,US-31E,15.901,BAXTER @ BROADWAY,24 HOURS,KYTC,1, 1557304170701,
1227666.125,257354.391249999,660,MPW008603,SIG008603,BISHOP,GARDINER,M,,,BISHOP @ GARDINER,24 HOURS,METRO,1, 1568005402479,
1211886.62375,263105.8125,661,MPW006396,SIG006396,CLARKS,PRESTON,S,KY-61,9.957,CLARKS @ PRESTON,24 HOURS,KYTC,1, 1574311585143,
1194407.0,257078.0625,662,MPW003037,SIG003037,NOBEL,7TH STREET,S,US-60A,0.4,NOBEL @ 7TH STREET,24 HOURS,KYTC,1, 1580531035900,
1217031.75,269590.9375,663,MPW007063,SIG007063,BARRET,CASTLEWOOD,M,,,BARRET @ CASTLEWOOD,24 HOURS,METRO,1, 1610103951006,
1208907.5,273426.5,664,MPW005927,SIG005927,BRECKINRIDGE,BROOK,M,,,BRECKINRIDGE @ BROOK,24 HOURS,METRO,1, 1627706570707,
1211319.5,277496.0,665,MPW006295,SIG006295,JACKSON,JEFFERSON,S,KY-61,12.798,JACKSON @ JEFFERSON,24 HOURS,KYTC,1, 1638932923326,
1212399,276829,666,MPW006481,SIG006481,CLAY,LIBERTY,M,,,CLAY @ LIBERTY,24 HOURS,METRO,1, 1640111673844,
1208828.0,276060.0625,667,MPW005922,SIG005922,W CHESTNUT ST,S 1ST ST,M,,,W CHESTNUT ST @ S 1ST ST,24 HOURS,METRO,1, 1642611131114,
1211624.0,275632.125,668,MPW006350,SIG006350,CHESTNUT,HANCOCK,M,,,CHESTNUT @ HANCOCK,24 HOURS,METRO,1, 1644211132796,
1211492.125,274771.8125,669,MPW006328,SIG006328,BROADWAY,HANCOCK,S,US 150,3.188,BROADWAY @ HANCOCK,24 HOURS,KYTC,1, 1647807012796,
1218485.49875,279296.8125,670,MPW007207,SIG007207,FRANKFORT,MELLWOOD,S,US-42,0.805,FRANKFORT @ MELLWOOD,24 HOURS,KYTC,1, 1656723234326,
1206064.75,273899.688749999,671,MPW005527,SIG005527,BRECKINRIDGE,6TH,M,,,BRECKINRIDGE @ 6TH,24 HOURS,METRO,1, 1664706586009,
1205865.75,278859.25,672,MPW005487,SIG005487,8TH,MARKET,S,US 31W,21.484,8TH @ MARKET,24 HOURS,KYTC,1, 1671318854214,
1206690.625,277925.9375,673,MPW005628,SIG005628,LIBERTY,6TH,M,,,LIBERTY @ 6TH,24 HOURS,METRO,1, 1672938456009,
1206842.375,277183.625,674,MPW005656,SIG005656,ARMORY,MUHAMMAD ALI,M,,,ARMORY @ MUHAMMAD ALI,24 HOURS,METRO,1, 1674301677012,
1207055.75,277151.75,675,MPW005687,SIG005687,5TH,MUHAMMAD ALI,M,,,5TH @ MUHAMMAD ALI,24 HOURS,METRO,1, 1674422077012,
1209263.00125,278847.75,676,MPW006008,SIG006008,N 1ST ST,W MAIN ST,S,US 31W,17.789,N 1ST ST @ W MAIN ST,24 HOURS,KYTC,1, 1675922222223,
1209508.75,277489.0,677,MPW006050,SIG006050,BROOK,LIBERTY,M,,,BROOK @ LIBERTY,24 HOURS,METRO,1, 1677407073844,
1210007.0,276694.6875,678,MPW006108,SIG006108,FLOYD,MUHAMMAD ALI,M,,,FLOYD @ MUHAMMAD ALI,24 HOURS,METRO,1, 1678222547011,
1204445.5,279083.1875,679,MPW005153,SIG005153,11TH,MARKET,S,US 31W,21.192,11TH @ MARKET,24 HOURS,KYTC,1, 1679618994214,
1203893.125,278650.75,680,MPW005040,SIG005040,JEFFERSON,12TH,M,,,JEFFERSON @ 12TH,24 HOURS,METRO,1, 1680233276566,
1203132.125,276951.625,681,MPW004882,SIG004882,CHESTNUT,13TH,M,,,CHESTNUT @ 13TH,24 HOURS,METRO,1, 1683311146442,
1191087.5,267787.6875,682,MPW002520,SIG002520,ALGONQUIN,35TH,S,KY-2054,1.208,ALGONQUIN @ 35TH,24 HOURS,KYTC,1, 1695300616448,
1192484.25,267590.3125,683,MPW002764,SIG002764,ALGONQUIN,CANE RUN,S,KY-2054,0.072,ALGONQUIN @ CANE RUN,24 HOURS,KYTC,1, 1695500610934,
1200139.875,282816.3125,684,MPW004214,SIG004214,BANK,22ND,S,US-150,0.25,BANK @ 22ND,24 HOURS,KYTC,1, 1713203706579,
1193192.99875,284964.5,685,MPW002851,SIG002851,37TH,I 264 RAMP,S,KY-3082,0.118,37TH @ I 264 RAMP,24 HOURS,KYTC,1, 1718364579995,
1187578.875,277190.75,686,MPW002007,SIG002007,BROADWAY,SOUTHWESTERN,M,,,BROADWAY @ SOUTHWESTERN,24 HOURS,METRO,1, 1733507027120,
1203971.625,251888.46875,687,MPW005052,SIG005052,SOUTHERN,WOODLAWN,S,KY-1020,7.837,SOUTHERN @ WOODLAWN,24 HOURS,KYTC,1, 1819160527292,
1198258.12375,251109.686250001,688,MPW003812,SIG003812,BLUEGRASS,HAZELWOOD,M,,,BLUEGRASS @ HAZELWOOD,24 HOURS,METRO,1, 1823505722861,
1219441.25,249636.9375,689,MPW007306,SIG007306,ORCHARD,PRESTON,S,KY-61,7.025,ORCHARD @ PRESTON,24 HOURS,KYTC,1, 1835847905144,
1226838.13124999,247477.216250002,690,MPW008481,SIG008481,INDIAN,JEANINE,M,,,INDIAN @ JEANINE,24 HOURS,METRO,1,2,
1204963.50375,247402.983750001,691,MPW005287,SIG005287,ROCHESTER,SOUTHSIDE,S,KY-1020,6.865,ROCHESTER @ SOUTHSIDE,24 HOURS,KYTC,1, 1858755566068,
1223352.25,244711.75,692,MPW007825,SIG007825,BENNETT,PRESTON,S,KY-61,6.08,BENNETT @ PRESTON,24 HOURS,KYTC,1, 1875304925144,
1194180.0,242430.4375,693,MPW003010,SIG003010,MANSLICK,PALATKA,S,KY-1931,5.48,MANSLICK @ PALATKA,24 HOURS,KYTC,1, 1886641634939,
1205352.125,237721.641249999,694,MPW005371,SIG005371,SAM,OLDE NANTUCKET,M,,,SAM @ OLDE NANTUCKET,24 HOURS,METRO,1, 1906058178837,
1230591.75,236281.03125,695,MPW009033,SIG009033,BATES,JEFFERSON,M,,,BATES @ JEFFERSON,24 HOURS,METRO,1, 1915604108339,
1230537.875,235507.96875,696,MPW009026,SIG009026,OUTER,JEFFERSON,S,KY-1065,6.69,OUTER @ JEFFERSON,24 HOURS,KYTC,1, 1922648158339,
1227919.375,234004.6875,697,MPW008645,SIG008645,BLUE LICK,PRESTON,S,KY-61,3.62,BLUE LICK @ PRESTON,24 HOURS,KYTC,1, 1933305775144,
1230209.0,255835.03125,698,MPW008972,SIG008972,CHAMPIONS TRACE,NEWBURG,S,KY-1703,1.43,CHAMPIONS TRACE @ NEWBURG,24 HOURS,KYTC,1, 2019238044552,
1229288.25,230556.34375,699,MPW008817,SIG008817,MILES,COOPER VILLAGE,S,KY-61,2.91,MILES @ COOPER VILLAGE,24 HOURS,KYTC,1, 2060843796778,
1201188.0,242501.71875,700,MPW004448,SIG004448,NEW CUT,PARK,S,KY-1865,3.383,NEW CUT @ PARK,24 HOURS,KYTC,1, 2076145534965,
1228769.5,252535.71875,701,MPW008748,SIG008748,JENNINGS,PRODUCE,M,,,JENNINGS @ PRODUCE,24 HOURS,METRO,1, 2084633335161,
1190283.00125,251796.46875,702,MPW002380,SIG002380,DIXIE,HEATON,S, US-31W,14.45,DIXIE @ HEATON,24 HOURS,KYTC,1, 2089116122869,
1201592.5,228546.0625,703,MPW004551,SIG004551,NEW CUT,OLD NEW CUT,S,KY1865,0.61,NEW CUT @ OLD NEW CUT,24 HOURS,KYTC,1, 211374553D664,
1183838.625,227165.859999999,704,MPW001633,SIG001633,STONESTREET,3RD STREET,S,KY-907,1.92,STONESTREET @ 3RD STREET,24 HOURS,KYTC,1, 2240161796440,
1174732.0475,224373.558750004,705,MPW018011,SIG018011,DIXIE,VESPER,S, US-31W,8.42,DIXIE @ VESPER,24 HOURS,KYTC,1, 2309416126901,
1171334.625,217323.9375,706,MPW000312,SIG000312,DIXIE,FLOWERVALE,S, US-31W,6.9,DIXIE @ FLOWERVALE,24 HOURS,KYTC,1, 2338516122252,
1172784.125,220342.125,707,MPW000438,SIG000438,DIXIE,GREENBELT RAMP,S, US-31W,7.35,DIXIE @ GREENBELT RAMP,24 HOURS,KYTC,1, 240231612D789,
1254366.625,262574.4375,708,MPW013727,SIG013727,HURSTBOURNE,SHANE,S,KY-1747,10.82,HURSTBOURNE @ SHANE,24 HOURS,KYTC,1, 244589126D886,
1240855.125,247633.142499998,709,MPW011008,SIG011008,FEGENBUSH,BURNT PINE,M,,,FEGENBUSH @ BURNT PINE,24 HOURS,METRO,1,2,
1239552.83875,228604.469999999,710,MPW010731,SIG010731,I 265 RAMP,SMYRNA,S,I-265,13.54,I 265 RAMP @ SMYRNA,24 HOURS,KYTC,1,2785299966026,
1239485.61624999,227674.310000002,711,MPW010715,SIG010715,I 265 RAMP,SMYRNA,S,I-265,13.54,I 265 RAMP @ SMYRNA,24 HOURS,KYTC,1,2785199966026,
1201428.89,231742.472499996,712,MPW004519,SIG004519,NEW CUT,OUTER,S,KY-1065,1.03,NEW CUT @ OUTER,24 HOURS,KYTC,1, 2775445534815,
1235672.77124999,258014.775000006,713,MPW017873,SIG017873,GREEN MEADOWS,HIKES,M,,,GREEN MEADOWS @ HIKES,24 HOURS,METRO,1,  379827122930,
1238274.17625,249930.957499996,714,MPW017881,SIG017881,BUECHEL BANK,COTTAGEMEADOW,M,,,BUECHEL BANK @ COTTAGEMEADOW,24 HOURS,METRO,1,2,
1229596.0,275822.1875,715,MPW008865,SIG008865,GARDEN,LEXINGTON,S,US-60,9.225,GARDEN @ LEXINGTON,24 HOURS,KYTC,1, 1522424703838,
1195202.125,260851.71875,716,MPW003155,SIG003155,DIXIE,RALPH,S, US-31W,16.41,DIXIE @ RALPH,24 HOURS,KYTC,1, 1528016125394,
1217679.25,278500.998750001,717,MPW007121,SIG007121,MELLWOOD,SPRING,S,US-42,0.587,MELLWOOD @ SPRING,24 HOURS,KYTC,1, 1550943266095,
1213707.0,277642.9375,718,MPW006668,SIG006668,CAMPBELL,MARKET,S,US 31W,16.825,CAMPBELL @ MARKET,24 HOURS,KYTC,1, 1552509244213,
1204915.75,275565.3125,719,MPW005264,SIG005264,BROADWAY,9TH,S,US 150,1.929,BROADWAY @ 9TH,24 HOURS,KYTC,1, 1555207024569,
1206934.5,276355.4375,720,MPW005672,SIG005672,CHESTNUT,5TH,M,,,CHESTNUT @ 5TH,24 HOURS,METRO,1, 1561911142207,
1224088.5,277762.5,721,MPW007959,SIG007959,EWING,FRANKFORT,S,US-60,1.12,EWING @ FRANKFORT,24 HOURS,KYTC,1, 1565819942323,
1207582.75,265754.375,722,MPW005768,SIG005768,BRANDEIS,BROOK,M,,,BRANDEIS @ BROOK,24 HOURS,METRO,1, 1576806470707,
1206213.25,265499.9375,723,MPW005546,SIG005546,BRANDEIS,3RD,S,KY-1020,10.235,BRANDEIS @ 3RD,24 HOURS,KYTC,1, 1576906486438,
1217940.25,272274.625,724,MPW007145,SIG007145,BARDSTOWN,GRINSTEAD,S,US-31E,15.423,BARDSTOWN @ GRINSTEAD,24 HOURS,KYTC,1, 1604203842663,
1217539.0,272053.125,725,MPW007105,SIG007105,BAXTER,GRINSTEAD,S,KY-1703,5.487,BAXTER @ GRINSTEAD,24 HOURS,KYTC,1, 1604604172663,
1219493.75,271155.4375,726,MPW007315,SIG007315,BARDSTOWN,LONGEST,S,US-31E,15.06,BARDSTOWN @ LONGEST,24 HOURS,KYTC,1, 1606703843932,
1219239.5475,271336.793750003,727,MPW017871,SIG017871,BARDSTOWN,LONGEST,S,US-31E,15.119,BARDSTOWN @ LONGEST,24 HOURS,KYTC,1, 1606703843932,
1219520.0,268795.75,728,MPW007318,SIG007318,BAXTER,EASTERN,S,US-60,6.44,BAXTER @ EASTERN,24 HOURS,KYTC,1, 1611804171835,
1208826.0,269086.75,729,MPW005920,SIG005920,FLOYD,WOODBINE,M,,,FLOYD @ WOODBINE,24 HOURS,METRO,1, 1614322547266,
1211748.375,267411.8125,730,MPW006371,SIG006371,BURNETT,SHELBY,M,,,BURNETT @ SHELBY,24 HOURS,METRO,1, 1618707745937,
1210088.75,265602.75,731,MPW006115,SIG006115,BRANDEIS,PRESTON,S,KY-61,10.652,BRANDEIS @ PRESTON,24 HOURS,KYTC,1, 1621906475143,
1212766.25,272848.125,732,MPW006544,SIG006544,BRECKINRIDGE,LOGAN,S,KY-864,15.071,BRECKINRIDGE @ LOGAN,24 HOURS,KYTC,1, 1630606573921,
1211897.0,277407.375,733,MPW006399,SIG006399,HANCOCK,JEFFERSON,M,,,HANCOCK @ JEFFERSON,24 HOURS,METRO,1, 1639127963326,
1212475.25,277317.0,734,MPW006495,SIG006495,CLAY,JEFFERSON,M,,,CLAY @ JEFFERSON,24 HOURS,METRO,1, 1639211673326,
1212201.75,275541.625,735,MPW006454,SIG006454,CHESTNUT,CLAY,M,,,CHESTNUT @ CLAY,24 HOURS,METRO,1, 1644511131167,
1208679.25,275083.75,736,MPW005897,SIG005897,W BROADWAY,S 1ST ST,S,US 150,2.655,W BROADWAY @ S 1ST ST,24 HOURS,KYTC,1, 1646607010702,
1209156.5,275031.125,737,MPW005986,SIG005986,BROADWAY,BROOK,S,US 150,2.729,BROADWAY @ BROOK,24 HOURS,KYTC,1, 1647007010707,
1219247.0,280162.75,738,MPW007280,SIG007280,BROWNSBORO,MELLWOOD,S,US-42,1.022,BROWNSBORO @ MELLWOOD,24 HOURS,KYTC,1, 1653907244326,
1205464.125,273067.936250001,739,MPW005398,SIG005398,KENTUCKY,7TH,M,,,KENTUCKY @ 7TH,24 HOURS,METRO,1, 1665835325899,
1208438.5,279753.1875,740,MPW005864,SIG005864,RIVER,3RD,S,KY-3077,0.362,RIVER @ 3RD,24 HOURS,KYTC,1, 1669055296437,
1207367.0,279142.5,741,MPW005733,SIG005733,5TH,MAIN,S,US 31W,21.842,5TH @ MAIN,24 HOURS,KYTC,1, 1670922074139,
1207757.75,278564.6875,742,MPW005789,SIG005789,4TH,MARKET,S,US 31W,21.86,4TH @ MARKET,24 HOURS,KYTC,1, 1671823054214,
1206216.25,277997.75,743,MPW005548,SIG005548,LIBERTY,7TH,M,,,LIBERTY @ 7TH,24 HOURS,METRO,1, 1672738455899,
1207640.0,277779.59375,744,MPW005775,SIG005775,4TH,LIBERTY,M,,,4TH @ LIBERTY,24 HOURS,METRO,1, 1673223053845,
1205634.5,277372.375,745,MPW005443,SIG005443,8TH,MUHAMMAD ALI,M,,,8TH @ MUHAMMAD ALI,24 HOURS,METRO,1, 1674018857012,
1207532.0,277075.9375,746,MPW005760,SIG005760,4TH,MUHAMMAD ALI,M,,,4TH @ MUHAMMAD ALI,24 HOURS,METRO,1, 1674723057012,
1209106.125,277836.1875,747,MPW005968,SIG005968,1ST,JEFFERSON,M,,,1ST @ JEFFERSON,24 HOURS,METRO,1, 1676922233326,
1209579.125,277762.4375,748,MPW006060,SIG006060,BROOK,JEFFERSON,S,I-65,3.624,BROOK @ JEFFERSON,24 HOURS,KYTC,1, 1677007073326,
1208453.61750001,276932.533749998,749,MPW005868,SIG005868,2ND,MUHAMMAD ALI,S,KY-1020,12.437,2ND @ MUHAMMAD ALI,24 HOURS,KYTC,1, 1677858727012,
1209232.0,276812.25,750,MPW006005,SIG006005,BROOK,MUHAMMAD ALI,M,,,BROOK @ MUHAMMAD ALI,24 HOURS,METRO,1, 1678107077011,
1204048.75125,279661.375,751,MPW005069,SIG005069,MAIN,12TH,S,US 31W,21.208,MAIN @ 12TH,24 HOURS,KYTC,1, 1678841396565,
1204214.375,277594.6875,752,MPW005111,SIG005111,11TH,MUHAMMAD ALI,M,,,11TH @ MUHAMMAD ALI,24 HOURS,METRO,1, 1682518997012,
1226797.75,242795.6875,753,MPW008473,SIG008473,FERN VALLEY,JEANINE,S,KY-1747,2.4,FERN VALLEY @ JEANINE,24 HOURS,KYTC,1,2,
1216715.5,253325.8125,754,MPW007036,SIG007036,DURRETT,PRESTON,S,KY-61,7.888,DURRETT @ PRESTON,24 HOURS,KYTC,1, 1811817155144,
1218674.125,250588.03125,755,MPW007230,SIG007230,PRESTON,I 65 RAMP,S,KY-61,7.245,PRESTON @ I 65 RAMP,24 HOURS,KYTC,1, 1827051449998,
1199869.5,249505.09375,756,MPW004156,SIG004156,BROOKLINE,TAYLOR,S,KY-1865,4.715,BROOKLINE @ TAYLOR,24 HOURS,KYTC,1, 1836907116392,
1219939.42874999,249025.043750003,757,MPW007388,SIG007388,ALDER,PRESTON,S,KY-61,6.874,ALDER @ PRESTON,24 HOURS,KYTC,1, 1841600525144,
1227914.99875,247775.125,758,MPW008643,SIG008643,INDIAN,POPLAR LEVEL,S,KY-864,9.22,INDIAN @ POPLAR LEVEL,24 HOURS,KYTC,1,2,
1203800.9825,246641.492500007,759,MPW005019,SIG005019,INVERNESS,3RD,M,,,INVERNESS @ 3RD,24 HOURS,METRO,1, 1863331676438,
1195361.0,244260.1875,760,MPW003192,SIG003192,MANSLICK,MELODY,M,,,MANSLICK @ MELODY,24 HOURS,METRO,1, 1878441634328,
1201794.375,238812.4375,761,MPW004603,SIG004603,NEW CUT,3RD STREET,S,KY-1865,2.668,NEW CUT @ 3RD STREET,24 HOURS,KYTC,1, 1899545536440,
1224208.30374999,234944.584999993,762,MPW007986,SIG007986,MINOR,OUTER,S,KY-1065,5.47,MINOR @ OUTER,24 HOURS,KYTC,1, 1926144064815,
1209513.0,226578.21875,763,MPW006052,SIG006052,FAIRDALE,NATIONAL,S,KY-1020,2.66,FAIRDALE @ NATIONAL,24 HOURS,KYTC,1, 1976421114535,
1199832.0,256454.25,764,MPW004141,SIG004141,CARLISLE,TAYLOR,S,KY-1865,6.05,CARLISLE @ TAYLOR,24 HOURS,KYTC,1, 2006109646392,
1199150.25,241084.15625,765,MPW003993,SIG003993,BRUCE,PALATKA,S,KY-1142,0.991,BRUCE @ PALATKA,24 HOURS,KYTC,1, 2027407304939,
1214326.875,242740.71875,766,MPW006746,SIG006746,FERN VALLEY,GRADE,S,KY-1747,0,FERN VALLEY @ GRADE,24 HOURS,KYTC,1, 2067821902594,
1204605.3925,241211.293750003,767,MPW005201,SIG005201,NATIONAL,SOUTHSIDE,S,KY-1020,7.04,NATIONAL @ SOUTHSIDE,24 HOURS,KYTC,1, 2078045356068,
1202820.625,239861.28125,768,MPW004811,SIG004811,PALATKA,SOUTHSIDE,S,KY-907,6.598,PALATKA @ SOUTHSIDE,24 HOURS,KYTC,1, 2079749396068,
1209082.625,256249.375,769,MPW005959,SIG005959,CRITTENDEN,HURON,S,KY-1631,0.421,CRITTENDEN @ HURON,24 HOURS,KYTC,1, 2100313423034,
1184806.25,242853.5625,770,MPW001726,SIG001726,DIXIE,LOWER HUNTERS,S, US-31W,12.44,DIXIE @ LOWER HUNTERS,24 HOURS,KYTC,1, 2182216123969,
1178510.50125,230245.125,771,MPW001105,SIG001105,DIXIE,JOHNSONTOWN,S, US-31W,9.75,DIXIE @ JOHNSONTOWN,24 HOURS,KYTC,1, 2226116123355,
1176497.125,227395.71875,772,MPW000877,SIG000877,CITATION,DIXIE,S, US-31W,9.1,CITATION @ DIXIE,24 HOURS,KYTC,1, 2239111471612,
1184976.375,243300.875,773,MPW001735,SIG001735,BLANTON,DIXIE,S, US-31W,12.54,BLANTON @ DIXIE,24 HOURS,KYTC,1, 2295205511612,
1184091.75,240856.172499999,774,MPW001649,SIG001649,DIXIE,ST PAULS CHURCH,S, US-31W,12.02,DIXIE @ ST PAULS CHURCH,24 HOURS,KYTC,1, 2298216125808,
1189139.125,241209.15625,775,MPW002202,SIG002202,BLANTON,ST ANDREWS CHURCH,S,KY-1931,4.41,BLANTON @ ST ANDREWS CHURCH,24 HOURS,KYTC,1, 2302505515780,
1169249.0,208952.3125,776,MPW000184,SIG000184,DIXIE,PENDLETON,S, US-31W,5.29,DIXIE @ PENDLETON,24 HOURS,KYTC,1, 2317316125018,
1188150.5,249427.53125,777,MPW002066,SIG002066,DIXIE,ROCKFORD,S, US-31W,13.84,DIXIE @ ROCKFORD,24 HOURS,KYTC,1, 2369016125560,
1204469.125,271511.6875,778,MPW005159,SIG005159,OAK,9TH STREET RAMP,M,,,OAK @ 9TH STREET RAMP,24 HOURS,METRO,1, 995464719E701,
1258579.45625,278071.473749995,779,MPW017849,SIG017849,PORTER,HURSTBOURNE,S,KY-1747,14.25,PORTER @ HURSTBOURNE,24 HOURS,KYTC,1,27931E9179125,
1191799.87375,269742.25,780,MPW002654,SIG002654,LOUIS COLEMAN JR,YOUNG,M,,,LOUIS COLEMAN JR @ YOUNG,24 HOURS,METRO,1,28185E9857435,
1237546.06,250002.036249995,781,MPW017880,SIG017880,PROGRESS,BUECHEL BANK,M,,,PROGRESS @ BUECHEL BANK,24 HOURS,METRO,1,2,
1216008.5,271329.0,782,MPW006964,SIG006964,BARRET,OAK,M,,,BARRET @ OAK,24 HOURS,METRO,1, 1515703954718,
1227481.0,274657.875,783,MPW008569,SIG008569,ALTA VISTA,LEXINGTON,S,US-60,8.746,ALTA VISTA @ LEXINGTON,24 HOURS,KYTC,1, 1524400893838,
1196473.875,264631.8125,784,MPW003410,SIG003410,DIXIE,WATHEN,S, US-31W,17.18,DIXIE @ WATHEN,24 HOURS,KYTC,1, 1542316127057,
1201891.5,260850.9375,785,MPW004623,SIG004623,CENTRAL,TAYLOR,S,US-60,2.293,CENTRAL @ TAYLOR,24 HOURS,KYTC,1, 1544510416392,
1204937.375,260371.984999999,786,MPW005276,SIG005276,CENTRAL,4TH,M,,,CENTRAL @ 4TH,24 HOURS,METRO,1, 1545210412305,
1214581.375,276984.53125,787,MPW006785,SIG006785,BAXTER,CHESTNUT,S,US-31,15.997,BAXTER @ CHESTNUT,24 HOURS,KYTC,1, 1553404171113,
1214926.625,276460.936250001,788,MPW006828,SIG006828,BAXTER,LIBERTY,S,US-31E,16.422,BAXTER @ LIBERTY,24 HOURS,KYTC,1, 1553804173844,
1205813.43625,275395.638750002,789,MPW005479,SIG005479,BROADWAY,7TH,S,US 150,2.06,BROADWAY @ 7TH,24 HOURS,KYTC,1, 1555507025899,
1207245.5,275240.25,790,MPW005711,SIG005711,BROADWAY,4TH,S,US 150,2.381,BROADWAY @ 4TH,24 HOURS,KYTC,1, 1556007022305,
1214649.25125,257482.5625,791,MPW006790,SIG006790,PHILLIPS,PRESTON,S,KY-61,8.768,PHILLIPS @ PRESTON,24 HOURS,KYTC,1, 1568850515144,
1225625.875,267111.9375,792,MPW008246,SIG008246,BARDSTOWN,DOUGLASS,S,US-31E,13.643,BARDSTOWN @ DOUGLASS,24 HOURS,KYTC,1, 1587203841665,
1209276.25,267882.0,793,MPW006013,SIG006013,BURNETT,HILL,M,,,BURNETT @ HILL,24 HOURS,METRO,1, 1617807742933,
1209487.5,273338.375,794,MPW006047,SIG006047,BRECKINRIDGE,FLOYD,M,,,BRECKINRIDGE @ FLOYD,24 HOURS,METRO,1, 1628306572254,
1210654.875,273161.0625,795,MPW006189,SIG006189,BRECKINRIDGE,JACKSON,S,KY-61,11.967,BRECKINRIDGE @ JACKSON,24 HOURS,KYTC,1, 1629106573292,
1209319.75,272262.0,796,MPW006019,SIG006019,FLOYD,KENTUCKY,M,,,FLOYD @ KENTUCKY,24 HOURS,METRO,1, 1633922543531,
1209938.25,272166.9375,797,MPW006103,SIG006103,KENTUCKY,PRESTON,S,KY-61,11.84,KENTUCKY @ PRESTON,24 HOURS,KYTC,1, 1634335315143,
1214671.00125,273587.0,798,MPW006795,SIG006795,BARRET,ST ANTHONY,M,,,BARRET @ ST ANTHONY,24 HOURS,METRO,1, 1636303955781,
1211242.125,277008.25,799,MPW006287,SIG006287,JACKSON,LIBERTY,S,KY-61,12.7,JACKSON @ LIBERTY,24 HOURS,KYTC,1, 1639732923844,
1211820.75,276918.876249999,800,MPW006379,SIG006379,HANCOCK,LIBERTY,M,,,HANCOCK @ LIBERTY,24 HOURS,METRO,1, 1639927963844,
1212655.75,274642.0,801,MPW006524,SIG006524,BROADWAY,SHELBY,S,US 150,3.404,BROADWAY @ SHELBY,24 HOURS,KYTC,1, 1648007015937,
1219288.125,278949.875,802,MPW007285,SIG007285,FRANKFORT,POPE,S,US-60,0.123,FRANKFORT @ POPE,24 HOURS,KYTC,1, 1657223235117,
1206588.0,273782.75,803,MPW005613,SIG005613,BRECKINRIDGE,5TH,M,,,BRECKINRIDGE @ 5TH,24 HOURS,METRO,1, 1664906582207,
1208154.5,277984.4375,804,MPW005831,SIG005831,JEFFERSON,3RD,M,KY-1020,12.638,JEFFERSON @ 3RD,24 HOURS,METRO,1, 1669433276438,
1205943.0,279364.3125,805,MPW005502,SIG005502,8TH,MAIN,S,US 31W,21.57,8TH @ MAIN,24 HOURS,KYTC,1, 1670418844139,
1206419.25,279288.9375,806,MPW005579,SIG005579,MAIN,7TH,S,US 31W,21.66,MAIN @ 7TH,24 HOURS,KYTC,1, 1670541395898,
1207288.5,278636.875,807,MPW005718,SIG005718,5TH,MARKET,S,US 31W,21.76,5TH @ MARKET,24 HOURS,KYTC,1, 1671622074214,
1205789.0,278354.25,808,MPW005473,SIG005473,8TH,JEFFERSON,M,,,8TH @ JEFFERSON,24 HOURS,METRO,1, 1672218853327,
1209659.75,278267.9375,809,MPW006070,SIG006070,BROOK,MARKET,S,US 31W,17.567,BROOK @ MARKET,24 HOURS,KYTC,1, 1676407074213,
1205396.25,278933.4375,810,MPW005382,SIG005382,MARKET,ROY WILKINS,S,US 31W,21.356,MARKET @ ROY WILKINS,24 HOURS,KYTC,1, 1688142146207,
1205362.0,278420.71875,811,MPW005375,SIG005375,JEFFERSON,ROY WILKINS,M,,,JEFFERSON @ ROY WILKINS,24 HOURS,METRO,1, 1688333276207,
1194526.75,270176.6875,812,MPW003048,SIG003048,CATALPA,WILSON,M,,,CATALPA @ WILSON,24 HOURS,METRO,1, 1697810117212,
1194215.5,285041.875,813,MPW003018,SIG003018,BANK,35TH,S,KY-3082,0.313,BANK @ 35TH,24 HOURS,KYTC,1, 1718203706447,
1189221.5,274850.5,814,MPW002216,SIG002216,CECIL,GREENWOOD,M,,,CECIL @ GREENWOOD,24 HOURS,METRO,1, 1738810262651,
1204514.125,254581.9375,815,MPW005170,SIG005170,SOUTHERN HEIGHTS,SOUTHERN,S,KY-1020,8.354,SOUTHERN HEIGHTS @ SOUTHERN,24 HOURS,KYTC,1, 1775160516052,
1204521.5,256295.53125,816,MPW005178,SIG005178,SOUTHERN,WHITNEY,S,KY-1020,8.674,SOUTHERN @ WHITNEY,24 HOURS,KYTC,1, 1780160527175,
1209105.5,254298.047499999,817,MPW005966,SIG005966,CRITTENDEN,I 264 RAMP,S,KY-1631,0,CRITTENDEN @ I 264 RAMP,24 HOURS,KYTC,1, 1804213429995,
1224134.375,251892.75,818,MPW007967,SIG007967,GILMORE,POPLAR LEVEL,S,KY-864,10.28,GILMORE @ POPLAR LEVEL,24 HOURS,KYTC,1, 1818825275123,
1195213.5,250985.34375,819,MPW003160,SIG003160,BLUEGRASS,HOBART,S,KY-1931,7.196,BLUEGRASS @ HOBART,24 HOURS,KYTC,1, 1824505722766,
1204035.25,248121.9375,820,MPW005066,SIG005066,SOUTHLAND,3RD,M,,,SOUTHLAND @ 3RD,24 HOURS,METRO,1, 1853360576438,
1204977.5,247983.03125,821,MPW005292,SIG005292,SOUTHLAND,SOUTHSIDE,S,KY-1020,6.975,SOUTHLAND @ SOUTHSIDE,24 HOURS,KYTC,1, 1854560576068,
1221675.5,246846.21875,822,MPW007639,SIG007639,INDIAN,PRESTON,S,KY-61,6.34,INDIAN @ PRESTON,24 HOURS,KYTC,1, 1862231495144,
1207922.875,236325.84375,823,MPW005809,SIG005809,NATIONAL,PATRICK HENRY,S,KY-1020,4.61,NATIONAL @ PATRICK HENRY,24 HOURS,KYTC,1, 1915345354696,
1212671.0,232854.5,824,MPW006526,SIG006526,GRADE,OUTER,S,KY-1065,3.19,GRADE @ OUTER,24 HOURS,KYTC,1, 1943725944815,
1230553.125,224829.03125,825,MPW009028,SIG009028,PRESTON,I 265 RAMP,S,KY-61,1.79,PRESTON @ I 265 RAMP,24 HOURS,KYTC,1, 1984051449996,
1199710.5,254773.578749999,826,MPW004107,SIG004107,TAYLOR,I 264 RAMP,S,KY-1865,5.731,TAYLOR @ I 264 RAMP,24 HOURS,KYTC,1, 2008763929995,
1209178.75,252300.15625,827,MPW005991,SIG005991,CRITTENDEN,NEVADA,M,,,CRITTENDEN @ NEVADA,24 HOURS,METRO,1, 2015313424548,
1199756.3125,231868.282499999,828,MPW017863,SIG017863,CANDLEWORTH,OUTER,S,KY-1065,6.85,CANDLEWORTH @ OUTER,24 HOURS,KYTC,1, 2053213824815,
1216283.03625,243323.103750005,829,MPW006992,SIG006992,GRADE,WORLDPORT,M,,,GRADE @ WORLDPORT,24 HOURS,METRO,1,206552594F275,
1193443.0,256360.282499999,830,MPW002889,SIG002889,PARK,7TH STREET,S,US-60A,0,PARK @ 7TH STREET,24 HOURS,KYTC,1, 2092849655900,
1209365.5,230608.625,831,MPW006029,SIG006029,GLENGARRY,NATIONAL,S,KY-1020,3.45,GLENGARRY @ NATIONAL,24 HOURS,KYTC,1, 2111325564535,
1181044.0,243539.78125,832,MPW001400,SIG001400,LOWER HUNTERS,UPPER HUNTERS,M,,,LOWER HUNTERS @ UPPER HUNTERS,24 HOURS,METRO,1, 2180739696709,
1183283.125,238276.4375,833,MPW001574,SIG001574,GREENWOOD,ST ANDREWS CHURCH,S, US-31W,11.52,GREENWOOD @ ST ANDREWS CHURCH,24 HOURS,KYTC,1, 2294626535780,
1174378.0,223673.46875,834,MPW000622,SIG000622,ASHBY,BARRETT,S, US-31W,8.27,ASHBY @ BARRETT,24 HOURS,KYTC,1, 2310201870396,
1179718.75,238536.21875,835,MPW001254,SIG001254,GREENWOOD,SKY BLUE,S,KY-1931,2.45,GREENWOOD @ SKY BLUE,24 HOURS,KYTC,1, 2350426536012,
1174379.70874999,249764.536249995,836,MPW000624,SIG000624,GREENBELT,RAGGARD,S,KY-1934,6.617,GREENBELT @ RAGGARD,24 HOURS,KYTC,1, 275218324E664,
1191901.25,270495.875,837,MPW002673,SIG002673,LOUIS COLEMAN JR,SOUTHERN,M,,,LOUIS COLEMAN JR @ SOUTHERN,24 HOURS,METRO,1,28192E9856282,
1274751.3275,273760.418750003,838,MPW018009,SIG018009,WOODED FALLS,OLD SHELBYVILLE,S,US-60,10.92,WOODED FALLS @ OLD SHELBYVILLE,24 HOURS,KYTC,1,   31628954763,
1274460.745,289503.377499998,839,MPW018007,SIG018007,WYNMEADE,WINCHESTER ACRES,M,,,WYNMEADE @ WINCHESTER ACRES,24 HOURS,METRO,1,  1062D572D638,
1215018.125,273001.4375,840,MPW006842,SIG006842,BARRET,BRECKINRIDGE,M,,,BARRET @ BRECKINRIDGE,24 HOURS,METRO,1, 1512803950657,
1220595.875,269442.75,841,MPW007475,SIG007475,EASTERN,NORRIS,S,US-60,6.677,EASTERN @ NORRIS,24 HOURS,KYTC,1, 1518218354591,
1222292.75,277740.25,842,MPW007685,SIG007685,CLIFTON,FRANKFORT,S,US-60,0.778,CLIFTON @ FRANKFORT,24 HOURS,KYTC,1, 1520111852323,
1221431.875,257947.96875,843,MPW007603,SIG007603,POPLAR LEVEL,TAYLOR,S,KY-864,11.568,POPLAR LEVEL @ TAYLOR,24 HOURS,KYTC,1, 1541351236391,
1213629.25,277138.375,844,MPW006655,SIG006655,CAMPBELL,JEFFERSON,M,,,CAMPBELL @ JEFFERSON,24 HOURS,METRO,1, 1553209243326,
1204396.75,275660.625,845,MPW005145,SIG005145,BROADWAY,10TH,S,US 150,1.83,BROADWAY @ 10TH,24 HOURS,KYTC,1, 1554907026413,
1205910.5,276030.6875,846,MPW005494,SIG005494,MAGAZINE,7TH,M,,,MAGAZINE @ 7TH,24 HOURS,METRO,1, 1555441285899,
1208201.0,275136.376249999,847,MPW005836,SIG005836,BROADWAY,2ND,S,US 150,2.559,BROADWAY @ 2ND,24 HOURS,KYTC,1, 1556307025872,
1210293.0,262947.6875,848,MPW006139,SIG006139,BRADLEY,EASTERN,S,US-60,4.281,BRADLEY @ EASTERN,24 HOURS,KYTC,1, 1574506371835,
1206289.75,265958.875,849,MPW005559,SIG005559,CARDINAL,3RD,S,KY-1020,10.323,CARDINAL @ 3RD,24 HOURS,KYTC,1, 1576533446438,
1206688.5,265898.0,850,MPW005626,SIG005626,CARDINAL,2ND,S,KY-1020,10.32,CARDINAL @ 2ND,24 HOURS,KYTC,1, 1576633445872,
1193124.5,256693.4375,851,MPW002839,SIG002839,DIXIE,PARK,S, US-31W,15.55,DIXIE @ PARK,24 HOURS,KYTC,1, 1580316124965,
1219909.25,271428.0625,852,MPW007380,SIG007380,CHEROKEE,LONGEST,M,,,CHEROKEE @ LONGEST,24 HOURS,METRO,1, 1606011003932,
1210102.25125,273243.875,853,MPW006117,SIG006117,BRECKINRIDGE,PRESTON,S,KY-61,12.05,BRECKINRIDGE @ PRESTON,24 HOURS,KYTC,1, 1628806575143,
1208741.125,272350.625,854,MPW005905,SIG005905,BROOK,KENTUCKY,M,,,BROOK @ KENTUCKY,24 HOURS,METRO,1, 1633507073531,
1212552.625,277821.3125,855,MPW006506,SIG006506,CLAY,MARKET,S,US 31W,17.047,CLAY @ MARKET,24 HOURS,KYTC,1, 1638411674213,
1210742.5,277586.126249999,856,MPW006201,SIG006201,JEFFERSON,PRESTON,S,KY-61,12.885,JEFFERSON @ PRESTON,24 HOURS,KYTC,1, 1638733265143,
1212323.5,276337.375,857,MPW006468,SIG006468,CLAY,MUHAMMAD ALI,M,,,CLAY @ MUHAMMAD ALI,24 HOURS,METRO,1, 1641511677011,
1208397.68375,276538.942499995,858,MPW005860,SIG005860,GUTHRIE,2ND,S,KY-1020,12.634,GUTHRIE @ 2ND,24 HOURS,KYTC,1, 1642326735872,
1211046.0,275723.125,859,MPW006254,SIG006254,CHESTNUT,JACKSON,S,KY-61,12.458,CHESTNUT @ JACKSON,24 HOURS,KYTC,1, 1643811133292,
1213358.375,275362.686250001,860,MPW006620,SIG006620,CAMPBELL,CHESTNUT,M,,,CAMPBELL @ CHESTNUT,24 HOURS,METRO,1, 1645209241113,
1210910.75,274836.875,861,MPW006230,SIG006230,BROADWAY,JACKSON,S,US 150,3.074,BROADWAY @ JACKSON,24 HOURS,KYTC,1, 1647607013292,
1221110.375,278169.4375,862,MPW007564,SIG007564,BELLAIRE,FRANKFORT,S,US-60,0.532,BELLAIRE @ FRANKFORT,24 HOURS,KYTC,1, 1659704702323,
1207934.875,279821.71875,863,MPW005811,SIG005811,4TH,RIVER,S,KY-3077,0.625,4TH @ RIVER,24 HOURS,KYTC,1, 1669723045529,
1206814.0,278710.125,864,MPW005653,SIG005653,MARKET,6TH,S,US 31W,21.655,MARKET @ 6TH,24 HOURS,KYTC,1, 1671542146009,
1206262.375,278279.3125,865,MPW005551,SIG005551,JEFFERSON,7TH,M,,,JEFFERSON @ 7TH,24 HOURS,METRO,1, 1672333275899,
1206736.5,278206.0,866,MPW005635,SIG005635,JEFFERSON,6TH,M,,,JEFFERSON @ 6TH,24 HOURS,METRO,1, 1672433276009,
1209184.75,278341.625,867,MPW005994,SIG005994,1ST,MARKET,S,US 31W,17.669,1ST @ MARKET,24 HOURS,KYTC,1, 1676322234213,
1209059.5,277557.875,868,MPW005948,SIG005948,1ST,LIBERTY,M,,,1ST @ LIBERTY,24 HOURS,METRO,1, 1677322233844,
1204090.125,276800.5,869,MPW005087,SIG005087,CHESTNUT,11TH,M,,,CHESTNUT @ 11TH,24 HOURS,METRO,1, 1683511141899,
1198212.75,284542.8125,870,MPW003804,SIG003804,PORTLAND,26TH,S,KY-3064,0.445,PORTLAND @ 26TH,24 HOURS,KYTC,1, 1708451296583,
1189185.5,277094.6875,871,MPW002210,SIG002210,BROADWAY,CECIL,M,,,BROADWAY @ CECIL,24 HOURS,METRO,1, 1734207021026,
1189309.125,275837.25,872,MPW002223,SIG002223,CECIL,GARLAND,M,,,CECIL @ GARLAND,24 HOURS,METRO,1, 1736610262482,
1205044.375,256296.03125,873,MPW005319,SIG005319,3RD,WHITNEY,M,,,3RD @ WHITNEY,24 HOURS,METRO,1, 1779964387175,
1204520.5,255275.359999999,874,MPW005176,SIG005176,FLORENCE,SOUTHERN,S,KY-1020,8.484,FLORENCE @ SOUTHERN,24 HOURS,KYTC,1, 1793022506052,
1192079.75,254848.28125,875,MPW002691,SIG002691,DIXIE,GARRS,S, US-31W,15.12,DIXIE @ GARRS,24 HOURS,KYTC,1, 1798616122488,
1194592.875,254741.0,876,MPW003055,SIG003055,CRUMS,MANSLICK,S,KY-1931,7.919,CRUMS @ MANSLICK,24 HOURS,KYTC,1, 1799513584163,
1205039.0,254546.422499999,877,MPW005313,SIG005313,SOUTHERN HEIGHTS,3RD,S,I-264,0.087,SOUTHERN HEIGHTS @ 3RD,24 HOURS,KYTC,1, 1801260516438,
1218326.5,251027.15625,878,MPW007188,SIG007188,GRADE,PRESTON,S,KY-61,7.358,GRADE @ PRESTON,24 HOURS,KYTC,1, 1824225945144,
1225301.375,251025.40625,879,MPW008187,SIG008187,POPLAR LEVEL,POPLAR PLACE,S,KY-864,10.08,POPLAR LEVEL @ POPLAR PLACE,24 HOURS,KYTC,1, 182435123D568,
1225945.0,250576.375,880,MPW008306,SIG008306,POPLAR LEVEL,PRODUCE,S,KY-864,9.87,POPLAR LEVEL @ PRODUCE,24 HOURS,KYTC,1,2,
1204341.375,250098.375,881,MPW005130,SIG005130,3RD,TENNY,S,KY-1020,7.47,3RD @ TENNY,24 HOURS,KYTC,1, 1831164386602,
1228807.5,246193.0625,882,MPW008752,SIG008752,POPLAR LEVEL,RANGELAND,S,KY-864,8.88,POPLAR LEVEL @ RANGELAND,24 HOURS,KYTC,1,2,
1223738.23375,243941.786249995,883,MPW018010,SIG018010,FOREST,PRESTON,S,KY-61,5.67,FOREST @ PRESTON,24 HOURS,KYTC,1, 1878522725144,
1201152.0,230028.5625,884,MPW004441,SIG004441,NEW CUT,KY-841 RAMP,S,KY-1865,0.67,NEW CUT @ KY-841 RAMP,24 HOURS,KYTC,1,196184553E918,
1204740.28125,252638.006249994,885,MPW005221,SIG005221,3RD,WELLINGTON,M,,,3RD @ WELLINGTON,24 HOURS,METRO,1, 2013864387102,
1206353.87375,239301.375,886,MPW005569,SIG005569,ENTERPRISE,NATIONAL,S,KY-1020,5.18,ENTERPRISE @ NATIONAL,24 HOURS,KYTC,1, 2036919554535,
1229707.4525,256401.677499995,887,MPW008888,SIG008888,BASHFORD MANOR,NEWBURG,S,KY-1703,1.55,BASHFORD MANOR @ NEWBURG,24 HOURS,KYTC,1, 2042604044552,
1209072.375,255293.40625,888,MPW005953,SIG005953,CRITTENDEN,I 264 RAMP,S,KY-1631,0.2,CRITTENDEN @ I 264 RAMP,24 HOURS,KYTC,1, 2101313429995,
1167772.5,231976.8125,889,MPW000102,SIG000102,TRADE PORT,GREENBELT,S,KY-1934,2.88,TRADE PORT @ GREENBELT,24 HOURS,KYTC,1, 2219120128324,
1181737.25,229022.516249999,890,MPW001450,SIG001450,STONESTREET,VALLEY COLLEGE,M,,,STONESTREET @ VALLEY COLLEGE,24 HOURS,METRO,1, 2230561798401,
1182503.75,225107.71875,891,MPW001513,SIG001513,3RD STREET,VALLEY STATION,S,KY-907,1.44,3RD STREET @ VALLEY STATION,24 HOURS,KYTC,1, 2247064406826,
1175252.0,225363.53125,892,MPW000738,SIG000738,DIXIE,VALLEY STATION,S, US-31W,8.63,DIXIE @ VALLEY STATION,24 HOURS,KYTC,1, 2309216126826,
1173699.375,222257.46875,893,MPW000538,SIG000538,DIXIE GARDEN,DIXIE,S, US-31W,7.98,DIXIE GARDEN @ DIXIE,24 HOURS,KYTC,1, 2310816111612,
1184821.875,250096.3125,894,MPW001727,SIG001727,GRASTON,ROCKFORD,S,KY-2051,0.65,GRASTON @ ROCKFORD,24 HOURS,KYTC,1, 2365526215560,
1230690.625,237613.328749999,895,MPW009056,SIG009056,MCCAWLEY,JEFFERSON,M,,,MCCAWLEY @ JEFFERSON,24 HOURS,METRO,1, 2422642808339,
1244567.19750001,274324.003749996,896,MPW017862,SIG017862,SHERBURN,BOWLING,M,,,SHERBURN @ BOWLING,24 HOURS,METRO,1,2943159508963,
1270058.7675,292261.888750002,897,MPW018008,SIG018008,CHAMBERLAIN,I 265 RAMP,M,,,CHAMBERLAIN @ I 265 RAMP,24 HOURS,METRO,1,  173810539996,
1234275.62625,258453.564999998,898,MPW017870,SIG017870,BARDSTOWN,PARIS,S,US-31E,11.174,BARDSTOWN @ PARIS,24 HOURS,KYTC,1,  376403844951,
1206618.16875,263378.807500005,899,MPW017867,SIG017867,EASTERN,3RD,S,US-60,3.5,EASTERN @ 3RD,24 HOURS,KYTC,1, 1427818356438,
1195884.75125,271949.125,900,MPW003303,SIG003303,CYPRESS,DUMESNIL,M,,,CYPRESS @ DUMESNIL,24 HOURS,METRO,1, 1506413741698,
1215837.75,271615.25,901,MPW006947,SIG006947,BARRET,KENTUCKY,M,,,BARRET @ KENTUCKY,24 HOURS,METRO,1, 1515203953531,
1199886.5,257216.828749999,902,MPW004161,SIG004161,BERRY,TAYLOR,S,US-60,1.473,BERRY @ TAYLOR,24 HOURS,KYTC,1, 1528805056392,
1215073.62625,277949.5,903,MPW006848,SIG006848,E MAIN ST,S JOHNSON ST,S,US 31W,16.739,E MAIN ST @ S JOHNSON ST,24 HOURS,KYTC,1, 1552033513352,
1214207.5,277049.3125,904,MPW006733,SIG006733,JEFFERSON,WENZEL,M,,,JEFFERSON @ WENZEL,24 HOURS,METRO,1, 1553333267101,
1206288.625,275344.875,905,MPW005558,SIG005558,BROADWAY,6TH,S,US 150,2.172,BROADWAY @ 6TH,24 HOURS,KYTC,1, 1555607026009,
1206767.625,275292.4375,906,MPW005640,SIG005640,BROADWAY,5TH,S,US 150,2.291,BROADWAY @ 5TH,24 HOURS,KYTC,1, 1555807022207,
1207722.5,275188.125,907,MPW005785,SIG005785,BROADWAY,3RD,S,US 150,2.474,BROADWAY @ 3RD,24 HOURS,KYTC,1, 1556107026438,
1215695.0,275160.75,908,MPW006927,SIG006927,BAXTER,PAYNE,S,US-31E,16.137,BAXTER @ PAYNE,24 HOURS,KYTC,1, 1556204174996,
1207881.0,276207.375,909,MPW005804,SIG005804,CHESTNUT,3RD,M,KY-1020,12.295,CHESTNUT @ 3RD,24 HOURS,METRO,1, 1558511146438,
1205985.125,276504.125,910,MPW005507,SIG005507,CHESTNUT,7TH,M,,,CHESTNUT @ 7TH,24 HOURS,METRO,1, 1561611145899,
1193640.5,257625.9375,911,MPW002928,SIG002928,DIXIE,NOBEL,S, US-31W,15.72,DIXIE @ NOBEL,24 HOURS,KYTC,1, 1579316123103,
1226071.0,278058.375,912,MPW008332,SIG008332,BAYLY,FRANKFORT,S,US-60,1.51,BAYLY @ FRANKFORT,24 HOURS,KYTC,1, 1593604232323,
1222479.25,273989.001249999,913,MPW007703,SIG007703,CHEROKEE,GRINSTEAD,S,US-60,7.753,CHEROKEE @ GRINSTEAD,24 HOURS,KYTC,1, 1601310992663,
1208767.625,268711.6875,914,MPW005910,SIG005910,FLOYD,MAGNOLIA,M,,,FLOYD @ MAGNOLIA,24 HOURS,METRO,1, 1615622544129,
1208573.375,267488.4375,915,MPW005878,SIG005878,FLOYD,HILL,M,,,FLOYD @ HILL,24 HOURS,METRO,1, 1618622542933,
1210490.75,272084.9375,916,MPW006172,SIG006172,JACKSON,KENTUCKY,S,KY-61,11.761,JACKSON @ KENTUCKY,24 HOURS,KYTC,1, 1634532923531,
1211648.25,271915.1875,917,MPW006354,SIG006354,CLAY,KENTUCKY,M,,,CLAY @ KENTUCKY,24 HOURS,METRO,1, 1635011673531,
1213050.375,277228.876249999,918,MPW006580,SIG006580,JEFFERSON,SHELBY,M,,,JEFFERSON @ SHELBY,24 HOURS,METRO,1, 1639433265937,
1212975.75,276739.75,919,MPW006571,SIG006571,LIBERTY,SHELBY,M,,,LIBERTY @ SHELBY,24 HOURS,METRO,1, 1640338445937,
1210467.99875,275811.1875,920,MPW006168,SIG006168,CHESTNUT,PRESTON,S,KY-61,12.546,CHESTNUT @ PRESTON,24 HOURS,KYTC,1, 1643611135143,
1210340.5,274900.125,921,MPW006146,SIG006146,BROADWAY,PRESTON,S,US 150,2.964,BROADWAY @ PRESTON,24 HOURS,KYTC,1, 1647507015143,
1212074.625,274706.9375,922,MPW006430,SIG006430,BROADWAY,CLAY,S,US 150,3.303,BROADWAY @ CLAY,24 HOURS,KYTC,1, 1647907011167,
1214247.25,274464.875,923,MPW006739,SIG006739,BARRET,BROADWAY,S,US 150,3.719,BARRET @ BROADWAY,24 HOURS,KYTC,1, 1648503950701,
1204976.875,273136.4375,924,MPW005291,SIG005291,8TH,KENTUCKY,M,,,8TH @ KENTUCKY,24 HOURS,METRO,1, 1665718853532,
1206949.875,277885.751249999,925,MPW005676,SIG005676,ARMORY,LIBERTY,M,,,ARMORY @ LIBERTY,24 HOURS,METRO,1, 1673001673845,
1206582.5,277224.123750001,926,MPW005610,SIG005610,6TH,MUHAMMAD ALI,M,,,6TH @ MUHAMMAD ALI,24 HOURS,METRO,1, 1674260097012,
1208565.23125,277632.446250007,927,MPW005879,SIG005879,LIBERTY,2ND,S,KY-1020,12.572,LIBERTY @ 2ND,24 HOURS,KYTC,1, 1677238455872,
1208954.0,276855.6875,928,MPW005934,SIG005934,1ST,MUHAMMAD ALI,M,,,1ST @ MUHAMMAD ALI,24 HOURS,METRO,1, 1678022237011,
1209608.125,279411.96875,929,MPW006063,SIG006063,BINGHAM,WITHERSPOON,S,KY-3077,0.653,BINGHAM @ WITHERSPOON,24 HOURS,KYTC,1, 1678586188619,
1203496.74875,279230.875,930,MPW004951,SIG004951,MARKET,13TH,S,US 31W,21.008,MARKET @ 13TH,24 HOURS,KYTC,1, 1679442146442,
1203408.125,278725.125,931,MPW004937,SIG004937,JEFFERSON,13TH,M,,,JEFFERSON @ 13TH,24 HOURS,METRO,1, 1680033276442,
1205470.875,279440.938749999,932,MPW005400,SIG005400,MAIN,9TH,S,US 31W,21.473,MAIN @ 9TH,24 HOURS,KYTC,1, 1687841394568,
1205208.37375,277440.3125,933,MPW005344,SIG005344,ROY WILKINS,MUHAMMAD ALI,M,,,ROY WILKINS @ MUHAMMAD ALI,24 HOURS,METRO,1, 1688662077012,
1187740.75,261826.03125,934,MPW002027,SIG002027,CANE RUN,RALPH,S,KY-1934,10.09,CANE RUN @ RALPH,24 HOURS,KYTC,1, 1747509345394,
1187336.5,261443.5,935,MPW001969,SIG001969,CANE RUN,I 264 RAMP,S,KY-1934,9.96,CANE RUN @ I 264 RAMP,24 HOURS,KYTC,1, 1767709349995,
1186824.625,260971.6875,936,MPW001898,SIG001898,CANE RUN,I 264 RAMP,S,KY-1934,9.84,CANE RUN @ I 264 RAMP,24 HOURS,KYTC,1, 1767909349995,
1201075.5,229181.46875,937,MPW004425,SIG004425,NEW CUT,KY-841 RAMP,S,KY-1865,0.68,NEW CUT @ KY-841 RAMP,24 HOURS,KYTC,1,177554553E918,
1224371.5,242464.3125,938,MPW008009,SIG008009,FERN VALLEY,PRESTON,S,KY-61,5.36,FERN VALLEY @ PRESTON,24 HOURS,KYTC,1,2,
1195128.75,251831.719999999,939,MPW003131,SIG003131,ANNA,MANSLICK,S,KY-1931,7.377,ANNA @ MANSLICK,24 HOURS,KYTC,1, 1819901254163,
1222366.5,245994.75,940,MPW007692,SIG007692,PRESTON,VINEWOOD,S,KY-61,6.13,PRESTON @ VINEWOOD,24 HOURS,KYTC,1,2,
1225615.25749999,239515.673749998,941,MPW008243,SIG008243,OAKLAWN,PRESTON,S,KY-61,4.76,OAKLAWN @ PRESTON,24 HOURS,KYTC,1, 1895547265144,
1230939.75,235476.59375,942,MPW009091,SIG009091,OUTER,LAUREL RIDGE,S,KY-1065,6.86,OUTER @ LAUREL RIDGE,24 HOURS,KYTC,1, 1926948156797,
1222722.25,235160.21875,943,MPW007741,SIG007741,OUTER,I 65 RAMP,S,KY-1065,5.18,OUTER @ I 65 RAMP,24 HOURS,KYTC,1, 1943248159998,
1204607.75,251787.9375,944,MPW005200,SIG005200,3RD,WOODLAWN,M,,,3RD @ WOODLAWN,24 HOURS,METRO,1, 2014564387292,
1209428.875,229019.5,945,MPW006041,SIG006041,NATIONAL,KY-841 RAMP,S,KY-1020,3,NATIONAL @ KY-841 RAMP,24 HOURS,KYTC,1,211074535E918,
1173035.37875,230531.873750001,946,MPW000466,SIG000466,JOHNSONTOWN,TERRY,S,KY-1727,1.04,JOHNSONTOWN @ TERRY,24 HOURS,KYTC,1, 2224333556641,
1179242.6875,231316.697500005,947,MPW017878,SIG017878,DIXIE,WITTEN,S, US-31W,9.99,DIXIE @ WITTEN,24 HOURS,KYTC,1, 2292116127255,
1177074.375,250998.359999999,948,MPW000937,SIG000937,CANE RUN,TERRY,S,KY 1934,7.182,CANE RUN @ TERRY,24 HOURS,KYTC,1, 2302909346641,
1169643.75,210201.65625,949,MPW000195,SIG000195,DIXIE,LANDSTAR,S,US 31W,5.4,DIXIE @ LANDSTAR,24 HOURS,KYTC,1, 231481612D469,
1174008.0,238888.125,950,MPW000578,SIG000578,GREENWOOD,TERRY,S,KY-1727,1.6,GREENWOOD @ TERRY,24 HOURS,KYTC,1, 2350126536641,
1177826.0,251631.563749999,951,MPW001018,SIG001018,BRIDWELL,CANE RUN,S,KY-1934,7.37,BRIDWELL @ CANE RUN,24 HOURS,KYTC,1, 2368208340934,
1205399.875,260216.578749999,952,MPW005385,SIG005385,CENTRAL,3RD,S,KY-1020,9.47,CENTRAL @ 3RD,24 HOURS,KYTC,1, 2470010416438,
1231691.0,242386.46875,953,MPW009226,SIG009226,FERN VALLEY,JEFFERSON,S,KY-1747,3.33,FERN VALLEY @ JEFFERSON,24 HOURS,KYTC,1,2,
1238273.0625,242834.622500002,954,MPW017861,SIG017861,POPLAR LEVEL,FERN VALLEY,S,KY-864,7.17,POPLAR LEVEL @ FERN VALLEY,24 HOURS,KYTC,1,  825251238363,
1221531.0,256596.90625,955,MPW007619,SIG007619,POPLAR LEVEL,I 264 RAMP,S,KY-864,11.32,POPLAR LEVEL @ I 264 RAMP,24 HOURS,KYTC,1, 1542951239995,
1214364.125,278058.75,956,MPW006753,SIG006753,MAIN,WENZEL,S,US 31W,16.808,MAIN @ WENZEL,24 HOURS,KYTC,1, 1551741387100,
1213130.0,277731.4375,957,MPW006587,SIG006587,MARKET,SHELBY,S,US 31W,16.936,MARKET @ SHELBY,24 HOURS,KYTC,1, 1552642135937,
1212630.125,278324.625,958,MPW006518,SIG006518,E MAIN ST,S CLAY ST,S,US 31W,17.139,E MAIN ST @ S CLAY ST,24 HOURS,KYTC,1, 1560211661167,
1223604.75,279430.5,959,MPW007867,SIG007867,BROWNSBORO,EWING,S,US-42,1.846,BROWNSBORO @ EWING,24 HOURS,KYTC,1, 1562507241993,
1228081.0,258157.796250001,960,MPW008660,SIG008660,GOLDSMITH,NEWBURG,S,KY-1703,2,GOLDSMITH @ NEWBURG,24 HOURS,KYTC,1, 1566925854552,
1218357.00125,272547.125,961,MPW007190,SIG007190,CHEROKEE,GRINSTEAD,S,KY-2860,0.517,CHEROKEE @ GRINSTEAD,24 HOURS,KYTC,1, 1603711002663,
1212226.5,271830.375,962,MPW006457,SIG006457,KENTUCKY,SHELBY,S,KY-864,14.95,KENTUCKY @ SHELBY,24 HOURS,KYTC,1, 1635135315937,
1211396.625,277995.1875,963,MPW006313,SIG006313,JACKSON,MARKET,S,US 31W,17.265,JACKSON @ MARKET,24 HOURS,KYTC,1, 1638132924213,
1211976.0,277911.5,964,MPW006413,SIG006413,HANCOCK,MARKET,S,US 31W,17.158,HANCOCK @ MARKET,24 HOURS,KYTC,1, 1638227964213,
1213552.625,276649.498750001,965,MPW006643,SIG006643,CAMPBELL,LIBERTY,M,,,CAMPBELL @ LIBERTY,24 HOURS,METRO,1, 1640509243844,
1210590.5,276605.25,966,MPW006181,SIG006181,PRESTON,MUHAMMAD ALI,S,KY-61,12.7,PRESTON @ MUHAMMAD ALI,24 HOURS,KYTC,1, 1640851437011,
1214131.25,276560.5625,967,MPW006724,SIG006724,LIBERTY,WENZEL,M,,,LIBERTY @ WENZEL,24 HOURS,METRO,1, 1641038447101,
1211744.25,276426.0625,968,MPW006370,SIG006370,HANCOCK,MUHAMMAD ALI,M,,,HANCOCK @ MUHAMMAD ALI,24 HOURS,METRO,1, 1641327967011,
1208355.5,276133.3125,969,MPW005855,SIG005855,CHESTNUT,2ND,S,KY-1020,12.288,CHESTNUT @ 2ND,24 HOURS,KYTC,1, 1642411145872,
1209883.875,275898.875,970,MPW006099,SIG006099,CHESTNUT,FLOYD,M,,,CHESTNUT @ FLOYD,24 HOURS,METRO,1, 1643311132254,
1213676.46625,275314.900000006,971,MPW006665,SIG006665,CHESTNUT,CHESTNUT STREET CONNECTOR,S,KY-864,15.596,CHESTNUT @ CHESTNUT STREET CONNECTOR,24 HOURS,KYTC,1, 1645511138536,
1213237.875,274579.6875,972,MPW006603,SIG006603,BROADWAY,CAMPBELL,S,US 150,3.514,BROADWAY @ CAMPBELL,24 HOURS,KYTC,1, 1648207010924,
1210893.9525,278590.682500005,973,MPW006228,SIG006228,MAIN,PRESTON,S,US 31W,17.456,MAIN @ PRESTON,24 HOURS,KYTC,1, 1650341385142,
1217919.75,279716.25,974,MPW007144,SIG007144,FRANKFORT,STORY,S,US-42,0.675,FRANKFORT @ STORY,24 HOURS,KYTC,1, 1655123236183,
1219614.75,278808.625,975,MPW007329,SIG007329,FRANKFORT,STATE,S,US-60,0.237,FRANKFORT @ STATE,24 HOURS,KYTC,1, 1657823236139,
1200891.625,268744.25,976,MPW004390,SIG004390,15TH,HILL,M,,,15TH @ HILL,24 HOURS,METRO,1, 1662622042934,
1205255.0,271402.4375,977,MPW005354,SIG005354,OAK,7TH,M,,,OAK @ 7TH,24 HOURS,METRO,1, 1668147195899,
1205668.75,271347.25,978,MPW005448,SIG005448,OAK,6TH,M,,,OAK @ 6TH,24 HOURS,METRO,1, 1668247196009,
1207209,278132,979,MPW005702,SIG005702,5TH,JEFFERSON,M,,,5TH @ JEFFERSON,24 HOURS,METRO,1, 1672522073327,
1207166.25,277851.5625,980,MPW005698,SIG005698,5TH,LIBERTY,M,,,5TH @ LIBERTY,24 HOURS,METRO,1, 1673122073845,
1209736.25,278772.875,981,MPW006081,SIG006081,E MAIN ST,N BROOK ST,S,US 31W,17.699,E MAIN ST @ N BROOK ST,24 HOURS,KYTC,1, 1676007060707,
1203255.25,277744.625,982,MPW004905,SIG004905,13TH,MUHAMMAD ALI,M,,,13TH @ MUHAMMAD ALI,24 HOURS,METRO,1, 1682064427012,
1203739.0,277669.375,983,MPW005000,SIG005000,12TH,MUHAMMAD ALI,M,,,12TH @ MUHAMMAD ALI,24 HOURS,METRO,1, 1682265667012,
1205436.5,276103.8125,984,MPW005395,SIG005395,8TH,MAGAZINE,M,,,8TH @ MAGAZINE,24 HOURS,METRO,1, 1685718854128,
1198028.125,283859.625,985,MPW003770,SIG003770,BANK,26TH,S,KY-3082,1.09,BANK @ 26TH,24 HOURS,KYTC,1, 1710903706583,
1184962.87625,259242.40625,986,MPW001734,SIG001734,CANE RUN,KRAMERS,S,KY-1934,9.36,CANE RUN @ KRAMERS,24 HOURS,KYTC,1, 1768109343588,
1185537.50125,259774.21875,987,MPW001767,SIG001767,CANE RUN,FARNSLEY,S,KY-1934,9.63,CANE RUN @ FARNSLEY,24 HOURS,KYTC,1, 1769109342147,
1215715.875,255349.15625,988,MPW006930,SIG006930,PRESTON,I 264 RAMP,S,KY-61,8.3,PRESTON @ I 264 RAMP,24 HOURS,KYTC,1, 1791551449995,
1205046.625,255279.984999999,989,MPW005321,SIG005321,FLORENCE,3RD,S,I-264,0.65,FLORENCE @ 3RD,24 HOURS,KYTC,1, 1792722506438,
1193494.0,229989.65625,990,MPW002900,SIG002900,ARNOLDTOWN,3RD STREET,S,KY-907,3.99,ARNOLDTOWN @ 3RD STREET,24 HOURS,KYTC,1, 1959101706440,
1209467.75,228079.03125,991,MPW006045,SIG006045,NATIONAL,KY-841 RAMP,S,KY-1020,3.01,NATIONAL @ KY-841 RAMP,24 HOURS,KYTC,1,197234535E918,
1230307.75,225981.016249999,992,MPW008991,SIG008991,PRESTON,I 265 RAMP,S,KY-61,2.02,PRESTON @ I 265 RAMP,24 HOURS,KYTC,1, 1979651449996,
1199575.5,252432.21875,993,MPW004075,SIG004075,BICKNELL,TAYLOR,S,KY-1865,5.285,BICKNELL @ TAYLOR,24 HOURS,KYTC,1, 2011105256392,
1217163.0,242992.641249999,994,MPW007076,SIG007076,FERN VALLEY,I 65 RAMP,S,KY-1747,0.55,FERN VALLEY @ I 65 RAMP,24 HOURS,KYTC,1, 2064121909998,
1214512.5,243201.375,995,MPW006776,SIG006776,ASHBOTTOM,GRADE,M,,,ASHBOTTOM @ GRADE,24 HOURS,METRO,1, 2068101842594,
1201509.75,240629.71875,996,MPW004524,SIG004524,NEW CUT,PALATKA,S,KY-1865,3.01,NEW CUT @ PALATKA,24 HOURS,KYTC,1, 2078845534939,
1186632.75,247346.25,997,MPW001880,SIG001880,DIXIE,UPPER HUNTERS,S, US-31W,13.27,DIXIE @ UPPER HUNTERS,24 HOURS,KYTC,1, 2160816126709,
1186085.125,246035.25,998,MPW001809,SIG001809,DIXIE,MEYERS,S, US-31W,13.08,DIXIE @ MEYERS,24 HOURS,KYTC,1, 2172916124353,
1180575.25,243839.5625,999,MPW001353,SIG001353,LOWER HUNTERS,SKY BLUE,M,,,LOWER HUNTERS @ SKY BLUE,24 HOURS,METRO,1, 2180839696012,
1169839.875,239770.78125,1000,MPW000211,SIG000211,GREENWOOD,GREENBELT,S,KY-1934,4.44,GREENWOOD @ GREENBELT,24 HOURS,KYTC,1, 2186326538324,
1167909.75,222055.030000001,1001,MPW000105,SIG000105,LOWER RIVER,GREENBELT,S,KY-1934,1.03,LOWER RIVER @ GREENBELT,24 HOURS,KYTC,1, 2259639708324,
1231758.375,243536.734999999,1002,MPW009241,SIG009241,POPLAR LEVEL,JEFFERSON,S,KY-864,8.05,POPLAR LEVEL @ JEFFERSON,24 HOURS,KYTC,1,2,
1205586.435,264554.847499996,1003,MPW017866,SIG017866,4TH,UNITY,M,,,4TH @ UNITY,24 HOURS,METRO,1,290362305D964,
1212674.5,266638.6875,1004,MPW006528,SIG006528,BURNETT,HICKORY,M,,,BURNETT @ HICKORY,24 HOURS,METRO,3, 1391507742914,
1206325.0,244494.53125,1005,MPW005565,SIG005565,STEEDLY,STRAWBERRY,M,,,STEEDLY @ STRAWBERRY,24 HOURS,METRO,3, 1876861456193,
1215607.75,275308.75,1006,MPW018041,SIG006911,BAXTER,HULL,S,US 31E,16.185,BAXTER @ HULL,24 HOURS,KYTC,2, 1558004173017,
1225180.7,267378.584999993,1007,MPW018021,SIG007988,BARDSTOWN,PRINCETON,S,US 31E,,BARDSTOWN @ PRINCETON,24 HOURS,KYTC,2, 1382703845154,
1209810.5,275425.75,1008,MPW006089,SIG006089,FLOYD,GRAY,M,,,FLOYD @ GRAY,24 HOURS,METRO,3, 1644922542625,
1269666.8075,275238.382499993,1009,MPW016332,SIG016332,LEPANTO,MADISON,S,,,LEPANTO @ MADISON,24 HOURS,KYTC,3,271840939985,
1167324.61,226632.207499996,1010,MPW000099,SIG000099,ASHBY,GREENBELT,S,KY-1934,1.9,ASHBY @ GREENBELT,24 HOURS,KYTC,1, 2249901878324,
1222438.22750001,269472.709999993,1011,MPW018026,SIG007657,BARDSTOWN,BONNYCASTLE,S,US 31E,,BARDSTOWN @ BONNYCASTLE,24 HOURS,KYTC,2, 1362703840605,
1249942.25,281569.90625,1012,MPW012811,SIG012811,LYNDON,HERR,S,KY-2050,0.551,LYNDON @ HERR,24 HOURS,KYTC,3,  440927742901,
1194260.625,276787.125,1013,MPW003022,SIG003022,BROADWAY,31ST,M,,,BROADWAY @ 31ST,24 HOURS,METRO,3, 1296907026450,
1214505.75,269145.1875,1014,MPW006773,SIG006773,ELLISON,ST MICHAEL,M,,,ELLISON @ ST MICHAEL,24 HOURS,METRO,3, 1364919155805,
1224262.47125,268003.932500005,1015,MPW018018,SIG007988,BARDSTOWN,RICHMOND,S,US 31E,13.966,BARDSTOWN @ RICHMOND,24 HOURS,KYTC,2, 1725503845500,
1216003.75875001,278691.780000001,1016,MPW006967,SIG006967,CABEL,STORY,S,US 42 ,0.272,CABEL @ STORY,24 HOURS,KYTC,3, 1550508986183,
1206650.8475,277669.726249993,1017,MPW005619,SIG005619,CEDAR,6TH,M,,,CEDAR @ 6TH,24 HOURS,METRO,3, 1673510316009,
1218099.79625,272160.508750007,1018,MPW018037,SIG007065,BARDSTOWN,GRINSTEAD,S,US 31E,16.185,BARDSTOWN @ GRINSTEAD,24 HOURS,KYTC,2, 1604203842663,
1219351.375,271256.8125,1019,MPW018034,SIG007184,BARDSTOWN,LONGEST,S,US 31E,15.565,BARDSTOWN @ LONGEST,24 HOURS,KYTC,2, 1606703843932,
1202728.3425,244444.265000001,1020,MPW004795,SIG004795,3RD,KENWOOD,M,,,3RD @ KENWOOD,24 HOURS,METRO,3, 2072764387586,
1268966.985,275442.402500004,1021,MPW016265,SIG016265,OLD HARRODS CREEK,WILLOW STONE,S,,,OLD HARRODS CREEK @ WILLOW STONE,24 HOURS,KYTC,3,  587547548212,
1244210.75,237857.96875,1022,MPW011594,SIG011594,FEGENBUSH,NORLYNN,S,KY-864,5.182,FEGENBUSH @ NORLYNN,24 HOURS,KYTC,3,  940721634585,
1209482.47499999,274722.766249999,1023,MPW005976,SIG005976,FLOYD,JACOB,M,,,FLOYD @ JACOB,24 HOURS,METRO,3, 1623322543295,
1221993.41625001,269621.743750006,1024,MPW018025,SIG007657,BARDSTOWN,STEVENS,S,US 31E,14.5,BARDSTOWN @ STEVENS,24 HOURS,KYTC,2, 1517803846156,
1213224.25,270348.25,1025,MPW006600,SIG006600,OAK,SWAN,M,,,OAK @ SWAN,24 HOURS,METRO,3, 1353347186246,
1216938.625,273059.9375,1026,MPW018039,SIG007038,BAXTER,HIGHLAND,S,US 31E,,BAXTER @ HIGHLAND,24 HOURS,KYTC,2, 1602604172923,
1207249.87625,278383.25,1027,MPW005714,SIG005714,COURT,5TH,M,,,COURT @ 5TH,24 HOURS,METRO,3, 1672113012207,
1245247.25,297348.3125,1028,MPW011794,SIG011794,U S HIGHWAY 42,WOODSTONE,S,US-42,8.25,U S HIGHWAY 42 @ WOODSTONE,24 HOURS,KYTC,3,  400067127413,
1169474.625,237087.984999999,1029,MPW000125,SIG000125,GREENBELT,GLOBAL,S,KY-1934,3.908,GREENBELT @ GLOBAL,24 HOURS,KYTC,1, 2197483249899,
1230327.00125,250208.375,1030,MPW008994,SIG008994,INDIAN,JENNINGS,M,,,INDIAN @ JENNINGS,24 HOURS,METRO,3, 2085331493333,
1186908.375,277229.71875,1031,MPW001910,SIG001910,BROADWAY,SHAWNEE PARK ENTRANCE,M,,,BROADWAY @ SHAWNEE PARK ENTRANCE,24 HOURS,METRO,3, 1733307029384,
1199981.88875,274987.946250007,1032,MPW004166,SIG004166,BRECKINRIDGE,DIXIE,M,,,BRECKINRIDGE @ DIXIE,ACTUATED,METRO,4, 1312806581612,
1209945.5,276298.5625,1033,MPW006104,SIG006104,FLOYD,ABRAHAM FLEXNER,M,,,FLOYD @ ABRAHAM FLEXNER,24 HOURS,METRO,3, 1641822543401,
1222704.125,269312.125,1034,MPW018027,SIG007657,BARDSTOWN,BONNYCASTLE,S,US 31E,,BARDSTOWN @ BONNYCASTLE,24 HOURS,KYTC,2, 1362603840605,
1205439.41875,277402.066249996,1035,MPW000850,SIG000850,8TH,MUHAMMAD ALI,M,,,8TH @ MUHAMMAD ALI,24 HOURS,METRO,3, 1674018857012,
1223868.375,268332.875,1036,MPW018024,SIG007833,BARDSTOWN,ROANOKE,S,US 31E,,BARDSTOWN @ ROANOKE,24 HOURS,KYTC,2, 1725203845542,
1193334.375,248749.21875,1037,MPW002868,SIG002868,ESTATE,GAGEL,M,,,ESTATE @ GAGEL,24 HOURS,METRO,3, 2044519662455,
1271052.25,279133.6875,1038,MPW016448,SIG016448,EVERGREEN,WOODLAND,M,,,EVERGREEN @ WOODLAND,24 HOURS,METRO,3,  488719907293,
1216697.16500001,273478.548749998,1039,MPW018038,SIG007038,BAXTER,MORTON,S,US 31E,15.738,BAXTER @ MORTON,24 HOURS,KYTC,2, 1601604174471,
1226375.375,232400.53125,1040,MPW008395,SIG008395,BLUE LICK,FOREMAN,S,KY-1450,3.1,BLUE LICK @ FOREMAN,24 HOURS,KYTC,1, 1947305772265,
1223593.125,268565.375,1041,MPW018023,SIG007833,BARDSTOWN,SPEED,S,US 31E,,BARDSTOWN @ SPEED,24 HOURS,KYTC,2, 1724703846082,
1206772.895,278445.133750007,1042,MPW005643,SIG005643,CONGRESS,COURT,M,,,CONGRESS @ COURT,24 HOURS,METRO,3, 1672012571301,
1206125.25,224073.4375,1043,MPW005533,SIG005533,MANSLICK,MITCHELL HILL,S,KY-2055,1.416,MANSLICK @ MITCHELL HILL,24 HOURS,KYTC,3, 1988741644414,
1217174.25,278008.375,1044,MPW007078,SIG007078,MAIN,MELLWOOD,S,US 42,0.459,MAIN @ MELLWOOD,24 HOURS,KYTC,3, 1551941384326,
1194855.50125,269792.375,1045,MPW003092,SIG003092,HILL,28TH,M,,,HILL @ 28TH,24 HOURS,METRO,3, 1698229346570,
1220605.47875001,270351.182500005,1046,MPW018029,SIG007413,BARDSTOWN,EDGELAND,S,US 31E,,BARDSTOWN @ EDGELAND,24 HOURS,KYTC,2, 1608503841863,
1224950.145,267510.530000001,1047,MPW018020,SIG007988,BARDSTOWN,BOULEVARD NAPOLEON,S,US 31E,,BARDSTOWN @ BOULEVARD NAPOLEON,24 HOURS,KYTC,2, 1379703840617,
1193243.375,278924.25,1048,MPW002856,SIG002856,LOUIS COLEMAN JR,VERMONT,M,,,LOUIS COLEMAN JR @ VERMONT,24 HOURS,METRO,3,28216E9856851,
1218477.155,280294.287499994,1049,MPW007208,SIG007208,BROWNSBORO,STORY,S,US 42,0.83,BROWNSBORO @ STORY,24 HOURS,KYTC,3, 1653807246183,
1211091.495,276018.067499995,1050,MPW000550,SIG000550,CHESTNUT,JACKSON,S,KY 61,12.486,CHESTNUT @ JACKSON,24 HOURS,KYTC,3, 1643811133292,
1224580.7,267739.870000005,1051,MPW018019,SIG007988,ALFRESCO,BARDSTOWN,S,US 31E,,ALFRESCO @ BARDSTOWN,24 HOURS,KYTC,2, 1376900580384,
1219787.94125,270942.293750003,1052,MPW018035,SIG007184,BARDSTOWN,CHEROKEE,S,US 31E,,BARDSTOWN @ CHEROKEE,24 HOURS,KYTC,2, 1607703841099,
1249314.825,282862.200000003,1053,MPW012614,SIG012614,HERR,WESTLYNNE,M,,,HERR @ WESTLYNNE,24 HOURS,METRO,3,  438629018196,
1169846.96625,223158.823750004,1054,MPW000288,SIG000288,JANNA,MARILEE,M,,,JANNA @ MARILEE,24 HOURS,METRO,3, 2255733154200,
1233516.75,293816.748750001,1055,MPW009477,SIG009477,RIVER,WATERGLEN,M,,,RIVER @ WATERGLEN,24 HOURS,METRO,3, 245728199D932,
1215814.48,274961.34375,1056,MPW018042,SIG006911,BAXTER,ROGERS,S,US 31E,16.185,BAXTER @ ROGERS,24 HOURS,KYTC,2, 1556604175583,
1215637.0,276304.875,1057,MPW006925,SIG006925,COOPER,LEXINGTON,M,,,COOPER @ LEXINGTON,24 HOURS,METRO,4, 1553912713838,
1216396.66,273976.853750005,1058,MPW018044,SIG006911,BAXTER,BRECKINRIDGE,S,US 31E,16.185,BAXTER @ BRECKINRIDGE,24 HOURS,KYTC,2, 1557504170657,
1223461.80125,268677.558750004,1059,MPW018022,SIG007833,BARDSTOWN,DEER PARK,S,US 31E,14.174,BARDSTOWN @ DEER PARK,24 HOURS,KYTC,2, 1368403841551,
1221056.31874999,270025.458749995,1060,MPW018030,SIG007413,BARDSTOWN,EASTERN,S,US 31E,,BARDSTOWN @ EASTERN,24 HOURS,KYTC,2, 1517403841835,
1260848.87625,245839.6875,1061,MPW015000,SIG015000,BILLTOWN,MARY DELL,S,KY-1819,,BILLTOWN @ MARY DELL,24 HOURS,KYTC,3,  898201884236,
1272825.0,268102.25,1062,MPW016651,SIG016651,ELLINGSWORTH,TUCKER STATION,M,,,ELLINGSWORTH @ TUCKER STATION,24 HOURS,METRO,3,   83719126551,
1218427.00375,271923.023750007,1063,MPW018032,SIG007184,BARDSTOWN,PATTERSON,S,US 31E,15.3,BARDSTOWN @ PATTERSON,24 HOURS,KYTC,2, 1605003844985,
1218830.65000001,271632.918750003,1064,MPW018033,SIG007184,BARDSTOWN,BEECHWOOD,S,US 31E,,BARDSTOWN @ BEECHWOOD,24 HOURS,KYTC,2, 1605903840464,
1216124.59,274436.837500006,1065,MPW018043,SIG006911,BAXTER,BROADWAY,S,US 31E,16.185,BAXTER @ BROADWAY,24 HOURS,KYTC,2, 1557304170701,
1175701.75,218070.5625,1066,MPW001904,SIG001904,DEERING HEIGHTS,WOODRIDGE,S,,,DEERING HEIGHTS @ WOODRIDGE,24 HOURS,KYTC,3, 2305815507298,
1238001.0,277116.1875,1067,MPW010426,SIG010426,FAIRFAX,SHELBYVILLE,S,US-60,3.8,FAIRFAX @ SHELBYVILLE,24 HOURS,KYTC,3,  257421125940,
1217152.25,272842.25,1068,MPW018036,SIG007065,BARDSTOWN,BAXTER,S,US 31E,,BARDSTOWN @ BAXTER,24 HOURS,KYTC,2, 1602803840417,
1217036.66125,272943.284999996,1069,MPW018040,SIG007038,BARDSTOWN,BAXTER,S,US 31E,,BARDSTOWN @ BAXTER,24 HOURS,KYTC,2, 1602803840417,
1220184.99250001,270655.002499998,1070,MPW018028,SIG007413,BARDSTOWN,MIDLAND,S,US 31E,14.897,BARDSTOWN @ MIDLAND,24 HOURS,KYTC,2, 1608003844370,
1191451.75,279615.6875,1071,MPW002592,SIG002592,AMY,MUHAMMAD ALI,M,,,AMY @ MUHAMMAD ALI,24 HOURS,METRO,3, 1267201087012,
1218901.23,280226.625,1072,MPW007281,SIG007281,BROWNSBORO,MELLWOOD,S,US 42,0.9,BROWNSBORO @ MELLWOOD,24 HOURS,KYTC,3, 1653907244326,
1207068.045,274118.293750003,1073,MPW000824,SIG000824,GOLDEN RULE,4TH,M,,,GOLDEN RULE @ 4TH,24 HOURS,METRO,3,29323F3222305,
1202733.68000001,271223.783749998,1074,MPW004798,SIG004798,ORMSBY,12TH,S,,,ORMSBY @ 12TH,24 HOURS,KYTC,3, 1346548036566,
1264704.0175,276950.739999995,1075,MPW015714,SIG015714,DORSEY,WATERLOO,S,,,DORSEY @ WATERLOO,24 HOURS,KYTC,3, 242551660D811,
1197082.375,266426.4375,1076,MPW003551,SIG003551,BERNHEIM,DIXIE,S,US 31,17.51,BERNHEIM @ DIXIE,24 HOURS,KYTC,3, 1394305041612,
1221453.49625,269786.416250005,1077,MPW018031,SIG007413,BARDSTOWN,SHERWOOD,S,US 31E,,BARDSTOWN @ SHERWOOD,24 HOURS,KYTC,2, 1517603845965,
1241604.25125,269568.6875,1078,MPW011171 ,SIG011171 ,BRECKENRIDGE LN,DUTCHMANS LN,S,KY-1932,3.8,BRECKENRIDGE LN @ DUTCHMANS LN,24 HOURS,KYTC,1,  532306561717,
1191627.0,254086.71875,1079,MPW031109,SIG031109,DIXIE HWY,I 264 WEST RAMP,S,US-31W,14.96,DIXIE HWY @ I 264 WEST RAMP,24 HOURS,KYTC,1, 1806828949995,
1275621.75,252859.84375,1080,MPW015523,SIG015523,TAYLORSVILLE RD,PLEASANT GLEN DR,S,KY-155,6.625,TAYLORSVILLE RD @ PLEASANT GLEN DR,24 HOURS,KYTC,1,  81666394D188,
1264583.87125,216296.703749999,1081,MPW031241,SIG031241,BARDSTOWN RD,BROAD RUN PKY,S,US-31E,0.787,BARDSTOWN RD @ BROAD RUN PKY,24 HOURS,KYTC,1,28937F247D258,
1261842.75,221453.9375,1082,MPW031240,SIG031240,BARDSTOWN RD,THIXTON LN,S,US-31E,1.925,BARDSTOWN RD @ THIXTON LN,24 HOURS,KYTC,1, 1008903846465,
1208688.375,278418.40625,1083,MPW005889,SIG005889,MARKET ST,S 2ND ST,S,US-31W,22.035,MARKET ST @ S 2ND ST,24 HOURS,KYTC,1, 1676242145872,
1280708.125,282578.9375,1084,MPW0030842,SIG0030842,OLD HENRY RD,I 265 SB RAMP,S,KY-3084,1.038,OLD HENRY RD @ I 265 SB RAMP,24 HOUR,KYTC,1,   76547569996,
1270871.5275,252403.871250004,1085,MPW018018,SIG018018,TAYLORSVILLE RD,OLD HEADY RD,S,KY-155,7.55,TAYLORSVILLE RD @ OLD HEADY RD,24HRS,KYTC,1, 1083147556394,
1250389.92375,284842.382499993,1086,MPW014474,SIG014474,WESTPORT RD,ORMSBY LN,S,KY-1447,3.04,WESTPORT @ ORMSBY,24 HOUR,KYTC,1,433648057132,
1267536.125,238513.96875,1087,MPW000001,SIG000001,BILLTOWN RD,I 265 RAMP,S,KY-1819,5.29,BILLTOWN RD @ I 265 RAMP,24 HOURS,KYTC,1,  822801889996,
1282798.48,283541.963750005,1088,MPW000002,SIG000002,OLD HENRY RD,TERRA CROSSING BLVD,S,KY-3084,1.48,OLD HENRY @ TERRA CROSSING BLVD,24 HOURS,KYTC,1,2834756E294,
1267044.75,292818.25,1089,MPW000003,SIG000003,WESTPORT RD,I 265 RAMP,S,KY-1447,6.47,WESTPORT RD @ I 265 RAMP,24 HOURS,KYTC,1,  698671329996,
1247908.75,230799.71875,1090,MPW000004,SIG000004,BEULAH CHURCH RD,I 265 RAMP,S,KY-864,3.45,BEULAH CHURCH RD @ I 265 RAMP,24 HOURS,KYTC,1,  978905189996,
1224771.5,285756.78125,1091,MPW031242,SIG031242,ZORN AVE,I 71 RAMP,S,,,,,KYTC,1, 1217075539999,3506
