OBJECTID,ROADNAME,RWCOMPKEY,SCFKEY,ROUTE,RESPONSE,PRIORITY,SNOW_DIST,STATE,STATE_OWND,CL_MILES,LANE_MILES,SHAPELEN
1,FENLEY AVE,7069,,E09,EAST,,E,0,No,0,28.91,405.122964138656
2,N CLIFTON AVE,15327,,E18,EAST,,E,0,No,0,18.44,446.07805283249
3,CEDAR ST,15283,,S03,SWMS,,S,0,No,0,25.44,337.592648107523
4,LYNNBROOK DR,4050,,E12,EAST,,E,0,No,0,24.29,742.631295088751
5,CHICKASAW AVE,15163,,E18,EAST,,E,0,No,0,18.44,798.305107847464
6,TEXAS AVE,18617,,P02,PARKS,,P,0,No,0,18.61,754.112938508404
7,SUMMERFIELD DR,5153,,C20,CENTRAL,,C,0,No,0,35.53,764.971249720552
8,PRYOR AVE,14993,,E18,EAST,,E,0,No,0,18.44,164.059319745647
9,FRANKFORT AVE,15100,,E09,EAST,,E,0,No,0,28.91,1359.10258194157
10,FRANKFORT AVE,31957,,E09,EAST,,E,0,No,0,28.91,507.796904264885
11,CEDAR ST,15316,,S03,SWMS,,S,0,No,0,25.44,357.582056461346
12,BLACKBURN AVE,7050,,E09,EAST,,E,0,No,0,28.91,1050.50569148019
13,JARVIS LN,21112,,E18,EAST,,E,0,No,0,18.44,331.817731144331
14,TEXAS AVE,17967,,P02,PARKS,,P,0,No,0,18.61,380.761385698902
15,N PETERSON AVE,20780,,E18,EAST,,E,0,No,0,18.44,742.406887238102
16,BLACKBURN AVE,7063,,E09,EAST,,E,0,No,0,28.91,112.407263409883
17,TEXAS AVE,17889,,P02,PARKS,,P,0,No,0,18.61,391.298487816911
18,ENGLISH STATION WAY,30790,,E23,EAST,,E,0,No,0,28.47,892.941462571263
19,TEXAS AVE,18641,,P02,PARKS,,P,0,No,0,18.61,564.352713432434
20,LYNNBROOK DR,4135,,E12,EAST,,E,0,No,0,24.29,335.507805162119
21,LYNNBROOK DR,4111,,E12,EAST,,E,0,No,0,24.29,313.054703441033
22,FENLEY AVE,7058,,E09,EAST,,E,0,No,0,28.91,1073.05238768355
23,S 27TH ST,15382,,S03,SWMS,,S,0,No,0,25.44,283.249567061673
24,JARVIS LN,14920,,E18,EAST,,E,0,No,0,18.44,372.235795216176
25,FENLEY AVE,7048,,E09,EAST,,E,0,No,0,28.91,561.96562989092
26,PRYOR AVE,15018,,E18,EAST,,E,0,No,0,18.44,96.4840943963856
27,SUMMERFIELD DR,5085,,C20,CENTRAL,,C,0,No,0,35.53,417.656581948526
28,LIGHTFOOT RD,39484,,E09,EAST,,E,0,No,0,28.91,219.031265281592
29,LIGHTFOOT RD,2720,,E09,EAST,,E,0,No,0,28.91,222.570312794729
30,CIRCLE HILL RD,3836,,C16,CENTRAL,,C,0,No,0,27.27,1330.03040577666
31,CIRCLE HILL RD,3838,,C16,CENTRAL,,C,0,No,0,27.27,345.205643507132
32,FRANKFORT AVE,15104,,E09,EAST,,E,0,No,0,28.91,46.2321406252418
33,FRANKFORT AVE,15181,,E09,EAST,,E,0,No,0,28.91,235.444599886325
34,FRANKFORT AVE,15145,,E09,EAST,,E,0,No,0,28.91,197.3969420435
35,JARVIS LN,21113,,E18,EAST,,E,0,No,0,18.44,285.792381419539
36,CEDAR ST,15263,,S03,SWMS,,S,0,No,0,25.44,480.824393782439
37,PRYOR AVE,14963,,E18,EAST,,E,0,No,0,18.44,444.02904533048
38,LYNNBROOK DR,4089,,E12,EAST,,E,0,No,0,24.29,321.689467159324
39,CEDAR ST,15301,,S03,SWMS,,S,0,No,0,25.44,476.568277546946
40,JARVIS LN,14844,,E18,EAST,,E,0,No,0,18.44,853.840234967074
41,LIGHTFOOT RD,2664,,E09,EAST,,E,0,No,0,28.91,484.191727951473
42,LYNNBROOK DR,4094,,E12,EAST,,E,0,No,0,24.29,168.781015668232
43,JARVIS LN,14507,,E18,EAST,,E,0,No,0,18.44,791.362342855827
44,N JANE ST,20807,,E18,EAST,,E,0,No,0,18.44,733.383869719678
45,SUMMERFIELD DR,5068,,C20,CENTRAL,,C,0,No,0,35.53,464.636836506686
46,LYNNBROOK DR,4118,,E12,EAST,,E,0,No,0,24.29,314.859815036787
47,ALPINE WAY,26086,,P11,PARKS,,P,0,No,0,10.26,624.099277149944
48,LYNNBROOK DR,4098,,E12,EAST,,E,0,No,0,24.29,147.034182356519
49,CIRCLE HILL RD,3853,,C16,CENTRAL,,C,0,No,0,27.27,371.030646700526
50,LYNNBROOK DR,4065,,E12,EAST,,E,0,No,0,24.29,373.717570730606
51,BICKEL RD,30877,,V08,VACANT LOT,,V,0,No,0,14.33,1098.66416823083
52,BLACKBURN AVE,7059,,E09,EAST,,E,0,No,0,28.91,590.591953037115
53,BRIAR HILL RD,29809,,E09,EAST,,E,0,No,0,28.91,1990.71879001048
54,SUMMERFIELD DR,5097,,C20,CENTRAL,,C,0,No,0,35.53,291.897818088532
55,HUNTINGTON RD,3798,,C16,CENTRAL,,C,0,No,0,27.27,992.369942295931
56,ENGLISH STATION WAY,34346,,E23,EAST,,E,0,No,0,28.47,438.108956862787
57,ENGLISH STATION WAY,35141,,E23,EAST,,E,0,No,0,28.47,2520.09136811499
58,N JANE ST,31267,,E18,EAST,,E,0,No,0,18.44,733.422698172274
59,S 29TH ST,15337,,S03,SWMS,,S,0,No,0,25.44,281.302725248129
60,SUMMERFIELD DR,5271,,C20,CENTRAL,,C,0,No,0,35.53,785.461709234257
61,HUNTINGTON RD,3834,,C16,CENTRAL,,C,0,No,0,27.27,366.71244398438
62,ENGLISH STATION WAY,30793,,E23,EAST,,E,0,No,0,28.47,335.675339852264
63,ENGLISH STATION WAY,34347,,E23,EAST,,E,0,No,0,28.47,829.516450524288
64,N CLIFTON AVE,37556,,E18,EAST,,E,0,No,0,18.44,112.65076777923
65,N CLIFTON AVE,15543,,E18,EAST,,E,0,No,0,18.44,727.471795670935
66,BAYSWATER WAY,21250,,V02,VACANT LOT,,V,0,No,0,22.24,349.347648365349
67,BRIAR HILL RD,3699,,E09,EAST,,E,0,No,0,28.91,318.096896677424
68,LYNNBROOK DR,4078,,E12,EAST,,E,0,No,0,24.29,315.186080950603
69,HUNTINGTON RD,3722,,C16,CENTRAL,,C,0,No,0,27.27,354.374868557196
70,N PETERSON AVE,20737,,E18,EAST,,E,0,No,0,18.44,447.089776983395
71,JARVIS LN,14665,,E18,EAST,,E,0,No,0,18.44,1013.80853978786
72,N JANE ST,31268,,E18,EAST,,E,0,No,0,18.44,428.716871897993
73,BICKEL RD,30878,,V08,VACANT LOT,,V,0,No,0,14.33,459.083297522089
74,CIRCLE HILL RD,3856,,C16,CENTRAL,,C,0,No,0,27.27,544.629063693519
75,JARVIS LN,14466,,E18,EAST,,E,0,No,0,18.44,370.066474686835
76,W MANSLICK RD,40796,,W11,WEST,,W,0,Yes,0,17.88,626.088324618918
77,W MANSLICK RD,40830,,W11,WEST,,W,0,Yes,0,17.88,165.338025988412
78,TERRA CROSSING BLVD,38406,,E07,EAST,,E,0,No,0,28.75,940.347252664331
79,TERRA CROSSING BLVD,40650,,E07,EAST,,E,0,No,0,28.75,302.861448894643
80,BUSH FARM RD,39788,,E07,EAST,,E,0,No,0,28.75,97.6898351485822
81,ROSE ISLAND RD,40498,,E10,EAST,,E,0,Yes,0,23.55,5414.99082187363
82,ROUTT RD,40772,,C24,CENTRAL,,C,0,Yes,0,28.66,2401.14713086596
83,OLD HENRY TRL,39662,,E07,EAST,,E,0,No,0,28.75,501.095432566555
84,S 27TH ST,15454,,S03,SWMS,,S,0,No,0,25.44,218.948645127402
85,S 29TH ST,15403,,S03,SWMS,,S,0,No,0,25.44,220.148704271435
86,TERRA CROSSING BLVD,38210,,E07,EAST,,E,0,No,0,28.75,314.625526214858
87,TERRA CROSSING BLVD,594,,E07,EAST,,E,0,No,0,28.75,1583.93361349136
88,TERRA CROSSING BLVD,38402,,E07,EAST,,E,0,No,0,28.75,405.412594899297
89,TERRA CROSSING BLVD,39790,,E07,EAST,,E,0,No,0,28.75,1385.35453373068
90,TERRA CROSSING BLVD,40116,,E07,EAST,,E,0,No,0,28.75,574.507722150777
91,TERRA CROSSING BLVD,38211,,E07,EAST,,E,0,No,0,28.75,95.0004770885146
92,TERRA CROSSING BLVD,39789,,E07,EAST,,E,0,No,0,28.75,165.750071781295
93,OLD HENRY TRL,34137,,E07,EAST,,E,0,No,0,28.75,1546.61040741207
94,STONESTREET RD,41415,,W17,WEST,,W,0,No,0,24.36,254.783063161006
95,S HURSTBOURNE PKY,3958,,C01,CENTRAL,1,C,0.13829406730967,Yes,0.13829407,17.3,479.128294506047
96,S HURSTBOURNE PKY,3818,,C01,CENTRAL,1,C,0.096753380985728818,Yes,0.09675338,17.3,335.208023565218
97,S HURSTBOURNE PKY,8380,,C01,CENTRAL,1,C,0.13144225454317476,Yes,0.13144225,17.3,569.2369491287
98,S HURSTBOURNE PKY,4522,,C01,CENTRAL,1,C,0.25606820968264937,Yes,0.25606821,17.3,739.302979652514
99,S HURSTBOURNE PKY,4041,,C01,CENTRAL,1,C,0.209380803100754,Yes,0.2093808,17.3,725.412490414936
100,S HURSTBOURNE PKY,3984,,C01,CENTRAL,1,C,0.11930048018412628,Yes,0.11930048,17.3,413.323515088363
101,S HURSTBOURNE PKY,7518,,C01,CENTRAL,1,C,0.36171784217039876,Yes,0.36171784,17.3,1566.49127380674
102,S HURSTBOURNE PKY,4457,,C01,CENTRAL,1,C,0.126253869313712,Yes,0.12625387,17.3,364.511874599628
103,S HURSTBOURNE PKY,8414,,C01,CENTRAL,1,C,0.271316380797707,Yes,0.27131638,17.3,671.422553532978
104,S HURSTBOURNE PKY,12914,,C01,CENTRAL,1,C,0.1559368725492734,Yes,0.15593687,17.3,675.315853529116
105,S HURSTBOURNE PKY,8425,,C01,CENTRAL,1,C,0.244800145107243,Yes,0.24480015,17.3,605.803649617075
106,S HURSTBOURNE PKY,8428,,C01,CENTRAL,1,C,0.1898555136116436,Yes,0.18985551,17.3,548.13792472268
107,S HURSTBOURNE PKY,8427,,C01,CENTRAL,1,C,0.1058134697541164,Yes,0.10581347,17.3,261.855129964894
108,S HURSTBOURNE PKY,31439,,C01,CENTRAL,1,C,0.09537496034412908,Yes,0.09537496,17.3,413.064705193227
109,S HURSTBOURNE PKY,8308,,C01,CENTRAL,1,C,0.06218431890201851,Yes,0.06218432,17.3,538.603228238545
110,S HURSTBOURNE PKY,8311,,C01,CENTRAL,1,C,0.745558730854539,Yes,0.74555873,17.3,3228.79138545376
111,S HURSTBOURNE PKY,8378,,C01,CENTRAL,1,C,0.08984509314710115,Yes,0.08984509,17.3,778.184292852326
112,S HURSTBOURNE PKY,3916,,C01,CENTRAL,1,C,0.14299715565898868,Yes,0.14299716,17.3,495.422169961744
113,S HURSTBOURNE PKY,3876,,C01,CENTRAL,1,C,0.1533464354664215,Yes,0.15334644,17.3,531.277841182229
114,S HURSTBOURNE PKY,4539,,C01,CENTRAL,1,C,0.08435407422676255,Yes,0.08435407,17.3,243.541491234607
115,S HURSTBOURNE PKY,31292,,C01,CENTRAL,1,C,0.16989093778842,Yes,0.16989094,17.3,735.74667995113
116,S HURSTBOURNE PKY,4594,,C01,CENTRAL,1,C,0.311277216483606,Yes,0.31127722,17.3,898.699078721197
117,S HURSTBOURNE PKY,8402,,C01,CENTRAL,1,C,0.5433359623414201,Yes,0.54333596,17.3,1882.42003979031
118,S HURSTBOURNE PKY,4631,,C01,CENTRAL,1,C,0.104226364756701,Yes,0.10422636,17.3,300.915283811654
119,S HURSTBOURNE PKY,4618,,C01,CENTRAL,1,C,0.1233738624437522,Yes,0.12337386,17.3,356.196682039903
120,S HURSTBOURNE PKY,4650,,C01,CENTRAL,1,C,0.10363254057593656,Yes,0.10363254,17.3,299.200921553937
121,S HURSTBOURNE PKY,29971,,C01,CENTRAL,1,C,0.1161904900038977,Yes,0.11619049,17.3,1006.37230020145
122,S HURSTBOURNE PKY,8300,,C01,CENTRAL,1,C,0.079671076447164577,Yes,0.07967108,17.3,690.062956151919
123,S HURSTBOURNE PKY,4721,,C01,CENTRAL,1,C,0.3226069787164982,Yes,0.32260698,17.3,1397.21209738624
124,S HURSTBOURNE PKY,31294,,C01,CENTRAL,1,C,0.253594018019056,Yes,0.25359402,17.3,1098.36598151315
125,S HURSTBOURNE PKY,31839,,C02,CENTRAL,1,C,0.06172103359792678,Yes,0.06172103,17.82,267.29502528423
126,S HURSTBOURNE PKY,9699,,C02,CENTRAL,1,C,0.5377807416599802,Yes,0.53778074,17.82,4657.93417514847
127,S HURSTBOURNE PKY,9687,,C02,CENTRAL,1,C,0.0862052929010361,Yes,0.08620529,17.82,746.658814123937
128,S HURSTBOURNE PKY,41560,,C02,CENTRAL,1,C,0.1683702964295666,Yes,0.1683703,17.82,1458.32249765251
129,S HURSTBOURNE PKY,31721,,C02,CENTRAL,1,C,0.672962662617183,Yes,0.67296266,17.82,2914.39916962704
130,S HURSTBOURNE PKY,9874,,C02,CENTRAL,1,C,0.11519713404629,Yes,0.11519713,17.82,498.904282940384
131,S HURSTBOURNE PKY,9951,,C02,CENTRAL,1,C,0.094914096237798048,Yes,0.0949141,17.82,411.044439273021
132,S HURSTBOURNE PKY,31719,,C02,CENTRAL,1,C,0.1757740174270354,Yes,0.17577402,17.82,1522.44930904638
133,S HURSTBOURNE PKY,13923,,C02,CENTRAL,1,C,0.1522990260787242,Yes,0.15229903,17.82,527.648882173623
134,S HURSTBOURNE PKY,10027,,C02,CENTRAL,1,C,0.21920328897696,Yes,0.21920329,17.82,949.303654223864
135,S HURSTBOURNE PKY,31838,,C02,CENTRAL,1,C,0.150090559866103,Yes,0.15009056,17.82,649.997372310479
136,S HURSTBOURNE PKY,31707,,C02,CENTRAL,1,C,0.1081320884321295,Yes,0.10813209,17.82,312.191599859475
137,S HURSTBOURNE PKY,13924,,C02,CENTRAL,1,C,0.06983577987735201,Yes,0.06983578,17.82,302.4379476184
138,S HURSTBOURNE PKY,13539,,C02,CENTRAL,1,C,0.1216532385775842,Yes,0.12165324,17.82,351.229151052181
139,S HURSTBOURNE PKY,31706,,C02,CENTRAL,1,C,0.09588372937977936,Yes,0.09588373,17.82,276.829077562617
140,S HURSTBOURNE PKY,13926,,C02,CENTRAL,1,C,0.2107005215582145,Yes,0.21070052,17.82,912.480699859576
141,FERN VALLEY RD,31701,,C02,CENTRAL,1,C,0.4405974934712238,Yes,0.44059749,17.82,1908.09563562129
142,S HURSTBOURNE PKY,34042,,C02,CENTRAL,1,C,0.5521931991349669,Yes,0.5521932,17.82,2392.91866050373
143,S HURSTBOURNE PKY,33447,,C02,CENTRAL,1,C,0.56588236051688035,Yes,0.56588236,17.82,2450.66683676915
144,BARDSTOWN RD,31785,,C03,CENTRAL,1,C,0.2662742206628536,Yes,0.26627422,27.63,1153.15360972382
145,BARDSTOWN RD,12620,,C03,CENTRAL,1,C,0.3804706968471556,Yes,0.3804707,27.63,1647.70426194474
146,BARDSTOWN RD,31786,,C03,CENTRAL,1,C,0.566749349614085,Yes,0.56674935,27.63,2454.42164908307
147,BARDSTOWN RD,13750,,C03,CENTRAL,1,C,0.2935971613875538,Yes,0.29359716,27.63,1271.48116397229
148,BARDSTOWN RD,11584,,C03,CENTRAL,1,C,0.08403647759142195,Yes,0.08403648,27.63,363.936825327667
149,BARDSTOWN RD,11523,,C03,CENTRAL,1,C,0.11349069282960447,Yes,0.11349069,27.63,491.494003316946
150,BARDSTOWN RD,13581,,C03,CENTRAL,1,C,0.129799369552787,Yes,0.12979937,27.63,1124.24420124073
151,BARDSTOWN RD,31376,,C03,CENTRAL,1,C,0.3214869341389684,Yes,0.32148693,27.63,1392.26332260974
152,BARDSTOWN RD,13173,,C03,CENTRAL,1,C,0.2781493402751024,Yes,0.27814934,27.63,1204.58147888899
153,BARDSTOWN RD,11495,,C03,CENTRAL,1,C,0.1446347033883842,Yes,0.1446347,27.63,626.369503747588
154,BARDSTOWN RD,11569,,C03,CENTRAL,1,C,0.07198710471971373,Yes,0.0719871,27.63,311.754524889475
155,BARDSTOWN RD,11548,,C03,CENTRAL,1,C,0.09765876744089673,Yes,0.09765877,27.63,422.930791702358
156,BARDSTOWN RD,12680,,C03,CENTRAL,1,C,0.38135551957672076,Yes,0.38135552,27.63,1651.53649376877
157,BARDSTOWN RD,11423,,C03,CENTRAL,1,C,0.167272857816323,Yes,0.16727286,27.63,724.408624159217
158,BARDSTOWN RD,31377,,C03,CENTRAL,1,C,0.091083470548492265,Yes,0.09108347,27.63,788.91038199286
159,BARDSTOWN RD,13746,,C03,CENTRAL,1,C,0.481406643323207,Yes,0.48140664,27.63,2084.82760643832
160,BARDSTOWN RD,12503,,C03,CENTRAL,1,C,0.1058156457082435,Yes,0.10581565,27.63,916.51173934237
161,BARDSTOWN RD,13783,,C03,CENTRAL,1,C,0.27434501882718565,Yes,0.27434502,27.63,1188.10599611446
162,BARDSTOWN RD,13367,,C03,CENTRAL,1,C,0.4605966070929663,Yes,0.46059661,27.63,1994.7056243876
163,BARDSTOWN RD,12199,,C03,CENTRAL,1,C,0.349969966331323,Yes,0.34996997,27.63,1515.61485257083
164,BARDSTOWN RD,12117,,C03,CENTRAL,1,C,0.2417845243496207,Yes,0.24178452,27.63,1047.09656572431
165,BARDSTOWN RD,13666,,C03,CENTRAL,1,C,0.05266191486262837,Yes,0.05266191,27.63,456.125776612795
166,BARDSTOWN RD,12008,,C03,CENTRAL,1,C,0.110180488494723,Yes,0.11018049,27.63,954.317186785098
167,BARDSTOWN RD,11767,,C03,CENTRAL,1,C,0.2760845214553561,Yes,0.27608452,27.63,1195.63938498534
168,BARDSTOWN RD,31102,,C03,CENTRAL,1,C,0.12015076029428687,Yes,0.12015076,27.63,1040.87644114614
169,BARDSTOWN RD,39462,,C03,CENTRAL,1,C,0.093979337701590226,Yes,0.09397934,27.63,325.596867354786
170,BARDSTOWN RD,11620,,C03,CENTRAL,1,C,0.1319610041047048,Yes,0.131961,27.63,571.483643996845
171,BARDSTOWN RD,13368,,C03,CENTRAL,1,C,0.138462861858956,Yes,0.13846286,27.63,599.641129220578
172,OLD BARDSTOWN RD,13782,,C03,CENTRAL,2,C,0,No,0,27.63,224.942214781097
173,OLD BARDSTOWN RD,13050,,C03,CENTRAL,2,C,0,No,0,27.63,600.09770101678
174,OLD BARDSTOWN RD,33870,,C03,CENTRAL,2,C,0,No,0,27.63,456.65684131923
175,OLD BARDSTOWN RD,13049,,C03,CENTRAL,2,C,0,No,0,27.63,954.026484165169
176,OLD BARDSTOWN RD,36444,,C03,CENTRAL,2,C,0,No,0,27.63,1492.75504989712
177,OLD BARDSTOWN RD,13772,,C03,CENTRAL,2,C,0,No,0,27.63,333.008466486308
178,OLD BARDSTOWN RD,13773,,C03,CENTRAL,2,C,0,No,0,27.63,640.348022806218
179,OLD BARDSTOWN RD,33232,,C03,CENTRAL,2,C,0,No,0,27.63,555.168789930144
180,OLD BARDSTOWN RD,13785,,C03,CENTRAL,2,C,0,No,0,27.63,2326.27797386771
181,OLD BARDSTOWN RD,41048,,C03,CENTRAL,2,C,0,No,0,27.63,2079.59829570846
182,OLD BARDSTOWN RD,13771,,C03,CENTRAL,2,C,0,No,0,27.63,1070.17606573028
183,OLD BARDSTOWN RD,13052,,C03,CENTRAL,2,C,0,No,0,27.63,577.593760092629
184,VISTA HILLS BLVD,32339,,C03,CENTRAL,3,C,0,No,0,27.63,465.481563031347
185,VISTA HILLS BLVD,39412,,C03,CENTRAL,3,C,0,No,0,27.63,1042.06773531835
186,VISTA HILLS BLVD,31790,,C03,CENTRAL,3,C,0,No,0,27.63,942.144434433366
187,PRESTON HWY,24308,,C04,CENTRAL,1,C,0.1303596894816513,Yes,0.13035969,26.13,564.548497226157
188,PRESTON HWY,24476,,C04,CENTRAL,1,C,0.04774133059395774,Yes,0.04774133,26.13,206.753366980595
189,PRESTON HWY,24402,,C04,CENTRAL,1,C,0.03992293706461838,Yes,0.03992294,26.13,172.894230785942
190,PRESTON HWY,25930,,C04,CENTRAL,1,C,0.10571542195483047,Yes,0.10571542,26.13,457.821707252125
191,JEFFERSON BLVD,24550,,C04,CENTRAL,1,C,0,No,0,26.13,775.228088256969
192,PRESTON HWY,24183,,C04,CENTRAL,1,C,0.07586971414644124,Yes,0.07586971,26.13,328.569009617843
193,PRESTON HWY,24370,,C04,CENTRAL,1,C,0.067653143152400286,Yes,0.06765314,26.13,292.985578849988
194,PRESTON HWY,24248,,C04,CENTRAL,1,C,0.276928193652047,Yes,0.27692819,26.13,1199.29294820232
195,JEFFERSON BLVD,31017,,C04,CENTRAL,1,C,0,No,0,26.13,1336.05718921933
196,PRESTON HWY,24169,,C04,CENTRAL,1,C,0.077231727942852588,Yes,0.07723173,26.13,334.467390434497
197,PRESTON HWY,24028,,C04,CENTRAL,1,C,0.224800820545803,Yes,0.22480082,26.13,973.545012087751
198,PRESTON HWY,25928,,C04,CENTRAL,1,C,0.1077551554382225,Yes,0.10775516,26.13,466.655198301232
199,PRESTON HWY,24357,,C04,CENTRAL,1,C,0.1524805314115214,Yes,0.15248053,26.13,660.347448390098
200,PRESTON HWY,24069,,C04,CENTRAL,1,C,0.098153337510135,Yes,0.09815334,26.13,425.072710405232
201,PRESTON HWY,24271,,C04,CENTRAL,1,C,0.08778621868109547,Yes,0.08778622,26.13,380.176001504977
202,PRESTON HWY,24154,,C04,CENTRAL,1,C,0.14260716498437187,Yes,0.14260716,26.13,617.588837921315
203,JEFFERSON BLVD,36201,,C04,CENTRAL,1,C,0,No,0,26.13,307.698096674633
204,JEFFERSON BLVD,33796,,C04,CENTRAL,1,C,0,No,0,26.13,1440.73597225511
205,JEFFERSON BLVD,37265,,C04,CENTRAL,1,C,0,No,0,26.13,3924.67758614113
206,PRESTON HWY,24527,,C04,CENTRAL,1,C,0.14642238597367666,Yes,0.14642239,26.13,634.111449493009
207,PRESTON HWY,24387,,C04,CENTRAL,1,C,0.0667961168374352,Yes,0.06679612,26.13,289.273984596027
208,PRESTON HWY,23915,,C04,CENTRAL,1,C,0.091027400324343255,Yes,0.0910274,26.13,394.212202005171
209,JEFFERSON BLVD,32645,,C04,CENTRAL,1,C,0,No,0,26.13,585.425135075464
210,PRESTON HWY,40942,,C04,CENTRAL,1,C,0.2594226322418832,Yes,0.25942263,26.13,1123.499585256
211,PRESTON HWY,23854,,C04,CENTRAL,1,C,0.114348008427767,Yes,0.11434801,26.13,495.29747906008
212,PRESTON HWY,23863,,C04,CENTRAL,1,C,0.03183107659574618,Yes,0.03183108,26.13,137.851186681422
213,PRESTON HWY,23719,,C04,CENTRAL,1,C,0.253270523578735,Yes,0.25327052,26.13,1096.83846517378
214,PRESTON HWY,22335,,C04,CENTRAL,1,C,0.2079078656902051,Yes,0.20790787,26.13,720.309303816119
215,JEFFERSON BLVD,33334,,C04,CENTRAL,1,C,0,No,0,26.13,566.812630897824
216,PRESTON HWY,22330,,C04,CENTRAL,1,C,0.124556467012492,Yes,0.12455647,26.13,539.416456257361
217,JEFFERSON BLVD,31018,,C04,CENTRAL,1,C,0,No,0,26.13,646.346910263061
218,PRESTON HWY,23523,,C04,CENTRAL,1,C,0.02023075716182864,Yes,0.02023076,26.13,87.6132754268564
219,PRESTON HWY,23629,,C04,CENTRAL,1,C,0.050190364302043558,Yes,0.05019036,26.13,434.718977201436
220,PRESTON HWY,23539,,C04,CENTRAL,1,C,0.063175329978984146,Yes,0.06317533,26.13,273.59345177311
221,PRESTON HWY,23584,,C04,CENTRAL,1,C,0.069883067498241136,Yes,0.06988307,26.13,302.642819926601
222,PRESTON HWY,23557,,C04,CENTRAL,1,C,0.05125557874785422,Yes,0.05125558,26.13,221.972462741722
223,PRESTON HWY,23600,,C04,CENTRAL,1,C,0.0558442616931113,Yes,0.05584426,26.13,241.844457535468
224,PRESTON HWY,23374,,C04,CENTRAL,1,C,0.1410263273818692,Yes,0.14102633,26.13,1221.48536325464
225,MINOR LN,25936,,C04,CENTRAL,2,C,0,No,0,26.13,680.173431991263
226,MCCAWLEY RD,24380,,C04,CENTRAL,2,C,0,No,0,26.13,1548.1427564009
227,MCCAWLEY RD,37287,,C04,CENTRAL,2,C,0,No,0,26.13,2043.29314700961
228,MINOR LN,40118,,C04,CENTRAL,2,C,0,No,0,26.13,363.593994954784
229,MINOR LN,25940,,C04,CENTRAL,2,C,0,No,0,26.13,683.017564346332
230,MINOR LN,24583,,C04,CENTRAL,2,C,0,No,0,26.13,432.425729232421
231,MINOR LN,24352,,C04,CENTRAL,2,C,0,No,0,26.13,978.915778198641
232,MINOR LN,24350,,C04,CENTRAL,2,C,0,No,0,26.13,221.947195652057
233,MINOR LN,24415,,C04,CENTRAL,2,C,0,No,0,26.13,1114.5779444418
234,MINOR LN,24358,,C04,CENTRAL,2,C,0,No,0,26.13,1365.4729518105
235,MCCAWLEY RD,24361,,C04,CENTRAL,2,C,0,No,0,26.13,888.033164668025
236,MINOR LN,24347,,C04,CENTRAL,2,C,0,No,0,26.13,419.32011572382
237,MINOR LN,24598,,C04,CENTRAL,2,C,0,No,0,26.13,257.743379335883
238,MINOR LN,24423,,C04,CENTRAL,2,C,0,No,0,26.13,105.198194643492
239,MINOR LN,25938,,C04,CENTRAL,2,C,0,No,0,26.13,654.619133764631
240,BRIARCLIFF RD,26197,,C04,CENTRAL,2,C,0,No,0,26.13,199.026319848962
241,MINYARD DR,24481,,C04,CENTRAL,3,C,0,No,0,26.13,808.082078311291
242,FOREMAN LN,24841,,C04,CENTRAL,3,C,0,No,0,26.13,746.580708644498
243,BOST LN,24843,,C04,CENTRAL,3,C,0,No,0,26.13,362.762364587811
244,CLAY AVE,24419,,C04,CENTRAL,3,C,0,No,0,26.13,733.529540520892
245,FOREMAN LN,24784,,C04,CENTRAL,3,C,0,No,0,26.13,363.644598115899
246,BRIARCLIFF RD,26200,,C04,CENTRAL,3,C,0,No,0,26.13,385.893267831466
247,BRIARCLIFF RD,26201,,C04,CENTRAL,3,C,0,No,0,26.13,335.720922102263
248,FOREMAN LN,24811,,C04,CENTRAL,3,C,0,No,0,26.13,533.757551825652
249,BRIARCLIFF RD,26202,,C04,CENTRAL,3,C,0,No,0,26.13,489.485135824496
250,MINYARD DR,24534,,C04,CENTRAL,3,C,0,No,0,26.13,219.591382488536
251,FOREMAN LN,24847,,C04,CENTRAL,3,C,0,No,0,26.13,366.068938128257
252,CLAY AVE,24416,,C04,CENTRAL,3,C,0,No,0,26.13,424.628974208486
253,MINYARD DR,24582,,C04,CENTRAL,3,C,0,No,0,26.13,464.897029290292
254,BRIARCLIFF RD,26199,,C04,CENTRAL,3,C,0,No,0,26.13,331.997132531314
255,MINYARD DR,24512,,C04,CENTRAL,3,C,0,No,0,26.13,425.933974203404
256,FOREMAN LN,24819,,C04,CENTRAL,3,C,0,No,0,26.13,360.167101394252
257,BRIARCLIFF RD,26198,,C04,CENTRAL,3,C,0,No,0,26.13,146.998125698391
258,PRESTON HWY,25128,,C05,CENTRAL,1,C,0.1811472193675172,Yes,0.18114722,21.21,784.49432921116
259,PRESTON HWY,25386,,C05,CENTRAL,1,C,0.12512858315971728,Yes,0.12512858,21.21,541.894646081286
260,PRESTON HWY,24888,,C05,CENTRAL,1,C,0.1359094596579132,Yes,0.13590946,21.21,588.583010545452
261,PRESTON HWY,30161,,C05,CENTRAL,1,C,0.25756920906181335,Yes,0.25756921,21.21,1115.45502458792
262,PRESTON HWY,14057,,C05,CENTRAL,1,C,0.15199705998186538,Yes,0.15199706,21.21,1316.50759318079
263,PRESTON HWY,24826,,C05,CENTRAL,1,C,0.19520054075327328,Yes,0.19520054,21.21,845.354992132934
264,PRESTON HWY,14048,,C05,CENTRAL,1,C,0.22948454818558975,Yes,0.22948455,21.21,1987.65727836513
265,PRESTON HWY,14035,,C05,CENTRAL,1,C,0.17399616272084656,Yes,0.17399616,21.21,1507.05054099904
266,PRESTON HWY,24590,,C05,CENTRAL,1,C,0.1581902571527688,Yes,0.15819026,21.21,685.07448898482
267,PRESTON HWY,26564,,C05,CENTRAL,1,C,0.2465434169819968,Yes,0.24654342,21.21,854.16433786726
268,PRESTON HWY,25011,,C05,CENTRAL,1,C,0.042374079039426117,Yes,0.04237408,21.21,367.018936371942
269,PRESTON HWY,14058,,C05,CENTRAL,1,C,0.32248518817409,Yes,0.32248519,21.21,1396.58648057517
270,PRESTON HWY,24973,,C05,CENTRAL,1,C,0.28073588518721326,Yes,0.28073589,21.21,1215.78282214663
271,PRESTON HWY,25058,,C05,CENTRAL,1,C,0.1489130255265624,Yes,0.14891303,21.21,644.897572198745
272,PRESTON HWY,25142,,C05,CENTRAL,1,C,0.053784608313712456,Yes,0.05378461,21.21,232.925068091817
273,PRESTON HWY,33805,,C05,CENTRAL,1,C,0.1604879369046587,Yes,0.16048794,21.21,695.025029933275
274,PRESTON HWY,14054,,C05,CENTRAL,1,C,0.15055499246151968,Yes,0.15055499,21.21,1304.01690704698
275,PRESTON HWY,24676,,C05,CENTRAL,1,C,0.06099864439592014,Yes,0.06099864,21.21,264.167054347601
276,PRESTON HWY,24654,,C05,CENTRAL,1,C,0.2075313712782796,Yes,0.20753137,21.21,898.756139578913
277,PRESTON HWY,25361,,C05,CENTRAL,1,C,0.14684336308769147,Yes,0.14684336,21.21,635.934392329636
278,PRESTON HWY,25310,,C05,CENTRAL,1,C,0.11579839856812885,Yes,0.1157984,21.21,501.488006746325
279,PRESTON HWY,25283,,C05,CENTRAL,1,C,0.35481918803534318,Yes,0.35481919,21.21,1536.6157324987
280,PRESTON HWY,25330,,C05,CENTRAL,1,C,0.06623233142357558,Yes,0.06623233,21.21,286.832370074182
281,PRESTON HWY,25208,,C05,CENTRAL,1,C,0.14239200107723346,Yes,0.142392,21.21,616.657013696127
282,PRESTON HWY,25153,,C05,CENTRAL,1,C,0.019524462743022355,Yes,0.01952446,21.21,84.5544388249369
283,MUD LN,40074,,C05,CENTRAL,2,C,0,No,0,21.21,1311.25995657654
284,MUD LN,26320,,C05,CENTRAL,2,C,0,No,0,21.21,2314.27366916071
285,MUD LN,30826,,C05,CENTRAL,2,C,0,No,0,21.21,613.604556817749
286,MUD LN,14046,,C05,CENTRAL,2,C,0,No,0,21.21,420.812817433155
287,MUD LN,35279,,C05,CENTRAL,2,C,0,No,0,21.21,272.501217341292
288,MUD LN,30924,,C05,CENTRAL,2,C,0,No,0,21.21,684.903539581666
289,MUD LN,26323,,C05,CENTRAL,2,C,0,No,0,21.21,1122.38117876122
290,MUD LN,14049,,C05,CENTRAL,2,C,0,No,0,21.21,1860.14861377605
291,MUD LN,32914,,C05,CENTRAL,2,C,0,No,0,21.21,1552.90127345643
292,MUD LN,26322,,C05,CENTRAL,2,C,0,No,0,21.21,668.3907885021
293,BROOKLEY DR,26443,,C05,CENTRAL,3,C,0,No,0,21.21,355.540988623712
294,BROOKLEY DR,26444,,C05,CENTRAL,3,C,0,No,0,21.21,361.00976116855
295,ANTLE DR,32918,,C05,CENTRAL,3,C,0,No,0,21.21,151.15546989249
296,ARROYO TRL,25615,,C05,CENTRAL,3,C,0,No,0,21.21,448.441131547231
297,ARROYO TRL,25622,,C05,CENTRAL,3,C,0,No,0,21.21,599.148305657962
298,ARROYO TRL,25612,,C05,CENTRAL,3,C,0,No,0,21.21,378.238225059084
299,ARROYO TRL,25613,,C05,CENTRAL,3,C,0,No,0,21.21,408.12509883955
300,BROOKLEY DR,26445,,C05,CENTRAL,3,C,0,No,0,21.21,299.677139823867
301,ANTLE DR,30541,,C05,CENTRAL,3,C,0,No,0,21.21,658.024427747442
302,BROOKLEY DR,26446,,C05,CENTRAL,3,C,0,No,0,21.21,127.737841708738
303,BROOKLEY DR,40489,,C05,CENTRAL,3,C,0,No,0,21.21,642.812671213752
304,TAYLORSVILLE RD,9631,,C06,CENTRAL,1,C,0.224476583672501,Yes,0.22447658,42.38,972.140638060605
305,TAYLORSVILLE RD,9629,,C06,CENTRAL,1,C,0.1697750929335693,Yes,0.16977509,42.38,1470.48997089194
306,TAYLORSVILLE RD,30075,,C06,CENTRAL,1,C,0.148961445918441,Yes,0.14896145,42.38,1290.21450766388
307,TAYLORSVILLE RD,9632,,C06,CENTRAL,1,C,0.11637259755439,Yes,0.1163726,42.38,503.974808553265
308,TAYLORSVILLE RD,9627,,C06,CENTRAL,1,C,0.18084353380323467,Yes,0.18084353,42.38,1566.35816742786
309,TAYLORSVILLE RD,13880,,C06,CENTRAL,1,C,0.05802713712807753,Yes,0.05802714,42.38,502.59623618425
310,TAYLORSVILLE RD,13879,,C06,CENTRAL,1,C,0.04452574095352769,Yes,0.04452574,42.38,385.654972347046
311,TAYLORSVILLE RD,9628,,C06,CENTRAL,1,C,0.14569529129394868,Yes,0.14569529,42.38,1261.92528930036
312,TAYLORSVILLE RD,32898,,C06,CENTRAL,1,C,0.0542658898187663,Yes,0.05426589,42.38,470.01880389232
313,TAYLORSVILLE RD,13885,,C06,CENTRAL,1,C,0.04811139028902031,Yes,0.04811139,42.38,416.712103358404
314,TAYLORSVILLE RD,30820,,C06,CENTRAL,1,C,0.07753343457627598,Yes,0.07753343,42.38,447.698747343185
315,TAYLORSVILLE RD,30821,,C06,CENTRAL,1,C,0.08382991704539,Yes,0.08382992,42.38,484.056179958437
316,TAYLORSVILLE RD,13887,,C06,CENTRAL,1,C,0.075711719632332947,Yes,0.07571172,42.38,655.769786390762
317,WATTERSON TRL,13948,,C06,CENTRAL,1,C,0,No,0,42.38,342.70812360903
318,TAYLORSVILLE RD,9630,,C06,CENTRAL,1,C,0.0327060144672771,Yes,0.03270601,42.38,283.279773922566
319,TAYLORSVILLE RD,40157,,C06,CENTRAL,1,C,0.04451051823472686,Yes,0.04451052,42.38,385.523294575492
320,TAYLORSVILLE RD,13888,,C06,CENTRAL,1,C,0.021457408321048577,Yes,0.02145741,42.38,185.850928418967
321,TAYLORSVILLE RD,36599,,C06,CENTRAL,1,C,0.2520923900602768,Yes,0.25209239,42.38,2184.58321074224
322,TAYLORSVILLE RD,32582,,C06,CENTRAL,1,C,0.248561236531993,Yes,0.24856124,42.38,2152.88847648169
323,TAYLORSVILLE RD,9634,,C06,CENTRAL,1,C,0.14654651828388146,Yes,0.14654652,42.38,634.649232138243
324,TAYLORSVILLE RD,13886,,C06,CENTRAL,1,C,0.023994888854297125,Yes,0.02399489,42.38,207.829088274018
325,TAYLORSVILLE RD,35713,,C06,CENTRAL,1,C,0.1061676877898393,Yes,0.10616769,42.38,613.040598444039
326,TAYLORSVILLE RD,9637,,C06,CENTRAL,1,C,0.123988743179698,Yes,0.12398874,42.38,715.944028985943
327,TAYLORSVILLE RD,13881,,C06,CENTRAL,1,C,0.027098902804388387,Yes,0.0270989,42.38,234.714558082796
328,TAYLORSVILLE RD,9626,,C06,CENTRAL,1,C,0.1003147383474118,Yes,0.10031474,42.38,868.866155701481
329,TAYLORSVILLE RD,9635,,C06,CENTRAL,1,C,0.223066477128234,Yes,0.22306648,42.38,966.033927381045
330,TAYLORSVILLE RD,9633,,C06,CENTRAL,1,C,0.19023783882089218,Yes,0.19023784,42.38,823.862995794391
331,TAYLORSVILLE RD,13877,,C06,CENTRAL,1,C,0.04174906285298545,Yes,0.04174906,42.38,361.605362923296
332,TAYLORSVILLE RD,13878,,C06,CENTRAL,1,C,0.0406082288142103,Yes,0.04060823,42.38,351.724253659045
333,TAYLORSVILLE RD,13876,,C06,CENTRAL,1,C,0.043984751353904165,Yes,0.04398475,42.38,380.969423644061
334,TAYLORSVILLE RD,13884,,C06,CENTRAL,1,C,0.10539574308351646,Yes,0.10539574,42.38,456.554677257349
335,TAYLORSVILLE RD,39668,,C06,CENTRAL,1,C,0.06462977161115972,Yes,0.06462977,42.38,559.784327548778
336,TAYLORSVILLE RD,13882,,C06,CENTRAL,1,C,0.209133322037957,Yes,0.20913332,42.38,1811.38746270459
337,TAYLORSVILLE RD,13889,,C06,CENTRAL,1,C,0.09900719707595283,Yes,0.0990072,42.38,857.540914346797
338,TAYLORSVILLE RD,13883,,C06,CENTRAL,1,C,0.1298170275492078,Yes,0.12981703,42.38,1124.42664792099
339,WATTERSON TRL,13947,,C06,CENTRAL,1,C,0,No,0,42.38,447.303050754254
340,TAYLORSVILLE RD,9711,,C06,CENTRAL,1,C,0.0282734568233927,Yes,0.02827346,42.38,244.887633636083
341,WATTERSON TRL,13965,,C06,CENTRAL,2,C,0,No,0,42.38,580.24770912143
342,WATTERSON TRL,13958,,C06,CENTRAL,2,C,0,No,0,42.38,237.159609924983
343,TAYLORSVILLE LAKE RD,9551,,C06,CENTRAL,2,C,0.03069939297377851,Yes,0.03069939,42.38,265.899851869593
344,WATTERSON TRL,13952,,C06,CENTRAL,2,C,0,No,0,42.38,319.228812031115
345,WATTERSON TRL,13969,,C06,CENTRAL,2,C,0,No,0,42.38,968.317062141845
346,WATTERSON TRL,13950,,C06,CENTRAL,2,C,0,No,0,42.38,147.552459335812
347,WATTERSON TRL,13962,,C06,CENTRAL,2,C,0,No,0,42.38,586.437379101369
348,WATTERSON TRL,13955,,C06,CENTRAL,2,C,0,No,0,42.38,328.44734306322
349,TAYLORSVILLE LAKE RD,9550,,C06,CENTRAL,2,C,0.1525060467312878,Yes,0.15250605,42.38,1320.91602971362
350,WATTERSON TRL,13961,,C06,CENTRAL,2,C,0,No,0,42.38,317.759961017013
351,WATTERSON TRL,30466,,C06,CENTRAL,2,C,0,No,0,42.38,553.18803447524
352,WATTERSON TRL,13960,,C06,CENTRAL,2,C,0,No,0,42.38,629.140360403508
353,WATTERSON TRL,13963,,C06,CENTRAL,2,C,0,No,0,42.38,1033.36648046283
354,WATTERSON TRL,13951,,C06,CENTRAL,2,C,0,No,0,42.38,604.266338897764
355,TAYLORSVILLE LAKE RD,33462,,C06,CENTRAL,2,C,0.619482827438277,Yes,0.61948283,42.38,5365.58849540856
356,WATTERSON TRL,13949,,C06,CENTRAL,2,C,0,No,0,42.38,310.79593476981
357,TAYLORSVILLE LAKE RD,9549,,C06,CENTRAL,2,C,0.22556364494884026,Yes,0.22556364,42.38,1953.69706591611
358,WATTERSON TRL,13967,,C06,CENTRAL,2,C,0,No,0,42.38,1768.07351922951
359,WATTERSON TRL,35727,,C06,CENTRAL,2,C,0,No,0,42.38,1437.38150206597
360,WATTERSON TRL,31840,,C06,CENTRAL,2,C,0,No,0,42.38,1109.66742890483
361,WATTERSON TRL,13959,,C06,CENTRAL,2,C,0,No,0,42.38,331.135515825795
362,WATTERSON TRL,13954,,C06,CENTRAL,2,C,0,No,0,42.38,970.512991177982
363,WATTERSON TRL,31841,,C06,CENTRAL,2,C,0,No,0,42.38,394.703973839992
364,TAYLORSVILLE LAKE RD,9546,,C06,CENTRAL,2,C,0.1926216274439075,Yes,0.19262163,42.38,1112.93007525571
365,TAYLORSVILLE LAKE RD,9552,,C06,CENTRAL,2,C,0.2636661367248476,Yes,0.26366614,42.38,2283.7176986937
366,WATTERSON TRL,13964,,C06,CENTRAL,2,C,0,No,0,42.38,663.069161481548
367,TAYLORSVILLE LAKE RD,9547,,C06,CENTRAL,2,C,0.9171371128945884,Yes,0.91713711,42.38,5295.7943218436
368,WATTERSON TRL,13956,,C06,CENTRAL,2,C,0,No,0,42.38,403.875160901614
369,WATTERSON TRL,13970,,C06,CENTRAL,2,C,0,No,0,42.38,964.50358384646
370,TAYLORSVILLE LAKE RD,31095,,C06,CENTRAL,2,C,0.21053294925639116,Yes,0.21053295,42.38,1823.51010625596
371,WATTERSON TRL,13968,,C06,CENTRAL,2,C,0,No,0,42.38,139.676159248814
372,WATTERSON TRL,36126,,C06,CENTRAL,2,C,0,No,0,42.38,349.480812207999
373,WATTERSON TRL,13957,,C06,CENTRAL,2,C,0,No,0,42.38,193.434363347688
374,TAYLORSVILLE LAKE RD,9548,,C06,CENTRAL,2,C,0.2507808504891088,Yes,0.25078085,42.38,2172.11309630875
375,WATTERSON TRL,13953,,C06,CENTRAL,2,C,0,No,0,42.38,659.713925722761
376,WATTERSON TRL,34356,,C06,CENTRAL,2,C,0,No,0,42.38,788.03297513056
377,TAYLORSVILLE LAKE RD,9553,,C06,CENTRAL,2,C,0.085331130263157876,Yes,0.08533113,42.38,739.087053307579
378,BARDSTOWN RD,13097,,C07,CENTRAL,1,C,0.116082094043707,Yes,0.11608209,21.4,502.71665983929
379,BARDSTOWN RD,9702,,C07,CENTRAL,1,C,0.3106810940080013,Yes,0.31068109,21.4,1076.37334513867
380,BARDSTOWN RD,13454,,C07,CENTRAL,1,C,0.20070988372722987,Yes,0.20070988,21.4,869.2145003716
381,BARDSTOWN RD,13459,,C07,CENTRAL,1,C,0.08809202278857758,Yes,0.08809202,21.4,381.499892285781
382,BARDSTOWN RD,13486,,C07,CENTRAL,1,C,0.228343316127302,Yes,0.22834332,21.4,988.886212055286
383,BARDSTOWN RD,12903,,C07,CENTRAL,1,C,0.098806706232334215,Yes,0.09880671,21.4,427.901972017248
384,BARDSTOWN RD,9701,,C07,CENTRAL,1,C,0.23872658401231925,Yes,0.23872658,21.4,2067.70657259824
385,BARDSTOWN RD,13547,,C07,CENTRAL,1,C,0.092982651469031577,Yes,0.09298265,21.4,402.680208693063
386,BARDSTOWN RD,13433,,C07,CENTRAL,1,C,0.184189013963658,Yes,0.18418901,21.4,797.667240619724
387,BARDSTOWN RD,13551,,C07,CENTRAL,1,C,0.07103769216294943,Yes,0.07103769,21.4,307.642844636845
388,BARDSTOWN RD,10217,,C07,CENTRAL,1,C,0.055633645540655648,Yes,0.05563365,21.4,240.932501507813
389,BARDSTOWN RD,13093,,C07,CENTRAL,1,C,0.056119589922400216,Yes,0.05611959,21.4,243.037105979339
390,BARDSTOWN RD,13571,,C07,CENTRAL,1,C,0.2463924169542166,Yes,0.24639242,21.4,1067.0517756553
391,BARDSTOWN RD,13549,,C07,CENTRAL,1,C,0.07184327491710056,Yes,0.07184327,21.4,311.13157569638
392,BARDSTOWN RD,13929,,C07,CENTRAL,1,C,0.1281351704849882,Yes,0.12813517,21.4,554.915272774136
393,BARDSTOWN RD,13444,,C07,CENTRAL,1,C,0.073976614211979888,Yes,0.07397661,21.4,320.370238793499
394,BARDSTOWN RD,32394,,C07,CENTRAL,1,C,0.07409539732780407,Yes,0.0740954,21.4,320.884923628899
395,BARDSTOWN RD,13432,,C07,CENTRAL,1,C,0.60611122686175645,Yes,0.60611123,21.4,2624.885903177
396,BARDSTOWN RD,10267,,C07,CENTRAL,1,C,0.12928530696325685,Yes,0.12928531,21.4,559.896136262399
397,BARDSTOWN RD,10289,,C07,CENTRAL,1,C,0.07537493622246584,Yes,0.07537494,21.4,326.426308110364
398,BARDSTOWN RD,13094,,C07,CENTRAL,1,C,0.13052246052120065,Yes,0.13052246,21.4,565.253741132301
399,BARDSTOWN RD,13552,,C07,CENTRAL,1,C,0.048999038671158075,Yes,0.04899904,21.4,212.200294363898
400,BARDSTOWN RD,13558,,C07,CENTRAL,1,C,0.135563734789737,Yes,0.13556373,21.4,587.085668815817
401,BARDSTOWN RD,13621,,C07,CENTRAL,1,C,0.0332287192595995,Yes,0.03322872,21.4,287.807291888356
402,BARDSTOWN RD,13620,,C07,CENTRAL,1,C,0.168138683170148,Yes,0.16813868,21.4,728.158321469943
403,BARDSTOWN RD,10201,,C07,CENTRAL,1,C,0.1422518400360273,Yes,0.14225184,21.4,616.049863060258
404,BARDSTOWN RD,9968,,C07,CENTRAL,1,C,0.051748109733756327,Yes,0.05174811,21.4,224.105347120423
405,BARDSTOWN RD,9994,,C07,CENTRAL,1,C,0.0872389826933899,Yes,0.08723898,21.4,377.805806272216
406,BARDSTOWN RD,10087,,C07,CENTRAL,1,C,0.166238993613155,Yes,0.16623899,21.4,719.931292595546
407,BARDSTOWN RD,10180,,C07,CENTRAL,1,C,0.413345999926876,Yes,0.413346,21.4,1790.07768647337
408,BARDSTOWN RD,10024,,C07,CENTRAL,1,C,0.085896623973088726,Yes,0.08589662,21.4,371.992796469233
409,BARDSTOWN RD,10039,,C07,CENTRAL,1,C,0.062039406088892177,Yes,0.06203941,21.4,268.673724436412
410,BARDSTOWN RD,13925,,C07,CENTRAL,1,C,0.1614775240087545,Yes,0.16147752,21.4,699.310862807275
411,BARDSTOWN RD,13928,,C07,CENTRAL,1,C,0.1951299772405096,Yes,0.19512998,21.4,563.366019066701
412,BARDSTOWN RD,9805,,C07,CENTRAL,2,C,0.018755455736135827,Yes,0.01875546,21.4,162.448471488846
413,BARDSTOWN RD,9743,,C07,CENTRAL,2,C,0.03635043503638773,Yes,0.03635044,21.4,314.845605974678
414,BARDSTOWN RD,29931,,C07,CENTRAL,2,C,0.088370358311371466,Yes,0.08837036,21.4,765.411047789438
415,BARDSTOWN RD,5617,,C07,CENTRAL,2,C,0.04086806139652158,Yes,0.04086806,21.4,353.974733591909
416,BARDSTOWN RD,9865,,C07,CENTRAL,2,C,0.058601594983648,Yes,0.05860159,21.4,507.57211546055
417,BARDSTOWN RD,5594,,C07,CENTRAL,2,C,0.2340973417943004,Yes,0.23409734,21.4,1013.80531556236
418,BARDSTOWN RD,9941,,C07,CENTRAL,2,C,0.068679643340287325,Yes,0.06867964,21.4,297.431087987099
419,BARDSTOWN RD,9727,,C07,CENTRAL,2,C,0.01293602400303358,Yes,0.01293602,21.4,112.043972743406
420,BARDSTOWN RD,9833,,C07,CENTRAL,2,C,0.0573971607365897,Yes,0.05739716,21.4,497.139813699954
421,BARDSTOWN RD,9858,,C07,CENTRAL,2,C,0.06714396032093335,Yes,0.06714396,21.4,581.560486789906
422,BARDSTOWN RD,9800,,C07,CENTRAL,2,C,0.12871701591147247,Yes,0.12871702,21.4,1114.86969356569
423,TAYLORSVILLE RD,8819,,C08,CENTRAL,1,C,0.0668348853823836,Yes,0.06683489,22.14,289.441685353566
424,HIKES LN,8251,,C08,CENTRAL,1,C,0,No,0,22.14,525.191562710491
425,HIKES LN,8248,,C08,CENTRAL,1,C,0,No,0,22.14,48.883063514843
426,BARDSTOWN RD,5245,,C08,CENTRAL,1,C,0.26395622122123868,Yes,0.26395622,22.14,762.076937578525
427,HIKES LN,8712,,C08,CENTRAL,1,C,0,No,0,22.14,151.923199153027
428,TAYLORSVILLE RD,8831,,C08,CENTRAL,1,C,0.11409029396781045,Yes,0.11409029,22.14,494.090861305646
429,TAYLORSVILLE RD,29856,,C08,CENTRAL,1,C,0.22991541264104867,Yes,0.22991541,22.14,995.694683442897
430,BARDSTOWN RD,20647,,C08,CENTRAL,1,C,0.03405885319037613,Yes,0.03405885,22.14,294.997264829278
431,BARDSTOWN RD,18038,,C08,CENTRAL,1,C,0.0418880447886094,Yes,0.04188804,22.14,181.40465769131
432,TAYLORSVILLE RD,8821,,C08,CENTRAL,1,C,0.09044586729614351,Yes,0.09044587,22.14,391.694110445174
433,TAYLORSVILLE RD,8834,,C08,CENTRAL,1,C,0.1459065918363185,Yes,0.14590659,22.14,631.877633607539
434,BARDSTOWN RD,20604,,C08,CENTRAL,1,C,0.036143054294914677,Yes,0.03614305,22.14,313.049323382393
435,BARDSTOWN RD,17706,,C08,CENTRAL,1,C,0.061890198427098066,Yes,0.0618902,22.14,268.027850283206
436,HIKES LN,1337,,C08,CENTRAL,1,C,0,No,0,22.14,293.862387140202
437,BARDSTOWN RD,17720,,C08,CENTRAL,1,C,0.02290937487053538,Yes,0.02290937,22.14,99.2135756373316
438,TAYLORSVILLE RD,8827,,C08,CENTRAL,1,C,0.22427693003799476,Yes,0.22427693,22.14,971.276057102754
439,HIKES LN,5289,,C08,CENTRAL,1,C,0,No,0,22.14,428.372839744594
440,BARDSTOWN RD,20610,,C08,CENTRAL,1,C,0.0097683700507701556,Yes,0.00976837,22.14,84.6078799856043
441,BARDSTOWN RD,18620,,C08,CENTRAL,1,C,0.079218016395508,Yes,0.07921802,22.14,343.069484594376
442,BARDSTOWN RD,5356,,C08,CENTRAL,1,C,0.0967328732771366,Yes,0.09673287,22.14,418.920794140412
443,HIKES LN,4545,,C08,CENTRAL,1,C,0,No,0,22.14,131.767591266715
444,BARDSTOWN RD,18088,,C08,CENTRAL,1,C,0.09388113966711091,Yes,0.09388114,22.14,406.571051024603
445,HIKES LN,5111,,C08,CENTRAL,1,C,0,No,0,22.14,460.371161325967
446,HIKES LN,8247,,C08,CENTRAL,1,C,0,No,0,22.14,87.7261764469042
447,TAYLORSVILLE RD,8818,,C08,CENTRAL,1,C,0.096181458069465348,Yes,0.09618146,22.14,416.532973824177
448,BARDSTOWN RD,17859,,C08,CENTRAL,1,C,0.0397984619819387,Yes,0.03979846,22.14,172.355122409766
449,HIKES LN,5199,,C08,CENTRAL,1,C,0,No,0,22.14,254.582725762351
450,TAYLORSVILLE RD,8825,,C08,CENTRAL,1,C,0.081019314853259847,Yes,0.08101931,22.14,350.870081697415
451,BARDSTOWN RD,20565,,C08,CENTRAL,1,C,0.079828263591863777,Yes,0.07982826,22.14,691.424498911712
452,BARDSTOWN RD,17776,,C08,CENTRAL,1,C,0.017753170055827088,Yes,0.01775317,22.14,76.8837542037649
453,BARDSTOWN RD,5307,,C08,CENTRAL,1,C,0.06885439618677244,Yes,0.0688544,22.14,298.187809486844
454,TAYLORSVILLE RD,8812,,C08,CENTRAL,1,C,0.11562297697149036,Yes,0.11562298,22.14,500.728440022172
455,BARDSTOWN RD,18434,,C08,CENTRAL,1,C,0.0092502148126549378,Yes,0.00925021,22.14,40.0597451087174
456,BARDSTOWN RD,17666,,C08,CENTRAL,1,C,0.038884415186939046,Yes,0.03888442,22.14,168.396717118186
457,TAYLORSVILLE RD,21402,,C08,CENTRAL,1,C,0.07395112396085816,Yes,0.07395112,22.14,320.260123321469
458,HIKES LN,5140,,C08,CENTRAL,1,C,0,No,0,22.14,314.479556288197
459,TAYLORSVILLE RD,21405,,C08,CENTRAL,1,C,0.14006013565523256,Yes,0.14006014,22.14,606.558505585708
460,TAYLORSVILLE RD,8828,,C08,CENTRAL,1,C,0.0888432829052801,Yes,0.08884328,22.14,384.753720490459
461,BARDSTOWN RD,18314,,C08,CENTRAL,1,C,0.0747244685828279,Yes,0.07472447,22.14,647.218414342641
462,TAYLORSVILLE RD,8822,,C08,CENTRAL,1,C,0.088436812424673258,Yes,0.08843681,22.14,382.993065833525
463,BARDSTOWN RD,20533,,C08,CENTRAL,1,C,0.03877983030468483,Yes,0.03877983,22.14,335.887479229466
464,TAYLORSVILLE RD,8817,,C08,CENTRAL,1,C,0.0720618297650262,Yes,0.07206183,22.14,312.0784469188
465,BARDSTOWN RD,17828,,C08,CENTRAL,1,C,0.07458933745600103,Yes,0.07458934,22.14,323.024031801114
466,BARDSTOWN RD,18660,,C08,CENTRAL,1,C,0.088381747206891556,Yes,0.08838175,22.14,382.754860044134
467,BARDSTOWN RD,18752,,C08,CENTRAL,1,C,0.0879706131562607,Yes,0.08797061,22.14,380.974447207421
468,BARDSTOWN RD,4747,,C08,CENTRAL,1,C,0.074348113778246266,Yes,0.07434811,22.14,321.979576992082
469,HIKES LN,31354,,C08,CENTRAL,1,C,0,No,0,22.14,176.542490352679
470,BARDSTOWN RD,4784,,C08,CENTRAL,1,C,0.073839950204351065,Yes,0.07383995,22.14,319.778727220577
471,TAYLORSVILLE RD,8814,,C08,CENTRAL,1,C,0.07958429277930978,Yes,0.07958429,22.14,344.655754018593
472,BARDSTOWN RD,4836,,C08,CENTRAL,1,C,0.03975186105806083,Yes,0.03975186,22.14,114.768876007391
473,TAYLORSVILLE RD,8815,,C08,CENTRAL,1,C,0.09459380233948604,Yes,0.0945938,22.14,409.657246831116
474,TAYLORSVILLE RD,8813,,C08,CENTRAL,1,C,0.097521830973428356,Yes,0.09752183,22.14,422.337661226737
475,BARDSTOWN RD,4820,,C08,CENTRAL,1,C,0.0364432781700996,Yes,0.03644328,22.14,315.649663454695
476,BARDSTOWN RD,4877,,C08,CENTRAL,1,C,0.11275615151254,Yes,0.11275615,22.14,325.542164001043
477,TAYLORSVILLE RD,8854,,C08,CENTRAL,1,C,0.1684859158831098,Yes,0.16848592,22.14,729.661765160377
478,HIKES LN,5519,,C08,CENTRAL,1,C,0,No,0,22.14,1099.20879476877
479,BARDSTOWN RD,21313,,C08,CENTRAL,1,C,0.07089028634455255,Yes,0.07089029,22.14,307.004473565089
480,TAYLORSVILLE RD,8830,,C08,CENTRAL,1,C,0.1410134349084278,Yes,0.14101343,22.14,610.686857825115
481,BARDSTOWN RD,20500,,C08,CENTRAL,1,C,0.098291702868584657,Yes,0.0982917,22.14,425.671716415655
482,TAYLORSVILLE RD,8826,,C08,CENTRAL,1,C,0.54297215894149886,Yes,0.54297216,22.14,1045.08875005103
483,BARDSTOWN RD,17759,,C08,CENTRAL,1,C,0.01345972087797258,Yes,0.01345972,22.14,58.2899175411074
484,BARDSTOWN RD,4710,,C08,CENTRAL,1,C,0.07384299670971846,Yes,0.073843,22.14,319.791691580497
485,BARDSTOWN RD,20621,,C08,CENTRAL,1,C,0.0390360957926296,Yes,0.0390361,22.14,338.10724547308
486,TAYLORSVILLE RD,8860,,C08,CENTRAL,1,C,0.140984123010827,Yes,0.14098412,22.14,610.560091899489
487,TAYLORSVILLE RD,21399,,C08,CENTRAL,1,C,0.03477015453302014,Yes,0.03477015,22.14,150.579083836999
488,HIKES LN,5411,,C08,CENTRAL,1,C,0,No,0,22.14,166.133176643805
489,TAYLORSVILLE RD,8832,,C08,CENTRAL,1,C,0.096380192488102215,Yes,0.09638019,22.14,417.393565462336
490,BARDSTOWN RD,17750,,C08,CENTRAL,1,C,0.05048471312063407,Yes,0.05048471,22.14,218.634227725658
491,BARDSTOWN RD,18696,,C08,CENTRAL,1,C,0.1003107012905371,Yes,0.1003107,22.14,434.415322159447
492,BARDSTOWN RD,20518,,C08,CENTRAL,1,C,0.0266894845210068,Yes,0.02668948,22.14,231.168379112462
493,BARDSTOWN RD,17581,,C08,CENTRAL,1,C,0.028673686151472,Yes,0.02867369,22.14,124.177431437321
494,BARDSTOWN RD,20641,,C08,CENTRAL,1,C,0.029636782679962087,Yes,0.02963678,22.14,256.695868102059
495,TAYLORSVILLE RD,8824,,C08,CENTRAL,1,C,0.1603008083286792,Yes,0.16030081,22.14,694.214791929491
496,HIKES LN,4608,,C08,CENTRAL,1,C,0,No,0,22.14,884.923287106007
497,TAYLORSVILLE RD,21403,,C08,CENTRAL,1,C,0.04504859409634173,Yes,0.04504859,22.14,195.091925556734
498,HIKES LN,4984,,C08,CENTRAL,1,C,0,No,0,22.14,498.169182093644
499,TAYLORSVILLE RD,8816,,C08,CENTRAL,1,C,0.07775789908659117,Yes,0.0777579,22.14,336.746075285685
500,TAYLORSVILLE RD,8820,,C08,CENTRAL,1,C,0.089179513863922616,Yes,0.08917951,22.14,386.209761457828
501,BARDSTOWN RD,18382,,C08,CENTRAL,1,C,0.03166303151953822,Yes,0.03166303,22.14,137.122897361309
502,BARDSTOWN RD,4856,,C08,CENTRAL,1,C,0.0582211858140272,Yes,0.05822119,22.14,168.092214499356
503,BARDSTOWN RD,29869,,C08,CENTRAL,1,C,0.07367275799913264,Yes,0.07367276,22.14,319.108202690953
504,BARDSTOWN RD,17966,,C08,CENTRAL,1,C,0.03867486629981801,Yes,0.03867487,22.14,167.489116206453
505,HIKES LN,4937,,C08,CENTRAL,1,C,0,No,0,22.14,254.71494290371
506,BARDSTOWN RD,20639,,C08,CENTRAL,1,C,0.018928026284618,Yes,0.01892803,22.14,163.943221883742
507,BARDSTOWN RD,18360,,C08,CENTRAL,1,C,0.0826070289069012,Yes,0.08260703,22.14,357.746585418219
508,BARDSTOWN RD,5452,,C08,CENTRAL,1,C,0.25425454299091266,Yes,0.25425454,22.14,734.097556613431
509,HIKES LN,8249,,C08,CENTRAL,1,C,0,No,0,22.14,496.494236297665
510,BARDSTOWN RD,18013,,C08,CENTRAL,1,C,0.0649206768431223,Yes,0.06492068,22.14,281.152086048898
511,HIKES LN,5401,,C08,CENTRAL,1,C,0,No,0,22.14,409.852830089967
512,HIKES LN,8256,,C08,CENTRAL,1,C,0,No,0,22.14,261.822595102581
513,HIKES LN,5236,,C08,CENTRAL,1,C,0,No,0,22.14,417.800994261872
514,HIKES LN,5174,,C08,CENTRAL,1,C,0,No,0,22.14,332.484363788992
515,TAYLORSVILLE RD,8823,,C08,CENTRAL,1,C,0.098307025073770468,Yes,0.09830703,22.14,425.73842369558
516,BARDSTOWN RD,18490,,C08,CENTRAL,1,C,0.073736971652699726,Yes,0.07373697,22.14,319.332871822873
517,BARDSTOWN RD,4902,,C08,CENTRAL,1,C,0.1326235616041609,Yes,0.13262356,22.14,287.17648168986
518,TAYLORSVILLE RD,8833,,C08,CENTRAL,1,C,0.1052507010812042,Yes,0.1052507,22.14,455.809128185199
519,BARDSTOWN RD,5143,,C08,CENTRAL,1,C,0.092537109302858675,Yes,0.09253711,22.14,267.166847669878
520,BARDSTOWN RD,20666,,C08,CENTRAL,1,C,0.042129076421936078,Yes,0.04212908,22.14,364.896732609512
521,HIKES LN,31355,,C08,CENTRAL,1,C,0,No,0,22.14,291.720935767414
522,BARDSTOWN RD,18254,,C08,CENTRAL,1,C,0.13250182992582415,Yes,0.13250183,22.14,573.825525706287
523,TAYLORSVILLE RD,8859,,C08,CENTRAL,1,C,0.22354454986157146,Yes,0.22354455,22.14,968.104343307709
524,BARDSTOWN RD,20607,,C08,CENTRAL,1,C,0.01386626166420334,Yes,0.01386626,22.14,120.101299180444
525,BARDSTOWN RD,17941,,C08,CENTRAL,1,C,0.0529905387328753,Yes,0.05299054,22.14,229.486198244991
526,BARDSTOWN RD,18425,,C08,CENTRAL,1,C,0.0760057200999568,Yes,0.07600572,22.14,329.158055695639
527,BARDSTOWN RD,18524,,C08,CENTRAL,1,C,0.0712710873790967,Yes,0.07127109,22.14,308.65373856763
528,BARDSTOWN RD,4930,,C08,CENTRAL,1,C,0.12108431910025,Yes,0.12108432,22.14,349.586540918244
529,HIKES LN,4949,,C08,CENTRAL,1,C,0,No,0,22.14,118.069979801037
530,TAYLORSVILLE RD,21404,,C08,CENTRAL,1,C,0.077097631907812478,Yes,0.07709763,22.14,333.88671155982
531,BARDSTOWN RD,17649,,C08,CENTRAL,1,C,0.03959328872581797,Yes,0.03959329,22.14,171.466892633791
532,BARDSTOWN RD,17906,,C08,CENTRAL,1,C,0.050808798226026658,Yes,0.0508088,22.14,220.037629049554
533,HIKES LN,8257,,C08,CENTRAL,1,C,0,No,0,22.14,191.628211103232
534,BARDSTOWN RD,20510,,C08,CENTRAL,1,C,0.02661482937563273,Yes,0.02661483,22.14,230.521930532108
535,HIKES LN,5362,,C08,CENTRAL,1,C,0,No,0,22.14,431.672637538189
536,BARDSTOWN RD,20570,,C08,CENTRAL,1,C,0.0117417615748586,Yes,0.01174176,22.14,101.699938727534
537,HIKES LN,4922,,C08,CENTRAL,1,C,0,No,0,22.14,271.512693391778
538,TAYLORSVILLE RD,8853,,C08,CENTRAL,1,C,0.1379306438219436,Yes,0.13793064,22.14,597.33643073287
539,HIKES LN,32925,,C08,CENTRAL,1,C,0,No,0,22.14,273.355565155646
540,BARDSTOWN RD,21314,,C08,CENTRAL,1,C,0.07041123888678098,Yes,0.07041124,22.14,304.930027792502
541,HIKES LN,8708,,C08,CENTRAL,1,C,0,No,0,22.14,660.766037689637
542,HIKES LN,5327,,C08,CENTRAL,1,C,0,No,0,22.14,438.92436169643
543,HIKES LN,5021,,C08,CENTRAL,1,C,0,No,0,22.14,505.039942774632
544,HIKES LN,5060,,C08,CENTRAL,1,C,0,No,0,22.14,434.798427834937
545,BARDSTOWN RD,17605,,C08,CENTRAL,1,C,0.06302210127136626,Yes,0.0630221,22.14,272.929537705646
546,BARDSTOWN RD,20600,,C08,CENTRAL,1,C,0.006346236575755583,Yes,0.00634624,22.14,54.9675247681126
547,BARDSTOWN RD,5267,,C08,CENTRAL,1,C,0.03885419716927608,Yes,0.0388542,22.14,112.177332408335
548,TAYLORSVILLE RD,21401,,C08,CENTRAL,1,C,0.077248212964847185,Yes,0.07724821,22.14,334.538835546858
549,BARDSTOWN RD,20481,,C08,CENTRAL,1,C,0.128410629076511,Yes,0.12841063,22.14,1112.21587476218
550,BARDSTOWN RD,18186,,C08,CENTRAL,1,C,0.1016153881457207,Yes,0.10161539,22.14,440.065677181046
551,BARDSTOWN RD,18197,,C08,CENTRAL,1,C,0.040859476096587265,Yes,0.04085948,22.14,176.949996648947
552,BARDSTOWN RD,18208,,C08,CENTRAL,1,C,0.0528274827681755,Yes,0.05282748,22.14,228.780141555845
553,BARDSTOWN RD,18231,,C08,CENTRAL,1,C,0.026824021067416545,Yes,0.02682402,22.14,116.166832642756
554,BARDSTOWN RD,18224,,C08,CENTRAL,1,C,0.0804520824287157,Yes,0.08045208,22.14,348.413829465049
555,TAYLORSVILLE RD,21398,,C08,CENTRAL,1,C,0.048687234963947966,Yes,0.04868723,22.14,210.849806356622
556,TAYLORSVILLE RD,21400,,C08,CENTRAL,1,C,0.07531252625707134,Yes,0.07531253,22.14,326.243020834578
557,HIKES LN,8255,,C08,CENTRAL,1,C,0,No,0,22.14,456.176090076363
558,HIKES LN,40437,,C08,CENTRAL,1,C,0,No,0,22.14,678.995740367385
559,BARDSTOWN RD,20634,,C08,CENTRAL,1,C,0.03283278977085993,Yes,0.03283279,22.14,284.378061173959
560,BARDSTOWN RD,20628,,C08,CENTRAL,1,C,0.05756751009072771,Yes,0.05756751,22.14,498.615056984703
561,BARDSTOWN RD,18139,,C08,CENTRAL,1,C,0.0500866484227579,Yes,0.05008665,22.14,433.83387237506
562,BARDSTOWN RD,5110,,C08,CENTRAL,1,C,0.109496113139019,Yes,0.10949611,22.14,948.389698943603
563,BARDSTOWN RD,4987,,C08,CENTRAL,1,C,0.06342328650442054,Yes,0.06342329,22.14,549.334359958651
564,BARDSTOWN RD,18162,,C08,CENTRAL,1,C,0.0474705722534994,Yes,0.04747057,22.14,205.646192958603
565,BARDSTOWN RD,20596,,C08,CENTRAL,1,C,0.02164293689042433,Yes,0.02164294,22.14,187.45805844591
566,BARDSTOWN RD,20591,,C08,CENTRAL,1,C,0.05453521734124724,Yes,0.05453522,22.14,472.351457649031
567,FURMAN BLVD,4515,,C08,CENTRAL,2,C,0,No,0,22.14,379.903731062293
568,BARDSTOWN RD,5520,,C08,CENTRAL,2,C,0.1165153338770043,Yes,0.11651533,22.14,672.790443786176
569,FURMAN BLVD,4571,,C08,CENTRAL,2,C,0,No,0,22.14,521.834388865456
570,FURMAN BLVD,8258,,C08,CENTRAL,2,C,0,No,0,22.14,326.198333074057
571,FURMAN BLVD,4622,,C08,CENTRAL,2,C,0,No,0,22.14,505.448274114658
572,BARDSTOWN RD,5457,,C08,CENTRAL,2,C,0.05478831937598755,Yes,0.05478832,22.14,158.277050535941
573,FURMAN BLVD,1335,,C08,CENTRAL,2,C,0,No,0,22.14,997.399485456595
574,FURMAN BLVD,4727,,C08,CENTRAL,2,C,0,No,0,22.14,1252.48589775514
575,BLANKENBAKER PKY,8593,,C09,CENTRAL,1,C,0.3025660395404625,Yes,0.30256604,24.04,1310.32267230314
576,BLANKENBAKER PKY,31483,,C09,CENTRAL,1,C,0.2495361838437615,Yes,0.24953618,24.04,1080.66644212798
577,BLANKENBAKER PKY,13364,,C09,CENTRAL,1,C,0.363895425343634,Yes,0.36389543,24.04,1576.29592344874
578,BLANKENBAKER PKY,38916,,C09,CENTRAL,1,C,0.21197820295287,Yes,0.2119782,24.04,918.013927078914
579,BLANKENBAKER PKY,8592,,C09,CENTRAL,1,C,0.1834781551109443,Yes,0.18347816,24.04,794.588845718943
580,BLANKENBAKER PKY,8512,,C09,CENTRAL,1,C,0.1343864111901266,Yes,0.13438641,24.04,387.9915181861
581,BLANKENBAKER PKY,8508,,C09,CENTRAL,1,C,0.14276059951218087,Yes,0.1427606,24.04,618.253134627365
582,BLANKENBAKER PKY,31482,,C09,CENTRAL,1,C,0.06415586630092858,Yes,0.06415587,24.04,555.679682782997
583,BLANKENBAKER PKY,1322,,C09,CENTRAL,1,C,0.070595128578875316,Yes,0.07059513,24.04,611.45279127351
584,BLANKENBAKER PKY,13363,,C09,CENTRAL,1,C,0.1049598386956484,Yes,0.10495984,24.04,454.549377807984
585,BLANKENBAKER PKY,8697,,C09,CENTRAL,1,C,0.1280179687037085,Yes,0.12801797,24.04,554.407060184305
586,BLANKENBAKER PKY,8509,,C09,CENTRAL,1,C,0.161052666974104,Yes,0.16105267,24.04,697.470625592324
587,BLANKENBAKER PKY,41242,,C09,CENTRAL,1,C,0.08338570942388475,Yes,0.08338571,24.04,361.118654915482
588,BLANKENBAKER PKY,8516,,C09,CENTRAL,1,C,0.15642768999066067,Yes,0.15642769,24.04,451.62763952369
589,BLANKENBAKER PKY,8543,,C09,CENTRAL,1,C,0.1405652302273811,Yes,0.14056523,24.04,608.745719260624
590,N WATTERSON TRL,8517,,C09,CENTRAL,1,C,0.2394389843954534,Yes,0.23943898,24.04,1037.02404868692
591,BLANKENBAKER PKY,8541,,C09,CENTRAL,1,C,0.5759324070270324,Yes,0.57593241,24.04,2494.34536358409
592,BLANKENBAKER PKY,41447,,C09,CENTRAL,1,C,0.066098493511247858,Yes,0.06609849,24.04,286.252536172205
593,BLANKENBAKER PKY,8540,,C09,CENTRAL,1,C,0.10787273138643125,Yes,0.10787273,24.04,467.16454951551
594,BLANKENBAKER PKY,38923,,C09,CENTRAL,1,C,0.0353630232337734,Yes,0.03536302,24.04,306.293132332513
595,N WATTERSON TRL,3988,,C09,CENTRAL,1,C,0.031709488714306518,Yes,0.03170949,24.04,274.667962912356
596,N WATTERSON TRL,3942,,C09,CENTRAL,1,C,0.039529841925964627,Yes,0.03952984,24.04,342.383889721216
597,N WATTERSON TRL,3964,,C09,CENTRAL,1,C,0.0394259945666074,Yes,0.03942599,24.04,341.484367260505
598,N WATTERSON TRL,3915,,C09,CENTRAL,1,C,0.0463030428691544,Yes,0.04630304,24.04,401.049117393321
599,BLANKENBAKER PKY,30000,,C09,CENTRAL,1,C,0.13858984906793725,Yes,0.13858985,24.04,1200.38230413524
600,BLANKENBAKER PKY,8510,,C09,CENTRAL,1,C,0.1778715997363305,Yes,0.1778716,24.04,1540.61720527565
601,N WATTERSON TRL,7632,,C09,CENTRAL,1,C,0.03286193083973636,Yes,0.03286193,24.04,284.630302335421
602,BLANKENBAKER PKY,8511,,C09,CENTRAL,1,C,0.053037865432454735,Yes,0.05303787,24.04,459.382178108884
603,BLANKENBAKER PKY,8513,,C09,CENTRAL,1,C,0.188754209203739,Yes,0.18875421,24.04,1634.87556053334
604,BLANKENBAKER PKY,8514,,C09,CENTRAL,1,C,0.35953791350983738,Yes,0.35953791,24.04,1557.05082408239
605,BLANKENBAKER PKY,8507,,C09,CENTRAL,1,C,0.09788947547895958,Yes,0.09788948,24.04,847.859843402192
606,BLANKENBAKER PKY,8515,,C09,CENTRAL,1,C,0.27082381511821035,Yes,0.27082382,24.04,1172.856831921
607,N WATTERSON TRL,7635,,C09,CENTRAL,1,C,0.155884268668543,Yes,0.15588427,24.04,1350.17588971894
608,N WATTERSON TRL,3884,,C09,CENTRAL,1,C,0.0391233906344882,Yes,0.03912339,24.04,338.863369408029
609,OLD SHELBYVILLE RD,270,,C09,CENTRAL,2,C,0,No,0,24.04,590.824776130908
610,OLD SHELBYVILLE RD,658,,C09,CENTRAL,2,C,0,No,0,24.04,528.35213177227
611,OLD SHELBYVILLE RD,29814,,C09,CENTRAL,2,C,0,No,0,24.04,719.444558941405
612,OLD SHELBYVILLE RD,3724,,C09,CENTRAL,2,C,0,No,0,24.04,785.525832367596
613,OLD SHELBYVILLE RD,268,,C09,CENTRAL,2,C,0,No,0,24.04,695.344170393284
614,OLD SHELBYVILLE RD,266,,C09,CENTRAL,2,C,0,No,0,24.04,189.732565178101
615,OLD SHELBYVILLE RD,657,,C09,CENTRAL,2,C,0,No,0,24.04,903.150388204595
616,BLANKENBAKER ACCESS DR,30001,,C09,CENTRAL,2,C,0.311097012815772,Yes,0.31109701,24.04,2694.53564819282
617,OLD SHELBYVILLE RD,3715,,C09,CENTRAL,2,C,0,No,0,24.04,848.611720252717
618,MAIN ST,3687,,C09,CENTRAL,2,C,0,No,0,24.04,447.387392144141
619,MAIN ST,3710,,C09,CENTRAL,2,C,0,No,0,24.04,598.231067138176
620,MAIN ST,3718,,C09,CENTRAL,2,C,0,No,0,24.04,278.002335730594
621,MAIN ST,7633,,C09,CENTRAL,2,C,0,No,0,24.04,629.62751230077
622,MAIN ST,7631,,C09,CENTRAL,2,C,0,No,0,24.04,323.31846437212
623,MAIN ST,7899,,C09,CENTRAL,3,C,0,No,0,24.04,573.035568993731
624,FEGENBUSH LN,13838,,C10,CENTRAL,1,C,0,No,0,32.79,351.955799174994
625,FEGENBUSH LN,13840,,C10,CENTRAL,1,C,0,No,0,32.79,332.11596154666
626,FEGENBUSH LN,13841,,C10,CENTRAL,1,C,0,No,0,32.79,343.632924289644
627,NEWBURG RD,26334,,C10,CENTRAL,1,C,0.08388752829679438,Yes,0.08388753,32.79,363.291701704658
628,BUECHEL BANK RD,10412,,C10,CENTRAL,1,C,0,No,0,32.79,1230.14221699109
629,FEGENBUSH LN,33752,,C10,CENTRAL,1,C,0,No,0,32.79,262.705004271334
630,NEWBURG RD,26335,,C10,CENTRAL,1,C,0.04543947286487,Yes,0.04543947,32.79,393.569712148852
631,BUECHEL BYP,9884,,C10,CENTRAL,1,C,0.05530782721801222,Yes,0.05530783,32.79,239.521662723411
632,NEWBURG RD,21290,,C10,CENTRAL,1,C,0.0189045222428239,Yes,0.01890452,32.79,163.775641073579
633,FEGENBUSH LN,13839,,C10,CENTRAL,1,C,0,No,0,32.79,1059.46042194413
634,NEWBURG RD,33676,,C10,CENTRAL,1,C,0.19209794822890947,Yes,0.19209795,32.79,831.918670331188
635,NEWBURG RD,29939,,C10,CENTRAL,1,C,0.084619276670038768,Yes,0.08461928,32.79,732.921286813299
636,FEGENBUSH LN,31534,,C10,CENTRAL,1,C,0,No,0,32.79,764.203471000353
637,NEWBURG RD,10095,,C10,CENTRAL,1,C,0.547877740101158,Yes,0.54787774,32.79,2372.69402998951
638,NEWBURG RD,10387,,C10,CENTRAL,1,C,0.64093621631647,Yes,0.64093622,32.79,2775.70269150402
639,BUECHEL BANK RD,10430,,C10,CENTRAL,1,C,0,No,0,32.79,1171.992712234
640,NEWBURG RD,33544,,C10,CENTRAL,1,C,0.2839103682325397,Yes,0.28391037,32.79,614.825861390813
641,BUECHEL BYP,9920,,C10,CENTRAL,1,C,0.13963318041708955,Yes,0.13963318,32.79,1210.03779898943
642,NEWBURG RD,19680,,C10,CENTRAL,1,C,0.09939889990567775,Yes,0.0993989,32.79,430.657147924143
643,NEWBURG RD,19976,,C10,CENTRAL,1,C,0.18055715567896868,Yes,0.18055716,32.79,781.938843945174
644,BUECHEL BANK RD,12792,,C10,CENTRAL,1,C,0,No,0,32.79,306.984498005532
645,BUECHEL BANK RD,10402,,C10,CENTRAL,1,C,0,No,0,32.79,576.780077052739
646,BUECHEL BANK RD,12784,,C10,CENTRAL,1,C,0,No,0,32.79,240.311987207806
647,NEWBURG RD,10160,,C10,CENTRAL,1,C,0.2162073709123643,Yes,0.21620737,32.79,936.32913422747
648,NEWBURG RD,21281,,C10,CENTRAL,1,C,0.066535759805089148,Yes,0.06653576,32.79,288.146447753785
649,FEGENBUSH LN,31573,,C10,CENTRAL,1,C,0,No,0,32.79,719.233903538982
650,NEWBURG RD,25957,,C10,CENTRAL,1,C,0.15957185154386155,Yes,0.15957185,32.79,691.057688077765
651,BUECHEL BYP,9906,,C10,CENTRAL,1,C,0.1394261129133295,Yes,0.13942611,32.79,1207.62545481676
652,NEWBURG RD,19747,,C10,CENTRAL,1,C,0.13638617714600515,Yes,0.13638618,32.79,393.765246333793
653,NEWBURG RD,19703,,C10,CENTRAL,1,C,0.0197467178443294,Yes,0.01974672,32.79,85.516787505802
654,FEGENBUSH LN,31574,,C10,CENTRAL,1,C,0,No,0,32.79,628.150294162285
655,BUECHEL BYP,33673,,C10,CENTRAL,1,C,0.10447415455751138,Yes,0.10447415,32.79,452.73200420189
656,FEGENBUSH LN,13837,,C10,CENTRAL,1,C,0,No,0,32.79,1221.08497695935
657,BUECHEL BYP,30058,,C10,CENTRAL,1,C,0.72214713725888446,Yes,0.72214714,32.79,3127.40268696136
658,FEGENBUSH LN,13847,,C10,CENTRAL,1,C,0.036049582425365538,Yes,0.03604958,32.79,312.2399410121
659,FEGENBUSH LN,13848,,C10,CENTRAL,1,C,0.066968875554991675,Yes,0.06696888,32.79,580.044167854931
660,FEGENBUSH LN,13846,,C10,CENTRAL,1,C,0.05692903661337301,Yes,0.05692904,32.79,493.085169946845
661,FEGENBUSH LN,13850,,C10,CENTRAL,1,C,0.079706914333837,Yes,0.07970691,32.79,690.373630700079
662,FEGENBUSH LN,13852,,C10,CENTRAL,1,C,0.127122004930066,Yes,0.127122,32.79,1101.05459395575
663,FEGENBUSH LN,13849,,C10,CENTRAL,1,C,0.12174376707705487,Yes,0.12174377,32.79,1054.47129766609
664,FEGENBUSH LN,13851,,C10,CENTRAL,1,C,0.004362628447098624,Yes,0.00436263,32.79,37.7862465885406
665,NEWBURG RD,21292,,C10,CENTRAL,1,C,0.04644555893776,Yes,0.04644556,32.79,402.283474566554
666,NEWBURG RD,19866,,C10,CENTRAL,1,C,0.068215863260547488,Yes,0.06821586,32.79,590.844953620318
667,FEGENBUSH LN,31702,,C10,CENTRAL,1,C,0,No,0,32.79,1868.67083233638
668,FEGENBUSH LN,41414,,C10,CENTRAL,1,C,0,No,0,32.79,874.230593886653
669,FEGENBUSH LN,31535,,C10,CENTRAL,1,C,0,No,0,32.79,1157.02202376708
670,FEGENBUSH LN,31703,,C10,CENTRAL,1,C,0.156514768420022,Yes,0.15651477,32.79,1356.16219690578
671,BUECHEL BANK RD,10370,,C10,CENTRAL,2,C,0,No,0,32.79,464.416384766162
672,BUECHEL BANK RD,10251,,C10,CENTRAL,2,C,0,No,0,32.79,107.430400674417
673,BUECHEL BANK RD,10309,,C10,CENTRAL,2,C,0,No,0,32.79,461.481900022383
674,PROGRESS BLVD,13074,,C10,CENTRAL,2,C,0,No,0,32.79,1435.30691394693
675,PROGRESS BLVD,13073,,C10,CENTRAL,2,C,0,No,0,32.79,2939.55764118992
676,BUECHEL BANK RD,10238,,C10,CENTRAL,2,C,0,No,0,32.79,413.614185142371
677,PROGRESS BLVD,13072,,C10,CENTRAL,2,C,0,No,0,32.79,711.929548020555
678,BUECHEL BANK RD,10166,,C10,CENTRAL,2,C,0,No,0,32.79,200.993363964616
679,BUECHEL BANK RD,40903,,C10,CENTRAL,2,C,0,No,0,32.79,596.141328191667
680,BUECHEL BANK RD,10204,,C10,CENTRAL,2,C,0,No,0,32.79,491.041468661571
681,BUECHEL BANK RD,10092,,C10,CENTRAL,2,C,0,No,0,32.79,1370.67030519538
682,BEECHBROOK RD,13166,,C10,CENTRAL,3,C,0,No,0,32.79,310.097756432845
683,BEECHBROOK RD,10284,,C10,CENTRAL,3,C,0,No,0,32.79,308.189862405877
684,SEBREE LN,10340,,C10,CENTRAL,3,C,0,No,0,32.79,471.117425814679
685,LAMBERT AVE,10230,,C10,CENTRAL,3,C,0,No,0,32.79,261.834118192926
686,LAMBERT AVE,10216,,C10,CENTRAL,3,C,0,No,0,32.79,249.102908925713
687,SEBREE LN,10280,,C10,CENTRAL,3,C,0,No,0,32.79,266.959370303663
688,LAMBERT AVE,10206,,C10,CENTRAL,3,C,0,No,0,32.79,354.806024006745
689,MANDEVILLE RD,10983,,C10,CENTRAL,3,C,0,No,0,32.79,774.040815686136
690,BUECHEL BANK RD,9921,,C10,CENTRAL,3,C,0,No,0,32.79,74.2648409515734
691,BELRAD DR,35589,,C10,CENTRAL,3,C,0,No,0,32.79,394.709319039449
692,BELRAD DR,10341,,C10,CENTRAL,3,C,0,No,0,32.79,421.235674718832
693,KRANET WAY,35590,,C10,CENTRAL,3,C,0,No,0,32.79,215.847615353548
694,KRANET WAY,13165,,C10,CENTRAL,3,C,0,No,0,32.79,397.862329761988
695,LAMBERT AVE,10256,,C10,CENTRAL,3,C,0,No,0,32.79,304.445110585959
696,LAMBERT AVE,10203,,C10,CENTRAL,3,C,0,No,0,32.79,440.928196125341
697,BUECHEL BANK RD,9889,,C10,CENTRAL,3,C,0,No,0,32.79,523.38077245889
698,BUECHEL BANK RD,9905,,C10,CENTRAL,3,C,0,No,0,32.79,72.8116903817649
699,LAMBERT AVE,10208,,C10,CENTRAL,3,C,0,No,0,32.79,312.219544235582
700,SHERLOCK WAY,10975,,C10,CENTRAL,3,C,0,No,0,32.79,811.934678686672
701,BELRAD DR,10315,,C10,CENTRAL,3,C,0,No,0,32.79,352.071770743527
702,FENWICK DR,10982,,C10,CENTRAL,3,C,0,No,0,32.79,481.974052400723
703,SHERLOCK WAY,10941,,C10,CENTRAL,3,C,0,No,0,32.79,1243.07157331949
704,POPLAR LEVEL RD,23967,,C11,CENTRAL,1,C,0.07466749520149138,Yes,0.0746675,26.76,323.362364315846
705,POPLAR LEVEL RD,22962,,C11,CENTRAL,1,C,0.08871792024286447,Yes,0.08871792,26.76,384.210733259732
706,POPLAR LEVEL RD,23716,,C11,CENTRAL,1,C,0.0326290002427592,Yes,0.032629,26.76,141.306410126652
707,POPLAR LEVEL RD,23117,,C11,CENTRAL,1,C,0.118956698113932,Yes,0.1189567,26.76,515.165798828276
708,FERN VALLEY RD,13836,,C11,CENTRAL,1,C,0.1444317044286586,Yes,0.1444317,26.76,625.490318183063
709,POPLAR LEVEL RD,23541,,C11,CENTRAL,1,C,0.2148888520641911,Yes,0.21488885,26.76,1861.23834312499
710,POPLAR LEVEL RD,10914,,C11,CENTRAL,1,C,0.0883336254821677,Yes,0.08833363,26.76,382.546523174098
711,POPLAR LEVEL RD,23187,,C11,CENTRAL,1,C,0.16344897411530668,Yes,0.16344897,26.76,707.956343353599
712,POPLAR LEVEL RD,23304,,C11,CENTRAL,1,C,0.2088080633843728,Yes,0.20880806,26.76,904.284916034058
713,POPLAR LEVEL RD,23086,,C11,CENTRAL,1,C,0.024633565967317615,Yes,0.02463357,26.76,106.680434848056
714,POPLAR LEVEL RD,32644,,C11,CENTRAL,1,C,0.1197362013271894,Yes,0.1197362,26.76,518.541670471742
715,POPLAR LEVEL RD,23028,,C11,CENTRAL,1,C,0.07894919564488033,Yes,0.0789492,26.76,683.81044409096
716,POPLAR LEVEL RD,23129,,C11,CENTRAL,1,C,0.03725144424935765,Yes,0.03725144,26.76,161.324852922023
717,POPLAR LEVEL RD,10917,,C11,CENTRAL,1,C,0.07940571050934583,Yes,0.07940571,26.76,343.882244511726
718,FERN VALLEY RD,26371,,C11,CENTRAL,1,C,0.323326788804661,Yes,0.32332679,26.76,933.487540623416
719,FERN VALLEY RD,26360,,C11,CENTRAL,1,C,0.07326261519422722,Yes,0.07326262,26.76,634.557109364802
720,POPLAR LEVEL RD,23077,,C11,CENTRAL,1,C,0.1783437254304135,Yes,0.17834373,26.76,772.353347090908
721,POPLAR LEVEL RD,36584,,C11,CENTRAL,1,C,0.04208208061077087,Yes,0.04208208,26.76,182.244892289537
722,POPLAR LEVEL RD,35807,,C11,CENTRAL,1,C,0.05211549723195682,Yes,0.0521155,26.76,225.696709726239
723,POPLAR LEVEL RD,23681,,C11,CENTRAL,1,C,0.20972581359073025,Yes,0.20972581,26.76,1816.51924327212
724,POPLAR LEVEL RD,23994,,C11,CENTRAL,1,C,0.06411345618352368,Yes,0.06411346,26.76,277.655869634939
725,POPLAR LEVEL RD,10911,,C11,CENTRAL,1,C,0.1618846323518757,Yes,0.16188463,26.76,701.073797355929
726,POPLAR LEVEL RD,22986,,C11,CENTRAL,1,C,0.054317608021010148,Yes,0.05431761,26.76,470.466622581211
727,POPLAR LEVEL RD,24004,,C11,CENTRAL,1,C,0.070191798777559128,Yes,0.0701918,26.76,303.979716896621
728,POPLAR LEVEL RD,24009,,C11,CENTRAL,1,C,0.064301697031094,Yes,0.0643017,26.76,278.47404755517
729,POPLAR LEVEL RD,33335,,C11,CENTRAL,1,C,0.087449780484472078,Yes,0.08744978,26.76,378.718747103721
730,POPLAR LEVEL RD,10905,,C11,CENTRAL,1,C,0.041713536504513,Yes,0.04171354,26.76,180.648853361422
731,POPLAR LEVEL RD,30109,,C11,CENTRAL,1,C,0.05340829252334942,Yes,0.05340829,26.76,231.295354471291
732,POPLAR LEVEL RD,10900,,C11,CENTRAL,1,C,0.0433509817376015,Yes,0.04335098,26.76,187.739991760546
733,FERN VALLEY RD,13833,,C11,CENTRAL,1,C,0.19187564329669357,Yes,0.19187564,26.76,553.970367263839
734,FERN VALLEY RD,13835,,C11,CENTRAL,1,C,0.415698178935957,Yes,0.41569818,26.76,1800.26404321676
735,FERN VALLEY RD,33625,,C11,CENTRAL,1,C,0.1106733854250228,Yes,0.11067339,26.76,479.293348605062
736,FERN VALLEY RD,40417,,C11,CENTRAL,1,C,0.190984642001583,Yes,0.19098464,26.76,551.398084777748
737,POPLAR LEVEL RD,10928,,C11,CENTRAL,1,C,0.3250006976507426,Yes,0.3250007,26.76,1408.28592879426
738,FERN VALLEY RD,26366,,C11,CENTRAL,1,C,0.2893710779787834,Yes,0.28937108,26.76,2506.35854514372
739,FERN VALLEY RD,34457,,C11,CENTRAL,1,C,0.3359435484500567,Yes,0.33594355,26.76,969.913684339414
740,POPLAR LEVEL RD,10918,,C11,CENTRAL,1,C,0.3239745096671615,Yes,0.32397451,26.76,1403.47105855469
741,POPLAR LEVEL RD,10929,,C11,CENTRAL,1,C,0.2816292987608405,Yes,0.2816293,26.76,1219.65213446358
742,FERN VALLEY RD,26410,,C11,CENTRAL,1,C,0.46479011868097558,Yes,0.46479012,26.76,2012.86665217591
743,FERN VALLEY RD,36408,,C11,CENTRAL,1,C,0.19753920880871678,Yes,0.19753921,26.76,855.482793882292
744,FERN VALLEY RD,32230,,C11,CENTRAL,1,C,0.32486773979933986,Yes,0.32486774,26.76,937.936706328153
745,FERN VALLEY RD,26372,,C11,CENTRAL,1,C,0.1245810818842808,Yes,0.12458108,26.76,359.682236289332
746,FERN VALLEY RD,13834,,C11,CENTRAL,1,C,0.4044559078435517,Yes,0.40445591,26.76,1752.51935585907
747,POPLAR LEVEL RD,9713,,C11,CENTRAL,1,C,0.37588740554851485,Yes,0.37588741,26.76,1628.11759166832
748,POPLAR LEVEL RD,25969,,C11,CENTRAL,1,C,0.08933561737267469,Yes,0.08933562,26.76,386.885809738529
749,POPLAR LEVEL RD,23770,,C11,CENTRAL,1,C,0.0622529305215116,Yes,0.06225293,26.76,269.598712341055
750,POPLAR LEVEL RD,23913,,C11,CENTRAL,1,C,0.107849871812351,Yes,0.10784987,26.76,467.065497638615
751,POPLAR LEVEL RD,25968,,C11,CENTRAL,1,C,0.051398404570937917,Yes,0.0513984,26.76,222.591229895025
752,POPLAR LEVEL RD,41736,,C11,CENTRAL,1,C,0.071910133769362727,Yes,0.07191013,26.76,311.421066257069
753,BRECKENRIDGE LN,13696,,C12,CENTRAL,1,C,0.08751159305994932,Yes,0.08751159,22.35,378.986556457113
754,BRECKENRIDGE LN,31591,,C12,CENTRAL,1,C,0.2719553982194196,Yes,0.2719554,22.35,1177.75721125521
755,BRECKENRIDGE LN,8642,,C12,CENTRAL,1,C,0.21143885302856535,Yes,0.21143885,22.35,915.678381090878
756,BRECKENRIDGE LN,13700,,C12,CENTRAL,1,C,0.079279686685153866,Yes,0.07927969,22.35,343.336545891655
757,CHENOWETH LN,2823,,C12,CENTRAL,1,C,0.008980222415051451,Yes,0.00898022,22.35,77.7813858612295
758,BRECKENRIDGE LN,13699,,C12,CENTRAL,1,C,0.084051550850007276,Yes,0.08405155,22.35,364.002125595778
759,CHENOWETH LN,3023,,C12,CENTRAL,1,C,0.017988634776308368,Yes,0.01798863,22.35,155.806620927995
760,BRECKENRIDGE LN,8636,,C12,CENTRAL,1,C,0.4045524130439938,Yes,0.40455241,22.35,1751.99498737609
761,BRECKENRIDGE LN,8623,,C12,CENTRAL,1,C,0.04047949490539566,Yes,0.04047949,22.35,350.609086944633
762,BRECKENRIDGE LN,13830,,C12,CENTRAL,1,C,0.16872947366487337,Yes,0.16872947,22.35,730.716941090217
763,BRECKENRIDGE LN,8625,,C12,CENTRAL,1,C,0.0382582013870336,Yes,0.0382582,22.35,331.369670025121
764,BRECKENRIDGE LN,13701,,C12,CENTRAL,1,C,0.23189867814559215,Yes,0.23189868,22.35,1004.28344688998
765,CHENOWETH LN,3252,,C12,CENTRAL,1,C,0.0361193512441547,Yes,0.03611935,22.35,312.844044899263
766,BRECKENRIDGE LN,31590,,C12,CENTRAL,1,C,0.26799746231456867,Yes,0.26799746,22.35,1160.61674183181
767,BRECKENRIDGE LN,8619,,C12,CENTRAL,1,C,0.04203323267155517,Yes,0.04203323,22.35,364.066789614213
768,BRECKENRIDGE LN,13832,,C12,CENTRAL,1,C,0.1576639271134942,Yes,0.15766393,22.35,682.794929628628
769,BRECKENRIDGE LN,8616,,C12,CENTRAL,1,C,0.04590944006814355,Yes,0.04590944,22.35,397.639723872707
770,BRECKENRIDGE LN,8615,,C12,CENTRAL,1,C,0.0460616483728245,Yes,0.04606165,22.35,398.958665490941
771,CHENOWETH LN,2774,,C12,CENTRAL,1,C,0.03983120181509553,Yes,0.0398312,22.35,344.993940300401
772,BRECKENRIDGE LN,8614,,C12,CENTRAL,1,C,0.04646267308824975,Yes,0.04646267,22.35,402.431548080695
773,CHENOWETH LN,3046,,C12,CENTRAL,1,C,0.029393062900750878,Yes,0.02939306,22.35,254.585270894154
774,BRECKENRIDGE LN,38445,,C12,CENTRAL,1,C,0.1000301744343205,Yes,0.10003017,22.35,433.200560921648
775,BRECKENRIDGE LN,8713,,C12,CENTRAL,1,C,0.21461009393865726,Yes,0.21461009,22.35,929.411728951787
776,BRECKENRIDGE LN,13697,,C12,CENTRAL,1,C,0.039207244482945776,Yes,0.03920724,22.35,169.794580702216
777,BRECKENRIDGE LN,8629,,C12,CENTRAL,1,C,0.1112511616550308,Yes,0.11125116,22.35,385.436292648933
778,BRECKENRIDGE LN,8618,,C12,CENTRAL,1,C,0.042294404512698627,Yes,0.0422944,22.35,366.328886282532
779,CHENOWETH LN,2735,,C12,CENTRAL,1,C,0.04465488471916646,Yes,0.04465488,22.35,386.774022726917
780,BRECKENRIDGE LN,8613,,C12,CENTRAL,1,C,0.072411280029127417,Yes,0.07241128,22.35,627.183197082995
781,CHENOWETH LN,3211,,C12,CENTRAL,1,C,0.064770712439545,Yes,0.06477071,22.35,561.005074621935
782,BRECKENRIDGE LN,8620,,C12,CENTRAL,1,C,0.0437531607480875,Yes,0.04375316,22.35,378.963433957107
783,BRECKENRIDGE LN,13698,,C12,CENTRAL,1,C,0.132433235001711,Yes,0.13243324,22.35,573.528767816545
784,BRECKENRIDGE LN,8621,,C12,CENTRAL,1,C,0.0883950463030325,Yes,0.08839505,22.35,765.624970956122
785,BRECKENRIDGE LN,8624,,C12,CENTRAL,1,C,0.03466033909659078,Yes,0.03466034,22.35,300.207070463455
786,BRECKENRIDGE LN,8628,,C12,CENTRAL,1,C,0.083226830091683968,Yes,0.08322683,22.35,360.430390829702
787,BRECKENRIDGE LN,8641,,C12,CENTRAL,1,C,0.2423035796563976,Yes,0.24230358,22.35,1049.34416035037
788,CHENOWETH LN,2972,,C12,CENTRAL,1,C,0.0102526579356512,Yes,0.01025266,22.35,88.8020973851406
789,BRECKENRIDGE LN,8643,,C12,CENTRAL,1,C,0.25328190516638388,Yes,0.25328191,22.35,1096.88782929944
790,BRECKENRIDGE LN,13831,,C12,CENTRAL,1,C,0.11218227337111385,Yes,0.11218227,22.35,485.827761529232
791,CHENOWETH LN,2921,,C12,CENTRAL,1,C,0.063960576351235768,Yes,0.06396058,22.35,553.988095323096
792,BRECKENRIDGE LN,8622,,C12,CENTRAL,1,C,0.0826294082960824,Yes,0.08262941,22.35,715.686277474254
793,CHENOWETH LN,3008,,C12,CENTRAL,1,C,0.0331333505785475,Yes,0.03313335,22.35,286.981359640744
794,BRECKENRIDGE LN,13829,,C12,CENTRAL,1,C,0.03824533040065845,Yes,0.03824533,22.35,165.629029649093
795,BRECKENRIDGE LN,13702,,C12,CENTRAL,1,C,0.081724676836885557,Yes,0.08172468,22.35,353.92518957048
796,CHENOWETH LN,2806,,C12,CENTRAL,1,C,0.029203677661362067,Yes,0.02920368,22.35,252.944743463342
797,CHENOWETH LN,2961,,C12,CENTRAL,1,C,0.04164920797643619,Yes,0.04164921,22.35,360.740728478815
798,CHENOWETH LN,2857,,C12,CENTRAL,1,C,0.04011915549389524,Yes,0.04011916,22.35,347.487838248628
799,BRECKENRIDGE LN,8617,,C12,CENTRAL,1,C,0.043604785850134727,Yes,0.04360479,22.35,377.678517392769
800,CHENOWETH LN,3120,,C12,CENTRAL,1,C,0.030952312209147785,Yes,0.03095231,22.35,268.090527510065
801,CHENOWETH LN,3065,,C12,CENTRAL,1,C,0.016532349429482458,Yes,0.01653235,22.35,143.193127350137
802,CHENOWETH LN,2696,,C12,CENTRAL,1,C,0.06845333013896364,Yes,0.06845333,22.35,592.901500839554
803,CHENOWETH LN,3313,,C12,CENTRAL,1,C,0.05566575698899079,Yes,0.05566576,22.35,482.143290046593
804,BRECKENRIDGE LN,8637,,C12,CENTRAL,1,C,0.09620998723147775,Yes,0.09620999,22.35,833.313326741981
805,CHENOWETH LN,3329,,C12,CENTRAL,1,C,0.013154396086193385,Yes,0.0131544,22.35,113.935498645341
806,BRECKENRIDGE LN,29977,,C12,CENTRAL,1,C,0.0873167996866426,Yes,0.0873168,22.35,756.28574998359
807,BRECKENRIDGE LN,8638,,C12,CENTRAL,1,C,0.199067050673976,Yes,0.19906705,22.35,862.099560802194
808,BRECKENRIDGE LN,8639,,C12,CENTRAL,1,C,0.2566127406396996,Yes,0.25661274,22.35,1111.48269948532
809,BRECKENRIDGE LN,8630,,C12,CENTRAL,1,C,0.14841535685905388,Yes,0.14841536,22.35,514.193811000647
810,BRECKENRIDGE LN,8640,,C12,CENTRAL,1,C,0.1735158070752168,Yes,0.17351581,22.35,751.444914629982
811,BRECKENRIDGE LN,8633,,C12,CENTRAL,1,C,0.05410111608250635,Yes,0.05410112,22.35,234.295521940908
812,BRECKENRIDGE LN,8632,,C12,CENTRAL,1,C,0.1667061803156127,Yes,0.16670618,22.35,721.954391236652
813,BRECKENRIDGE LN,8631,,C12,CENTRAL,1,C,0.174492334849255,Yes,0.17449233,22.35,335.855199339873
814,BRECKENRIDGE LN,8634,,C12,CENTRAL,1,C,0.1180914863178828,Yes,0.11809149,22.35,511.418922842424
815,BRECKENRIDGE LN,8626,,C12,CENTRAL,1,C,0.035842964075472147,Yes,0.03584296,22.35,310.450189052628
816,BRECKENRIDGE LN,8627,,C12,CENTRAL,1,C,0.026307683348443,Yes,0.02630768,22.35,227.861478971124
817,BRECKENRIDGE LN,8664,,C12,CENTRAL,1,C,0.09706885510844626,Yes,0.09706886,22.35,420.376161886486
818,BRECKENRIDGE LN,8663,,C12,CENTRAL,1,C,0.29186560427253,Yes,0.2918656,22.35,1263.98251944306
819,MANNER GATE DR,5223,,C12,CENTRAL,2,C,0,No,0,22.35,279.376567667348
820,EASTSIDE DR,5246,,C12,CENTRAL,3,C,0,No,0,22.35,485.474760262544
821,EASTSIDE DR,5255,,C12,CENTRAL,3,C,0,No,0,22.35,404.138616905249
822,SHEPHERDSVILLE RD,13373,,C13,CENTRAL,1,C,0.0790360460575805,Yes,0.07903605,15.28,342.281319624468
823,SHEPHERDSVILLE RD,13375,,C13,CENTRAL,1,C,0.1029779871164287,Yes,0.10297799,15.28,445.966726395812
824,SHEPHERDSVILLE RD,9756,,C13,CENTRAL,1,C,0.01005404448565288,Yes,0.01005404,15.28,43.5409738780611
825,SHEPHERDSVILLE RD,31312,,C13,CENTRAL,1,C,0.074900388838577026,Yes,0.07490039,15.28,324.37111743582
826,SHEPHERDSVILLE RD,31311,,C13,CENTRAL,1,C,0.0993342873144741,Yes,0.09933429,15.28,430.186947935015
827,SHEPHERDSVILLE RD,13369,,C13,CENTRAL,1,C,0.064851627889935565,Yes,0.06485163,15.28,280.852847927634
828,SHEPHERDSVILLE RD,13371,,C13,CENTRAL,1,C,0.1021758981930468,Yes,0.1021759,15.28,442.493451097294
829,SHEPHERDSVILLE RD,29954,,C13,CENTRAL,1,C,0.052053310321378,Yes,0.05205331,15.28,225.427432807555
830,SHEPHERDSVILLE RD,10575,,C13,CENTRAL,1,C,0.07178714273639526,Yes,0.07178714,15.28,310.888607029463
831,SHEPHERDSVILLE RD,9782,,C13,CENTRAL,1,C,0.070305964889335867,Yes,0.07030596,15.28,304.474194729619
832,SHEPHERDSVILLE RD,10840,,C13,CENTRAL,1,C,0.584509888095373,Yes,0.58450989,15.28,2531.33718419193
833,SHEPHERDSVILLE RD,10386,,C13,CENTRAL,1,C,0.593795378821436,Yes,0.59379538,15.28,2571.5498487909
834,SHEPHERDSVILLE RD,10032,,C13,CENTRAL,1,C,0.083023946747688787,Yes,0.08302395,15.28,359.665482201472
835,SHEPHERDSVILLE RD,9981,,C13,CENTRAL,1,C,0.375505568307487,Yes,0.37550557,15.28,1626.29200281089
836,SHEPHERDSVILLE RD,9751,,C13,CENTRAL,1,C,0.05638675044774513,Yes,0.05638675,15.28,244.274995909825
837,SHEPHERDSVILLE RD,11215,,C13,CENTRAL,1,C,0.1528502296181581,Yes,0.15285023,15.28,661.948403183029
838,SHEPHERDSVILLE RD,11122,,C13,CENTRAL,1,C,0.062696102267099388,Yes,0.0626961,15.28,271.518144032885
839,SHEPHERDSVILLE RD,10465,,C13,CENTRAL,1,C,0.1668507774835877,Yes,0.16685078,15.28,722.580469736276
840,SHEPHERDSVILLE RD,10114,,C13,CENTRAL,1,C,0.10869880554107816,Yes,0.10869881,15.28,941.542085020123
841,SHEPHERDSVILLE RD,10536,,C13,CENTRAL,1,C,0.14493066201345858,Yes,0.14493066,15.28,627.651408280828
842,SHEPHERDSVILLE RD,10685,,C13,CENTRAL,1,C,0.24227189927721965,Yes,0.2422719,15.28,1049.20673553723
843,SHEPHERDSVILLE RD,11087,,C13,CENTRAL,1,C,0.0549223240800114,Yes,0.05492232,15.28,237.852175156256
844,SHEPHERDSVILLE RD,10908,,C13,CENTRAL,1,C,0.367326408804195,Yes,0.36732641,15.28,1590.78030701318
845,SHEPHERDSVILLE RD,10926,,C13,CENTRAL,1,C,0.09790949781864347,Yes,0.0979095,15.28,424.016626667664
846,SHEPHERDSVILLE RD,40425,,C13,CENTRAL,1,C,0.0951376762122144,Yes,0.09513768,15.28,329.6100900286
847,SHEPHERDSVILLE RD,9717,,C13,CENTRAL,1,C,0.086329940746174,Yes,0.08632994,15.28,373.869185064275
848,SHEPHERDSVILLE RD,11050,,C13,CENTRAL,1,C,0.1537903363451671,Yes,0.15379034,15.28,666.019748704243
849,SHEPHERDSVILLE RD,9715,,C13,CENTRAL,1,C,0.222324927149645,Yes,0.22232493,15.28,962.822746024443
850,SHEPHERDSVILLE RD,10987,,C13,CENTRAL,1,C,0.054329947020385357,Yes,0.05432995,15.28,235.286516059019
851,SHEPHERDSVILLE RD,5663,,C13,CENTRAL,1,C,0.13537527559662185,Yes,0.13537528,15.28,586.477632408759
852,BEULAH CHURCH RD,11631,,C14,CENTRAL,1,C,0.1008749704888944,Yes,0.10087497,20.03,873.718583029339
853,FEGENBUSH LN,13863,,C14,CENTRAL,1,C,0.086507432254481736,Yes,0.08650743,20.03,749.275405341163
854,BEULAH CHURCH RD,12747,,C14,CENTRAL,1,C,0.1277168737625571,Yes,0.12771687,20.03,1106.20691469378
855,BEULAH CHURCH RD,30853,,C14,CENTRAL,1,C,0.05906539015552261,Yes,0.05906539,20.03,511.588886216976
856,BEULAH CHURCH RD,11338,,C14,CENTRAL,1,C,0.02038220865790557,Yes,0.02038221,20.03,176.538450777885
857,BEULAH CHURCH RD,11591,,C14,CENTRAL,1,C,0.022791242539081477,Yes,0.02279124,20.03,197.40406474353
858,BEULAH CHURCH RD,40187,,C14,CENTRAL,1,C,0.049641444793330568,Yes,0.04964144,20.03,429.964442596693
859,BEULAH CHURCH RD,11632,,C14,CENTRAL,1,C,0.03552396634293142,Yes,0.03552397,20.03,307.687206387984
860,BEULAH CHURCH RD,12739,,C14,CENTRAL,1,C,0.134654205804458,Yes,0.13465421,20.03,1166.29395086801
861,BEULAH CHURCH RD,30854,,C14,CENTRAL,1,C,0.02412128495996586,Yes,0.02412128,20.03,208.924185472908
862,BEULAH CHURCH RD,36678,,C14,CENTRAL,1,C,0.030203487979089366,Yes,0.03020349,20.03,261.604472737471
863,BEULAH CHURCH RD,11617,,C14,CENTRAL,1,C,0.04672351810527247,Yes,0.04672352,20.03,404.792264063846
864,BEULAH CHURCH RD,11597,,C14,CENTRAL,1,C,0.0585388358813478,Yes,0.05853884,20.03,507.02832802645
865,BEULAH CHURCH RD,31246,,C14,CENTRAL,1,C,0.0350601143301368,Yes,0.03506011,20.03,303.669686636456
866,BEULAH CHURCH RD,31247,,C14,CENTRAL,1,C,0.0544199787414547,Yes,0.05441998,20.03,471.353186048347
867,BEULAH CHURCH RD,11628,,C14,CENTRAL,1,C,0.02501529297037125,Yes,0.02501529,20.03,216.712932407577
868,FERNDALE RD,10968,,C14,CENTRAL,2,C,0,No,0,20.03,1604.36729695041
869,FERN CREEK RD,11317,,C14,CENTRAL,2,C,0,No,0,20.03,725.720284185742
870,S WATTERSON TRL,10562,,C14,CENTRAL,2,C,0,No,0,20.03,317.739151967357
871,S WATTERSON TRL,9700,,C14,CENTRAL,2,C,0,No,0,20.03,1091.51075899487
872,GLASER LN,11532,,C14,CENTRAL,2,C,0,No,0,20.03,360.222384585203
873,S WATTERSON TRL,10795,,C14,CENTRAL,2,C,0,No,0,20.03,2337.63991342402
874,S WATTERSON TRL,11594,,C14,CENTRAL,2,C,0,No,0,20.03,2194.70047339703
875,S WATTERSON TRL,11274,,C14,CENTRAL,2,C,0,No,0,20.03,311.998138970847
876,FERNDALE RD,10958,,C14,CENTRAL,2,C,0,No,0,20.03,401.628293781298
877,FERNDALE RD,10961,,C14,CENTRAL,2,C,0,No,0,20.03,521.870589370583
878,GLASER LN,11550,,C14,CENTRAL,2,C,0,No,0,20.03,2876.96279866103
879,FERNDALE RD,10967,,C14,CENTRAL,2,C,0,No,0,20.03,1501.10234097221
880,FERN CREEK RD,33178,,C14,CENTRAL,2,C,0,No,0,20.03,1412.35302057485
881,FERN CREEK RD,11223,,C14,CENTRAL,2,C,0,No,0,20.03,872.390065598776
882,FERNDALE RD,39023,,C14,CENTRAL,2,C,0,No,0,20.03,482.939696047367
883,FERNDALE RD,10960,,C14,CENTRAL,2,C,0,No,0,20.03,900.140832621199
884,S WATTERSON TRL,11455,,C14,CENTRAL,2,C,0,No,0,20.03,1306.73073111934
885,S WATTERSON TRL,31722,,C14,CENTRAL,2,C,0,No,0,20.03,3319.97705238171
886,FERN CREEK RD,13095,,C14,CENTRAL,2,C,0,No,0,20.03,976.107249855471
887,S WATTERSON TRL,31723,,C14,CENTRAL,2,C,0,No,0,20.03,812.785352079251
888,S WATTERSON TRL,10801,,C14,CENTRAL,2,C,0,No,0,20.03,202.473630421026
889,GLASER LN,11575,,C14,CENTRAL,2,C,0,No,0,20.03,682.529344322173
890,S WATTERSON TRL,10620,,C14,CENTRAL,2,C,0,No,0,20.03,563.172552245459
891,S WATTERSON TRL,11230,,C14,CENTRAL,2,C,0,No,0,20.03,769.301613166702
892,GLASER LN,11515,,C14,CENTRAL,2,C,0,No,0,20.03,1009.80068550578
893,GLASER LN,11469,,C14,CENTRAL,2,C,0,No,0,20.03,918.333475879239
894,FERNDALE RD,10950,,C14,CENTRAL,2,C,0,No,0,20.03,507.620376156299
895,S WATTERSON TRL,13490,,C14,CENTRAL,2,C,0,No,0,20.03,414.628691249071
896,FERNDALE RD,10963,,C14,CENTRAL,2,C,0,No,0,20.03,581.901041894421
897,S WATTERSON TRL,13512,,C14,CENTRAL,2,C,0,No,0,20.03,829.99674803161
898,S WATTERSON TRL,13498,,C14,CENTRAL,2,C,0,No,0,20.03,648.719527472095
899,S WATTERSON TRL,11127,,C14,CENTRAL,2,C,0,No,0,20.03,695.890436567669
900,S WATTERSON TRL,11026,,C14,CENTRAL,2,C,0,No,0,20.03,1294.07290241365
901,GLASER LN,41745,,C14,CENTRAL,2,C,0,No,0,20.03,886.280527363595
902,GLASER LN,11470,,C14,CENTRAL,2,C,0,No,0,20.03,175.232968708968
903,GLASER LN,11488,,C14,CENTRAL,2,C,0,No,0,20.03,997.194858301771
904,GLASER LN,11480,,C14,CENTRAL,2,C,0,No,0,20.03,428.360359858691
905,STONE BROOK DR,11593,,C14,CENTRAL,3,C,0,No,0,20.03,426.941021307795
906,HUNTSMAN TRL,11571,,C14,CENTRAL,3,C,0,No,0,20.03,356.500639692644
907,STONE BLUFF RD,10835,,C14,CENTRAL,3,C,0,No,0,20.03,561.924997131931
908,STONE BROOK DR,11618,,C14,CENTRAL,3,C,0,No,0,20.03,343.840458451215
909,FERNDALE RD,13096,,C14,CENTRAL,3,C,0,No,0,20.03,635.637883548429
910,BIG BEN DR,13553,,C14,CENTRAL,3,C,0,No,0,20.03,1260.11526295216
911,OLD BOUNDARY RD,11517,,C14,CENTRAL,3,C,0,No,0,20.03,248.400262349893
912,OLD BOUNDARY RD,11516,,C14,CENTRAL,3,C,0,No,0,20.03,270.819677394503
913,HUNTSMAN TRL,11573,,C14,CENTRAL,3,C,0,No,0,20.03,449.706687119602
914,CABIN HILL RD,11545,,C14,CENTRAL,3,C,0,No,0,20.03,666.756766425994
915,CABIN HILL RD,11561,,C14,CENTRAL,3,C,0,No,0,20.03,611.599194455219
916,OLD BOUNDARY RD,11513,,C14,CENTRAL,3,C,0,No,0,20.03,385.081300979498
917,OLD BOUNDARY RD,11514,,C14,CENTRAL,3,C,0,No,0,20.03,387.635091235005
918,CABIN HILL RD,11560,,C14,CENTRAL,3,C,0,No,0,20.03,314.520034539236
919,OLD BOUNDARY RD,11522,,C14,CENTRAL,3,C,0,No,0,20.03,476.170852132343
920,HUNTSMAN TRL,11557,,C14,CENTRAL,3,C,0,No,0,20.03,520.41408222254
921,OLD HEADY RD,14020,,C15,CENTRAL,2,C,0,No,0,20.9,422.768086027594
922,EASUM RD,13233,,C15,CENTRAL,2,C,0,No,0,20.9,1330.56906490372
923,FERN CREEK RD,13493,,C15,CENTRAL,2,C,0,No,0,20.9,118.881362909582
924,GELLHAUS LN,37203,,C15,CENTRAL,2,C,0,No,0,20.9,639.784722067378
925,GELLHAUS LN,13255,,C15,CENTRAL,2,C,0,No,0,20.9,1055.40531031748
926,FERN CREEK RD,13545,,C15,CENTRAL,2,C,0,No,0,20.9,904.47960546242
927,EASUM RD,13634,,C15,CENTRAL,2,C,0,No,0,20.9,1289.51355671595
928,OLD HEADY RD,14021,,C15,CENTRAL,2,C,0,No,0,20.9,1299.80034334869
929,EASUM RD,13229,,C15,CENTRAL,2,C,0,No,0,20.9,528.142960724688
930,OLD HEADY RD,32390,,C15,CENTRAL,2,C,0,No,0,20.9,713.076233838191
931,OLD HEADY RD,30104,,C15,CENTRAL,2,C,0,No,0,20.9,720.187186663567
932,EASUM RD,31669,,C15,CENTRAL,2,C,0,No,0,20.9,377.620488647213
933,GELLHAUS LN,37188,,C15,CENTRAL,2,C,0,No,0,20.9,2468.77123189778
934,CHENOWETH RUN RD,10922,,C15,CENTRAL,2,C,0,No,0,20.9,3823.47018958305
935,GELLHAUS LN,34284,,C15,CENTRAL,2,C,0,No,0,20.9,500.317283689081
936,OLD HEADY RD,32229,,C15,CENTRAL,2,C,0,No,0,20.9,1054.5047858272
937,EASUM RD,31668,,C15,CENTRAL,2,C,0,No,0,20.9,384.723001204003
938,FERN CREEK RD,13550,,C15,CENTRAL,2,C,0,No,0,20.9,753.276239244158
939,FERN CREEK RD,13500,,C15,CENTRAL,2,C,0,No,0,20.9,373.060943035691
940,EASUM RD,13633,,C15,CENTRAL,2,C,0,No,0,20.9,1614.70677704179
941,EASUM RD,13628,,C15,CENTRAL,2,C,0,No,0,20.9,928.242439790235
942,FERN CREEK RD,13021,,C15,CENTRAL,2,C,0,No,0,20.9,1904.85980668323
943,EASUM RD,35916,,C15,CENTRAL,2,C,0,No,0,20.9,1638.20407328103
944,EASUM RD,12966,,C15,CENTRAL,2,C,0,No,0,20.9,1057.59341159575
945,EASUM RD,13636,,C15,CENTRAL,2,C,0,No,0,20.9,1037.76961587704
946,OLD HEADY RD,14019,,C15,CENTRAL,2,C,0,No,0,20.9,616.661916838583
947,FERN CREEK RD,13497,,C15,CENTRAL,2,C,0,No,0,20.9,154.563354748228
948,OLD HEADY RD,14018,,C15,CENTRAL,2,C,0,No,0,20.9,1015.33510650143
949,FERN CREEK RD,33730,,C15,CENTRAL,2,C,0,No,0,20.9,906.996051781954
950,FERN CREEK RD,31100,,C15,CENTRAL,2,C,0,No,0,20.9,569.072622262528
951,OLD HEADY RD,9663,,C15,CENTRAL,2,C,0,No,0,20.9,2150.67785773003
952,OLD HEADY RD,9664,,C15,CENTRAL,2,C,0,No,0,20.9,1173.13313055811
953,EASUM RD,10870,,C15,CENTRAL,2,C,0,No,0,20.9,2130.493521058
954,FERN CREEK RD,10952,,C15,CENTRAL,2,C,0,No,0,20.9,435.763493949981
955,CHENOWETH RUN RD,30110,,C15,CENTRAL,2,C,0,No,0,20.9,6619.78970898727
956,OLD HEADY RD,34256,,C15,CENTRAL,2,C,0,No,0,20.9,1421.0873889323
957,OLD HEADY RD,39455,,C15,CENTRAL,2,C,0,No,0,20.9,2300.3210735451
958,KENTUCKY AVE,13491,,C15,CENTRAL,3,C,0,No,0,20.9,205.851503698572
959,OLD HEADY RD,9665,,C15,CENTRAL,3,C,0,No,0,20.9,4388.27177964918
960,WOODED LAKE DR,10883,,C15,CENTRAL,3,C,0,No,0,20.9,183.263878040259
961,WOODED LAKE DR,13635,,C15,CENTRAL,3,C,0,No,0,20.9,261.315023184531
962,JEFFERSON AVE,13548,,C15,CENTRAL,3,C,0,No,0,20.9,989.138315713217
963,WOODED LAKE DR,10856,,C15,CENTRAL,3,C,0,No,0,20.9,233.408182210782
964,WOODED LAKE DR,10886,,C15,CENTRAL,3,C,0,No,0,20.9,393.909385090337
965,KENTUCKY AVE,13546,,C15,CENTRAL,3,C,0,No,0,20.9,971.544947628182
966,WOODED LAKE DR,10887,,C15,CENTRAL,3,C,0,No,0,20.9,673.109366474221
967,WOODED LAKE DR,10871,,C15,CENTRAL,3,C,0,No,0,20.9,328.518974603126
968,CANNONS LN,3769,,C16,CENTRAL,1,C,0.0095685698280768977,Yes,0.00956857,27.27,82.877254051172
969,CANNONS LN,3673,,C16,CENTRAL,1,C,0.045521638430602418,Yes,0.04552164,27.27,394.28086442937
970,CANNONS LN,7093,,C16,CENTRAL,1,C,0.031259429407728925,Yes,0.03125943,27.27,270.750564928703
971,DUTCHMANS LN,8995,,C16,CENTRAL,1,C,0.082909660702704,Yes,0.08290966,27.27,359.05680117549
972,CANNONS LN,8658,,C16,CENTRAL,1,C,0.230191426253716,Yes,0.23019143,27.27,996.889774067075
973,CANNONS LN,7124,,C16,CENTRAL,1,C,0.057601008167031016,Yes,0.05760101,27.27,498.905628728252
974,CANNONS LN,3641,,C16,CENTRAL,1,C,0.0407204338662268,Yes,0.04072043,27.27,352.696221981467
975,CANNONS LN,7083,,C16,CENTRAL,1,C,0.08138157202715583,Yes,0.08138157,27.27,704.878444814874
976,DUTCHMANS LN,8991,,C16,CENTRAL,1,C,0,No,0,27.27,645.227664556147
977,DUTCHMANS LN,8994,,C16,CENTRAL,1,C,0.2251401754069815,Yes,0.22514018,27.27,975.014667352091
978,CANNONS LN,3705,,C16,CENTRAL,1,C,0.04610438942300132,Yes,0.04610439,27.27,399.328626859926
979,CANNONS LN,7114,,C16,CENTRAL,1,C,0.1081011599660377,Yes,0.10810116,27.27,936.307118793706
980,DUTCHMANS LN,9327,,C16,CENTRAL,1,C,0,No,0,27.27,954.918330289818
981,CANNONS LN,3739,,C16,CENTRAL,1,C,0.04384158859895542,Yes,0.04384159,27.27,379.729563719077
982,CANNONS LN,3756,,C16,CENTRAL,1,C,0.036999461532856867,Yes,0.03699946,27.27,320.467152743883
983,CANNONS LN,4030,,C16,CENTRAL,1,C,0.11349487767533346,Yes,0.11349488,27.27,491.512199789839
984,CANNONS LN,3923,,C16,CENTRAL,1,C,0.061506312539171416,Yes,0.06150631,27.27,266.365159229886
985,DUTCHMANS LN,8999,,C16,CENTRAL,1,C,0,No,0,27.27,597.529999190815
986,CANNONS LN,3643,,C16,CENTRAL,1,C,0.007594927750750986,Yes,0.00759493,27.27,65.7826974306314
987,DUTCHMANS LN,8993,,C16,CENTRAL,1,C,0.087232222392963576,Yes,0.08723222,27.27,377.776619737491
988,CANNONS LN,3619,,C16,CENTRAL,1,C,0.07257320663389846,Yes,0.07257321,27.27,628.585366119829
989,DUTCHMANS LN,8990,,C16,CENTRAL,1,C,0.2167187172379917,Yes,0.21671872,27.27,938.543710491601
990,CANNONS LN,3991,,C16,CENTRAL,1,C,0.16910402686034315,Yes,0.16910403,27.27,732.33897701067
991,CANNONS LN,3944,,C16,CENTRAL,1,C,0.078078648557193958,Yes,0.07807865,27.27,338.274334981082
992,DUTCHMANS PKY,8653,,C16,CENTRAL,1,C,0,No,0,27.27,1265.82865005398
993,CANNONS LN,4173,,C16,CENTRAL,1,C,0.4436286000458212,Yes,0.4436286,27.27,1921.22225393266
994,DUTCHMANS LN,33587,,C16,CENTRAL,1,C,0,No,0,27.27,275.593336724235
995,CANNONS LN,4201,,C16,CENTRAL,1,C,0.08034336095879983,Yes,0.08034336,27.27,347.943238759066
996,CANNONS LN,7129,,C16,CENTRAL,1,C,0.034445544862800645,Yes,0.03444554,27.27,298.346648474974
997,CANNONS LN,3897,,C16,CENTRAL,1,C,0.1582079009053257,Yes,0.1582079,27.27,1370.61534643974
998,DUTCHMANS LN,8997,,C16,CENTRAL,1,C,0,No,0,27.27,546.659126139632
999,WINCHESTER RD,3791,,C16,CENTRAL,2,C,0,No,0,27.27,603.62410087037
1000,WINCHESTER RD,3725,,C16,CENTRAL,2,C,0,No,0,27.27,352.215311856616
1001,PEE WEE REESE RD,3757,,C16,CENTRAL,2,C,0,No,0,27.27,3241.60535768421
1002,WINCHESTER RD,3896,,C16,CENTRAL,2,C,0,No,0,27.27,579.07805736882
1003,PEE WEE REESE RD,29836,,C16,CENTRAL,2,C,0,No,0,27.27,2545.32969659764
1004,PEE WEE REESE RD,4217,,C16,CENTRAL,2,C,0,No,0,27.27,463.29709316038
1005,PEE WEE REESE RD,4402,,C16,CENTRAL,2,C,0,No,0,27.27,2015.45187906837
1006,WINCHESTER RD,3749,,C16,CENTRAL,2,C,0,No,0,27.27,778.786999750112
1007,PEE WEE REESE RD,3779,,C16,CENTRAL,2,C,0,No,0,27.27,251.845622838778
1008,WINCHESTER RD,3825,,C16,CENTRAL,2,C,0,No,0,27.27,790.331357268944
1009,WINCHESTER RD,3874,,C16,CENTRAL,2,C,0,No,0,27.27,775.532317388555
1010,PEE WEE REESE RD,29825,,C16,CENTRAL,2,C,0,No,0,27.27,846.413865324951
1011,PEE WEE REESE RD,29823,,C16,CENTRAL,2,C,0,No,0,27.27,2024.1492040531
1012,OLD CANNONS LN,3785,,C16,CENTRAL,3,C,0,No,0,27.27,337.483884599046
1013,WINCHESTER RD,7196,,C16,CENTRAL,3,C,0,No,0,27.27,320.874889347257
1014,CHAMBERRY DR,3794,,C16,CENTRAL,3,C,0,No,0,27.27,1182.57812149942
1015,OLD CANNONS LN,3819,,C16,CENTRAL,3,C,0,No,0,27.27,173.441479526417
1016,WINCHESTER RD,7193,,C16,CENTRAL,3,C,0,No,0,27.27,179.078071276973
1017,WINCHESTER RD,7198,,C16,CENTRAL,3,C,0,No,0,27.27,318.200289265993
1018,TREVILIAN WAY,4182,,C16,CENTRAL,3,C,0,No,0,27.27,453.930328983055
1019,OLD CANNONS LN,4010,,C16,CENTRAL,3,C,0,No,0,27.27,341.094285802787
1020,OLD CANNONS LN,3808,,C16,CENTRAL,3,C,0,No,0,27.27,382.894881515312
1021,DUTCHMANS LN,8992,,C16,CENTRAL,3,C,0,No,0,27.27,2973.0087675136
1022,OLD CANNONS LN,3990,,C16,CENTRAL,3,C,0,No,0,27.27,851.979706139943
1023,WINCHESTER RD,3717,,C16,CENTRAL,3,C,0,No,0,27.27,445.511219048102
1024,OLD CANNONS LN,3833,,C16,CENTRAL,3,C,0,No,0,27.27,257.354279232078
1025,WINCHESTER RD,7200,,C16,CENTRAL,3,C,0,No,0,27.27,305.838531055524
1026,OLD CANNONS LN,3931,,C16,CENTRAL,3,C,0,No,0,27.27,927.156380196969
1027,OLD CANNONS LN,3793,,C16,CENTRAL,3,C,0,No,0,27.27,82.5993102607445
1028,WINCHESTER RD,7205,,C16,CENTRAL,3,C,0,No,0,27.27,588.85290492671
1029,WINCHESTER RD,7194,,C16,CENTRAL,3,C,0,No,0,27.27,373.417968205375
1030,OLD CANNONS LN,3852,,C16,CENTRAL,3,C,0,No,0,27.27,143.852854665932
1031,CANTERBURY LN,3698,,C16,CENTRAL,3,C,0,No,0,27.27,268.562499285997
1032,WINCHESTER RD,3682,,C16,CENTRAL,3,C,0,No,0,27.27,897.56311782449
1033,CHAMBERRY DR,3689,,C16,CENTRAL,3,C,0,No,0,27.27,324.407184821888
1034,DUTCHMANS LN,8998,,C16,CENTRAL,3,C,0,No,0,27.27,1869.41874965904
1035,WINCHESTER RD,7203,,C16,CENTRAL,3,C,0,No,0,27.27,314.075512859766
1036,CHAMBERRY CIR,41082,,C16,CENTRAL,3,C,0,No,0,27.27,1507.01344013202
1037,CHAMBERRY CIR,3861,,C16,CENTRAL,3,C,0,No,0,27.27,443.296541641428
1038,WINCHESTER RD,7207,,C16,CENTRAL,3,C,0,No,0,27.27,720.130659692963
1039,WINCHESTER RD,7209,,C16,CENTRAL,3,C,0,No,0,27.27,450.010236080878
1040,BEULAH CHURCH RD,11318,,C17,CENTRAL,1,C,0.050302992335822048,Yes,0.05030299,17.64,435.694484155449
1041,BEULAH CHURCH RD,11304,,C17,CENTRAL,1,C,0.078714248721240637,Yes,0.07871425,17.64,681.7755770933
1042,BEULAH CHURCH RD,39978,,C17,CENTRAL,1,C,0.0326486261381205,Yes,0.03264863,17.64,282.782723294083
1043,BEULAH CHURCH RD,11309,,C17,CENTRAL,1,C,0.0214520453097291,Yes,0.02145205,17.64,185.804842282501
1044,BEULAH CHURCH RD,13577,,C17,CENTRAL,1,C,0.1148154402581223,Yes,0.11481544,17.64,994.462415493843
1045,JOHNSON SCHOOL RD,13976,,C17,CENTRAL,2,C,0,No,0,17.64,1523.64744850276
1046,SEATONVILLE RD,11273,,C17,CENTRAL,2,C,0,No,0,17.64,349.855735466867
1047,JOHNSON SCHOOL RD,13979,,C17,CENTRAL,2,C,0,No,0,17.64,1275.8791557827
1048,SEATONVILLE RD,11365,,C17,CENTRAL,2,C,0,No,0,17.64,151.438234604079
1049,JOHNSON SCHOOL RD,33704,,C17,CENTRAL,2,C,0,No,0,17.64,1887.26643919639
1050,JOHNSON SCHOOL RD,13978,,C17,CENTRAL,2,C,0,No,0,17.64,584.19325024711
1051,JOHNSON SCHOOL RD,13977,,C17,CENTRAL,2,C,0,No,0,17.64,1676.97374519833
1052,SEATONVILLE RD,32908,,C17,CENTRAL,2,C,0,No,0,17.64,827.189294052067
1053,SHAFFER LN,40015,,C17,CENTRAL,2,C,0,No,0,17.64,438.727114457395
1054,SHAFFER LN,34089,,C17,CENTRAL,2,C,0,No,0,17.64,539.203924051827
1055,SEATONVILLE RD,13657,,C17,CENTRAL,2,C,0,No,0,17.64,3057.55178571772
1056,SEATONVILLE RD,13659,,C17,CENTRAL,2,C,0,No,0,17.64,98.2490213538208
1057,SEATONVILLE RD,13570,,C17,CENTRAL,2,C,0.0831800302297682,Yes,0.08318003,17.64,720.597661500732
1058,SEATONVILLE RD,11249,,C17,CENTRAL,2,C,0,No,0,17.64,574.502519801099
1059,SHAFFER LN,32949,,C17,CENTRAL,2,C,0,No,0,17.64,707.635521067564
1060,SEATONVILLE RD,13660,,C17,CENTRAL,2,C,0,No,0,17.64,1298.39911479647
1061,SEATONVILLE RD,13572,,C17,CENTRAL,2,C,0,No,0,17.64,951.662677024301
1062,JOHNSON SCHOOL RD,31103,,C17,CENTRAL,2,C,0,No,0,17.64,490.276279484333
1063,SEATONVILLE RD,11356,,C17,CENTRAL,2,C,0,No,0,17.64,540.819806510507
1064,SEATONVILLE RD,11327,,C17,CENTRAL,2,C,0,No,0,17.64,435.903417250097
1065,SEATONVILLE RD,13569,,C17,CENTRAL,2,C,0.07667163434650946,Yes,0.07667163,17.64,664.169265654848
1066,SEATONVILLE RD,11289,,C17,CENTRAL,2,C,0,No,0,17.64,287.627196082989
1067,BRENTLINGER LN,34613,,C17,CENTRAL,2,C,0,No,0,17.64,1424.88442030754
1068,SHAFFER LN,33249,,C17,CENTRAL,2,C,0,No,0,17.64,150.98576551802
1069,SEATONVILLE RD,32054,,C17,CENTRAL,2,C,0.0920131200829213,Yes,0.09201312,17.64,796.962327643417
1070,SHAFFER LN,11474,,C17,CENTRAL,2,C,0,No,0,17.64,1468.94603048638
1071,CEDAR CREEK RD,33661,,C17,CENTRAL,2,C,0,No,0,17.64,1012.88675007078
1072,BRENTLINGER LN,13693,,C17,CENTRAL,2,C,0,No,0,17.64,3183.14288669028
1073,BRENTLINGER LN,30855,,C17,CENTRAL,2,C,0,No,0,17.64,742.762004074814
1074,BRENTLINGER LN,37533,,C17,CENTRAL,2,C,0,No,0,17.64,2387.90655448412
1075,SHAFFER LN,11040,,C17,CENTRAL,2,C,0,No,0,17.64,364.439204565534
1076,BRENTLINGER LN,13694,,C17,CENTRAL,2,C,0,No,0,17.64,1125.35881202704
1077,CEDAR CREEK RD,13906,,C17,CENTRAL,2,C,0,No,0,17.64,1537.18830739499
1078,CEDAR CREEK RD,41037,,C17,CENTRAL,2,C,0,No,0,17.64,752.932936421229
1079,BRENTLINGER LN,39681,,C17,CENTRAL,2,C,0,No,0,17.64,1016.24369958442
1080,SEATONVILLE RD,13661,,C17,CENTRAL,2,C,0,No,0,17.64,1356.11344961553
1081,CEDAR CREEK RD,40881,,C17,CENTRAL,2,C,0,No,0,17.64,927.480515568954
1082,CEDAR CREEK RD,13907,,C17,CENTRAL,2,C,0,No,0,17.64,622.926122485569
1083,CEDAR CREEK RD,13904,,C17,CENTRAL,2,C,0,No,0,17.64,682.571547854091
1084,CEDAR CREEK RD,41707,,C17,CENTRAL,2,C,0,No,0,17.64,1408.2261399314
1085,SEATONVILLE RD,11385,,C17,CENTRAL,2,C,0,No,0,17.64,322.211602788074
1086,SEATONVILLE RD,41758,,C17,CENTRAL,2,C,0,No,0,17.64,416.992138652137
1087,SEATONVILLE RD,11499,,C17,CENTRAL,2,C,0,No,0,17.64,1555.12505822532
1088,SEATONVILLE RD,11558,,C17,CENTRAL,2,C,0,No,0,17.64,1211.4281512388
1089,SHAFFER LN,11498,,C17,CENTRAL,2,C,0,No,0,17.64,339.76560089614
1090,FAIRGROUND RD,13593,,C18,CENTRAL,2,C,0,No,0,25.24,930.977467377861
1091,REHL RD,33291,,C18,CENTRAL,2,C,0,No,0,25.24,829.636813543836
1092,REHL RD,29899,,C18,CENTRAL,2,C,0,No,0,25.24,2152.96119549891
1093,CHENOWETH RUN RD,13711,,C18,CENTRAL,2,C,0,No,0,25.24,2600.12579293203
1094,CHENOWETH RUN RD,13632,,C18,CENTRAL,2,C,0,No,0,25.24,166.296122495462
1095,CHENOWETH RUN RD,13629,,C18,CENTRAL,2,C,0,No,0,25.24,2676.65008697251
1096,FAIRGROUND RD,13619,,C18,CENTRAL,2,C,0,No,0,25.24,467.541653541935
1097,HUDSON LN,13591,,C18,CENTRAL,2,C,0,No,0,25.24,1133.60164424075
1098,FAIRGROUND RD,13611,,C18,CENTRAL,2,C,0,No,0,25.24,583.076503668892
1099,FAIRGROUND RD,13609,,C18,CENTRAL,2,C,0,No,0,25.24,292.768423178454
1100,FAIRGROUND RD,10623,,C18,CENTRAL,2,C,0,No,0,25.24,873.571509747734
1101,HUDSON LN,13710,,C18,CENTRAL,2,C,0,No,0,25.24,2308.08567990234
1102,FAIRGROUND RD,30851,,C18,CENTRAL,2,C,0,No,0,25.24,473.177260623152
1103,FAIRGROUND RD,34592,,C18,CENTRAL,2,C,0,No,0,25.24,940.863150740392
1104,FAIRGROUND RD,13625,,C18,CENTRAL,2,C,0,No,0,25.24,761.413409538471
1105,REHL RD,824,,C18,CENTRAL,2,C,0,No,0,25.24,2060.3037771018
1106,REHL RD,431,,C18,CENTRAL,2,C,0,No,0,25.24,2472.40853880905
1107,FAIRGROUND RD,10669,,C18,CENTRAL,2,C,0,No,0,25.24,510.69219286408
1108,REHL RD,430,,C18,CENTRAL,2,C,0,No,0,25.24,900.368770509355
1109,FAIRGROUND RD,30852,,C18,CENTRAL,2,C,0,No,0,25.24,291.595872337148
1110,HUDSON LN,13597,,C18,CENTRAL,2,C,0,No,0,25.24,1124.19421326548
1111,FAIRGROUND RD,10631,,C18,CENTRAL,2,C,0,No,0,25.24,1007.86205647702
1112,FAIRGROUND RD,10634,,C18,CENTRAL,2,C,0,No,0,25.24,321.283194676052
1113,HUDSON LN,13599,,C18,CENTRAL,2,C,0,No,0,25.24,1399.5590246229
1114,FAIRGROUND RD,10645,,C18,CENTRAL,2,C,0,No,0,25.24,622.85027904237
1115,FAIRGROUND RD,10649,,C18,CENTRAL,2,C,0,No,0,25.24,231.570424031815
1116,FAIRGROUND RD,13598,,C18,CENTRAL,2,C,0,No,0,25.24,521.067878773066
1117,FAIRGROUND RD,10652,,C18,CENTRAL,2,C,0,No,0,25.24,200.706686212501
1118,FAIRGROUND RD,31519,,C18,CENTRAL,2,C,0,No,0,25.24,596.56741866097
1119,FAIRGROUND RD,31518,,C18,CENTRAL,2,C,0,No,0,25.24,686.870803212508
1120,CHENOWETH RUN RD,12968,,C18,CENTRAL,2,C,0,No,0,25.24,4896.64732732108
1121,CHENOWETH RUN RD,10078,,C18,CENTRAL,2,C,0,No,0,25.24,1778.63754947395
1122,REHL RD,33253,,C18,CENTRAL,2,C,0,No,0,25.24,1154.06600237429
1123,REHL RD,35964,,C18,CENTRAL,2,C,0,No,0,25.24,2289.43489606702
1124,MICHAEL EDWARD DR,10658,,C18,CENTRAL,3,C,0,No,0,25.24,1111.83684754732
1125,E REHL CT,432,,C18,CENTRAL,3,C,0,No,0,25.24,294.124561730412
1126,MICHAEL EDWARD DR,10655,,C18,CENTRAL,3,C,0,No,0,25.24,363.505322220831
1127,MAGNOLIA VIEW CT,13981,,C18,CENTRAL,3,C,0,No,0,25.24,513.863633053046
1128,W REHL CT,433,,C18,CENTRAL,3,C,0,No,0,25.24,834.609134548437
1129,HUDSON LN,10780,,C18,CENTRAL,3,C,0,No,0,25.24,627.31107588013
1130,MICHAEL EDWARD DR,10643,,C18,CENTRAL,3,C,0,No,0,25.24,350.831380124137
1131,MICHAEL EDWARD DR,10725,,C18,CENTRAL,3,C,0,No,0,25.24,456.771002757828
1132,MICHAEL EDWARD DR,10637,,C18,CENTRAL,3,C,0,No,0,25.24,407.148662189035
1133,WILLOWVIEW BLVD,13984,,C18,CENTRAL,3,C,0,No,0,25.24,249.684442854593
1134,CHARLIE VETTINER PARK RD,13627,,C18,CENTRAL,3,C,0,No,0,25.24,3165.06103058346
1135,WILLOWVIEW BLVD,13987,,C18,CENTRAL,3,C,0,No,0,25.24,279.786450579915
1136,MICHAEL EDWARD DR,10661,,C18,CENTRAL,3,C,0,No,0,25.24,658.64414668078
1137,REHL RD,825,,C18,CENTRAL,3,C,0,No,0,25.24,72.2682472749081
1138,MICHAEL EDWARD DR,10718,,C18,CENTRAL,3,C,0,No,0,25.24,146.21644970942
1139,MICHAEL EDWARD DR,10670,,C18,CENTRAL,3,C,0,No,0,25.24,361.248998957683
1140,MICHAEL EDWARD DR,10677,,C18,CENTRAL,3,C,0,No,0,25.24,328.39331567826
1141,HUDSON LN,33708,,C18,CENTRAL,3,C,0,No,0,25.24,1025.01437879702
1142,MICHAEL EDWARD DR,10648,,C18,CENTRAL,3,C,0,No,0,25.24,1172.36191533973
1143,MICHAEL EDWARD DR,10722,,C18,CENTRAL,3,C,0,No,0,25.24,320.015439746495
1144,E REHL CT,436,,C18,CENTRAL,3,C,0,No,0,25.24,1541.74421343389
1145,MICHAEL EDWARD DR,10627,,C18,CENTRAL,3,C,0,No,0,25.24,319.752824377942
1146,MICHAEL EDWARD DR,10719,,C18,CENTRAL,3,C,0,No,0,25.24,308.745864408031
1147,HUDSON LN,13457,,C18,CENTRAL,3,C,0,No,0,25.24,383.210890029325
1148,SPRIGWOOD LN,10803,,C18,CENTRAL,3,C,0,No,0,25.24,341.621540203849
1149,HUDSON LN,10779,,C18,CENTRAL,3,C,0,No,0,25.24,300.077743306839
1150,HUDSON LN,10781,,C18,CENTRAL,3,C,0,No,0,25.24,309.875072666691
1151,SPRIGWOOD LN,10822,,C18,CENTRAL,3,C,0,No,0,25.24,372.156487224238
1152,MARY DELL LN,12796,,C18,CENTRAL,3,C,0,No,0,25.24,249.367308463902
1153,MARY DELL LN,10807,,C18,CENTRAL,3,C,0,No,0,25.24,452.673164424532
1154,HUDSON LN,10777,,C18,CENTRAL,3,C,0,No,0,25.24,299.960296073185
1155,HUDSON LN,10774,,C18,CENTRAL,3,C,0,No,0,25.24,302.696596172259
1156,MARY DELL LN,10806,,C18,CENTRAL,3,C,0,No,0,25.24,444.311623623951
1157,MARY DELL LN,12799,,C18,CENTRAL,3,C,0,No,0,25.24,417.582395573495
1158,MICHAEL EDWARD DR,10713,,C18,CENTRAL,3,C,0,No,0,25.24,415.114372523733
1159,MARY DELL LN,12797,,C18,CENTRAL,3,C,0,No,0,25.24,253.434284142244
1160,MARY DELL LN,10821,,C18,CENTRAL,3,C,0,No,0,25.24,997.483258129572
1161,MICHAEL EDWARD DR,10717,,C18,CENTRAL,3,C,0,No,0,25.24,323.641422719651
1162,HUDSON LN,10766,,C18,CENTRAL,3,C,0,No,0,25.24,902.98507237791
1163,MICHAEL EDWARD DR,10714,,C18,CENTRAL,3,C,0,No,0,25.24,329.539022350256
1164,HUDSON LN,13600,,C18,CENTRAL,3,C,0,No,0,25.24,314.55351255773
1165,MICHAEL EDWARD DR,10690,,C18,CENTRAL,3,C,0,No,0,25.24,304.421482481983
1166,MICHAEL EDWARD DR,10715,,C18,CENTRAL,3,C,0,No,0,25.24,632.909503558785
1167,MARY DELL LN,13631,,C18,CENTRAL,3,C,0,No,0,25.24,2420.44654228803
1168,CEDAR CREEK RD,33143,,C19,CENTRAL,2,C,0,No,0,24.52,405.518883904467
1169,INDEPENDENCE SCHOOL RD,12882,,C19,CENTRAL,2,C,0,No,0,24.52,2447.48239897773
1170,INDEPENDENCE SCHOOL RD,13348,,C19,CENTRAL,2,C,0,No,0,24.52,2170.06735843527
1171,FAIRMOUNT RD,12331,,C19,CENTRAL,2,C,0,No,0,24.52,1875.81024818773
1172,CEDAR CREEK RD,34100,,C19,CENTRAL,2,C,0,No,0,24.52,417.456514099448
1173,FAIRMOUNT RD,31150,,C19,CENTRAL,2,C,0,No,0,24.52,8427.07111583502
1174,FAIRMOUNT RD,13745,,C19,CENTRAL,2,C,0,No,0,24.52,3780.10651867759
1175,CEDAR CREEK RD,13915,,C19,CENTRAL,2,C,0,No,0,24.52,1247.89182268025
1176,COOPER CHAPEL RD,12418,,C19,CENTRAL,2,C,0.0759055079283979,Yes,0.07590551,24.52,657.447930493455
1177,CEDAR CREEK RD,13909,,C19,CENTRAL,2,C,0,No,0,24.52,645.205022660504
1178,INDEPENDENCE SCHOOL RD,12880,,C19,CENTRAL,2,C,0,No,0,24.52,5135.27213937904
1179,FAIRMOUNT RD,38457,,C19,CENTRAL,2,C,0,No,0,24.52,2657.6611292541
1180,FAIRMOUNT RD,12385,,C19,CENTRAL,2,C,0,No,0,24.52,771.007764105666
1181,INDEPENDENCE SCHOOL RD,12879,,C19,CENTRAL,2,C,0,No,0,24.52,1887.70302941967
1182,CEDAR CREEK RD,31564,,C19,CENTRAL,2,C,0,No,0,24.52,1155.06379045152
1183,COOPER CHAPEL RD,32428,,C19,CENTRAL,2,C,0.1042047834721372,Yes,0.10420478,24.52,902.559308861314
1184,COOPER CHAPEL RD,40239,,C19,CENTRAL,2,C,0.11765121073493347,Yes,0.11765121,24.52,1019.02392734225
1185,FAIRMOUNT RD,12351,,C19,CENTRAL,2,C,0,No,0,24.52,2789.31988188267
1186,CEDAR CREEK RD,33132,,C19,CENTRAL,2,C,0,No,0,24.52,139.783480112828
1187,FAIRMOUNT RD,13747,,C19,CENTRAL,2,C,0,No,0,24.52,597.110967078645
1188,CEDAR CREEK RD,13910,,C19,CENTRAL,2,C,0,No,0,24.52,1383.03808521309
1189,CEDAR CREEK RD,31563,,C19,CENTRAL,2,C,0,No,0,24.52,1221.40957949481
1190,OAK GROVE RD,12885,,C19,CENTRAL,2,C,0,No,0,24.52,3625.96130024698
1191,OAK GROVE RD,12561,,C19,CENTRAL,2,C,0,No,0,24.52,269.94973286996
1192,CEDAR CREEK RD,13905,,C19,CENTRAL,2,C,0,No,0,24.52,501.930145789983
1193,GENTRY LN,9720,,C19,CENTRAL,2,C,0,No,0,24.52,2387.58360945815
1194,CEDAR CREEK RD,13911,,C19,CENTRAL,2,C,0,No,0,24.52,3339.01817606756
1195,FAIRMOUNT RD,12369,,C19,CENTRAL,2,C,0,No,0,24.52,1175.01986916655
1196,CEDAR CREEK RD,33298,,C19,CENTRAL,2,C,0,No,0,24.52,909.537198485013
1197,CEDAR CREEK RD,13908,,C19,CENTRAL,2,C,0,No,0,24.52,2364.17273288672
1198,HIDDEN CREEK LN,12675,,C19,CENTRAL,3,C,0,No,0,24.52,4121.43236152389
1199,OAKLAND HILLS TRL,32774,,C19,CENTRAL,3,C,0,No,0,24.52,1241.95093258776
1200,OAKLAND HILLS TRL,32772,,C19,CENTRAL,3,C,0,No,0,24.52,641.876570873386
1201,OAKLAND HILLS TRL,12679,,C19,CENTRAL,3,C,0,No,0,24.52,141.999093778902
1202,STONEBREAKER RD,31655,,C19,CENTRAL,3,C,0,No,0,24.52,1529.37060201669
1203,OAKLAND HILLS TRL,33102,,C19,CENTRAL,3,C,0,No,0,24.52,658.85574316989
1204,OAKLAND HILLS TRL,32773,,C19,CENTRAL,3,C,0,No,0,24.52,318.976635377993
1205,SIX MILE LN,5518,,C20,CENTRAL,2,C,0,No,0,35.53,1179.83177208669
1206,SIX MILE LN,5351,,C20,CENTRAL,2,C,0,No,0,35.53,401.175617662414
1207,SIX MILE LN,5581,,C20,CENTRAL,2,C,0,No,0,35.53,194.908373733837
1208,HUNSINGER LN,4664,,C20,CENTRAL,2,C,0,No,0,35.53,1233.86148812591
1209,HUNSINGER LN,7977,,C20,CENTRAL,2,C,0,No,0,35.53,143.599132141727
1210,SIX MILE LN,5501,,C20,CENTRAL,2,C,0,No,0,35.53,267.678012608992
1211,STONY BROOK DR,13227,,C20,CENTRAL,2,C,0,No,0,35.53,396.169437927836
1212,HUNSINGER LN,4712,,C20,CENTRAL,2,C,0,No,0,35.53,264.153633149921
1213,KLONDIKE LN,1338,,C20,CENTRAL,2,C,0,No,0,35.53,454.829821588961
1214,SIX MILE LN,5386,,C20,CENTRAL,2,C,0,No,0,35.53,253.803077761579
1215,HUNSINGER LN,7976,,C20,CENTRAL,2,C,0,No,0,35.53,220.188225421158
1216,STONY BROOK DR,13217,,C20,CENTRAL,2,C,0,No,0,35.53,151.570192374449
1217,STONY BROOK DR,13226,,C20,CENTRAL,2,C,0,No,0,35.53,232.599116567809
1218,HUNSINGER LN,4947,,C20,CENTRAL,2,C,0,No,0,35.53,215.87938378945
1219,SIX MILE LN,5556,,C20,CENTRAL,2,C,0,No,0,35.53,445.915937968737
1220,HUNSINGER LN,32562,,C20,CENTRAL,2,C,0,No,0,35.53,802.514002956748
1221,HUNSINGER LN,5072,,C20,CENTRAL,2,C,0,No,0,35.53,1151.83119513522
1222,SIX MILE LN,8381,,C20,CENTRAL,2,C,0,No,0,35.53,998.211300334716
1223,SIX MILE LN,5611,,C20,CENTRAL,2,C,0,No,0,35.53,929.048522171868
1224,SIX MILE LN,5540,,C20,CENTRAL,2,C,0,No,0,35.53,762.37554917795
1225,SIX MILE LN,5595,,C20,CENTRAL,2,C,0,No,0,35.53,692.301258571955
1226,MANNER DALE DR,5379,,C20,CENTRAL,2,C,0,No,0,35.53,351.755320733123
1227,SIX MILE LN,29917,,C20,CENTRAL,2,C,0,No,0,35.53,1024.66083604308
1228,NACHAND LN,13028,,C20,CENTRAL,2,C,0,No,0,35.53,797.350845654609
1229,SIX MILE LN,5042,,C20,CENTRAL,2,C,0,No,0,35.53,834.146834535213
1230,HUNSINGER LN,4686,,C20,CENTRAL,2,C,0,No,0,35.53,338.331065498352
1231,NACHAND LN,32612,,C20,CENTRAL,2,C,0,No,0,35.53,903.086481369047
1232,HUNSINGER LN,7982,,C20,CENTRAL,2,C,0,No,0,35.53,289.757917753611
1233,STONY BROOK DR,13218,,C20,CENTRAL,2,C,0,No,0,35.53,194.453550503452
1234,NACHAND LN,9781,,C20,CENTRAL,2,C,0,No,0,35.53,546.467504853231
1235,SIX MILE LN,5545,,C20,CENTRAL,2,C,0,No,0,35.53,509.944677399174
1236,HUNSINGER LN,5126,,C20,CENTRAL,2,C,0,No,0,35.53,342.057801887302
1237,STONY BROOK DR,9704,,C20,CENTRAL,2,C,0,No,0,35.53,533.490627513314
1238,STONY BROOK DR,32169,,C20,CENTRAL,2,C,0,No,0,35.53,250.336354581097
1239,STONY BROOK DR,13215,,C20,CENTRAL,2,C,0,No,0,35.53,956.038946338288
1240,HUNSINGER LN,4776,,C20,CENTRAL,2,C,0,No,0,35.53,40.9054060805062
1241,BRADFORD DR,29930,,C20,CENTRAL,2,C,0,No,0,35.53,758.554314406402
1242,BRADFORD DR,5622,,C20,CENTRAL,2,C,0,No,0,35.53,321.704946597698
1243,STONY BROOK DR,13221,,C20,CENTRAL,2,C,0,No,0,35.53,782.10961770174
1244,SIX MILE LN,5524,,C20,CENTRAL,2,C,0,No,0,35.53,325.401726753916
1245,HUNSINGER LN,5092,,C20,CENTRAL,2,C,0,No,0,35.53,270.741290692356
1246,SIX MILE LN,5579,,C20,CENTRAL,2,C,0,No,0,35.53,805.464541061118
1247,SIX MILE LN,5573,,C20,CENTRAL,2,C,0,No,0,35.53,382.919813491105
1248,HUNSINGER LN,5378,,C20,CENTRAL,2,C,0,No,0,35.53,566.182729082324
1249,STONY BROOK DR,8344,,C20,CENTRAL,2,C,0,No,0,35.53,359.3668854632
1250,HUNSINGER LN,4772,,C20,CENTRAL,2,C,0,No,0,35.53,309.355806310337
1251,KLONDIKE LN,4983,,C20,CENTRAL,2,C,0,No,0,35.53,265.603586487444
1252,BRADFORD DR,5551,,C20,CENTRAL,2,C,0,No,0,35.53,600.55516576626
1253,STONY BROOK DR,13222,,C20,CENTRAL,2,C,0,No,0,35.53,646.123363217144
1254,SIX MILE LN,8382,,C20,CENTRAL,2,C,0,No,0,35.53,915.804911040828
1255,NACHAND LN,9795,,C20,CENTRAL,2,C,0,No,0,35.53,365.407386149486
1256,SIX MILE LN,33356,,C20,CENTRAL,2,C,0,No,0,35.53,921.531231667641
1257,STONY BROOK DR,13220,,C20,CENTRAL,2,C,0,No,0,35.53,304.096280561868
1258,STONY BROOK DR,13219,,C20,CENTRAL,2,C,0,No,0,35.53,296.103952660632
1259,STONY BROOK DR,13228,,C20,CENTRAL,2,C,0,No,0,35.53,401.608419195284
1260,SIX MILE LN,5171,,C20,CENTRAL,2,C,0,No,0,35.53,269.31644155739
1261,HUNSINGER LN,5288,,C20,CENTRAL,2,C,0,No,0,35.53,297.744104477096
1262,SIX MILE LN,5568,,C20,CENTRAL,2,C,0,No,0,35.53,468.38054355488
1263,HUNSINGER LN,7979,,C20,CENTRAL,2,C,0,No,0,35.53,249.783461809734
1264,NACHAND LN,31543,,C20,CENTRAL,2,C,0,No,0,35.53,1486.58887726458
1265,BRADFORD DR,5603,,C20,CENTRAL,2,C,0,No,0,35.53,1031.61537611218
1266,MANNER DALE DR,5454,,C20,CENTRAL,2,C,0,No,0,35.53,739.445135825206
1267,NACHAND LN,9696,,C20,CENTRAL,2,C,0,No,0,35.53,387.530966555013
1268,SIX MILE LN,5549,,C20,CENTRAL,2,C,0,No,0,35.53,333.961256899593
1269,NACHAND LN,31542,,C20,CENTRAL,2,C,0,No,0,35.53,525.310918643605
1270,SIX MILE LN,5571,,C20,CENTRAL,2,C,0,No,0,35.53,259.429438001092
1271,STONY BROOK DR,13216,,C20,CENTRAL,2,C,0,No,0,35.53,791.603470937108
1272,SIX MILE LN,8379,,C20,CENTRAL,2,C,0,No,0,35.53,1111.98460032457
1273,MANNER DALE DR,33153,,C20,CENTRAL,2,C,0,No,0,35.53,693.882876871923
1274,KLONDIKE LN,8017,,C20,CENTRAL,2,C,0,No,0,35.53,479.296646890394
1275,SIX MILE LN,5587,,C20,CENTRAL,2,C,0,No,0,35.53,551.510921180397
1276,STONY BROOK DR,13223,,C20,CENTRAL,2,C,0,No,0,35.53,348.448391244234
1277,KLONDIKE LN,4962,,C20,CENTRAL,2,C,0,No,0,35.53,338.741016429163
1278,NACHAND LN,9776,,C20,CENTRAL,2,C,0,No,0,35.53,842.939720368731
1279,STONY BROOK DR,29942,,C20,CENTRAL,2,C,0,No,0,35.53,781.23114497865
1280,SIX MILE LN,5576,,C20,CENTRAL,2,C,0,No,0,35.53,385.37581971988
1281,HUNSINGER LN,5338,,C20,CENTRAL,2,C,0,No,0,35.53,441.557425711592
1282,SIX MILE LN,9742,,C20,CENTRAL,2,C,0,No,0,35.53,582.650217155681
1283,SIX MILE LN,5561,,C20,CENTRAL,2,C,0,No,0,35.53,527.041153158379
1284,SIX MILE LN,5491,,C20,CENTRAL,2,C,0,No,0,35.53,681.185258050604
1285,HUNSINGER LN,4738,,C20,CENTRAL,2,C,0,No,0,35.53,251.245558110611
1286,SIX MILE LN,5474,,C20,CENTRAL,2,C,0,No,0,35.53,154.076148260256
1287,HUNSINGER LN,5239,,C20,CENTRAL,2,C,0,No,0,35.53,842.028752015595
1288,STONY BROOK DR,13225,,C20,CENTRAL,2,C,0,No,0,35.53,559.73749466213
1289,STONY BROOK DR,13224,,C20,CENTRAL,2,C,0,No,0,35.53,769.95373780246
1290,NACHAND LN,13031,,C20,CENTRAL,2,C,0,No,0,35.53,1300.43414558078
1291,SIX MILE LN,5580,,C20,CENTRAL,2,C,0,No,0,35.53,968.788422839475
1292,STONY BROOK DR,9705,,C20,CENTRAL,2,C,0,No,0,35.53,407.441342466644
1293,SIX MILE LN,5297,,C20,CENTRAL,2,C,0,No,0,35.53,760.757801304898
1294,SIX MILE LN,4938,,C20,CENTRAL,2,C,0,No,0,35.53,459.558015697973
1295,MANNER DALE DR,5363,,C20,CENTRAL,2,C,0,No,0,35.53,390.96903941859
1296,SIX MILE LN,5602,,C20,CENTRAL,2,C,0,No,0,35.53,987.683470135364
1297,SIX MILE LN,5606,,C20,CENTRAL,2,C,0,No,0,35.53,400.79075087331
1298,KLONDIKE LN,5527,,C20,CENTRAL,2,C,0,No,0,35.53,501.1561226973
1299,KLONDIKE LN,8032,,C20,CENTRAL,2,C,0,No,0,35.53,346.833209398573
1300,KLONDIKE LN,8047,,C20,CENTRAL,2,C,0,No,0,35.53,324.766484940526
1301,KLONDIKE LN,8037,,C20,CENTRAL,2,C,0,No,0,35.53,811.488335481046
1302,KLONDIKE LN,8050,,C20,CENTRAL,2,C,0,No,0,35.53,383.683361563445
1303,KLONDIKE LN,8020,,C20,CENTRAL,2,C,0,No,0,35.53,384.672532777111
1304,KLONDIKE LN,8031,,C20,CENTRAL,2,C,0,No,0,35.53,847.59781392925
1305,BRADFORD DR,5498,,C20,CENTRAL,2,C,0,No,0,35.53,534.355390355647
1306,KLONDIKE LN,8044,,C20,CENTRAL,2,C,0,No,0,35.53,1266.46781530864
1307,STONY BROOK DR,13213,,C20,CENTRAL,2,C,0,No,0,35.53,1501.78986970116
1308,STONY BROOK DR,13214,,C20,CENTRAL,2,C,0,No,0,35.53,710.747697118845
1309,SIX MILE LN,5127,,C20,CENTRAL,2,C,0,No,0,35.53,755.860735502098
1310,SIX MILE LN,5601,,C20,CENTRAL,2,C,0,No,0,35.53,285.827044832732
1311,SIX MILE LN,38400,,C20,CENTRAL,2,C,0,No,0,35.53,832.913873087845
1312,SIX MILE LN,33109,,C20,CENTRAL,2,C,0,No,0,35.53,516.431567508526
1313,MAMARONECK RD,8035,,C20,CENTRAL,3,C,0,No,0,35.53,548.556971606423
1314,RAINTREE DR,5505,,C20,CENTRAL,3,C,0,No,0,35.53,320.479514592052
1315,GREENWICH RD,8016,,C20,CENTRAL,3,C,0,No,0,35.53,331.609134670725
1316,MAMARONECK RD,5469,,C20,CENTRAL,3,C,0,No,0,35.53,305.144410835795
1317,WINTERHAVEN RD,5215,,C20,CENTRAL,3,C,0,No,0,35.53,420.651553378832
1318,RAINTREE DR,5395,,C20,CENTRAL,3,C,0,No,0,35.53,145.554116397973
1319,WINTERHAVEN RD,5300,,C20,CENTRAL,3,C,0,No,0,35.53,509.239965038342
1320,EASTSIDE DR,5238,,C20,CENTRAL,3,C,0,No,0,35.53,369.444853513573
1321,SUMMERFIELD DR,5309,,C20,CENTRAL,3,C,0,No,0,35.53,220.175284594173
1322,MCMAHAN BLVD,7280,,C20,CENTRAL,3,C,0,No,0,35.53,322.811865275271
1323,TEMPSCLAIR RD,5301,,C20,CENTRAL,3,C,0,No,0,35.53,416.353395854826
1324,MAMARONECK RD,8024,,C20,CENTRAL,3,C,0,No,0,35.53,1163.12389808043
1325,MAMARONECK RD,5512,,C20,CENTRAL,3,C,0,No,0,35.53,314.554865553101
1326,MANNER DALE DR,4969,,C20,CENTRAL,3,C,0,No,0,35.53,398.206291601974
1327,WINTERHAVEN RD,5213,,C20,CENTRAL,3,C,0,No,0,35.53,364.621969094208
1328,RAINTREE DR,5496,,C20,CENTRAL,3,C,0,No,0,35.53,221.790684470735
1329,RAINTREE DR,5425,,C20,CENTRAL,3,C,0,No,0,35.53,190.678164358156
1330,SUMMERFIELD DR,5453,,C20,CENTRAL,3,C,0,No,0,35.53,324.624235638949
1331,PETTY JAY RD,5274,,C20,CENTRAL,3,C,0,No,0,35.53,340.014328470441
1332,MANNER DALE DR,5313,,C20,CENTRAL,3,C,0,No,0,35.53,299.578232424564
1333,MANNER DALE DR,5280,,C20,CENTRAL,3,C,0,No,0,35.53,306.29304927185
1334,SUMMERFIELD DR,5369,,C20,CENTRAL,3,C,0,No,0,35.53,477.143176497974
1335,MAMARONECK RD,8027,,C20,CENTRAL,3,C,0,No,0,35.53,278.122856382565
1336,MANNER DALE DR,5000,,C20,CENTRAL,3,C,0,No,0,35.53,344.43405260917
1337,MAMARONECK RD,8049,,C20,CENTRAL,3,C,0,No,0,35.53,320.881750971425
1338,MANNER DALE DR,5045,,C20,CENTRAL,3,C,0,No,0,35.53,320.652882877719
1339,EASTSIDE DR,5014,,C20,CENTRAL,3,C,0,No,0,35.53,380.567140370002
1340,EASTSIDE DR,5201,,C20,CENTRAL,3,C,0,No,0,35.53,163.471714434744
1341,FRONTIER TRL,4779,,C20,CENTRAL,3,C,0,No,0,35.53,294.442322450425
1342,EASTSIDE DR,5098,,C20,CENTRAL,3,C,0,No,0,35.53,527.244296389291
1343,MAMARONECK RD,5578,,C20,CENTRAL,3,C,0,No,0,35.53,553.672116916788
1344,RAINTREE DR,5459,,C20,CENTRAL,3,C,0,No,0,35.53,369.845996497649
1345,MANNER DALE DR,5331,,C20,CENTRAL,3,C,0,No,0,35.53,972.678674791136
1346,SUNBURY LN,5275,,C20,CENTRAL,3,C,0,No,0,35.53,418.558902595501
1347,RAINTREE DR,8360,,C20,CENTRAL,3,C,0,No,0,35.53,222.981428076664
1348,RAINTREE DR,8375,,C20,CENTRAL,3,C,0,No,0,35.53,376.851845397026
1349,EASTSIDE DR,5179,,C20,CENTRAL,3,C,0,No,0,35.53,375.204456552663
1350,EASTSIDE DR,5058,,C20,CENTRAL,3,C,0,No,0,35.53,596.10964199726
1351,RAINTREE DR,8374,,C20,CENTRAL,3,C,0,No,0,35.53,277.811761330042
1352,RAINTREE DR,8366,,C20,CENTRAL,3,C,0,No,0,35.53,191.284592132987
1353,WINTERHAVEN RD,5137,,C20,CENTRAL,3,C,0,No,0,35.53,1175.76232991265
1354,RAINTREE DR,8372,,C20,CENTRAL,3,C,0,No,0,35.53,243.082351381218
1355,TEMPSCLAIR RD,5337,,C20,CENTRAL,3,C,0,No,0,35.53,553.765353320945
1356,FRONTIER TRL,4763,,C20,CENTRAL,3,C,0,No,0,35.53,160.947877340189
1357,MANNER DALE DR,5117,,C20,CENTRAL,3,C,0,No,0,35.53,299.686905662635
1358,MANNER DALE DR,5230,,C20,CENTRAL,3,C,0,No,0,35.53,300.282593776249
1359,RAINTREE DR,5529,,C20,CENTRAL,3,C,0,No,0,35.53,283.410792470582
1360,MAMARONECK RD,8030,,C20,CENTRAL,3,C,0,No,0,35.53,296.817430517903
1361,SUMMERFIELD DR,5376,,C20,CENTRAL,3,C,0,No,0,35.53,149.664493027109
1362,PAMELA WAY,7286,,C20,CENTRAL,3,C,0,No,0,35.53,863.410360926519
1363,SUMMERFIELD DR,5371,,C20,CENTRAL,3,C,0,No,0,35.53,369.460777275557
1364,WINTERHAVEN RD,5207,,C20,CENTRAL,3,C,0,No,0,35.53,493.293388922838
1365,EASTSIDE DR,5145,,C20,CENTRAL,3,C,0,No,0,35.53,645.483132951381
1366,FRONTIER TRL,4874,,C20,CENTRAL,3,C,0,No,0,35.53,356.1871176585
1367,RAINTREE DR,5516,,C20,CENTRAL,3,C,0,No,0,35.53,267.284858149347
1368,RAINTREE DR,8364,,C20,CENTRAL,3,C,0,No,0,35.53,139.123239890366
1369,MCMAHAN BLVD,7287,,C20,CENTRAL,3,C,0,No,0,35.53,427.21543494069
1370,SUMMERFIELD DR,5353,,C20,CENTRAL,3,C,0,No,0,35.53,382.610096824873
1371,FRONTIER TRL,4895,,C20,CENTRAL,3,C,0,No,0,35.53,215.943997917386
1372,MAMARONECK RD,8043,,C20,CENTRAL,3,C,0,No,0,35.53,331.066323575135
1373,FRONTIER TRL,4841,,C20,CENTRAL,3,C,0,No,0,35.53,604.917540333303
1374,MANNER DALE DR,5192,,C20,CENTRAL,3,C,0,No,0,35.53,308.39924169308
1375,SUMMERFIELD DR,5366,,C20,CENTRAL,3,C,0,No,0,35.53,221.303856344825
1376,PAMELA WAY,7288,,C20,CENTRAL,3,C,0,No,0,35.53,311.110787512161
1377,SUMMERFIELD DR,5410,,C20,CENTRAL,3,C,0,No,0,35.53,326.872776284368
1378,MANNER DALE DR,5157,,C20,CENTRAL,3,C,0,No,0,35.53,299.960655210395
1379,MANNER DALE DR,4924,,C20,CENTRAL,3,C,0,No,0,35.53,256.428346659177
1380,WINTERHAVEN RD,5235,,C20,CENTRAL,3,C,0,No,0,35.53,308.061182407716
1381,MCMAHAN BLVD,7278,,C20,CENTRAL,3,C,0,No,0,35.53,359.573139424483
1382,MANNER DALE DR,5349,,C20,CENTRAL,3,C,0,No,0,35.53,399.564313020163
1383,HUNSINGER LN,5462,,C20,CENTRAL,3,C,0,No,0,35.53,567.886602606799
1384,HUNSINGER LN,5525,,C20,CENTRAL,3,C,0,No,0,35.53,414.465966058138
1385,MAMARONECK RD,8038,,C20,CENTRAL,3,C,0,No,0,35.53,307.528922483825
1386,MANNER DALE DR,5081,,C20,CENTRAL,3,C,0,No,0,35.53,300.833297444885
1387,MAMARONECK RD,8040,,C20,CENTRAL,3,C,0,No,0,35.53,352.258907856228
1388,BROAD RUN RD,33545,,C21,CENTRAL,2,C,0,No,0,21.89,8176.60115814542
1389,DAWSON HILL RD,9610,,C21,CENTRAL,2,C,0,No,0,21.89,164.465194056894
1390,BACK RUN RD,9654,,C21,CENTRAL,2,C,0,No,0,21.89,5599.6001013864
1391,BACK RUN RD,9653,,C21,CENTRAL,2,C,0,No,0,21.89,2133.24844673071
1392,BROAD RUN RD,13902,,C21,CENTRAL,2,C,0,No,0,21.89,2407.1627507375
1393,BROAD RUN RD,13903,,C21,CENTRAL,2,C,0,No,0,21.89,1017.28412258824
1394,DAWSON HILL RD,38171,,C21,CENTRAL,2,C,0,No,0,21.89,906.628231519395
1395,DAWSON HILL RD,9607,,C21,CENTRAL,2,C,0,No,0,21.89,957.740998992965
1396,BROAD RUN RD,13755,,C21,CENTRAL,2,C,0,No,0,21.89,1162.83864223323
1397,BROAD RUN RD,13753,,C21,CENTRAL,2,C,0,No,0,21.89,98.3244282859331
1398,DAWSON HILL RD,9606,,C21,CENTRAL,2,C,0,No,0,21.89,514.021451769286
1399,BROAD RUN RD,30160,,C21,CENTRAL,2,C,0,No,0,21.89,3276.93475485548
1400,BROAD RUN RD,35738,,C21,CENTRAL,2,C,0,No,0,21.89,6549.60882630631
1401,DAWSON HILL RD,9609,,C21,CENTRAL,2,C,0,No,0,21.89,3586.62922695471
1402,DAWSON HILL RD,9612,,C21,CENTRAL,2,C,0,No,0,21.89,1398.44199320433
1403,DAWSON HILL RD,32822,,C21,CENTRAL,2,C,0,No,0,21.89,6496.07833267236
1404,DAWSON HILL RD,9556,,C21,CENTRAL,2,C,0,No,0,21.89,338.123389093752
1405,BROAD RUN RD,9520,,C21,CENTRAL,2,C,0,No,0,21.89,1407.30662726307
1406,MARKWELL LN,9521,,C21,CENTRAL,2,C,0,No,0,21.89,977.849113646381
1407,DAWSON HILL RD,9602,,C21,CENTRAL,2,C,0,No,0,21.89,2529.58334622644
1408,STOUT RD,36368,,C21,CENTRAL,3,C,0,No,0,21.89,1920.30179621813
1409,TURKEY RUN PKY,13752,,C21,CENTRAL,3,C,0,No,0,21.89,6291.64422394233
1410,S POPE LICK RD,429,,C22,CENTRAL,2,C,0,No,0,22.98,2160.34112135332
1411,ELLINGSWORTH LN,8689,,C22,CENTRAL,2,C,0,No,0,22.98,335.060937787815
1412,TUCKER STATION RD,1014,,C22,CENTRAL,2,C,0,No,0,22.98,356.659545294949
1413,TUCKER STATION RD,33797,,C22,CENTRAL,2,C,0,No,0,22.98,748.637050138803
1414,TUCKER STATION RD,38519,,C22,CENTRAL,2,C,0,No,0,22.98,994.813652625128
1415,URTON LN,38322,,C22,CENTRAL,2,C,0,No,0,22.98,515.023472435084
1416,URTON LN,33297,,C22,CENTRAL,2,C,0,No,0,22.98,706.532919852787
1417,ELLINGSWORTH LN,38273,,C22,CENTRAL,2,C,0,No,0,22.98,496.739699478742
1418,ELLINGSWORTH LN,8696,,C22,CENTRAL,2,C,0,No,0,22.98,619.590129775136
1419,ELLINGSWORTH LN,8684,,C22,CENTRAL,2,C,0,No,0,22.98,341.112978179481
1420,TUCKER STATION RD,30925,,C22,CENTRAL,2,C,0,No,0,22.98,2025.45836213548
1421,ELLINGSWORTH LN,8686,,C22,CENTRAL,2,C,0,No,0,22.98,293.51746281365
1422,S POPE LICK RD,30066,,C22,CENTRAL,2,C,0,No,0,22.98,5664.9045334891
1423,ELLINGSWORTH LN,8682,,C22,CENTRAL,2,C,0,No,0,22.98,646.300910781344
1424,S POPE LICK RD,419,,C22,CENTRAL,2,C,0,No,0,22.98,3884.44587602461
1425,S POPE LICK RD,435,,C22,CENTRAL,2,C,0,No,0,22.98,2801.49174461971
1426,TUCKER STATION RD,29871,,C22,CENTRAL,2,C,0,No,0,22.98,1079.61238568292
1427,TUCKER STATION RD,1017,,C22,CENTRAL,2,C,0,No,0,22.98,1258.88894113614
1428,URTON LN,34643,,C22,CENTRAL,2,C,0,No,0,22.98,4718.38579051084
1429,URTON LN,34467,,C22,CENTRAL,2,C,0,No,0,22.98,2266.46696614773
1430,TUCKER STATION RD,1015,,C22,CENTRAL,2,C,0,No,0,22.98,937.244926847822
1431,N POPE LICK RD,345,,C22,CENTRAL,2,C,0,No,0,22.98,472.525207483497
1432,URTON LN,681,,C22,CENTRAL,2,C,0,No,0,22.98,280.870633966293
1433,S POPE LICK RD,410,,C22,CENTRAL,2,C,0,No,0,22.98,4712.80701219938
1434,TUCKER STATION RD,1016,,C22,CENTRAL,2,C,0,No,0,22.98,835.831196645428
1435,URTON LN,33146,,C22,CENTRAL,2,C,0,No,0,22.98,618.19336850056
1436,TUCKER STATION RD,31148,,C22,CENTRAL,2,C,0,No,0,22.98,520.635151019109
1437,TUCKER STATION RD,30817,,C22,CENTRAL,2,C,0,No,0,22.98,1149.76317686629
1438,TUCKER STATION RD,30824,,C22,CENTRAL,2,C,0,No,0,22.98,351.636765766981
1439,TUCKER STATION RD,32814,,C22,CENTRAL,2,C,0,No,0,22.98,610.909623621826
1440,TUCKER STATION RD,41453,,C22,CENTRAL,2,C,0,No,0,22.98,608.370596547831
1441,TUCKER STATION RD,1013,,C22,CENTRAL,2,C,0,No,0,22.98,467.482355422204
1442,TUCKER STATION RD,8468,,C22,CENTRAL,2,C,0,No,0,22.98,305.19726666263
1443,TUCKER STATION RD,8471,,C22,CENTRAL,2,C,0,No,0,22.98,1383.28149309619
1444,TUCKER STATION RD,29833,,C22,CENTRAL,2,C,0,No,0,22.98,310.107023576441
1445,TUCKER STATION RD,1037,,C22,CENTRAL,2,C,0,No,0,22.98,916.610781910084
1446,TUCKER STATION RD,8467,,C22,CENTRAL,2,C,0,No,0,22.98,624.294543267089
1447,TUCKER STATION RD,8465,,C22,CENTRAL,2,C,0,No,0,22.98,400.563767746473
1448,TUCKER STATION RD,8464,,C22,CENTRAL,2,C,0,No,0,22.98,631.942480526863
1449,TUCKER STATION RD,8470,,C22,CENTRAL,2,C,0,No,0,22.98,136.725438621609
1450,TUCKER STATION RD,8466,,C22,CENTRAL,2,C,0,No,0,22.98,339.984937050532
1451,TUCKER STATION RD,8469,,C22,CENTRAL,2,C,0,No,0,22.98,183.853924789994
1452,N MADISON AVE,3688,,C22,CENTRAL,2,C,0,No,0,22.98,469.933985692986
1453,N POPE LICK RD,347,,C22,CENTRAL,2,C,0,No,0,22.98,1848.7976372967
1454,S MADISON AVE,3806,,C22,CENTRAL,2,C,0,No,0,22.98,767.867543390241
1455,ELLINGSWORTH LN,29842,,C22,CENTRAL,2,C,0,No,0,22.98,489.951744666015
1456,S MADISON AVE,3741,,C22,CENTRAL,2,C,0,No,0,22.98,522.98224453875
1457,TUCKER STATION RD,33022,,C22,CENTRAL,2,C,0,No,0,22.98,788.44593819009
1458,TUCKER STATION RD,1038,,C22,CENTRAL,2,C,0,No,0,22.98,484.258456014485
1459,URTON LN,665,,C22,CENTRAL,2,C,0,No,0,22.98,289.341027937594
1460,TUCKER STATION RD,37609,,C22,CENTRAL,2,C,0,No,0,22.98,3807.47578325605
1461,TUCKER STATION RD,29877,,C22,CENTRAL,2,C,0,No,0,22.98,1719.40488485382
1462,HOPEWELL RD,9482,,C23,CENTRAL,2,C,0,No,0,31.2,1396.36279937676
1463,NEW HOPEWELL RD,9472,,C23,CENTRAL,2,C,0,No,0,31.2,3588.23752755827
1464,TAYLORSVILLE RD,9639,,C23,CENTRAL,2,C,0.1562541522459505,Yes,0.15625415,31.2,1353.37947251401
1465,BRADBE RD,31562,,C23,CENTRAL,2,C,0,No,0,31.2,903.872303938797
1466,TAYLORSVILLE RD,31571,,C23,CENTRAL,2,C,0,No,0,31.2,273.166215982211
1467,BRADBE RD,31560,,C23,CENTRAL,2,C,0,No,0,31.2,1859.81136506083
1468,TAYLORSVILLE RD,9643,,C23,CENTRAL,2,C,0,No,0,31.2,171.655967355911
1469,TAYLORSVILLE RD,31572,,C23,CENTRAL,2,C,0,No,0,31.2,5483.64762400165
1470,HOPEWELL RD,33729,,C23,CENTRAL,2,C,0,No,0,31.2,3200.55853347197
1471,TAYLORSVILLE RD,9640,,C23,CENTRAL,2,C,0.16667254535822668,Yes,0.16667255,31.2,1443.80544087937
1472,BRADBE RD,31561,,C23,CENTRAL,2,C,0,No,0,31.2,794.602967401167
1473,TAYLORSVILLE RD,9641,,C23,CENTRAL,2,C,0.3692559590466867,Yes,0.36925596,31.2,3198.27372369587
1474,HOPEWELL RD,33772,,C23,CENTRAL,2,C,0,No,0,31.2,394.710476382718
1475,TAYLORSVILLE RD,9644,,C23,CENTRAL,2,C,0,No,0,31.2,989.72857918972
1476,BRADBE RD,33383,,C23,CENTRAL,2,C,0,No,0,31.2,7459.95263984868
1477,HOPEWELL RD,9491,,C23,CENTRAL,2,C,0,No,0,31.2,2261.71432700319
1478,TAYLORSVILLE RD,40230,,C23,CENTRAL,2,C,0,No,0,31.2,6458.87331110102
1479,TAYLORSVILLE RD,9646,,C23,CENTRAL,2,C,0.064726458028686235,Yes,0.06472646,31.2,560.621596655082
1480,OLD TAYLORSVILLE RD,9428,,C23,CENTRAL,3,C,0,No,0,31.2,703.815799889764
1481,HOPEWELL RD,9439,,C23,CENTRAL,3,C,0,No,0,31.2,920.117358280411
1482,POTTS RD,9486,,C23,CENTRAL,3,C,0,No,0,31.2,2465.32713704242
1483,OLD TAYLORSVILLE RD,9434,,C23,CENTRAL,3,C,0,No,0,31.2,2053.04319700711
1484,OLD ROUTT RD,9542,,C23,CENTRAL,3,C,0,No,0,31.2,2172.94785179019
1485,OLD TAYLORSVILLE RD,9438,,C23,CENTRAL,3,C,0,No,0,31.2,2624.89529115051
1486,OLD ROUTT RD,32152,,C23,CENTRAL,3,C,0,No,0,31.2,5083.09616245952
1487,OLD TAYLORSVILLE RD,34496,,C23,CENTRAL,3,C,0,No,0,31.2,1112.16537109861
1488,OLD TAYLORSVILLE RD,9529,,C23,CENTRAL,3,C,0,No,0,31.2,3160.18575929252
1489,OLD TAYLORSVILLE RD,9530,,C23,CENTRAL,3,C,0,No,0,31.2,1653.86335513634
1490,HOPEWELL RD,9473,,C23,CENTRAL,3,C,0,No,0,31.2,1787.5969162836
1491,OLD TAYLORSVILLE RD,9431,,C23,CENTRAL,3,C,0,No,0,31.2,416.937357098775
1492,WILDERNESS TRL,9527,,C23,CENTRAL,3,C,0,No,0,31.2,4644.04916428625
1493,S POPE LICK RD,36329,,C23,CENTRAL,3,C,0,No,0,31.2,869.947080242174
1494,OLD TAYLORSVILLE RD,9435,,C23,CENTRAL,3,C,0,No,0,31.2,1001.16742716307
1495,S POPE LICK RD,41716,,C23,CENTRAL,3,C,0,No,0,31.2,1444.20989380833
1496,BILLTOWN RD,13270,,C24,CENTRAL,1,C,0.03372057381977022,Yes,0.03372057,28.66,292.067362771275
1497,BILLTOWN RD,33600,,C24,CENTRAL,1,C,0.059658159840273887,Yes,0.05965816,28.66,516.723276632728
1498,BILLTOWN RD,13257,,C24,CENTRAL,1,C,0.10263664469894265,Yes,0.10263664,28.66,889.107098360255
1499,BILLTOWN RD,13259,,C24,CENTRAL,1,C,0.0449120816049067,Yes,0.04491208,28.66,389.0013462488
1500,BILLTOWN RD,13256,,C24,CENTRAL,1,C,0.0580636872937624,Yes,0.05806369,28.66,502.912892945628
1501,BILLTOWN RD,35609,,C24,CENTRAL,1,C,0.0857065926362888,Yes,0.08570659,28.66,742.338866885632
1502,BILLTOWN RD,13264,,C24,CENTRAL,1,C,0.221869936878627,Yes,0.22186994,28.66,960.852356375528
1503,BILLTOWN RD,31101,,C24,CENTRAL,1,C,0.14787188546537688,Yes,0.14787189,28.66,1280.77764690293
1504,BILLTOWN RD,32212,,C24,CENTRAL,1,C,0.0995305458937634,Yes,0.09953055,28.66,862.073965593967
1505,BILLTOWN RD,11018,,C24,CENTRAL,1,C,0.04207396601884895,Yes,0.04207397,28.66,364.419308814542
1506,BILLTOWN RD,10956,,C24,CENTRAL,1,C,0.36330225114917,Yes,0.36330225,28.66,3146.70625703971
1507,BILLTOWN RD,13679,,C24,CENTRAL,1,C,0.34751093298441288,Yes,0.34751093,28.66,3010.06962804246
1508,BILLTOWN RD,13271,,C24,CENTRAL,1,C,0.05807131270123483,Yes,0.05807131,28.66,502.978825320201
1509,BILLTOWN RD,10868,,C24,CENTRAL,1,C,0.13115395373495778,Yes,0.13115395,28.66,1135.97696869159
1510,ROUTT RD,9570,,C24,CENTRAL,2,C,0.3858487285484038,Yes,0.38584873,28.66,3341.98982974458
1511,ROUTT RD,9572,,C24,CENTRAL,2,C,0.2624905170470325,Yes,0.26249052,28.66,2273.53548897864
1512,ROUTT RD,9616,,C24,CENTRAL,2,C,0.017142132692643558,Yes,0.01714213,28.66,148.474918738194
1513,LOVERS LN,13568,,C24,CENTRAL,2,C,0.0619205156154489,Yes,0.06192052,28.66,536.341793724448
1514,ROUTT RD,9571,,C24,CENTRAL,2,C,0.10871129934431438,Yes,0.1087113,28.66,941.59207998656
1515,ROUTT RD,9591,,C24,CENTRAL,2,C,0.069674301071235317,Yes,0.0696743,28.66,603.477173740786
1516,ROUTT RD,9573,,C24,CENTRAL,2,C,0.27733833331655838,Yes,0.27733833,28.66,2402.13833123281
1517,ROUTT RD,9541,,C24,CENTRAL,2,C,0.18146943181240457,Yes,0.18146943,28.66,1047.85293220923
1518,ROUTT RD,9617,,C24,CENTRAL,2,C,0.6488036536207454,Yes,0.64880365,28.66,5619.54791341304
1519,LOVERS LN,10951,,C24,CENTRAL,2,C,0.3235406419449715,Yes,0.32354064,28.66,2802.52235897192
1520,LOVERS LN,33476,,C24,CENTRAL,2,C,0.10955017675488088,Yes,0.10955018,28.66,948.966519042393
1521,LOVERS LN,41488,,C24,CENTRAL,2,C,0.096919776246576328,Yes,0.09691978,28.66,839.461069327845
1522,LOVERS LN,11116,,C24,CENTRAL,2,C,0.185992092919548,Yes,0.18599209,28.66,1610.95159288742
1523,BRUSH RUN RD,30818,,C24,CENTRAL,2,C,0.4657840403900406,Yes,0.46578404,28.66,4034.34187856844
1524,BRUSH RUN RD,9601,,C24,CENTRAL,2,C,0.2847760452292311,Yes,0.28477605,28.66,2466.5590951968
1525,SEATONVILLE RD,30132,,C24,CENTRAL,2,C,0.75212809242466516,Yes,0.75212809,28.66,6514.70559405715
1526,SEATONVILLE RD,9516,,C24,CENTRAL,2,C,0.04369981924562941,Yes,0.04369982,28.66,378.586777400151
1527,SEATONVILLE RD,34497,,C24,CENTRAL,2,C,0.1431816905725641,Yes,0.14318169,28.66,1240.15402491523
1528,BRUSH RUN RD,30819,,C24,CENTRAL,2,C,0.5872657548409594,Yes,0.58726575,28.66,5086.54335504157
1529,ROUTT RD,9543,,C24,CENTRAL,2,C,0.296882058790466,Yes,0.29688206,28.66,2571.41405884426
1530,ROUTT RD,9618,,C24,CENTRAL,2,C,0.294112585809788,Yes,0.29411259,28.66,2547.42679377071
1531,SEATONVILLE RD,33375,,C24,CENTRAL,2,C,0.0560458096916436,Yes,0.05604581,28.66,485.435274644932
1532,BRUSH RUN RD,34199,,C24,CENTRAL,2,C,0.350227545903197,Yes,0.35022755,28.66,3033.46075268993
1533,ROUTT RD,9619,,C24,CENTRAL,2,C,0.1045758552665455,Yes,0.10457586,28.66,905.77330367314
1534,ROUTT RD,9592,,C24,CENTRAL,2,C,0.5219044662140396,Yes,0.52190447,28.66,4520.42336410651
1535,ROUTT RD,9544,,C24,CENTRAL,2,C,0.20305545876599526,Yes,0.20305546,28.66,1758.74436414029
1536,LOVERS LN,31870,,C24,CENTRAL,2,C,0.04323160840642407,Yes,0.04323161,28.66,374.491292898991
1537,LOVERS LN,31869,,C24,CENTRAL,2,C,0.06178466621902796,Yes,0.06178467,28.66,535.14161871095
1538,OLD HEADY RD,9671,,C25,CENTRAL,2,C,0,No,0,22.3,2903.11655405727
1539,ECHO TRL,9507,,C25,CENTRAL,2,C,0,No,0,22.3,868.576701566459
1540,DRY RIDGE RD,9614,,C25,CENTRAL,2,C,0,No,0,22.3,3688.54508193106
1541,OLD HEADY RD,9666,,C25,CENTRAL,2,C,0,No,0,22.3,1653.8541391573
1542,DRY RIDGE RD,33440,,C25,CENTRAL,2,C,0,No,0,22.3,3417.62658666616
1543,THURMAN RD,9589,,C25,CENTRAL,2,C,0,No,0,22.3,1740.79512986786
1544,OLD HEADY RD,9667,,C25,CENTRAL,2,C,0,No,0,22.3,3086.96081296278
1545,OLD HEADY RD,40077,,C25,CENTRAL,2,C,0,No,0,22.3,5094.67321837368
1546,THURMAN RD,9574,,C25,CENTRAL,2,C,0,No,0,22.3,1192.77289411314
1547,THURMAN RD,9588,,C25,CENTRAL,2,C,0,No,0,22.3,2446.98783202586
1548,ECHO TRL,9649,,C25,CENTRAL,2,C,0,No,0,22.3,7297.65613986005
1549,THURMAN RD,9651,,C25,CENTRAL,2,C,0,No,0,22.3,3201.77439016694
1550,DRY RIDGE RD,32554,,C25,CENTRAL,2,C,0,No,0,22.3,1466.74549011239
1551,THURMAN RD,9652,,C25,CENTRAL,2,C,0,No,0,22.3,973.493449874019
1552,OLD HEADY RD,9669,,C25,CENTRAL,2,C,0,No,0,22.3,4405.88672791842
1553,OLD HEADY RD,9670,,C25,CENTRAL,2,C,0,No,0,22.3,2500.73820051859
1554,DRY RIDGE RD,9622,,C25,CENTRAL,2,C,0,No,0,22.3,2904.86656537358
1555,OLD HEADY RD,9672,,C25,CENTRAL,2,C,0,No,0,22.3,138.955456813056
1556,OLD HEADY RD,9668,,C25,CENTRAL,2,C,0,No,0,22.3,3693.09927535404
1557,DRY RIDGE RD,35624,,C25,CENTRAL,2,C,0,No,0,22.3,664.749089226912
1558,DRY RIDGE RD,9595,,C25,CENTRAL,2,C,0,No,0,22.3,1458.1068550124
1559,ECHO TRL,9515,,C25,CENTRAL,2,C,0,No,0,22.3,3862.72729601506
1560,SHELBYVILLE RD,9389,,E01,EAST,1,E,0.264876627083364,Yes,0.26487663,41.44,1147.10117669617
1561,SHELBYVILLE RD,9383,,E01,EAST,1,E,0.076933212849098,Yes,0.07693321,41.44,333.174597621127
1562,SHELBYVILLE RD,9394,,E01,EAST,1,E,0.0788335144593045,Yes,0.07883351,41.44,341.404324575238
1563,SHELBYVILLE RD,9404,,E01,EAST,1,E,0.0901641404639409,Yes,0.09016414,41.44,780.947619880696
1564,SHELBYVILLE RD,9384,,E01,EAST,1,E,0.1932743097009576,Yes,0.19327431,41.44,837.013064530487
1565,SHELBYVILLE RD,9388,,E01,EAST,1,E,0.2046362400037791,Yes,0.20463624,41.44,886.217975377427
1566,SHELBYVILLE RD,9405,,E01,EAST,1,E,0.067531875353913945,Yes,0.06753188,41.44,292.460197879808
1567,SHELBYVILLE RD,9397,,E01,EAST,1,E,0.093285273260175855,Yes,0.09328527,41.44,403.990434265621
1568,SHELBYVILLE RD,9342,,E01,EAST,1,E,0.02653899694792408,Yes,0.026539,41.44,229.864993069981
1569,SHELBYVILLE RD,9392,,E01,EAST,1,E,0.1552765279274544,Yes,0.15527653,41.44,537.964912696083
1570,SHELBYVILLE RD,29804,,E01,EAST,1,E,0.09470879785434208,Yes,0.0947088,41.44,820.310900904751
1571,SHELBYVILLE RD,9379,,E01,EAST,1,E,0.197524818979969,Yes,0.19752482,41.44,855.420766381216
1572,SHELBYVILLE RD,9410,,E01,EAST,1,E,0.29538105837432077,Yes,0.29538106,41.44,1279.20663267357
1573,SHELBYVILLE RD,9376,,E01,EAST,1,E,0.08503479147658768,Yes,0.08503479,41.44,368.259914405243
1574,FRANKFORT AVE,3327,,E01,EAST,1,E,0.04628527824117734,Yes,0.04628528,41.44,267.26342109867
1575,SHELBYVILLE RD,9381,,E01,EAST,1,E,0.069634235542728,Yes,0.06963424,41.44,301.565220194985
1576,SHELBYVILLE RD,1278,,E01,EAST,1,E,0.4409087128278147,Yes,0.44090871,41.44,1909.44346113302
1577,SHELBYVILLE RD,1273,,E01,EAST,1,E,0.047071028521817375,Yes,0.04707103,41.44,203.850591062578
1578,SHELBYVILLE RD,9380,,E01,EAST,1,E,0.107859132914393,Yes,0.10785913,41.44,467.105502444655
1579,SHELBYVILLE RD,9407,,E01,EAST,1,E,0.17743284938257176,Yes,0.17743285,41.44,768.408653408914
1580,SHELBYVILLE RD,9374,,E01,EAST,1,E,0.24023816262516648,Yes,0.24023816,41.44,1040.39952617447
1581,SHELBYVILLE RD,9377,,E01,EAST,1,E,0.047487483640809035,Yes,0.04748748,41.44,411.308283293991
1582,SHELBYVILLE RD,9396,,E01,EAST,1,E,0.038328317971550736,Yes,0.03832832,41.44,165.988714389852
1583,SHELBYVILLE RD,9387,,E01,EAST,1,E,0.2508646606829917,Yes,0.25086466,41.44,1086.4194342056
1584,SHELBYVILLE RD,1280,,E01,EAST,1,E,0.16798723328213425,Yes,0.16798723,41.44,727.502434503138
1585,SHELBYVILLE RD,9409,,E01,EAST,1,E,0.10723699594030725,Yes,0.107237,41.44,464.411227783118
1586,SHELBYVILLE RD,9378,,E01,EAST,1,E,0.210473231667615,Yes,0.21047323,41.44,911.496242173126
1587,SHELBYVILLE RD,9375,,E01,EAST,1,E,0.18539961650382528,Yes,0.18539962,41.44,802.910372185463
1588,SHELBYVILLE RD,9406,,E01,EAST,1,E,0.1592641679909645,Yes,0.15926417,41.44,689.725419705177
1589,SHELBYVILLE RD,9385,,E01,EAST,1,E,0.151548166046777,Yes,0.15154817,41.44,656.309490768483
1590,SHELBYVILLE RD,35078,,E01,EAST,1,E,0.12557234070753936,Yes,0.12557234,41.44,1087.63210287877
1591,SHELBYVILLE RD,9344,,E01,EAST,1,E,0.05507730836971628,Yes,0.05507731,41.44,238.523094482615
1592,SHELBYVILLE RD,9395,,E01,EAST,1,E,0.23429626510191476,Yes,0.23429627,41.44,1014.66654228706
1593,SHELBYVILLE RD,9386,,E01,EAST,1,E,0.070489728151101175,Yes,0.07048973,41.44,610.539856563692
1594,SHELBYVILLE RD,9382,,E01,EAST,1,E,0.22546805301492265,Yes,0.22546805,41.44,976.434475722439
1595,SHELBYVILLE RD,1279,,E01,EAST,1,E,0.1315493165673,Yes,0.13154932,41.44,569.700759472684
1596,SHELBYVILLE RD,9393,,E01,EAST,1,E,0.03817763275562236,Yes,0.03817763,41.44,165.335879170463
1597,SHELBYVILLE RD,9343,,E01,EAST,1,E,0.06689020539636954,Yes,0.06689021,41.44,579.363006470848
1598,SHELBYVILLE RD,9345,,E01,EAST,1,E,0.0385517363354695,Yes,0.03855174,41.44,333.912045164966
1599,SHELBYVILLE RD,9346,,E01,EAST,1,E,0.06754881270287588,Yes,0.06754881,41.44,292.533539472789
1600,SHELBYVILLE RD,1274,,E01,EAST,1,E,0.1693738583592962,Yes,0.16937386,41.44,733.507200032829
1601,SHELBYVILLE RD,9391,,E01,EAST,1,E,0.144139496568564,Yes,0.1441395,41.44,624.224863016375
1602,SHELBYVILLE RD,9390,,E01,EAST,1,E,0.1384861196501722,Yes,0.13848612,41.44,599.742042711125
1603,SHELBYVILLE RD,9352,,E01,EAST,1,E,0.096243094252787015,Yes,0.09624309,41.44,416.799807432799
1604,SHELBYVILLE RD,9367,,E01,EAST,1,E,0.060749509559735085,Yes,0.06074951,41.44,263.087847297568
1605,SHELBYVILLE RD,9371,,E01,EAST,1,E,0.020744592596247616,Yes,0.02074459,41.44,119.784730024904
1606,SHELBYVILLE RD,9360,,E01,EAST,1,E,0.2021202908268597,Yes,0.20212029,41.44,700.257848435355
1607,SHELBYVILLE RD,9370,,E01,EAST,1,E,0.178071407327643,Yes,0.17807141,41.44,514.115922018611
1608,SHELBYVILLE RD,9369,,E01,EAST,1,E,0.138914693419865,Yes,0.13891469,41.44,401.065361181885
1609,SHELBYVILLE RD,9357,,E01,EAST,1,E,0.11926656800470145,Yes,0.11926657,41.44,344.338501922527
1610,SHELBYVILLE RD,9372,,E01,EAST,1,E,0.0912429016212209,Yes,0.0912429,41.44,526.860902094898
1611,SHELBYVILLE RD,9359,,E01,EAST,1,E,0.20781485667168387,Yes,0.20781486,41.44,719.987097126139
1612,SHELBYVILLE RD,9356,,E01,EAST,1,E,0.1241556846901076,Yes,0.12415568,41.44,358.454240210658
1613,SHELBYVILLE RD,9354,,E01,EAST,1,E,0.0370717981093256,Yes,0.0370718,41.44,107.031098992594
1614,SHELBYVILLE RD,9368,,E01,EAST,1,E,0.0155022408306827,Yes,0.01550224,41.44,89.5142003483654
1615,SHELBYVILLE RD,9353,,E01,EAST,1,E,0.2349505881393201,Yes,0.23495059,41.44,814.000395147324
1616,SHELBYVILLE RD,9358,,E01,EAST,1,E,0.1307289414341843,Yes,0.13072894,41.44,377.431642196637
1617,SHELBYVILLE RD,9363,,E01,EAST,1,E,0.16114395778723326,Yes,0.16114396,41.44,465.24421552691
1618,SHELBYVILLE RD,9364,,E01,EAST,1,E,0.071776099495226,Yes,0.0717761,41.44,177.623381752833
1619,SHELBYVILLE RD,9361,,E01,EAST,1,E,0.181041726469457,Yes,0.18104173,41.44,522.691835849827
1620,SHELBYVILLE RD,9362,,E01,EAST,1,E,0.19819339536043137,Yes,0.1981934,41.44,858.315953360851
1621,SHELBYVILLE RD,9365,,E01,EAST,1,E,0.0919153081790707,Yes,0.09191531,41.44,796.115172334962
1622,SHELBYVILLE RD,9366,,E01,EAST,1,E,0.029120562015858747,Yes,0.02912056,41.44,84.0747642804322
1623,SHELBYVILLE RD,9373,,E01,EAST,1,E,0.30560518179621127,Yes,0.30560518,41.44,882.322690403892
1624,SHELBYVILLE RD,9398,,E01,EAST,1,E,0.11011098055602,Yes,0.11011098,41.44,476.857558717502
1625,SHELBYVILLE RD,9403,,E01,EAST,1,E,0.09739360179366625,Yes,0.0973936,41.44,421.782381738492
1626,SHELBYVILLE RD,9355,,E01,EAST,1,E,0.04426611038982724,Yes,0.04426611,41.44,383.40634430474
1627,SHELBYVILLE RD,9401,,E01,EAST,1,E,0.098146904483206218,Yes,0.0981469,41.44,425.044991388389
1628,SHELBYVILLE RD,33602,,E01,EAST,1,E,0.1887172969926119,Yes,0.1887173,41.44,544.852201210624
1629,SHELBYVILLE RD,9402,,E01,EAST,1,E,0.085984241264157,Yes,0.08598424,41.44,372.371980149639
1630,SHELBYVILLE RD,9399,,E01,EAST,1,E,0.1430850337884701,Yes,0.14308503,41.44,619.65848808374
1631,SHELBYVILLE RD,9351,,E01,EAST,1,E,0.05030199140269542,Yes,0.05030199,41.44,217.842943559142
1632,SHELBYVILLE RD,9408,,E01,EAST,1,E,0.04830241393423827,Yes,0.04830241,41.44,209.183347452809
1633,SHELBYVILLE RD,9400,,E01,EAST,1,E,0.088253764694716325,Yes,0.08825376,41.44,764.400869696082
1634,SHELBYVILLE RD,1281,,E01,EAST,1,E,0.17217254070314536,Yes,0.17217254,41.44,745.627492444493
1635,SHELBYVILLE RD,9350,,E01,EAST,1,E,0.040686745520190165,Yes,0.04068675,41.44,176.202123702309
1636,SHELBYVILLE RD,9347,,E01,EAST,1,E,0.065383881242116637,Yes,0.06538388,41.44,283.158233747276
1637,SHELBYVILLE RD,9348,,E01,EAST,1,E,0.017675218293537725,Yes,0.01767522,41.44,76.5458799970797
1638,SHELBYVILLE RD,9349,,E01,EAST,1,E,0.08409489846115972,Yes,0.0840949,41.44,364.189845634487
1639,SHELBYVILLE RD,1289,,E02,EAST,1,E,0.1521853882701148,Yes,0.15218539,23.36,659.128235003536
1640,SHELBYVILLE RD,32735,,E02,EAST,1,E,0.2355081734340835,Yes,0.23550817,23.36,1359.88688937632
1641,SHELBYVILLE RD,1276,,E02,EAST,1,E,0.68134508254212978,Yes,0.68134508,23.36,2950.70113002802
1642,SHELBYVILLE RD,1302,,E02,EAST,1,E,0.0485280717193758,Yes,0.04852807,23.36,420.321165665035
1643,SHELBYVILLE RD,1287,,E02,EAST,1,E,0.098430102313578557,Yes,0.0984301,23.36,426.271083465163
1644,SHELBYVILLE RD,1290,,E02,EAST,1,E,0.0654636725441007,Yes,0.06546367,23.36,283.50339343675
1645,SHELBYVILLE RD,1293,,E02,EAST,1,E,0.04491083067493983,Yes,0.04491083,23.36,388.990872284058
1646,SHELBYVILLE RD,1275,,E02,EAST,1,E,0.2305137285444,Yes,0.23051373,23.36,665.523892833204
1647,SHELBYVILLE RD,32285,,E02,EAST,1,E,0.1753180330592526,Yes,0.17531803,23.36,759.249794066784
1648,SHELBYVILLE RD,37356,,E02,EAST,1,E,0.054855832272976447,Yes,0.05485583,23.36,237.564147189765
1649,SHELBYVILLE RD,30789,,E02,EAST,1,E,0.297314289375755,Yes,0.29731429,23.36,1287.57906079557
1650,SHELBYVILLE RD,1285,,E02,EAST,1,E,0.2618510953983635,Yes,0.2618511,23.36,1133.99850193882
1651,SHELBYVILLE RD,1283,,E02,EAST,1,E,0.05940913339952172,Yes,0.05940913,23.36,257.282886651435
1652,SHELBYVILLE RD,1288,,E02,EAST,1,E,0.30537281248829556,Yes,0.30537281,23.36,1058.24691546491
1653,SHELBYVILLE RD,1296,,E02,EAST,1,E,0.38499508317831627,Yes,0.38499508,23.36,1667.29852207208
1654,SHELBYVILLE RD,1292,,E02,EAST,1,E,0.06770562647288558,Yes,0.06770563,23.36,390.950131117609
1655,SHELBYVILLE RD,1284,,E02,EAST,1,E,0.14431945173537816,Yes,0.14431945,23.36,625.004508227371
1656,SHELBYVILLE RD,30788,,E02,EAST,1,E,0.1085152748867013,Yes,0.10851527,23.36,469.946994003471
1657,SHELBYVILLE RD,31809,,E02,EAST,1,E,0.1253358690801364,Yes,0.12533587,23.36,1085.58392924974
1658,SHELBYVILLE RD,1300,,E02,EAST,1,E,0.10076249861100457,Yes,0.1007625,23.36,872.744341068951
1659,SHELBYVILLE RD,1301,,E02,EAST,1,E,0.093211686885293826,Yes,0.09321169,23.36,403.876075452154
1660,SHELBYVILLE RD,32460,,E02,EAST,1,E,0.06425993537452523,Yes,0.06425994,23.36,557.131167271357
1661,SHELBYVILLE RD,1291,,E02,EAST,1,E,0.126109502041326,Yes,0.1261095,23.36,1092.28476457462
1662,SHELBYVILLE RD,1294,,E02,EAST,1,E,0.03959650171838692,Yes,0.0395965,23.36,342.961196686811
1663,SHELBYVILLE RD,1299,,E02,EAST,1,E,0.0154101631085431,Yes,0.01541016,23.36,133.473486917988
1664,SHELBYVILLE RD,1297,,E02,EAST,1,E,0.0297641039158578,Yes,0.0297641,23.36,171.86584416782
1665,SHELBYVILLE RD,33091,,E02,EAST,1,E,0.247707841905791,Yes,0.24770784,23.36,2145.496705908
1666,SHELBYVILLE RD,34794,,E02,EAST,1,E,0.1050127956316782,Yes,0.1050128,23.36,909.557836916
1667,SHELBYVILLE RD,31830,,E02,EAST,1,E,0.296259447519595,Yes,0.29625945,23.36,2566.02171026367
1668,SHELBYVILLE RD,33444,,E02,EAST,1,E,0.09361938536444554,Yes,0.09361939,23.36,810.874997055876
1669,SHELBYVILLE RD,1282,,E02,EAST,1,E,0.062193967244383017,Yes,0.06219397,23.36,538.68697096795
1670,SHELBYVILLE RD,30795,,E02,EAST,1,E,0.1979785884555388,Yes,0.19797859,23.36,1714.77173109223
1671,SHELBYVILLE RD,31831,,E02,EAST,1,E,0.172954353059797,Yes,0.17295435,23.36,1498.02683183486
1672,TAYLORSVILLE RD,13890,,E03,EAST,1,E,0.07904096432589892,Yes,0.07904096,16.12,342.302745727832
1673,TAYLORSVILLE RD,13875,,E03,EAST,1,E,0.15298982318200358,Yes,0.15298982,16.12,662.552871741419
1674,TAYLORSVILLE RD,29905,,E03,EAST,1,E,0.099360510081578646,Yes,0.09936051,16.12,430.300558377588
1675,TAYLORSVILLE RD,8867,,E03,EAST,1,E,0.053975102644901268,Yes,0.0539751,16.12,467.499989101727
1676,TAYLORSVILLE RD,8868,,E03,EAST,1,E,0.061455827934394636,Yes,0.06145583,16.12,532.293453178255
1677,TAYLORSVILLE RD,8866,,E03,EAST,1,E,0.1038874146837616,Yes,0.10388741,16.12,449.905162939288
1678,TAYLORSVILLE RD,34837,,E03,EAST,1,E,0.3509265285183516,Yes,0.35092653,16.12,1519.75770304278
1679,TAYLORSVILLE RD,8863,,E03,EAST,1,E,0.15895142414760088,Yes,0.15895142,16.12,688.371039140926
1680,TAYLORSVILLE RD,8842,,E03,EAST,1,E,0.273458297425853,Yes,0.2734583,16.12,947.412659437399
1681,TAYLORSVILLE RD,8847,,E03,EAST,1,E,0.0490221041156674,Yes,0.0490221,16.12,212.299990627208
1682,TAYLORSVILLE RD,8848,,E03,EAST,1,E,0.06735476850793537,Yes,0.06735477,16.12,291.693454937071
1683,TAYLORSVILLE RD,8844,,E03,EAST,1,E,0.048547673784356066,Yes,0.04854767,16.12,420.490838855715
1684,TAYLORSVILLE RD,8845,,E03,EAST,1,E,0.22290419862072877,Yes,0.2229042,16.12,965.331438706431
1685,TAYLORSVILLE RD,8846,,E03,EAST,1,E,0.0446866909804819,Yes,0.04468669,16.12,193.524394981699
1686,TAYLORSVILLE RD,8839,,E03,EAST,1,E,0.26301426972025926,Yes,0.26301427,16.12,1139.03597742018
1687,TAYLORSVILLE RD,8861,,E03,EAST,1,E,0.08173335427339516,Yes,0.08173335,16.12,707.937048470768
1688,TAYLORSVILLE RD,8849,,E03,EAST,1,E,0.062363182410507957,Yes,0.06236318,16.12,270.076149286248
1689,TAYLORSVILLE RD,8837,,E03,EAST,1,E,0.12106067795615667,Yes,0.12106068,16.12,524.277167965745
1690,TAYLORSVILLE RD,8843,,E03,EAST,1,E,0.03468235930917456,Yes,0.03468236,16.12,300.39780409125
1691,TAYLORSVILLE RD,8838,,E03,EAST,1,E,0.1339094237169393,Yes,0.13390942,16.12,579.921720108331
1692,TAYLORSVILLE RD,8850,,E03,EAST,1,E,0.1718615213371361,Yes,0.17186152,16.12,744.280497722294
1693,TAYLORSVILLE RD,8836,,E03,EAST,1,E,0.09971192928778827,Yes,0.09971193,16.12,431.822718815203
1694,TAYLORSVILLE RD,39692,,E03,EAST,1,E,0.097227751218751116,Yes,0.09722775,16.12,421.064159721013
1695,TAYLORSVILLE RD,8835,,E03,EAST,1,E,0.4272011094220333,Yes,0.42720111,16.12,1850.07982140003
1696,TAYLORSVILLE RD,8862,,E03,EAST,1,E,0.2436987936124633,Yes,0.24369879,16.12,1055.38603395941
1697,TAYLORSVILLE RD,8855,,E03,EAST,1,E,0.066880776384588767,Yes,0.06688078,16.12,289.640394838671
1698,TAYLORSVILLE RD,38440,,E03,EAST,1,E,0.09142777782368913,Yes,0.09142778,16.12,395.946347920081
1699,TAYLORSVILLE RD,8856,,E03,EAST,1,E,0.107284529852261,Yes,0.10728453,16.12,464.617351295666
1700,TAYLORSVILLE RD,8857,,E03,EAST,1,E,0.1177958983404006,Yes,0.1177959,16.12,510.138449046249
1701,TAYLORSVILLE RD,8840,,E03,EAST,1,E,0.1069712841224126,Yes,0.10697128,16.12,463.507490580905
1702,TAYLORSVILLE RD,31288,,E03,EAST,1,E,0.149965391077364,Yes,0.14996539,16.12,649.554210224363
1703,TAYLORSVILLE RD,8852,,E03,EAST,1,E,0.05624460911393083,Yes,0.05624461,16.12,487.271551630211
1704,TAYLORSVILLE RD,8851,,E03,EAST,1,E,0.0507603969314952,Yes,0.0507604,16.12,439.766976100909
1705,TAYLORSVILLE RD,9710,,E03,EAST,1,E,0.02764352714952793,Yes,0.02764353,16.12,239.431958305095
1706,TAYLORSVILLE RD,8865,,E03,EAST,1,E,0.11320213143317588,Yes,0.11320213,16.12,490.495865700214
1707,TAYLORSVILLE RD,8864,,E03,EAST,1,E,0.11578697520656016,Yes,0.11578698,16.12,501.690629154018
1708,U S HIGHWAY 42,8476,,E04,EAST,1,E,0.20404993628346835,Yes,0.20404994,34.36,883.679064387931
1709,U S HIGHWAY 42,8500,,E04,EAST,1,E,0.05980804271101906,Yes,0.05980804,34.36,259.010754183707
1710,U S HIGHWAY 42,8482,,E04,EAST,1,E,0.40625531409912036,Yes,0.40625531,34.36,1759.36991205563
1711,U S HIGHWAY 42,8487,,E04,EAST,1,E,0.067621923649396,Yes,0.06762192,34.36,292.850467303679
1712,U S HIGHWAY 42,8498,,E04,EAST,1,E,0.07256051340272222,Yes,0.07256051,34.36,628.475839304038
1713,U S HIGHWAY 42,8490,,E04,EAST,1,E,0.30026159180228568,Yes,0.30026159,34.36,1300.34275029407
1714,U S HIGHWAY 42,8477,,E04,EAST,1,E,0.03117517847178842,Yes,0.03117518,34.36,135.010384071395
1715,U S HIGHWAY 42,8495,,E04,EAST,1,E,0.304127634565773,Yes,0.30412763,34.36,1317.08540256286
1716,U S HIGHWAY 42,8486,,E04,EAST,1,E,0.2395228498867565,Yes,0.23952285,34.36,1037.30145786392
1717,U S HIGHWAY 42,8483,,E04,EAST,1,E,0.1663170802100341,Yes,0.16631708,34.36,1440.5385508924
1718,U S HIGHWAY 42,34289,,E04,EAST,1,E,0.12569893096021267,Yes,0.12569893,34.36,544.364265849718
1719,U S HIGHWAY 42,8488,,E04,EAST,1,E,0.277976752799613,Yes,0.27797675,34.36,1203.83403107801
1720,U S HIGHWAY 42,8494,,E04,EAST,1,E,0.263416493765771,Yes,0.26341649,34.36,1140.7776839839
1721,U S HIGHWAY 42,8502,,E04,EAST,1,E,0.1929545024074762,Yes,0.1929545,34.36,835.627787054664
1722,U S HIGHWAY 42,8501,,E04,EAST,1,E,0.633091233056282,Yes,0.63309123,34.36,2741.72818731635
1723,U S HIGHWAY 42,8485,,E04,EAST,1,E,0.2388603431033732,Yes,0.23886034,34.36,1034.43263754325
1724,U S HIGHWAY 42,8489,,E04,EAST,1,E,0.50342584140401958,Yes,0.50342584,34.36,2180.18639606265
1725,U S HIGHWAY 42,8499,,E04,EAST,1,E,0.22619980386622346,Yes,0.2261998,34.36,1959.20697114515
1726,U S HIGHWAY 42,8496,,E04,EAST,1,E,0.34246583836225,Yes,0.34246584,34.36,1483.52880086496
1727,U S HIGHWAY 42,8497,,E04,EAST,1,E,0.01941352665614545,Yes,0.01941353,34.36,84.0740130220094
1728,U S HIGHWAY 42,8474,,E04,EAST,1,E,0.31296786189689,Yes,0.31296786,34.36,2710.74000032058
1729,U S HIGHWAY 42,8475,,E04,EAST,1,E,0.160831023595518,Yes,0.16083102,34.36,696.51086508636
1730,BROWNSBORO RD,8921,,E04,EAST,1,E,0.1305887812773643,Yes,0.13058878,34.36,565.553340277252
1731,BROWNSBORO RD,8918,,E04,EAST,1,E,0.04451290325276087,Yes,0.0445129,34.36,192.771834115166
1732,BROWNSBORO RD,8919,,E04,EAST,1,E,0.06040137698271584,Yes,0.06040138,34.36,261.580347363028
1733,BROWNSBORO RD,8941,,E04,EAST,1,E,0.05523615551657273,Yes,0.05523616,34.36,239.211114019212
1734,BROWNSBORO RD,8920,,E04,EAST,1,E,0.0500983011938875,Yes,0.0500983,34.36,216.988861835064
1735,BROWNSBORO RD,8917,,E04,EAST,1,E,0.05686169764931996,Yes,0.0568617,34.36,492.502149489281
1736,BROWNSBORO RD,8948,,E04,EAST,1,E,0.1818519717450547,Yes,0.18185197,34.36,1050.08732490076
1737,BROWNSBORO RD,8949,,E04,EAST,1,E,0.198974627592691,Yes,0.19897463,34.36,861.699413314324
1738,BROWNSBORO RD,8924,,E04,EAST,1,E,0.1356826902285128,Yes,0.13568269,34.36,587.601065588933
1739,BROWNSBORO RD,8947,,E04,EAST,1,E,0.11438518333310417,Yes,0.11438518,34.36,495.556027014387
1740,BROWNSBORO RD,8946,,E04,EAST,1,E,0.113645625350498,Yes,0.11364563,34.36,492.165021123763
1741,BROWNSBORO RD,8944,,E04,EAST,1,E,0.0987974614196409,Yes,0.09879746,34.36,427.862451587102
1742,BROWNSBORO RD,8929,,E04,EAST,1,E,0.27862540348382886,Yes,0.2786254,34.36,1206.64287551811
1743,BROWNSBORO RD,8922,,E04,EAST,1,E,0.29074396741415315,Yes,0.29074397,34.36,1259.12491625086
1744,BROWNSBORO RD,8930,,E04,EAST,1,E,0.2963000599619706,Yes,0.29630006,34.36,1283.26586864046
1745,BROWNSBORO RD,8923,,E04,EAST,1,E,0.189415832698632,Yes,0.18941583,34.36,1640.72780246932
1746,U S HIGHWAY 42,8491,,E04,EAST,1,E,0.2741305853364679,Yes,0.27413059,34.36,1187.17745822473
1747,U S HIGHWAY 42,8493,,E04,EAST,1,E,0.14148558312537,Yes,0.14148558,34.36,612.731659805122
1748,U S HIGHWAY 42,8492,,E04,EAST,1,E,0.137279352741645,Yes,0.13727935,34.36,1189.03126061423
1749,U S HIGHWAY 42,8478,,E04,EAST,1,E,0.2783090378381931,Yes,0.27830904,34.36,1205.27301706566
1750,U S HIGHWAY 42,8480,,E04,EAST,1,E,0.19533198301733856,Yes,0.19533198,34.36,845.924131546234
1751,U S HIGHWAY 42,8481,,E04,EAST,1,E,0.051220375396202847,Yes,0.05122038,34.36,221.820101323216
1752,U S HIGHWAY 42,8479,,E04,EAST,1,E,0.11468056688247588,Yes,0.11468057,34.36,496.647221253963
1753,BROWNSBORO RD,8967,,E05,EAST,1,E,0.2090671334543218,Yes,0.20906713,24,905.406880071118
1754,BROWNSBORO RD,8940,,E05,EAST,1,E,0.1655717724670004,Yes,0.16557177,24,1434.08336781751
1755,BROWNSBORO RD,8956,,E05,EAST,1,E,0.176728257888726,Yes,0.17672826,24,612.285497677044
1756,BALLARDSVILLE RD,8895,,E05,EAST,1,E,0.080128389743143985,Yes,0.08012839,24,694.023951056381
1757,BROWNSBORO RD,8935,,E05,EAST,1,E,0.10828847202966646,Yes,0.10828847,24,937.929709050559
1758,BROWNSBORO RD,8938,,E05,EAST,1,E,0.1087344459799104,Yes,0.10873445,24,941.792697898393
1759,BROWNSBORO RD,8960,,E05,EAST,1,E,0.1541166226139106,Yes,0.15411662,24,444.955249862184
1760,BALLARDSVILLE RD,1175,,E05,EAST,1,E,0.169797492884305,Yes,0.16979749,24,1470.68398179274
1761,BALLARDSVILLE RD,29736,,E05,EAST,1,E,0.11005506819627435,Yes,0.11005507,24,953.230906482778
1762,BROWNSBORO RD,8908,,E05,EAST,1,E,0.059350459803850675,Yes,0.05935046,24,514.058044426477
1763,BROWNSBORO RD,8965,,E05,EAST,1,E,0.238232613362624,Yes,0.23823261,24,2063.67983324312
1764,BROWNSBORO RD,8963,,E05,EAST,1,E,0.0775513606801493,Yes,0.07755136,24,268.693240375326
1765,N HURSTBOURNE PKY,6966,,E05,EAST,1,E,0.1732485436430143,Yes,0.17324854,24,750.287247886265
1766,N HURSTBOURNE PKY,6801,,E05,EAST,1,E,0.16236760029668726,Yes,0.1623676,24,1406.33067769328
1767,BROWNSBORO RD,8966,,E05,EAST,1,E,0.113034154666769,Yes,0.11303415,24,489.517394104898
1768,BROWNSBORO RD,8957,,E05,EAST,1,E,0.2337611907356678,Yes,0.23376119,24,1012.34955729522
1769,BALLARDSVILLE RD,8899,,E05,EAST,1,E,0.12503427162796288,Yes,0.12503427,24,1083.37065374979
1770,BALLARDSVILLE RD,33952,,E05,EAST,1,E,0.1495991450973495,Yes,0.14959915,24,1295.8894973552
1771,N HURSTBOURNE PKY,33662,,E05,EAST,1,E,0.08888967087996012,Yes,0.08888967,24,384.954455911181
1772,BROWNSBORO RD,8934,,E05,EAST,1,E,0.109891586076428,Yes,0.10989159,24,951.815207436382
1773,N HURSTBOURNE PKY,6826,,E05,EAST,1,E,0.17688952121701138,Yes,0.17688952,24,766.055452564884
1774,BALLARDSVILLE RD,8898,,E05,EAST,1,E,0.13879499506312115,Yes,0.138795,24,1202.15884438684
1775,N HURSTBOURNE PKY,6972,,E05,EAST,1,E,0.10996603465492127,Yes,0.10996603,24,476.229978383985
1776,N HURSTBOURNE PKY,6954,,E05,EAST,1,E,0.550138893001095,Yes,0.55013889,24,2382.48673256313
1777,BROWNSBORO RD,8933,,E05,EAST,1,E,0.192423208072783,Yes,0.19242321,24,1666.65426538635
1778,BROWNSBORO RD,8906,,E05,EAST,1,E,0.049630591950682458,Yes,0.04963059,24,429.870229040841
1779,BROWNSBORO RD,8931,,E05,EAST,1,E,0.078276662112893178,Yes,0.07827666,24,677.985449908581
1780,BROWNSBORO RD,8909,,E05,EAST,1,E,0.059077943845507,Yes,0.05907794,24,512.073221179388
1781,N HURSTBOURNE PKY,33663,,E05,EAST,1,E,0.044641655369589216,Yes,0.04464166,24,386.659287598313
1782,BALLARDSVILLE RD,8896,,E05,EAST,1,E,0.2218048828588816,Yes,0.22180488,24,1921.14096826592
1783,N HURSTBOURNE PKY,6834,,E05,EAST,1,E,0.205166987161238,Yes,0.20516699,24,888.764192606072
1784,BROWNSBORO RD,8958,,E05,EAST,1,E,0.22438017082166067,Yes,0.22438017,24,1943.66144110789
1785,BROWNSBORO RD,8932,,E05,EAST,1,E,0.0520907263836296,Yes,0.05209073,24,451.178517005696
1786,BROWNSBORO RD,8939,,E05,EAST,1,E,0.04250326558149271,Yes,0.04250327,24,368.137774198184
1787,N HURSTBOURNE PKY,8757,,E05,EAST,1,E,0.112008303804563,Yes,0.1120083,24,646.765932585067
1788,N HURSTBOURNE PKY,33664,,E05,EAST,1,E,0.07495314334710684,Yes,0.07495314,24,649.199130049926
1789,BROWNSBORO RD,8964,,E05,EAST,1,E,0.08003942275988182,Yes,0.08003942,24,277.301183451813
1790,N HURSTBOURNE PKY,32266,,E05,EAST,1,E,0.96564111853870027,Yes,0.96564112,24,4181.901920498
1791,BROWNSBORO RD,8907,,E05,EAST,1,E,0.02011596375490534,Yes,0.02011596,24,174.232429534695
1792,BROWNSBORO RD,8959,,E05,EAST,1,E,0.251108556227391,Yes,0.25110856,24,1087.48657597308
1793,BROWNSBORO RD,8936,,E05,EAST,1,E,0.0352026733985974,Yes,0.03520267,24,304.904313883881
1794,BROWNSBORO RD,8937,,E05,EAST,1,E,0.06160651281108105,Yes,0.06160651,24,533.598705138047
1795,BROWNSBORO RD,35864,,E05,EAST,1,E,0.08383601052067757,Yes,0.08383601,24,726.137110023401
1796,W HIGHWAY 22,30235,,E05,EAST,1,E,0,No,0,24,102.071024436873
1797,BALLARDSVILLE RD,8894,,E05,EAST,1,E,0.242978692321718,Yes,0.24297869,24,1403.71346530091
1798,BROWNSBORO RD,8953,,E05,EAST,1,E,0.21522497586490866,Yes,0.21522498,24,932.932248440129
1799,N HURSTBOURNE PKY,6950,,E05,EAST,1,E,0.1827184054245652,Yes,0.18271841,24,791.298718312721
1800,N HURSTBOURNE PKY,6976,,E05,EAST,1,E,0.08069590238480202,Yes,0.0806959,24,349.469640337932
1801,SEMINARY DR,1888,,E05,EAST,2,E,0.05253697414917314,Yes,0.05253697,24,455.273814748925
1802,SEMINARY DR,1880,,E05,EAST,2,E,0.13077770455254148,Yes,0.1307777,24,1132.71796183278
1803,SEMINARY DR,1855,,E05,EAST,2,E,0.026131171518130658,Yes,0.02613117,24,226.424226688929
1804,BROWNSBORO RD,35109,,E05,EAST,2,E,0.11635470885069318,Yes,0.11635471,24,1007.79471826484
1805,SEMINARY DR,1822,,E05,EAST,2,E,0.05401118387499213,Yes,0.05401118,24,468.010305669969
1806,BROWNSBORO RD,36848,,E05,EAST,2,E,0.11072697556452618,Yes,0.11072698,24,959.050435133822
1807,BROWNSBORO RD,8961,,E05,EAST,2,E,0.06483404089490338,Yes,0.06483404,24,561.553545193447
1808,BROWNSBORO RD,37223,,E05,EAST,2,E,0.079389961911083426,Yes,0.07938996,24,687.628453361901
1809,BROWNSBORO RD,8962,,E05,EAST,2,E,0.06489715347639882,Yes,0.06489715,24,562.100184644654
1810,SEMINARY DR,32176,,E05,EAST,2,E,0.0614621153292415,Yes,0.06146212,24,532.661717646371
1811,BROWNSBORO RD,8950,,E05,EAST,2,E,0.016266947271510568,Yes,0.01626695,24,140.89450029743
1812,BROWNSBORO RD,8951,,E05,EAST,2,E,0.06657230605378897,Yes,0.06657231,24,576.609271986423
1813,BROWNSBORO RD,31802,,E05,EAST,2,E,0.3582763815508613,Yes,0.35827638,24,1551.58732641964
1814,BROWNSBORO RD,8954,,E05,EAST,2,E,0.132596681253358,Yes,0.13259668,24,574.236612360508
1815,BROWNSBORO RD,8955,,E05,EAST,2,E,0.122684446729748,Yes,0.12268445,24,531.542858423238
1816,BROWNSBORO RD,33277,,E05,EAST,2,E,0.06352925843935421,Yes,0.06352926,24,550.252435981869
1817,OVERLOOK DR,1795,,E05,EAST,3,E,0,No,0,24,469.313682854802
1818,OVERLOOK DR,1821,,E05,EAST,3,E,0,No,0,24,413.986388287313
1819,WESTPORT RD,523,,E06,EAST,1,E,0.08225491593757028,Yes,0.08225492,30.78,712.442702817903
1820,WESTPORT RD,539,,E06,EAST,1,E,0.058626461696957038,Yes,0.05862646,30.78,507.984274153888
1821,WESTPORT RD,32896,,E06,EAST,1,E,0.23094005825329786,Yes,0.23094006,30.78,1000.13199806786
1822,WESTPORT RD,8561,,E06,EAST,1,E,0.138130418174887,Yes,0.13813042,30.78,598.201594429608
1823,WESTPORT RD,8557,,E06,EAST,1,E,0.13838183960693357,Yes,0.13838184,30.78,599.289925694619
1824,WESTPORT RD,8555,,E06,EAST,1,E,0.0380610475966197,Yes,0.03806105,30.78,164.830967632375
1825,WESTPORT RD,8556,,E06,EAST,1,E,0.02806432348093511,Yes,0.02806432,30.78,121.538297076477
1826,WESTPORT RD,1936,,E06,EAST,1,E,0.3262233431683897,Yes,0.32622334,30.78,1412.77568864454
1827,WESTPORT RD,6358,,E06,EAST,1,E,0.01651655629369934,Yes,0.01651656,30.78,143.05640465936
1828,WESTPORT RD,34539,,E06,EAST,1,E,0.082639297862076536,Yes,0.0826393,30.78,357.886001640624
1829,WESTPORT RD,2893,,E06,EAST,1,E,0.079807028836712,Yes,0.07980703,30.78,345.620386028107
1830,WESTPORT RD,31939,,E06,EAST,1,E,0.1704169432914903,Yes,0.17041694,30.78,1476.04904645076
1831,WESTPORT RD,8293,,E06,EAST,1,E,0.2470654100385216,Yes,0.24706541,30.78,1069.96621813057
1832,WESTPORT RD,6392,,E06,EAST,1,E,0.086223441676921656,Yes,0.08622344,30.78,373.407874569782
1833,WESTPORT RD,2128,,E06,EAST,1,E,0.10983380823966987,Yes,0.10983381,30.78,475.958908833204
1834,WESTPORT RD,6406,,E06,EAST,1,E,0.06731735584865722,Yes,0.06731736,30.78,291.531233495015
1835,WESTPORT RD,2751,,E06,EAST,1,E,0.100085669964374,Yes,0.10008567,30.78,433.617027074561
1836,WESTPORT RD,2027,,E06,EAST,1,E,0.23739610193456778,Yes,0.2373961,30.78,1028.09112370481
1837,WESTPORT RD,2097,,E06,EAST,1,E,0.23154500767281327,Yes,0.23154501,30.78,1003.58085657285
1838,WESTPORT RD,2867,,E06,EAST,1,E,0.223875608193583,Yes,0.22387561,30.78,969.538119625945
1839,WESTPORT RD,2070,,E06,EAST,1,E,0.1815838457963504,Yes,0.18158385,30.78,786.385182083183
1840,WESTPORT RD,2092,,E06,EAST,1,E,0.1409500419941014,Yes,0.14095004,30.78,610.42192997474
1841,WESTPORT RD,30806,,E06,EAST,1,E,0.0990957637639076,Yes,0.09909576,30.78,429.154034154696
1842,WESTPORT RD,30807,,E06,EAST,1,E,0.09847807844833496,Yes,0.09847808,30.78,426.479025487894
1843,WESTPORT RD,2730,,E06,EAST,1,E,0.09876395621556988,Yes,0.09876396,30.78,427.845092568748
1844,WESTPORT RD,6365,,E06,EAST,1,E,0.056801384028144365,Yes,0.05680138,30.78,491.979491666383
1845,WESTPORT RD,6101,,E06,EAST,1,E,0.0494822514808383,Yes,0.04948225,30.78,428.593022465324
1846,WESTPORT RD,6336,,E06,EAST,1,E,0.07145408415510852,Yes,0.07145408,30.78,309.4459069677
1847,WESTPORT RD,2779,,E06,EAST,1,E,0.077923910205570018,Yes,0.07792391,30.78,337.464907844597
1848,WESTPORT RD,2750,,E06,EAST,1,E,0.0786702116711757,Yes,0.07867021,30.78,340.830744177131
1849,WESTPORT RD,6421,,E06,EAST,1,E,0.099980859482449475,Yes,0.09998086,30.78,432.986986497934
1850,WESTPORT RD,6103,,E06,EAST,1,E,0.053741724293595326,Yes,0.05374172,30.78,930.957043945476
1851,WESTPORT RD,1937,,E06,EAST,1,E,0.02660907060245617,Yes,0.02660907,30.78,230.471656787789
1852,WESTPORT RD,2744,,E06,EAST,1,E,0.204555984012766,Yes,0.20455598,30.78,886.242610230284
1853,WESTPORT RD,2629,,E06,EAST,1,E,0.04809533187688845,Yes,0.04809533,30.78,416.573166795502
1854,WESTPORT RD,6339,,E06,EAST,1,E,0.040069964281198,Yes,0.04006996,30.78,173.531209085174
1855,WESTPORT RD,2162,,E06,EAST,1,E,0.1630702097932247,Yes,0.16307021,30.78,706.208229696189
1856,WESTPORT RD,8545,,E06,EAST,1,E,0.37618253723114448,Yes,0.37618254,30.78,1629.1336829305
1857,WESTPORT RD,6091,,E06,EAST,1,E,0.218398247116744,Yes,0.21839825,30.78,1891.63488561097
1858,WESTPORT RD,1733,,E06,EAST,1,E,0.42174051353319375,Yes,0.42174051,30.78,1217.62113683918
1859,WESTPORT RD,6333,,E06,EAST,1,E,0.071352770861067727,Yes,0.07135277,30.78,309.007553128763
1860,WESTPORT RD,2753,,E06,EAST,1,E,0.17574095931744038,Yes,0.17574096,30.78,761.333259372318
1861,WESTPORT RD,6093,,E06,EAST,1,E,0.1471646433194197,Yes,0.14716464,30.78,509.870582714358
1862,WESTPORT RD,6325,,E06,EAST,1,E,0.186080240046249,Yes,0.18608024,30.78,806.515580554441
1863,WESTPORT RD,2726,,E06,EAST,1,E,0.083022622433955445,Yes,0.08302262,30.78,359.546162913227
1864,WESTPORT RD,8546,,E06,EAST,1,E,0.097402719866889156,Yes,0.09740272,30.78,422.106733387082
1865,WESTPORT RD,8550,,E06,EAST,1,E,0.159033644273626,Yes,0.15903364,30.78,688.726929786841
1866,WESTPORT RD,8554,,E06,EAST,1,E,0.2122503390176205,Yes,0.21225034,30.78,919.192873655949
1867,WESTPORT RD,29745,,E06,EAST,1,E,0.434018923454047,Yes,0.43401892,30.78,2506.14089020509
1868,WESTPORT RD,31940,,E06,EAST,1,E,0.171125001812294,Yes,0.171125,30.78,1482.51370187799
1869,WESTPORT RD,1129,,E06,EAST,1,E,0.2524072935590581,Yes,0.25240729,30.78,2186.20060430139
1870,WESTPORT RD,6099,,E06,EAST,1,E,0.043315779945722568,Yes,0.04331578,30.78,250.142415744103
1871,WESTPORT RD,6096,,E06,EAST,1,E,0.0697007821454318,Yes,0.06970078,30.78,402.558525707204
1872,WESTPORT RD,2223,,E06,EAST,1,E,0.2698090355422946,Yes,0.26980904,30.78,1168.85597577152
1873,WESTPORT RD,34544,,E06,EAST,1,E,0.2480244566559565,Yes,0.24802446,30.78,716.079493930908
1874,WESTPORT RD,8552,,E06,EAST,1,E,0.232226824614151,Yes,0.23222682,30.78,1005.70457588771
1875,WESTPORT RD,32513,,E06,EAST,1,E,0.0170448434404317,Yes,0.01704484,30.78,147.632160077208
1876,WESTPORT RD,1982,,E06,EAST,1,E,0.31578730202844818,Yes,0.3157873,30.78,1368.09154852784
1877,WESTPORT RD,2957,,E06,EAST,1,E,0.1363122334013435,Yes,0.13631223,30.78,590.46654890607
1878,WESTPORT RD,2918,,E06,EAST,1,E,0.047536286222527188,Yes,0.04753629,30.78,411.741656153959
1879,WESTPORT RD,3104,,E06,EAST,1,E,0.01221132811976517,Yes,0.01221133,30.78,105.767100391382
1880,WESTPORT RD,3141,,E06,EAST,1,E,0.05460073330139878,Yes,0.05460073,30.78,472.918587542411
1881,WESTPORT RD,3312,,E06,EAST,1,E,0.12934580792090447,Yes,0.12934581,30.78,1120.31593227849
1882,WESTPORT RD,3215,,E06,EAST,1,E,0.0471885179647596,Yes,0.04718852,30.78,408.718546230258
1883,WESTPORT RD,3224,,E06,EAST,1,E,0.01151544857407725,Yes,0.01151545,30.78,99.7399156870007
1884,WESTPORT RD,3173,,E06,EAST,1,E,0.032803796917830016,Yes,0.0328038,30.78,284.127062919363
1885,RIDGEWAY AVE,3090,,E06,EAST,1,E,0,No,0,30.78,177.59129529926
1886,WESTPORT RD,3050,,E06,EAST,1,E,0.1436676656983576,Yes,0.14366767,30.78,1244.5215699272
1887,WESTPORT RD,2989,,E06,EAST,1,E,0.066314253604022128,Yes,0.06631425,30.78,382.951405041962
1888,WESTPORT RD,36665,,E06,EAST,1,E,0.14828984744209425,Yes,0.14828985,30.78,642.198721445377
1889,WESTPORT RD,8565,,E06,EAST,1,E,0.28881097232224717,Yes,0.28881097,30.78,1250.75356927153
1890,OLD HENRY RD,1170,,E07,EAST,1,E,0.0698324649210745,Yes,0.06983246,28.75,605.087530974398
1891,OLD HENRY RD,33520,,E07,EAST,1,E,0,No,0,28.75,785.187915345845
1892,OLD HENRY RD,1004,,E07,EAST,1,E,0,No,0,28.75,376.176910141007
1893,OLD HENRY RD,32274,,E07,EAST,1,E,0,No,0,28.75,2130.19073090764
1894,OLD HENRY RD,41705,,E07,EAST,1,E,0,No,0,28.75,319.298387016371
1895,OLD HENRY RD,40307,,E07,EAST,1,E,0,No,0,28.75,1243.12965709747
1896,OLD HENRY RD,1067,,E07,EAST,1,E,0,No,0,28.75,612.257341397792
1897,OLD HENRY RD,32131,,E07,EAST,1,E,0,No,0,28.75,178.67627109699
1898,OLD HENRY RD,1068,,E07,EAST,1,E,0,No,0,28.75,305.539209880132
1899,OLD HENRY RD,36312,,E07,EAST,1,E,0.03838189696390248,Yes,0.0383819,28.75,332.440801696802
1900,REAMERS RD,910,,E07,EAST,2,E,0,No,0,28.75,337.64933192845
1901,CHAMBERLAIN LN,29747,,E07,EAST,2,E,0,No,0,28.75,7696.84251152209
1902,FACTORY LN,1192,,E07,EAST,2,E,0,No,0,28.75,625.289447117543
1903,COLLINS LN,565,,E07,EAST,2,E,0,No,0,28.75,811.823434413456
1904,CHAMBERLAIN LN,546,,E07,EAST,2,E,0,No,0,28.75,1651.82660678559
1905,COLLINS LN,32225,,E07,EAST,2,E,0,No,0,28.75,4997.84900819971
1906,FACTORY LN,1191,,E07,EAST,2,E,0,No,0,28.75,1726.53174342308
1907,REAMERS RD,35230,,E07,EAST,2,E,0,No,0,28.75,533.294544721779
1908,FACTORY LN,32699,,E07,EAST,2,E,0,No,0,28.75,250.296155137394
1909,CHAMBERLAIN LN,1046,,E07,EAST,2,E,0,No,0,28.75,590.535538229734
1910,REAMERS RD,35224,,E07,EAST,2,E,0,No,0,28.75,1285.03721390525
1911,REAMERS RD,35228,,E07,EAST,2,E,0,No,0,28.75,656.4279967417
1912,FACTORY LN,1193,,E07,EAST,2,E,0,No,0,28.75,294.253265938757
1913,FACTORY LN,1194,,E07,EAST,2,E,0,No,0,28.75,648.949559664742
1914,CHAMBERLAIN LN,32227,,E07,EAST,2,E,0,No,0,28.75,391.572525300186
1915,CHAMBERLAIN LN,6105,,E07,EAST,2,E,0,No,0,28.75,603.544374714977
1916,ROLLINGTON RD,40821,,E07,EAST,2,E,0,No,0,28.75,601.092183183227
1917,ROLLINGTON RD,1272,,E07,EAST,2,E,0,No,0,28.75,1349.5418493057
1918,FACTORY LN,40370,,E07,EAST,2,E,0,No,0,28.75,205.746371516664
1919,ROLLINGTON RD,1271,,E07,EAST,2,E,0,No,0,28.75,493.76560198109
1920,REAMERS RD,32512,,E07,EAST,2,E,0,No,0,28.75,1148.08914074169
1921,FACTORY LN,1196,,E07,EAST,2,E,0,No,0,28.75,302.809024479743
1922,CHAMBERLAIN LN,1049,,E07,EAST,2,E,0,No,0,28.75,146.489560741542
1923,ROLLINGTON RD,1270,,E07,EAST,2,E,0,No,0,28.75,619.427720508356
1924,REAMERS RD,35237,,E07,EAST,2,E,0,No,0,28.75,444.188809534442
1925,REAMERS RD,35222,,E07,EAST,2,E,0,No,0,28.75,871.475379599918
1926,FACTORY LN,41307,,E07,EAST,2,E,0,No,0,28.75,964.169366524338
1927,REAMERS RD,40478,,E07,EAST,2,E,0,No,0,28.75,458.704496227034
1928,FACTORY LN,31666,,E07,EAST,2,E,0,No,0,28.75,625.90584119763
1929,FACTORY LN,31667,,E07,EAST,2,E,0,No,0,28.75,631.681116697719
1930,FACTORY LN,39918,,E07,EAST,2,E,0,No,0,28.75,417.983646444972
1931,FACTORY LN,38209,,E07,EAST,2,E,0,No,0,28.75,648.525670264216
1932,REAMERS RD,40476,,E07,EAST,2,E,0,No,0,28.75,983.023699648619
1933,REAMERS RD,912,,E07,EAST,2,E,0,No,0,28.75,1020.67333176744
1934,REAMERS RD,911,,E07,EAST,2,E,0,No,0,28.75,389.125748778592
1935,REAMERS RD,41635,,E07,EAST,2,E,0,No,0,28.75,513.250738455387
1936,FACTORY LN,33311,,E07,EAST,2,E,0,No,0,28.75,754.60022515827
1937,REAMERS RD,909,,E07,EAST,2,E,0,No,0,28.75,1435.96075097124
1938,ARNOLD PALMER BLVD,30475,,E07,EAST,3,E,0,No,0,28.75,582.28597107986
1939,OLD LA GRANGE RD,1085,,E07,EAST,3,E,0,No,0,28.75,2025.59289703973
1940,ARNOLD PALMER BLVD,1171,,E07,EAST,3,E,0,No,0,28.75,495.037610711035
1941,ARNOLD PALMER BLVD,597,,E07,EAST,3,E,0,No,0,28.75,265.147403188238
1942,OLD LA GRANGE RD,1050,,E07,EAST,3,E,0,No,0,28.75,491.026070468602
1943,OLD LA GRANGE RD,39,,E07,EAST,3,E,0,No,0,28.75,489.040769116503
1944,COLLINS LN,545,,E07,EAST,3,E,0,No,0,28.75,832.530634162555
1945,ARNOLD PALMER BLVD,1169,,E07,EAST,3,E,0,No,0,28.75,578.918957257564
1946,OLD LA GRANGE RD,1045,,E07,EAST,3,E,0,No,0,28.75,1285.46827959965
1947,ARNOLD PALMER BLVD,596,,E07,EAST,3,E,0,No,0,28.75,557.674494034792
1948,ARNOLD PALMER BLVD,593,,E07,EAST,3,E,0,No,0,28.75,451.823064790649
1949,OLD LA GRANGE RD,1084,,E07,EAST,3,E,0,No,0,28.75,2100.01500333804
1950,OLD LA GRANGE RD,35667,,E07,EAST,3,E,0,No,0,28.75,479.950810343069
1951,OLD LA GRANGE RD,33325,,E07,EAST,3,E,0,No,0,28.75,1005.46202892082
1952,ALTAWOOD CT,534,,E07,EAST,3,E,0,No,0,28.75,4995.51057909781
1953,ARNOLD PALMER BLVD,32132,,E07,EAST,3,E,0,No,0,28.75,769.228886579133
1954,E WITHERSPOON ST,21337,,E08,EAST,1,E,0,No,0,15.6,596.144492827191
1955,RIVER RD,14269,,E08,EAST,1,E,0,No,0,15.6,868.515338325248
1956,RIVER RD,14656,,E08,EAST,1,E,0,No,0,15.6,3490.6264442217
1957,RIVER RD,35047,,E08,EAST,1,E,0,No,0,15.6,759.286779274636
1958,RIVER RD,35044,,E08,EAST,1,E,0,No,0,15.6,2672.13590342763
1959,W RIVER RD,21517,,E08,EAST,1,E,0.052415082166934045,Yes,0.05241508,15.6,453.987885300919
1960,BINGHAM WAY,21041,,E08,EAST,1,E,0.04501747596867126,Yes,0.04501748,15.6,194.957239947155
1961,W RIVER RD,21519,,E08,EAST,1,E,0.0584930289658855,Yes,0.05849303,15.6,506.631577503263
1962,E WITHERSPOON ST,33206,,E08,EAST,1,E,0,No,0,15.6,597.941708300232
1963,RIVER RD,14950,,E08,EAST,1,E,0,No,0,15.6,773.196359367104
1964,W RIVER RD,21520,,E08,EAST,1,E,0.05931656990974012,Yes,0.05931657,15.6,513.764655494394
1965,W RIVER RD,21330,,E08,EAST,1,E,0.1912812451951938,Yes,0.19128125,15.6,828.877727630652
1966,RIVER RD,14399,,E08,EAST,1,E,0,No,0,15.6,2056.89918487646
1967,E WITHERSPOON ST,15274,,E08,EAST,1,E,0,No,0,15.6,225.825149964441
1968,RIVER RD,35653,,E08,EAST,1,E,0,No,0,15.6,1701.00545002637
1969,W RIVER RD,21516,,E08,EAST,1,E,0.10892990509436447,Yes,0.10892991,15.6,943.485382836051
1970,RIVER RD,21343,,E08,EAST,1,E,0,No,0,15.6,3126.85228649196
1971,BROWNSBORO RD,21440,,E09,EAST,1,E,0.04500526205954653,Yes,0.04500526,28.91,259.872365261415
1972,LEXINGTON RD,20918,,E09,EAST,1,E,0.1004939835686436,Yes,0.10049398,28.91,870.506191037138
1973,BROWNSBORO RD,21443,,E09,EAST,1,E,0.10262654539340377,Yes,0.10262655,28.91,444.444639072006
1974,BROWNSBORO RD,21426,,E09,EAST,1,E,0.09771495234530447,Yes,0.09771495,28.91,423.173924542262
1975,LEXINGTON RD,7119,,E09,EAST,1,E,0.01981279572618,Yes,0.0198128,28.91,171.606600790743
1976,LEXINGTON RD,20946,,E09,EAST,1,E,0,No,0,28.91,188.752863210956
1977,LEXINGTON RD,20954,,E09,EAST,1,E,0.008504027673957082,Yes,0.00850403,28.91,73.6569358363155
1978,LEXINGTON RD,7109,,E09,EAST,1,E,0.029462178173339,Yes,0.02946218,28.91,255.183780025219
1979,BROWNSBORO RD,8928,,E09,EAST,1,E,0.09066925720271912,Yes,0.09066926,28.91,392.661485655959
1980,BROWNSBORO RD,21453,,E09,EAST,1,E,0.0952173037768456,Yes,0.0952173,28.91,412.357684939135
1981,FRANKFORT AVE,15606,,E09,EAST,1,E,0.01308806920695248,Yes,0.01308807,28.91,113.361165776689
1982,LEXINGTON RD,20949,,E09,EAST,1,E,0.068444230318456256,Yes,0.06844423,28.91,592.82286247597
1983,BROWNSBORO RD,21434,,E09,EAST,1,E,0.092522278987277176,Yes,0.09252228,28.91,400.686401681179
1984,FRANKFORT AVE,20770,,E09,EAST,1,E,0.03487667389030053,Yes,0.03487667,28.91,302.080777438666
1985,FRANKFORT AVE,20797,,E09,EAST,1,E,0.04826067552418192,Yes,0.04826068,28.91,418.004829408646
1986,LEXINGTON RD,7120,,E09,EAST,1,E,0.03831907230388693,Yes,0.03831907,28.91,331.896806616808
1987,BROWNSBORO RD,21442,,E09,EAST,1,E,0.070416463906695037,Yes,0.07041646,28.91,610.136053649576
1988,LEXINGTON RD,20952,,E09,EAST,1,E,0.03797879731246821,Yes,0.0379788,28.91,328.949539907638
1989,BROWNSBORO RD,21445,,E09,EAST,1,E,0.244247316780153,Yes,0.24424732,28.91,1057.76196319478
1990,LEXINGTON RD,7121,,E09,EAST,1,E,0.049671881605478987,Yes,0.04967188,28.91,430.296173808143
1991,LEXINGTON RD,33259,,E09,EAST,1,E,0,No,0,28.91,669.812476160592
1992,FRANKFORT AVE,7071,,E09,EAST,1,E,0.02984916078091828,Yes,0.02984916,28.91,258.535713261806
1993,LEXINGTON RD,20964,,E09,EAST,1,E,0.011067908437802556,Yes,0.01106791,28.91,95.8637627750706
1994,LEXINGTON RD,7115,,E09,EAST,1,E,0.12427925047073955,Yes,0.12427925,28.91,1076.43216030215
1995,BROWNSBORO RD,29776,,E09,EAST,1,E,0.1089254409378995,Yes,0.10892544,28.91,943.446652581523
1996,BROWNSBORO RD,21425,,E09,EAST,1,E,0.09620197426316751,Yes,0.09620197,28.91,416.621939731485
1997,LEXINGTON RD,20927,,E09,EAST,1,E,0.049031945628449265,Yes,0.04903195,28.91,424.685410652339
1998,FRANKFORT AVE,15595,,E09,EAST,1,E,0.016286875330613425,Yes,0.01628688,28.91,141.067171302841
1999,MELLWOOD AVE,15501,,E09,EAST,1,E,0.0905361444022951,Yes,0.09053614,28.91,392.085038810283
2000,FRANKFORT AVE,7076,,E09,EAST,1,E,0.1077649267020077,Yes,0.10776493,28.91,466.697523161416
2001,FRANKFORT AVE,20787,,E09,EAST,1,E,0.0055676307076132836,Yes,0.00556763,28.91,48.2235958368962
2002,FRANKFORT AVE,15492,,E09,EAST,1,E,0.035810828754473056,Yes,0.03581083,28.91,310.171943053686
2003,E LIBERTY ST,16142,,E09,EAST,1,E,0,No,0,28.91,760.578565653763
2004,FRANKFORT AVE,20765,,E09,EAST,1,E,0.0651689580575486,Yes,0.06516896,28.91,564.454572539608
2005,FRANKFORT AVE,20808,,E09,EAST,1,E,0.0437553133711366,Yes,0.04375531,28.91,378.982436717803
2006,FRANKFORT AVE,20781,,E09,EAST,1,E,0.034722184823410336,Yes,0.03472218,28.91,300.742684249438
2007,FRANKFORT AVE,20799,,E09,EAST,1,E,0.06100168586842776,Yes,0.06100169,28.91,528.3600851789
2008,E MAIN ST,15723,,E09,EAST,1,E,0.062309977882172865,Yes,0.06230998,28.91,359.794560307076
2009,BROWNSBORO RD,21439,,E09,EAST,1,E,0.12391079584686,Yes,0.1239108,28.91,536.620577765824
2010,BROWNSBORO RD,21438,,E09,EAST,1,E,0.024814606323723846,Yes,0.02481461,28.91,214.929336032233
2011,FRANKFORT AVE,20766,,E09,EAST,1,E,0.02480834977216202,Yes,0.02480835,28.91,214.875145433342
2012,FRANKFORT AVE,15546,,E09,EAST,1,E,0.0036341319104370145,Yes,0.00363413,28.91,31.4764917239835
2013,BROWNSBORO RD,21437,,E09,EAST,1,E,0.02510947444568235,Yes,0.02510947,28.91,217.48300937791
2014,LEXINGTON RD,20934,,E09,EAST,1,E,0.0525953071738491,Yes,0.05259531,28.91,455.549011897481
2015,LEXINGTON RD,20919,,E09,EAST,1,E,0.04960730646833757,Yes,0.04960731,28.91,429.668600545793
2016,LEXINGTON RD,20961,,E09,EAST,1,E,0.03158643712484977,Yes,0.03158644,28.91,273.582659528853
2017,BROWNSBORO RD,21436,,E09,EAST,1,E,0.0936537109177974,Yes,0.09365371,28.91,405.585952407902
2018,LEXINGTON RD,20941,,E09,EAST,1,E,0.059520070490168477,Yes,0.05952007,28.91,515.52714825554
2019,BROWNSBORO RD,21424,,E09,EAST,1,E,0.02510770459203054,Yes,0.0251077,28.91,108.733901294054
2020,FRANKFORT AVE,7067,,E09,EAST,1,E,0.094436667718095,Yes,0.09443667,28.91,408.977020289649
2021,BROWNSBORO RD,8927,,E09,EAST,1,E,0.148060742708419,Yes,0.14806074,28.91,641.20668698873
2022,FRANKFORT AVE,20771,,E09,EAST,1,E,0.036098413437420686,Yes,0.03609841,28.91,312.663087209983
2023,LEXINGTON RD,3364,,E09,EAST,1,E,0.03616044911718992,Yes,0.03616045,28.91,313.200073268933
2024,BROWNSBORO RD,21427,,E09,EAST,1,E,0.10919670592263066,Yes,0.10919671,28.91,472.898316675015
2025,LEXINGTON RD,3450,,E09,EAST,1,E,0.03717860864580005,Yes,0.03717861,28.91,322.018740039152
2026,LEXINGTON RD,3352,,E09,EAST,1,E,0.0536429111309682,Yes,0.05364291,28.91,309.748424861833
2027,STORY AVE,15228,,E09,EAST,1,E,0.04710318963777355,Yes,0.04710319,28.91,271.986478180326
2028,FRANKFORT AVE,20801,,E09,EAST,1,E,0.0360436777451735,Yes,0.03604368,28.91,312.226676415887
2029,LEXINGTON RD,7117,,E09,EAST,1,E,0.02712442495012346,Yes,0.02712442,28.91,234.935550329575
2030,FRANKFORT AVE,3296,,E09,EAST,1,E,0.11761420908573637,Yes,0.11761421,28.91,509.351875530452
2031,FRANKFORT AVE,15539,,E09,EAST,1,E,0.055388077711580087,Yes,0.05538808,28.91,479.738458205354
2032,BROWNSBORO RD,21451,,E09,EAST,1,E,0.16271085905649377,Yes,0.16271086,28.91,704.651720904642
2033,FRANKFORT AVE,7064,,E09,EAST,1,E,0.0080950605867122147,Yes,0.00809506,28.91,35.0570249958906
2034,BROWNSBORO RD,21435,,E09,EAST,1,E,0.05584793446301851,Yes,0.05584793,28.91,241.860471813578
2035,FRANKFORT AVE,15617,,E09,EAST,1,E,0.01377271316992252,Yes,0.01377271,28.91,119.290889222784
2036,FRANKFORT AVE,7068,,E09,EAST,1,E,0.095437139719105127,Yes,0.09543714,28.91,413.309486321349
2037,FRANKFORT AVE,7070,,E09,EAST,1,E,0.10103338886371838,Yes,0.10103339,28.91,437.54515838368
2038,BROWNSBORO RD,21446,,E09,EAST,1,E,0.018433371770625567,Yes,0.01843337,28.91,79.8292572561119
2039,MELLWOOD AVE,15357,,E09,EAST,1,E,0.0335432826559747,Yes,0.03354328,28.91,290.531949622692
2040,BROWNSBORO RD,21430,,E09,EAST,1,E,0.044317321195468357,Yes,0.04431732,28.91,767.700014785724
2041,FRANKFORT AVE,15361,,E09,EAST,1,E,0.060667013186322068,Yes,0.06066701,28.91,525.461285443561
2042,FRANKFORT AVE,15300,,E09,EAST,1,E,0.054290705886694275,Yes,0.05429071,28.91,470.233695374035
2043,MELLWOOD AVE,15299,,E09,EAST,1,E,0.13323012724498137,Yes,0.13323013,28.91,1153.95925586213
2044,BROWNSBORO RD,21431,,E09,EAST,1,E,0.0256292672282769,Yes,0.02562927,28.91,221.985395071388
2045,STORY AVE,15180,,E09,EAST,1,E,0.0948937860223475,Yes,0.09489379,28.91,821.966650304062
2046,LEXINGTON RD,16070,,E09,EAST,1,E,0,No,0,28.91,805.957812632389
2047,LEXINGTON RD,3333,,E09,EAST,1,E,0.040790630136368737,Yes,0.04079063,28.91,235.536084892066
2048,LEXINGTON RD,20963,,E09,EAST,1,E,0.048520056230818245,Yes,0.04852006,28.91,420.251431076723
2049,LEXINGTON RD,29801,,E09,EAST,1,E,0.0483440735600659,Yes,0.04834407,28.91,418.72765200814
2050,FRANKFORT AVE,3317,,E09,EAST,1,E,0.3372390492863153,Yes,0.33723905,28.91,1460.4810973144
2051,LEXINGTON RD,3408,,E09,EAST,1,E,0.04392104214856547,Yes,0.04392104,28.91,380.417800797646
2052,LEXINGTON RD,20962,,E09,EAST,1,E,0.0096017951576872467,Yes,0.0096018,28.91,83.1651331318634
2053,BROWNSBORO RD,21441,,E09,EAST,1,E,0.04627627143246554,Yes,0.04627627,28.91,400.817447996
2054,MELLWOOD AVE,15687,,E09,EAST,1,E,0.12221424303213527,Yes,0.12221424,28.91,705.697488095834
2055,LEXINGTON RD,3435,,E09,EAST,1,E,0.04321250638032845,Yes,0.04321251,28.91,374.280874111307
2056,LEXINGTON RD,20965,,E09,EAST,1,E,0.212438814786798,Yes,0.21243881,28.91,920.008906329195
2057,FRANKFORT AVE,15750,,E09,EAST,1,E,0.047731622962497756,Yes,0.04773162,28.91,413.436540644149
2058,BROWNSBORO RD,21433,,E09,EAST,1,E,0.0835148950150993,Yes,0.0835149,28.91,361.678064938714
2059,BROWNSBORO RD,21448,,E09,EAST,1,E,0.0894830220033972,Yes,0.08948302,28.91,387.524189067856
2060,LEXINGTON RD,3386,,E09,EAST,1,E,0.03819367261529522,Yes,0.03819367,28.91,330.810538059692
2061,LEXINGTON RD,20982,,E09,EAST,1,E,0,No,0,28.91,531.653983448367
2062,E MAIN ST,15758,,E09,EAST,1,E,0.31028784329080128,Yes,0.31028784,28.91,1791.6846638697
2063,FRANKFORT AVE,20784,,E09,EAST,1,E,0.09076673725871406,Yes,0.09076674,28.91,393.083212375653
2064,BROWNSBORO RD,21444,,E09,EAST,1,E,0.017596359707554656,Yes,0.01759636,28.91,76.2047252881998
2065,FRANKFORT AVE,20806,,E09,EAST,1,E,0.048139768630008017,Yes,0.04813977,28.91,416.990315873575
2066,FRANKFORT AVE,15224,,E09,EAST,1,E,0.04163580069499498,Yes,0.0416358,28.91,240.416050416581
2067,FRANKFORT AVE,20803,,E09,EAST,1,E,0.05981474152316013,Yes,0.05981474,28.91,518.079409777996
2068,LEXINGTON RD,16260,,E09,EAST,1,E,0,No,0,28.91,4590.56425101884
2069,LEXINGTON RD,20966,,E09,EAST,1,E,0.092397728017416317,Yes,0.09239773,28.91,400.146632501446
2070,FRANKFORT AVE,20810,,E09,EAST,1,E,0.04173916487899551,Yes,0.04173916,28.91,361.519672689874
2071,FRANKFORT AVE,7065,,E09,EAST,1,E,0.04755903709639502,Yes,0.04755904,28.91,205.964015743649
2072,LEXINGTON RD,16134,,E09,EAST,1,E,0,No,0,28.91,526.304542378389
2073,LEXINGTON RD,36044,,E09,EAST,1,E,0,No,0,28.91,2099.61715726158
2074,LEXINGTON RD,7113,,E09,EAST,1,E,0.03194257135051557,Yes,0.03194257,28.91,276.667489325522
2075,LEXINGTON RD,20959,,E09,EAST,1,E,0.017596985207494746,Yes,0.01759699,28.91,152.414507854682
2076,FRANKFORT AVE,15400,,E09,EAST,1,E,0.04028680632027591,Yes,0.04028681,28.91,348.939987558956
2077,BROWNSBORO RD,21428,,E09,EAST,1,E,0.0383138378761893,Yes,0.03831384,28.91,165.925744974409
2078,BROWNSBORO RD,21449,,E09,EAST,1,E,0.03698497966626696,Yes,0.03698498,28.91,320.341724132513
2079,FRANKFORT AVE,20783,,E09,EAST,1,E,0.14790675843714318,Yes,0.14790676,28.91,640.540097038053
2080,MELLWOOD AVE,15535,,E09,EAST,1,E,0.03073934652202395,Yes,0.03073935,28.91,177.497303232123
2081,FRANKFORT AVE,20769,,E09,EAST,1,E,0.0089044078223695575,Yes,0.00890441,28.91,77.1244655751086
2082,FRANKFORT AVE,15702,,E09,EAST,1,E,0.0618882924906629,Yes,0.06188829,28.91,536.039271207629
2083,MELLWOOD AVE,15419,,E09,EAST,1,E,0.0472395492258869,Yes,0.04723955,28.91,272.773372050866
2084,FRANKFORT AVE,15636,,E09,EAST,1,E,0.0152524788617399,Yes,0.01525248,28.91,132.107720713773
2085,FRANKFORT AVE,20790,,E09,EAST,1,E,0.123870133451181,Yes,0.12387013,28.91,536.444421471717
2086,BROWNSBORO RD,21423,,E09,EAST,1,E,0.216967359289939,Yes,0.21696736,28.91,939.6206899591
2087,FRANKFORT AVE,20761,,E09,EAST,1,E,0.048607653954544347,Yes,0.04860765,28.91,421.010172871195
2088,FRANKFORT AVE,7075,,E09,EAST,1,E,0.094476910844895248,Yes,0.09447691,28.91,409.151261527406
2089,FRANKFORT AVE,20809,,E09,EAST,1,E,0.006425498486388992,Yes,0.0064255,28.91,55.6610587057923
2090,LEXINGTON RD,7111,,E09,EAST,1,E,0.032675770795471626,Yes,0.03267577,28.91,283.017888568097
2091,FRANKFORT AVE,7073,,E09,EAST,1,E,0.07348366322723082,Yes,0.07348366,28.91,318.235746442889
2092,FRANKFORT AVE,29792,,E09,EAST,1,E,0.04536748218119415,Yes,0.04536748,28.91,196.473007055836
2093,BROWNSBORO RD,21447,,E09,EAST,1,E,0.104483507340766,Yes,0.10448351,28.91,904.973439847548
2094,FRANKFORT AVE,15451,,E09,EAST,1,E,0.041091176731048167,Yes,0.04109118,28.91,355.907298659444
2095,FRANKFORT AVE,20774,,E09,EAST,1,E,0.008032065050778898,Yes,0.00803207,28.91,69.5690240034502
2096,FRANKFORT AVE,15459,,E09,EAST,1,E,0.005760277803059878,Yes,0.00576028,28.91,49.8918903887445
2097,LEXINGTON RD,20921,,E09,EAST,1,E,0.04931029941536506,Yes,0.0493103,28.91,427.160734615636
2098,FRANKFORT AVE,20768,,E09,EAST,1,E,0.068250734087294387,Yes,0.06825073,28.91,591.146763148048
2099,BROWNSBORO RD,21450,,E09,EAST,1,E,0.010238358666268765,Yes,0.01023836,28.91,88.6786964382278
2100,LEXINGTON RD,20958,,E09,EAST,1,E,0.033620718601631586,Yes,0.03362072,28.91,291.202414199312
2101,FRANKFORT AVE,7072,,E09,EAST,1,E,0.099725192416640185,Yes,0.09972519,28.91,431.879759516917
2102,FRANKFORT AVE,20805,,E09,EAST,1,E,0.009422987163088658,Yes,0.00942299,28.91,81.6161774366789
2103,FRANKFORT AVE,20786,,E09,EAST,1,E,0.03897000392692654,Yes,0.03897,28.91,337.534793503763
2104,BROWNSBORO RD,21452,,E09,EAST,1,E,0.05426409740117085,Yes,0.0542641,28.91,470.002964599575
2105,LEXINGTON RD,20955,,E09,EAST,1,E,0.1085297741076147,Yes,0.10852977,28.91,940.019680867148
2106,FRANKFORT AVE,15578,,E09,EAST,1,E,0.028799424253733257,Yes,0.02879942,28.91,249.443373764131
2107,FRANKFORT AVE,20785,,E09,EAST,1,E,0.081157884299318125,Yes,0.08115788,28.91,351.470652502186
2108,E MAIN ST,15706,,E09,EAST,1,E,0.018989508381783846,Yes,0.01898951,28.91,109.650692720395
2109,BROWNSBORO RD,21432,,E09,EAST,1,E,0.071898284912785326,Yes,0.07189828,28.91,311.369777262276
2110,FRANKFORT AVE,20777,,E09,EAST,1,E,0.037595829896289387,Yes,0.03759583,28.91,325.632516844237
2111,BROWNSBORO RD,21429,,E09,EAST,1,E,0.0354104264103572,Yes,0.03541043,28.91,306.703872856213
2112,FRANKFORT AVE,20779,,E09,EAST,1,E,0.081119527299834085,Yes,0.08111953,28.91,351.304048146427
2113,BROWNSBORO RD,8925,,E09,EAST,1,E,0.021841343988010256,Yes,0.02184134,28.91,94.5882843234298
2114,BROWNSBORO RD,8926,,E09,EAST,1,E,0.126993682303131,Yes,0.12699368,28.91,549.971431581905
2115,STORY AVE,15476,,E09,EAST,1,E,0.055835214009663368,Yes,0.05583521,28.91,483.610989795298
2116,STORY AVE,15281,,E09,EAST,1,E,0.1063565465302305,Yes,0.10635655,28.91,460.598414142007
2117,STORY AVE,15335,,E09,EAST,1,E,0.0473400819696825,Yes,0.04734008,28.91,410.031157526736
2118,STORY AVE,15405,,E09,EAST,1,E,0.05796911818169751,Yes,0.05796912,28.91,502.09391007286
2119,STORY AVE,15685,,E09,EAST,1,E,0.0835914209379557,Yes,0.08359142,28.91,482.679407656243
2120,STORY AVE,15553,,E09,EAST,1,E,0.1042595714859635,Yes,0.10425957,28.91,602.022749258697
2121,STORY AVE,15572,,E09,EAST,1,E,0.0126105335336707,Yes,0.01261053,28.91,72.8163625584937
2122,STORY AVE,15620,,E09,EAST,1,E,0.06539538148040237,Yes,0.06539538,28.91,377.610316041882
2123,ETLEY AVE,20980,,E09,EAST,3,E,0,No,0,28.91,550.344615664032
2124,RIVER RD,8181,,E10,EAST,1,E,0,No,0,23.55,740.838484526992
2125,RIVER RD,32840,,E10,EAST,1,E,0,No,0,23.55,177.53740802997
2126,RIVER RD,5697,,E10,EAST,1,E,0,No,0,23.55,564.434677447827
2127,RIVER RD,31433,,E10,EAST,1,E,0,No,0,23.55,494.021572393725
2128,RIVER RD,5688,,E10,EAST,1,E,0,No,0,23.55,780.427396026739
2129,RIVER RD,5713,,E10,EAST,1,E,0,No,0,23.55,1704.67353342412
2130,RIVER RD,5693,,E10,EAST,1,E,0,No,0,23.55,1196.38453493482
2131,RIVER RD,31434,,E10,EAST,1,E,0,No,0,23.55,1744.71402266755
2132,RIVER RD,5690,,E10,EAST,1,E,0,No,0,23.55,191.326131191122
2133,RIVER RD,20145,,E10,EAST,1,E,0,No,0,23.55,4145.4854833421
2134,RIVER RD,1746,,E10,EAST,1,E,0,No,0,23.55,934.171899490484
2135,RIVER RD,7041,,E10,EAST,1,E,0,No,0,23.55,666.766405827904
2136,RIVER RD,7040,,E10,EAST,1,E,0,No,0,23.55,871.122628143203
2137,RIVER RD,29746,,E10,EAST,1,E,0,No,0,23.55,2820.47038139329
2138,RIVER RD,1622,,E10,EAST,1,E,0,No,0,23.55,1377.78079908
2139,RIVER RD,5699,,E10,EAST,1,E,0,No,0,23.55,1555.04247771167
2140,RIVER RD,5694,,E10,EAST,1,E,0,No,0,23.55,107.473961935383
2141,RIVER RD,20147,,E10,EAST,1,E,0,No,0,23.55,376.545428648096
2142,RIVER RD,1766,,E10,EAST,1,E,0,No,0,23.55,519.574125193294
2143,RIVER RD,1664,,E10,EAST,1,E,0,No,0,23.55,1415.22523599226
2144,RIVER RD,20151,,E10,EAST,1,E,0,No,0,23.55,949.827943355281
2145,RIVER RD,8788,,E10,EAST,1,E,0,No,0,23.55,317.285500629482
2146,RIVER RD,1589,,E10,EAST,1,E,0,No,0,23.55,593.31927276988
2147,RIVER RD,8184,,E10,EAST,1,E,0,No,0,23.55,1918.01174926266
2148,RIVER RD,20149,,E10,EAST,1,E,0,No,0,23.55,1105.67057287224
2149,RIVER RD,5877,,E10,EAST,1,E,0,No,0,23.55,774.289016068613
2150,RIVER RD,5771,,E10,EAST,1,E,0,No,0,23.55,409.781788209242
2151,RIVER RD,1396,,E10,EAST,1,E,0,No,0,23.55,713.665955806552
2152,RIVER RD,5774,,E10,EAST,1,E,0,No,0,23.55,1033.72112238526
2153,RIVER RD,5817,,E10,EAST,1,E,0,No,0,23.55,1696.59416498163
2154,RIVER RD,5766,,E10,EAST,1,E,0,No,0,23.55,446.055923310421
2155,RIVER RD,5770,,E10,EAST,1,E,0,No,0,23.55,354.289373585489
2156,RIVER RD,5875,,E10,EAST,1,E,0,No,0,23.55,2548.27781226592
2157,RIVER RD,5768,,E10,EAST,1,E,0,No,0,23.55,36.9313658189079
2158,RIVER RD,8290,,E10,EAST,1,E,0,No,0,23.55,500.621529483913
2159,RIVER RD,8291,,E10,EAST,1,E,0,No,0,23.55,189.02269209013
2160,RIVER RD,8789,,E10,EAST,1,E,0,No,0,23.55,269.728944592422
2161,RIVER RD,5763,,E10,EAST,1,E,0,No,0,23.55,408.507157927533
2162,MOCKINGBIRD VALLEY RD,20152,,E10,EAST,2,E,0,No,0,23.55,1533.89241439009
2163,COVERED BRIDGE RD,31179,,E10,EAST,2,E,0.1145135684766248,Yes,0.11451357,23.55,991.847763212664
2164,MOCKINGBIRD VALLEY RD,14489,,E10,EAST,2,E,0,No,0,23.55,874.924587154159
2165,MOCKINGBIRD VALLEY RD,14857,,E10,EAST,2,E,0,No,0,23.55,495.677519378097
2166,MOCKINGBIRD VALLEY RD,14740,,E10,EAST,2,E,0,No,0,23.55,1057.484363295
2167,MOCKINGBIRD VALLEY RD,32641,,E10,EAST,2,E,0,No,0,23.55,418.391156250088
2168,MOCKINGBIRD VALLEY RD,14208,,E10,EAST,2,E,0,No,0,23.55,1271.50801142204
2169,MOCKINGBIRD VALLEY RD,14249,,E10,EAST,2,E,0,No,0,23.55,633.77714084313
2170,MOCKINGBIRD VALLEY RD,14411,,E10,EAST,2,E,0,No,0,23.55,1007.26519453941
2171,MOCKINGBIRD VALLEY RD,14302,,E10,EAST,2,E,0,No,0,23.55,1088.74315124305
2172,WOLF PEN BRANCH RD,8394,,E10,EAST,2,E,0,No,0,23.55,255.7851716752
2173,MOCKINGBIRD VALLEY RD,14553,,E10,EAST,2,E,0,No,0,23.55,528.317217239085
2174,WOLF PEN BRANCH RD,8395,,E10,EAST,2,E,0,No,0,23.55,1851.06300511618
2175,WOLF PEN BRANCH RD,8393,,E10,EAST,2,E,0,No,0,23.55,1531.11044433357
2176,COVERED BRIDGE RD,31180,,E10,EAST,2,E,0.1621566755829988,Yes,0.16215668,23.55,1404.50375554548
2177,COVERED BRIDGE RD,1339,,E10,EAST,2,E,0.0040496579236229645,Yes,0.00404966,23.55,35.0754209703889
2178,COVERED BRIDGE RD,1342,,E10,EAST,2,E,0.2278135388161704,Yes,0.22781354,23.55,1973.18442618673
2179,ROSE ISLAND RD,5666,,E10,EAST,2,E,0.0937959657738218,Yes,0.09379597,23.55,812.404442318241
2180,BASS RD,8900,,E10,EAST,3,E,0,No,0,23.55,2118.25274260913
2181,MAYFAIR AVE,1387,,E10,EAST,3,E,0,No,0,23.55,3869.56625739156
2182,BASS RD,8902,,E10,EAST,3,E,0,No,0,23.55,3306.11618413148
2183,MAYFAIR AVE,1397,,E10,EAST,3,E,0,No,0,23.55,892.256557778869
2184,CHAMBERLAIN LN,32844,,E11,EAST,2,E,0,No,0,27.02,403.700598032208
2185,CHAMBERLAIN LN,33767,,E11,EAST,2,E,0,No,0,27.02,656.069168933725
2186,CHAMBERLAIN LN,30422,,E11,EAST,2,E,0,No,0,27.02,246.853929349599
2187,CHAMBERLAIN LN,7954,,E11,EAST,2,E,0,No,0,27.02,1325.99598029506
2188,MURPHY LN,6060,,E11,EAST,2,E,0,No,0,27.02,670.341947554872
2189,CHAMBERLAIN LN,6901,,E11,EAST,2,E,0,No,0,27.02,805.202502632489
2190,MURPHY LN,8726,,E11,EAST,2,E,0,No,0,27.02,1030.12528656456
2191,CHAMBERLAIN LN,7324,,E11,EAST,2,E,0,No,0,27.02,1251.03046887613
2192,HITT RD,9038,,E11,EAST,2,E,0,No,0,27.02,1045.8029725613
2193,CHAMBERLAIN LN,6900,,E11,EAST,2,E,0,No,0,27.02,423.837755360599
2194,HITT RD,34386,,E11,EAST,2,E,0,No,0,27.02,729.808147610337
2195,CHAMBERLAIN LN,6013,,E11,EAST,2,E,0,No,0,27.02,233.62210090282
2196,CHAMBERLAIN LN,32887,,E11,EAST,2,E,0,No,0,27.02,235.824010271033
2197,CHAMBERLAIN LN,34892,,E11,EAST,2,E,0,No,0,27.02,854.266525640026
2198,CHAMBERLAIN LN,30463,,E11,EAST,2,E,0,No,0,27.02,572.394632226258
2199,CHAMBERLAIN LN,5972,,E11,EAST,2,E,0,No,0,27.02,288.519680881709
2200,CHAMBERLAIN LN,6067,,E11,EAST,2,E,0,No,0,27.02,609.28556435762
2201,CHAMBERLAIN LN,6083,,E11,EAST,2,E,0,No,0,27.02,226.017728959747
2202,CHAMBERLAIN LN,6074,,E11,EAST,2,E,0,No,0,27.02,131.631910683749
2203,MURPHY LN,8731,,E11,EAST,2,E,0,No,0,27.02,2967.03182273295
2204,MURPHY LN,8732,,E11,EAST,2,E,0,No,0,27.02,678.407925860476
2205,CHAMBERLAIN LN,6047,,E11,EAST,2,E,0,No,0,27.02,665.855006589272
2206,CHAMBERLAIN LN,6072,,E11,EAST,2,E,0,No,0,27.02,118.02277344927
2207,CHAMBERLAIN LN,6078,,E11,EAST,2,E,0,No,0,27.02,318.137048369747
2208,CHAMBERLAIN LN,6084,,E11,EAST,2,E,0,No,0,27.02,1120.29492773217
2209,CHAMBERLAIN LN,6085,,E11,EAST,2,E,0,No,0,27.02,582.22440695213
2210,CHAMBERLAIN LN,38533,,E11,EAST,2,E,0,No,0,27.02,1942.11655058622
2211,CHAMBERLAIN LN,6028,,E11,EAST,2,E,0,No,0,27.02,384.455329328706
2212,CHAMBERLAIN LN,6097,,E11,EAST,2,E,0,No,0,27.02,625.401204112192
2213,CHAMBERLAIN LN,6082,,E11,EAST,2,E,0,No,0,27.02,339.097004064655
2214,CHAMBERLAIN LN,39832,,E11,EAST,2,E,0,No,0,27.02,505.451454221089
2215,MURPHY LN,6080,,E11,EAST,2,E,0,No,0,27.02,921.789715792804
2216,CHAMBERLAIN LN,5969,,E11,EAST,2,E,0,No,0,27.02,551.609272985521
2217,CHAMBERLAIN LN,6002,,E11,EAST,2,E,0,No,0,27.02,453.506090214315
2218,HITT RD,32606,,E11,EAST,2,E,0,No,0,27.02,2603.90829956536
2219,CHAMBERLAIN LN,7326,,E11,EAST,2,E,0,No,0,27.02,1020.59078577244
2220,WOLF PEN BRANCH RD,9128,,E11,EAST,2,E,0,No,0,27.02,795.812599288857
2221,WOLF PEN BRANCH RD,9129,,E11,EAST,2,E,0,No,0,27.02,1221.54698619969
2222,WOLF PEN BRANCH RD,8390,,E11,EAST,2,E,0,No,0,27.02,1277.79672388018
2223,WOLF PEN BRANCH RD,8391,,E11,EAST,2,E,0,No,0,27.02,226.402020820845
2224,WOLF PEN BRANCH RD,38532,,E11,EAST,2,E,0,No,0,27.02,4157.05675717446
2225,WOLF PEN BRANCH RD,33768,,E11,EAST,2,E,0,No,0,27.02,305.419165134877
2226,WOLF PEN BRANCH RD,38576,,E11,EAST,2,E,0,No,0,27.02,977.759032358773
2227,WOLF PEN BRANCH RD,8388,,E11,EAST,2,E,0,No,0,27.02,1460.94750795065
2228,WOLF PEN BRANCH RD,8387,,E11,EAST,2,E,0,No,0,27.02,215.342313301983
2229,WOLF PEN BRANCH RD,8396,,E11,EAST,2,E,0,No,0,27.02,5453.34815631127
2230,WOLF PEN BRANCH RD,8389,,E11,EAST,2,E,0,No,0,27.02,896.888275560385
2231,TAZWELL DR,8439,,E11,EAST,3,E,0,No,0,27.02,920.410125311463
2232,NANSEMOND DR,515,,E11,EAST,3,E,0,No,0,27.02,305.867964234957
2233,NANSEMOND DR,29743,,E11,EAST,3,E,0,No,0,27.02,140.085965799799
2234,SPRING FARM RD,30812,,E11,EAST,3,E,0,No,0,27.02,381.115801408649
2235,TAZWELL DR,29741,,E11,EAST,3,E,0,No,0,27.02,495.227624333877
2236,NANSEMOND DR,509,,E11,EAST,3,E,0,No,0,27.02,225.629397464072
2237,NANSEMOND DR,33742,,E11,EAST,3,E,0,No,0,27.02,221.98110359119
2238,PACELLI PL,503,,E11,EAST,3,E,0,No,0,27.02,197.765101692352
2239,NANSEMOND DR,6059,,E11,EAST,3,E,0,No,0,27.02,132.450675307284
2240,PACELLI PL,496,,E11,EAST,3,E,0,No,0,27.02,585.495506053875
2241,SPRING FARM RD,35912,,E11,EAST,3,E,0,No,0,27.02,952.106501824735
2242,SPRING FARM RD,34314,,E11,EAST,3,E,0,No,0,27.02,2190.98226896843
2243,SPRING FARM RD,32514,,E11,EAST,3,E,0,No,0,27.02,215.671364616689
2244,SPRING FARM RD,30811,,E11,EAST,3,E,0,No,0,27.02,165.602485648993
2245,NANSEMOND DR,507,,E11,EAST,3,E,0,No,0,27.02,141.666038293923
2246,NANSEMOND DR,33743,,E11,EAST,3,E,0,No,0,27.02,236.787667360575
2247,TAZWELL DR,41057,,E11,EAST,3,E,0,No,0,27.02,349.806352517096
2248,TAZWELL DR,8441,,E11,EAST,3,E,0,No,0,27.02,556.416527449783
2249,TAZWELL DR,8443,,E11,EAST,3,E,0,No,0,27.02,735.671932146805
2250,TAZWELL DR,8440,,E11,EAST,3,E,0,No,0,27.02,306.809384952917
2251,NEW CHAMBERLAIN LN,7964,,E11,EAST,3,E,0,No,0,27.02,2343.24250725947
2252,SPRING FARM RD,33948,,E11,EAST,3,E,0,No,0,27.02,768.19484657789
2253,BROWNS LN,4263,,E12,EAST,1,E,0,No,0,24.29,369.05360174709
2254,BOWLING BLVD,7247,,E12,EAST,1,E,0,No,0,24.29,930.828032988118
2255,BROWNS LN,4329,,E12,EAST,1,E,0,No,0,24.29,234.574482234588
2256,S HUBBARDS LN,3520,,E12,EAST,1,E,0,No,0,24.29,268.497567415102
2257,BROWNS LN,7252,,E12,EAST,1,E,0,No,0,24.29,918.874722951784
2258,BROWNS LN,4136,,E12,EAST,1,E,0,No,0,24.29,270.085915772428
2259,BROWNS LN,4210,,E12,EAST,1,E,0,No,0,24.29,1027.81180397645
2260,BROWNS LN,4340,,E12,EAST,1,E,0,No,0,24.29,153.164891181449
2261,BROWNS LN,4528,,E12,EAST,1,E,0,No,0,24.29,1119.605560972
2262,S HUBBARDS LN,7225,,E12,EAST,1,E,0,No,0,24.29,1013.11407482697
2263,S HUBBARDS LN,7232,,E12,EAST,1,E,0,No,0,24.29,587.105462000889
2264,BOWLING BLVD,38438,,E12,EAST,1,E,0,No,0,24.29,1106.3938189352
2265,BROWNS LN,4419,,E12,EAST,1,E,0,No,0,24.29,897.268563968069
2266,S HUBBARDS LN,7202,,E12,EAST,1,E,0,No,0,24.29,270.638615690971
2267,S HUBBARDS LN,3546,,E12,EAST,1,E,0,No,0,24.29,266.590232873323
2268,BROWNS LN,4429,,E12,EAST,1,E,0,No,0,24.29,370.419530945994
2269,S HUBBARDS LN,7204,,E12,EAST,1,E,0,No,0,24.29,129.282304376895
2270,S HUBBARDS LN,7206,,E12,EAST,1,E,0,No,0,24.29,510.137438388233
2271,BOWLING BLVD,7246,,E12,EAST,1,E,0,No,0,24.29,1274.73424092789
2272,BROWNS LN,4458,,E12,EAST,1,E,0,No,0,24.29,753.835044799904
2273,BROWNS LN,4538,,E12,EAST,1,E,0,No,0,24.29,98.5573205360718
2274,BROWNS LN,4232,,E12,EAST,1,E,0,No,0,24.29,281.308304756543
2275,S HUBBARDS LN,7242,,E12,EAST,1,E,0,No,0,24.29,408.654583312357
2276,BROWNS LN,4307,,E12,EAST,1,E,0,No,0,24.29,387.73310006893
2277,BOWLING BLVD,7238,,E12,EAST,1,E,0,No,0,24.29,2032.75690754361
2278,N HUBBARDS LN,2660,,E12,EAST,1,E,0,No,0,24.29,426.020056866962
2279,N HUBBARDS LN,3402,,E12,EAST,1,E,0,No,0,24.29,911.740305996244
2280,N HUBBARDS LN,3064,,E12,EAST,1,E,0,No,0,24.29,1245.27120247226
2281,N HUBBARDS LN,2919,,E12,EAST,1,E,0,No,0,24.29,1246.48130718372
2282,N HUBBARDS LN,2505,,E12,EAST,1,E,0,No,0,24.29,472.22853459657
2283,N HUBBARDS LN,2603,,E12,EAST,1,E,0,No,0,24.29,950.671102306898
2284,N HUBBARDS LN,2497,,E12,EAST,1,E,0,No,0,24.29,1044.23710551977
2285,N HUBBARDS LN,3138,,E12,EAST,1,E,0,No,0,24.29,341.389033863728
2286,N HUBBARDS LN,3267,,E12,EAST,1,E,0,No,0,24.29,751.0289082854
2287,N HUBBARDS LN,2770,,E12,EAST,1,E,0,No,0,24.29,216.075639863801
2288,N HUBBARDS LN,2708,,E12,EAST,1,E,0,No,0,24.29,452.325491458523
2289,N HUBBARDS LN,2745,,E12,EAST,1,E,0,No,0,24.29,408.573709026675
2290,S HUBBARDS LN,3497,,E12,EAST,1,E,0,No,0,24.29,680.662525451803
2291,DUTCHMANS LN,8996,,E12,EAST,1,E,0,No,0,24.29,1067.6015509159
2292,DUTCHMANS LN,8989,,E12,EAST,1,E,0,No,0,24.29,1114.55258303048
2293,BROWNS LN,4036,,E12,EAST,1,E,0,No,0,24.29,2130.83851133507
2294,BROWNS LN,7255,,E12,EAST,1,E,0,No,0,24.29,1672.89892242032
2295,DUTCHMANS LN,8988,,E12,EAST,1,E,0,No,0,24.29,762.522139802324
2296,MCMAHAN BLVD,7276,,E12,EAST,1,E,0,No,0,24.29,406.164358868077
2297,MCMAHAN BLVD,34836,,E12,EAST,1,E,0,No,0,24.29,882.128169406775
2298,LOWE RD,4418,,E12,EAST,2,E,0,No,0,24.29,326.413189552846
2299,KRESGE WAY,9257,,E12,EAST,2,E,0,No,0,24.29,349.669419858231
2300,LOWE RD,31090,,E12,EAST,2,E,0,No,0,24.29,443.24859764846
2301,LOWE RD,7262,,E12,EAST,2,E,0,No,0,24.29,587.339860318726
2302,LOWE RD,7273,,E12,EAST,2,E,0,No,0,24.29,89.9577609301304
2303,LOWE RD,7272,,E12,EAST,2,E,0,No,0,24.29,1528.44947321683
2304,LOWE RD,7277,,E12,EAST,2,E,0,No,0,24.29,820.515155931419
2305,LOWE RD,4410,,E12,EAST,2,E,0,No,0,24.29,373.004764002947
2306,LOWE RD,4403,,E12,EAST,2,E,0,No,0,24.29,345.108617093696
2307,LOWE RD,4581,,E12,EAST,2,E,0,No,0,24.29,213.076638994589
2308,BROWNS LN,3527,,E12,EAST,2,E,0,No,0,24.29,304.792846172815
2309,OLD BROWNSBORO RD,2595,,E12,EAST,2,E,0,No,0,24.29,509.995509810353
2310,OLD BROWNSBORO RD,2537,,E12,EAST,2,E,0,No,0,24.29,242.766162270205
2311,BROWNS LN,3417,,E12,EAST,2,E,0,No,0,24.29,379.606279424748
2312,OLD BROWNSBORO RD,2549,,E12,EAST,2,E,0,No,0,24.29,133.212837805708
2313,BROWNS LN,7211,,E12,EAST,2,E,0,No,0,24.29,332.274105141895
2314,BROWNS LN,3503,,E12,EAST,2,E,0,No,0,24.29,747.479030975965
2315,BROWNS LN,7230,,E12,EAST,2,E,0,No,0,24.29,316.569706235846
2316,BROWNS LN,7228,,E12,EAST,2,E,0,No,0,24.29,354.201484195436
2317,BROWNS LN,7222,,E12,EAST,2,E,0,No,0,24.29,379.227802170493
2318,BROWNS LN,3615,,E12,EAST,2,E,0,No,0,24.29,267.791637358343
2319,BROWNS LN,3572,,E12,EAST,2,E,0,No,0,24.29,446.683583566852
2320,BROWNS LN,3593,,E12,EAST,2,E,0,No,0,24.29,264.100311819439
2321,BROWNS LN,7208,,E12,EAST,2,E,0,No,0,24.29,220.459230432324
2322,KRESGE WAY,9258,,E12,EAST,2,E,0,No,0,24.29,505.123286122422
2323,KRESGE WAY,7254,,E12,EAST,2,E,0,No,0,24.29,1780.17317973057
2324,BROWNS LN,7245,,E12,EAST,2,E,0,No,0,24.29,565.850983769413
2325,OLD BROWNSBORO RD,6221,,E12,EAST,2,E,0,No,0,24.29,601.660881065177
2326,BROWNS LN,7250,,E12,EAST,2,E,0,No,0,24.29,411.005575481352
2327,BROWNS LN,7236,,E12,EAST,2,E,0,No,0,24.29,313.478620904301
2328,OLD BROWNSBORO RD,2551,,E12,EAST,2,E,0,No,0,24.29,469.215333158561
2329,WENDING CT,2626,,E12,EAST,3,E,0,No,0,24.29,520.730057959636
2330,CHIPPEWA RD,2674,,E12,EAST,3,E,0,No,0,24.29,317.938166903695
2331,HUBBARD CT,2538,,E12,EAST,3,E,0,No,0,24.29,507.558741121077
2332,CHIPPEWA RD,2643,,E12,EAST,3,E,0,No,0,24.29,223.904187805649
2333,CHIPPEWA RD,2608,,E12,EAST,3,E,0,No,0,24.29,130.763188112678
2334,OLD BROWNSBORO RD,2657,,E12,EAST,3,E,0,No,0,24.29,681.131637339278
2335,CHIPPEWA RD,2592,,E12,EAST,3,E,0,No,0,24.29,540.187852326285
2336,BILLTOWN RD,10469,,E13,EAST,1,E,0.09221077825422738,Yes,0.09221078,15.55,798.674432071393
2337,WATTERSON TRL,9050,,E13,EAST,1,E,0.1675138039010752,Yes,0.1675138,15.55,1450.90391916337
2338,RUCKRIEGEL PKY,31997,,E13,EAST,1,E,0.03788113647404353,Yes,0.03788114,15.55,328.103746075646
2339,BILLTOWN RD,10106,,E13,EAST,1,E,0.04376298698223986,Yes,0.04376299,15.55,379.048681293198
2340,BILLTOWN RD,10210,,E13,EAST,1,E,0.05688339712526523,Yes,0.0568834,15.55,492.689792339939
2341,RUCKRIEGEL PKY,13153,,E13,EAST,1,E,0.162937939656276,Yes,0.16293794,15.55,1411.27046733978
2342,BILLTOWN RD,10268,,E13,EAST,1,E,0.016709425364310925,Yes,0.01670943,15.55,144.727296476392
2343,RUCKRIEGEL PKY,13154,,E13,EAST,1,E,0.047176830875136258,Yes,0.04717683,15.55,408.617578479871
2344,BILLTOWN RD,10393,,E13,EAST,1,E,0.0212838263312199,Yes,0.02128383,15.55,184.347938307246
2345,BILLTOWN RD,10245,,E13,EAST,1,E,0.052950834573338865,Yes,0.05295083,15.55,458.628130105
2346,WATTERSON TRL,9042,,E13,EAST,1,E,0.07682486685864921,Yes,0.07682487,15.55,665.410902190104
2347,BILLTOWN RD,10146,,E13,EAST,1,E,0.03890064633480458,Yes,0.03890065,15.55,336.934156060045
2348,BILLTOWN RD,10367,,E13,EAST,1,E,0.0957934799314571,Yes,0.09579348,15.55,829.705433180957
2349,BILLTOWN RD,10168,,E13,EAST,1,E,0.032738498041370578,Yes,0.0327385,15.55,283.561276912174
2350,RUCKRIEGEL PKY,33515,,E13,EAST,1,E,0.07231647891123098,Yes,0.07231648,15.55,626.508238169475
2351,WATTERSON TRL,9044,,E13,EAST,1,E,0.05366279484033861,Yes,0.05366279,15.55,464.931717055936
2352,BILLTOWN RD,36592,,E13,EAST,1,E,0.0358412638153177,Yes,0.03584126,15.55,310.435264356758
2353,RUCKRIEGEL PKY,13155,,E13,EAST,1,E,0.07155976468799374,Yes,0.07155976,15.55,619.995311467615
2354,BILLTOWN RD,10538,,E13,EAST,1,E,0.0723867276439935,Yes,0.07238673,15.55,626.97032889857
2355,BILLTOWN RD,10075,,E13,EAST,1,E,0.098922070106570226,Yes,0.09892207,15.55,856.803862564411
2356,RUCKRIEGEL PKY,31998,,E13,EAST,1,E,0.07441805136638958,Yes,0.07441805,15.55,644.564531463339
2357,WATTERSON TRL,9041,,E13,EAST,1,E,0.1112081846931316,Yes,0.11120818,15.55,963.21865348701
2358,RUCKRIEGEL PKY,13152,,E13,EAST,1,E,0.099604481582505636,Yes,0.09960448,15.55,862.714490720425
2359,BILLTOWN RD,10710,,E13,EAST,1,E,0.0721420362859872,Yes,0.07214204,15.55,624.850798325575
2360,BILLTOWN RD,13018,,E13,EAST,1,E,0.032064379815874,Yes,0.03206438,15.55,277.722386552491
2361,BILLTOWN RD,10797,,E13,EAST,1,E,0.183654190308412,Yes,0.18365419,15.55,1590.70251308083
2362,BILLTOWN RD,13017,,E13,EAST,1,E,0.0297319772708505,Yes,0.02973198,15.55,257.520608797978
2363,BILLTOWN RD,10598,,E13,EAST,1,E,0.0242905463672351,Yes,0.02429055,15.55,210.390341151299
2364,WATTERSON TRL,9048,,E13,EAST,1,E,0.1844228752504236,Yes,0.18442288,15.55,1597.36031618343
2365,WATTERSON TRL,9049,,E13,EAST,1,E,0.32984260965346618,Yes,0.32984261,15.55,2857.16892024519
2366,RUCKRIEGEL PKY,13421,,E13,EAST,1,E,0.07625850643276341,Yes,0.07625851,15.55,660.505491157126
2367,RUCKRIEGEL PKY,29904,,E13,EAST,1,E,0.1252716725243931,Yes,0.12527167,15.55,1085.0280782588
2368,WATTERSON TRL,9040,,E13,EAST,1,E,0.2899082997289031,Yes,0.2899083,15.55,2511.01156312856
2369,WATTERSON TRL,9039,,E13,EAST,1,E,0.1271197217041518,Yes,0.12711972,15.55,1101.03489717857
2370,BILLTOWN RD,10825,,E13,EAST,1,E,0.066506852159119986,Yes,0.06650685,15.55,576.042329446385
2371,WATTERSON TRL,9043,,E13,EAST,1,E,0.1740042322794426,Yes,0.17400423,15.55,1507.12039069871
2372,WATTERSON TRL,32111,,E13,EAST,1,E,0.1118445082962114,Yes,0.11184451,15.55,968.760635079962
2373,RIDGE RD,2796,,E14,EAST,1,E,0.150287130522091,Yes,0.15028713,17.31,1301.79271679797
2374,RIDGE RD,29782,,E14,EAST,1,E,0.09432469412580835,Yes,0.09432469,17.31,817.333471250059
2375,BELLEWOOD RD,2689,,E14,EAST,1,E,0,No,0,17.31,106.474762129235
2376,N HURSTBOURNE PKY,7506,,E14,EAST,1,E,0.29464188950865267,Yes,0.29464189,17.31,1276.00538837601
2377,NEW LA GRANGE RD,6533,,E14,EAST,1,E,0.166935371149635,Yes,0.16693537,17.31,1445.89416651671
2378,NEW LA GRANGE RD,8226,,E14,EAST,1,E,0.107230017228038,Yes,0.10723002,17.31,928.98849861295
2379,N HURSTBOURNE PKY,6634,,E14,EAST,1,E,0.4560726136471184,Yes,0.45607261,17.31,1975.11359432505
2380,N HURSTBOURNE PKY,6583,,E14,EAST,1,E,0.45912296264146985,Yes,0.45912296,17.31,1988.32385126465
2381,LA GRANGE RD,9067,,E14,EAST,1,E,0.0232069480878113,Yes,0.02320695,17.31,201.004727805394
2382,LA GRANGE RD,9055,,E14,EAST,1,E,0.1614816870016602,Yes,0.16148169,17.31,1398.65753602976
2383,NEW LA GRANGE RD,6573,,E14,EAST,1,E,0.01488958062208234,Yes,0.01488958,17.31,128.964674263197
2384,N HURSTBOURNE PKY,6561,,E14,EAST,1,E,0.2605109361532927,Yes,0.26051094,17.31,1128.19460303428
2385,PARK RD,2548,,E14,EAST,1,E,0.0411246350146959,Yes,0.04112464,17.31,356.197013603427
2386,NEW LA GRANGE RD,3371,,E14,EAST,1,E,0.063129591992215767,Yes,0.06312959,17.31,364.527099443382
2387,N HURSTBOURNE PKY,7512,,E14,EAST,1,E,0.15505624838817236,Yes,0.15505625,17.31,671.502282750365
2388,NEW LA GRANGE RD,2917,,E14,EAST,1,E,0.03876592387224444,Yes,0.03876592,17.31,335.76737569416
2389,PARK RD,2618,,E14,EAST,1,E,0.15689353571294368,Yes,0.15689354,17.31,1358.91759063277
2390,NEW LA GRANGE RD,3198,,E14,EAST,1,E,0.02701862100891964,Yes,0.02701862,17.31,234.01900463691
2391,NEW LA GRANGE RD,6539,,E14,EAST,1,E,0.07340421446352907,Yes,0.07340421,17.31,635.783157596021
2392,LA GRANGE RD,9069,,E14,EAST,1,E,0.1110825054923726,Yes,0.11108251,17.31,962.129937630458
2393,NEW LA GRANGE RD,2962,,E14,EAST,1,E,0.1009946819700952,Yes,0.10099468,17.31,874.755088611454
2394,PARK RD,2676,,E14,EAST,1,E,0.095181372611804,Yes,0.09518137,17.31,824.403854444628
2395,NEW LA GRANGE RD,2942,,E14,EAST,1,E,0.040574859610781236,Yes,0.04057486,17.31,351.434976662651
2396,LA GRANGE RD,9063,,E14,EAST,1,E,0.0358636180803415,Yes,0.03586362,17.31,310.629106244804
2397,N HURSTBOURNE PKY,8237,,E14,EAST,1,E,0.2724231647153634,Yes,0.27242316,17.31,1179.78317292646
2398,N HURSTBOURNE PKY,6493,,E14,EAST,1,E,0.1737141834680525,Yes,0.17371418,17.31,752.304079543975
2399,NEW LA GRANGE RD,3085,,E14,EAST,1,E,0.006049489934246265,Yes,0.00604949,17.31,52.3972021259246
2400,LA GRANGE RD,32264,,E14,EAST,1,E,0.10925080738795286,Yes,0.10925081,17.31,946.264852743545
2401,GLENBROOK RD,29781,,E14,EAST,1,E,0.01418133510212915,Yes,0.01418134,17.31,122.924740282008
2402,NEW LA GRANGE RD,3282,,E14,EAST,1,E,0.1033930366480574,Yes,0.10339304,17.31,597.018886452724
2403,NEW LA GRANGE RD,3395,,E14,EAST,1,E,0.044936635869933857,Yes,0.04493664,17.31,259.476185082562
2404,NEW LA GRANGE RD,6522,,E14,EAST,1,E,0.2281913015512806,Yes,0.2281913,17.31,1976.45612685033
2405,NEW LA GRANGE RD,2895,,E14,EAST,1,E,0.03266758559542463,Yes,0.03266759,17.31,282.947129557803
2406,NEW LA GRANGE RD,3077,,E14,EAST,1,E,0.01968507700777064,Yes,0.01968508,17.31,170.500190015473
2407,NEW LA GRANGE RD,3168,,E14,EAST,1,E,0.024917294581966,Yes,0.02491729,17.31,215.818628384606
2408,NEW LA GRANGE RD,3145,,E14,EAST,1,E,0.0634090431479643,Yes,0.06340904,17.31,549.211077629198
2409,NEW LA GRANGE RD,3348,,E14,EAST,1,E,0.06705209434180895,Yes,0.06705209,17.31,387.176629000423
2410,NEW LA GRANGE RD,3493,,E14,EAST,1,E,0.111475499037358,Yes,0.1114755,17.31,643.689504098002
2411,NEW LA GRANGE RD,3222,,E14,EAST,1,E,0.02787160396421668,Yes,0.0278716,17.31,241.407322261696
2412,NEW LA GRANGE RD,3057,,E14,EAST,1,E,0.03183141231977128,Yes,0.03183141,17.31,275.704411148711
2413,N HURSTBOURNE PKY,34351,,E14,EAST,1,E,0.23441625456994528,Yes,0.23441625,17.31,1015.18654961349
2414,N HURSTBOURNE PKY,7485,,E14,EAST,1,E,0.2097601955869062,Yes,0.2097602,17.31,908.538419967682
2415,N HURSTBOURNE PKY,34354,,E14,EAST,1,E,0.191524515490779,Yes,0.19152452,17.31,829.435215912205
2416,NEW LA GRANGE RD,8230,,E14,EAST,1,E,0.06179359272362469,Yes,0.06179359,17.31,535.218908207777
2417,NEW LA GRANGE RD,6612,,E14,EAST,1,E,0.0454662008594004,Yes,0.0454662,17.31,393.801024242277
2418,NEW LA GRANGE RD,6592,,E14,EAST,1,E,0.0528632968704141,Yes,0.0528633,17.31,457.869983970205
2419,LA GRANGE RD,9065,,E14,EAST,1,E,0.122462183413,Yes,0.12246218,17.31,1060.69411140514
2420,NEW LA GRANGE RD,3036,,E14,EAST,1,E,0.04264750112706148,Yes,0.0426475,17.31,369.387441626336
2421,LA GRANGE RD,9056,,E14,EAST,1,E,0.0348053341564522,Yes,0.03480533,17.31,301.462872684291
2422,LA GRANGE RD,9062,,E14,EAST,1,E,0.061870746018511037,Yes,0.06187075,17.31,535.887369387162
2423,NEW LA GRANGE RD,3410,,E14,EAST,1,E,0.019636048901114665,Yes,0.01963605,17.31,113.383620472962
2424,NEW LA GRANGE RD,3315,,E14,EAST,1,E,0.069456474143701,Yes,0.06945647,17.31,401.06028105322
2425,LA GRANGE RD,9064,,E14,EAST,1,E,0.16265597579881858,Yes,0.16265598,17.31,1408.82833538237
2426,NEW LA GRANGE RD,3233,,E14,EAST,1,E,0.01576292583962155,Yes,0.01576293,17.31,136.52891463441
2427,LA GRANGE RD,1226,,E14,EAST,1,E,0.1716923089266167,Yes,0.17169231,17.31,1487.09583852334
2428,LA GRANGE RD,1223,,E14,EAST,1,E,0.1571033916749323,Yes,0.15710339,17.31,1360.73512323378
2429,LA GRANGE RD,1224,,E14,EAST,1,E,0.03065573827954731,Yes,0.03065574,17.31,265.521670590415
2430,LA GRANGE RD,29779,,E14,EAST,1,E,0.071952986474459676,Yes,0.07195299,17.31,623.477689057717
2431,LA GRANGE RD,1225,,E14,EAST,1,E,0.2107026399467465,Yes,0.21070264,17.31,1824.97997467779
2432,NEW LA GRANGE RD,3517,,E14,EAST,1,E,0.0472052653754074,Yes,0.04720527,17.31,272.57568690366
2433,RIDGE RD,7933,,E14,EAST,1,E,0.14122516849747527,Yes,0.14122517,17.31,1223.20770713104
2434,RIDGE RD,7930,,E14,EAST,1,E,0.025501345742686487,Yes,0.02550135,17.31,220.877403794374
2435,PARK RD,2532,,E14,EAST,1,E,0.04319370610212129,Yes,0.04319371,17.31,374.117926135931
2436,LA GRANGE RD,9057,,E14,EAST,1,E,0.0667035387577518,Yes,0.06670354,17.31,577.746179070841
2437,PARK RD,2704,,E14,EAST,3,E,0,No,0,17.31,379.438072585907
2438,LYNDON LN,6467,,E15,EAST,1,E,0.0299062493427621,Yes,0.02990625,25.28,259.030017572017
2439,LYNDON LN,3016,,E15,EAST,1,E,0.05790353014782564,Yes,0.05790353,25.28,501.525543648776
2440,BROWNSBORO RD,8916,,E15,EAST,1,E,0.079921786876134868,Yes,0.07992179,25.28,692.234654623282
2441,HERR LN,2213,,E15,EAST,1,E,0.0850013921716545,Yes,0.08500139,25.28,736.230891148585
2442,HERR LN,6442,,E15,EAST,1,E,0.0392707825340857,Yes,0.03927078,25.28,340.139846799181
2443,LYNDON LN,6460,,E15,EAST,1,E,0.015384929425571186,Yes,0.01538493,25.28,133.255350066334
2444,LYNDON LN,9030,,E15,EAST,1,E,0.028860244655064926,Yes,0.02886024,25.28,249.970124167994
2445,LYNDON LN,6462,,E15,EAST,1,E,0.021860508716199427,Yes,0.02186051,25.28,189.342393867879
2446,HERR LN,6457,,E15,EAST,1,E,0.069875202908841777,Yes,0.0698752,25.28,605.216832628916
2447,HERR LN,6428,,E15,EAST,1,E,0.03397002902576246,Yes,0.03397003,25.28,294.227957767133
2448,HERR LN,6417,,E15,EAST,1,E,0.03485980218205,Yes,0.0348598,25.28,301.934789357357
2449,LYNDON LN,9031,,E15,EAST,1,E,0.04127437140880623,Yes,0.04127437,25.28,357.559126128711
2450,LYNDON LN,2866,,E15,EAST,1,E,0.02837347286734638,Yes,0.02837347,25.28,245.907260614965
2451,BROWNSBORO RD,8943,,E15,EAST,1,E,0.083710560379742546,Yes,0.08371056,25.28,362.571284473358
2452,LYNDON LN,2954,,E15,EAST,1,E,0.08358689058372372,Yes,0.08358689,25.28,723.979479621603
2453,LYNDON LN,39120,,E15,EAST,1,E,0.0061898926079649247,Yes,0.00618989,25.28,53.6132741404822
2454,HERR LN,6355,,E15,EAST,1,E,0.08275056592544422,Yes,0.08275057,25.28,716.735851798547
2455,LIME KILN LN,1956,,E15,EAST,1,E,0,No,0,25.28,1170.33926991054
2456,LYNDON LN,33868,,E15,EAST,1,E,0.03412405229543,Yes,0.03412405,25.28,295.561995096312
2457,LIME KILN LN,1903,,E15,EAST,1,E,0,No,0,25.28,570.202002050987
2458,HERR LN,6335,,E15,EAST,1,E,0.0778170738667825,Yes,0.07781707,25.28,674.004798520369
2459,BROWNSBORO RD,8942,,E15,EAST,1,E,0.0518930462894892,Yes,0.05189305,25.28,449.46638531768
2460,HERR LN,2317,,E15,EAST,1,E,0.040461304424447,Yes,0.0404613,25.28,350.451516796546
2461,HERR LN,6396,,E15,EAST,1,E,0.0675239763620315,Yes,0.06752398,25.28,584.85211823232
2462,HERR LN,2297,,E15,EAST,1,E,0.0171446742439486,Yes,0.01714467,25.28,148.49685655343
2463,HERR LN,2279,,E15,EAST,1,E,0.02041850980497577,Yes,0.02041851,25.28,176.853104779703
2464,HERR LN,2260,,E15,EAST,1,E,0.053500326206013436,Yes,0.05350033,25.28,463.387605810645
2465,HERR LN,6366,,E15,EAST,1,E,0.1521775258510906,Yes,0.15217753,25.28,659.035258101432
2466,HERR LN,6372,,E15,EAST,1,E,0.0379432272936714,Yes,0.03794323,25.28,328.641489594379
2467,BROWNSBORO RD,8915,,E15,EAST,1,E,0.10210059361489927,Yes,0.10210059,25.28,884.334071181129
2468,BROWNSBORO RD,8910,,E15,EAST,1,E,0.03500149200225934,Yes,0.03500149,25.28,303.363512497329
2469,BROWNSBORO RD,8913,,E15,EAST,1,E,0.0783695371221274,Yes,0.07836954,25.28,678.790227370882
2470,BROWNSBORO RD,8914,,E15,EAST,1,E,0.067657274497559358,Yes,0.06765727,25.28,586.006562829722
2471,BROWNSBORO RD,8911,,E15,EAST,1,E,0.04889486941801471,Yes,0.04889487,25.28,423.526008069093
2472,LIME KILN LN,1976,,E15,EAST,1,E,0,No,0,25.28,290.611913204788
2473,HERR LN,2122,,E15,EAST,1,E,0.11431895234594555,Yes,0.11431895,25.28,990.162174753256
2474,HERR LN,2147,,E15,EAST,1,E,0.04395235569504386,Yes,0.04395236,25.28,380.68895763804
2475,HERR LN,40722,,E15,EAST,1,E,0.09513455788574125,Yes,0.09513456,25.28,823.99853256173
2476,BROWNSBORO RD,8912,,E15,EAST,1,E,0.05667685856279252,Yes,0.05667686,25.28,490.900742353475
2477,BROWNSBORO RD,33607,,E15,EAST,1,E,0.01928008717553061,Yes,0.01928009,25.28,166.992424898303
2478,BLANKENBAKER LN,1817,,E15,EAST,2,E,0,No,0,25.28,1105.72720478377
2479,RUDY LN,2740,,E15,EAST,2,E,0,No,0,25.28,465.292000179108
2480,RUDY LN,2483,,E15,EAST,2,E,0,No,0,25.28,359.217107331527
2481,RUDY LN,2533,,E15,EAST,2,E,0,No,0,25.28,471.235743275158
2482,RUDY LN,2561,,E15,EAST,2,E,0,No,0,25.28,395.456967090927
2483,LIME KILN LN,1764,,E15,EAST,2,E,0,No,0,25.28,382.896779806016
2484,WASHBURN AVE,3144,,E15,EAST,2,E,0,No,0,25.28,963.292589423196
2485,LIME KILN LN,8208,,E15,EAST,2,E,0,No,0,25.28,189.313876976612
2486,LIME KILN LN,5741,,E15,EAST,2,E,0,No,0,25.28,486.590992449318
2487,WASHBURN AVE,3014,,E15,EAST,2,E,0,No,0,25.28,900.567607246184
2488,LIME KILN LN,8794,,E15,EAST,2,E,0,No,0,25.28,656.379074649724
2489,RUDY LN,2635,,E15,EAST,2,E,0,No,0,25.28,504.178874420062
2490,LIME KILN LN,33939,,E15,EAST,2,E,0,No,0,25.28,393.639453973718
2491,LIME KILN LN,5724,,E15,EAST,2,E,0,No,0,25.28,70.6479766115937
2492,RUDY LN,2268,,E15,EAST,2,E,0,No,0,25.28,489.9706604618
2493,WASHBURN AVE,6486,,E15,EAST,2,E,0,No,0,25.28,338.718568049426
2494,LIME KILN LN,8213,,E15,EAST,2,E,0,No,0,25.28,376.354627830941
2495,BLANKENBAKER LN,6140,,E15,EAST,2,E,0,No,0,25.28,557.732211964323
2496,BLANKENBAKER LN,6141,,E15,EAST,2,E,0,No,0,25.28,503.122051072909
2497,RUDY LN,2685,,E15,EAST,2,E,0,No,0,25.28,683.876347426718
2498,RUDY LN,6991,,E15,EAST,2,E,0,No,0,25.28,223.536153325257
2499,RUDY LN,2587,,E15,EAST,2,E,0,No,0,25.28,309.39336435394
2500,BLANKENBAKER LN,6143,,E15,EAST,2,E,0,No,0,25.28,1253.81743146069
2501,BLANKENBAKER LN,6173,,E15,EAST,2,E,0,No,0,25.28,215.090106481563
2502,LYNDON LN,6438,,E15,EAST,2,E,0,No,0,25.28,593.685008420398
2503,BLANKENBAKER LN,6136,,E15,EAST,2,E,0,No,0,25.28,349.488397253954
2504,WASHBURN AVE,6480,,E15,EAST,2,E,0,No,0,25.28,748.017928398416
2505,LYNDON LN,40138,,E15,EAST,2,E,0,No,0,25.28,486.313733017231
2506,LYNDON LN,6411,,E15,EAST,2,E,0,No,0,25.28,686.922243834557
2507,LIME KILN LN,1707,,E15,EAST,2,E,0,No,0,25.28,301.443813560263
2508,BLANKENBAKER LN,6164,,E15,EAST,2,E,0,No,0,25.28,682.629074055695
2509,LIME KILN LN,5729,,E15,EAST,2,E,0,No,0,25.28,564.047487518938
2510,WASHBURN AVE,3283,,E15,EAST,2,E,0,No,0,25.28,271.856657177202
2511,WASHBURN AVE,40198,,E15,EAST,2,E,0,No,0,25.28,658.635759840464
2512,LIME KILN LN,1806,,E15,EAST,2,E,0,No,0,25.28,563.35520301622
2513,LIME KILN LN,1873,,E15,EAST,2,E,0,No,0,25.28,382.359115042129
2514,BLANKENBAKER LN,2166,,E15,EAST,2,E,0,No,0,25.28,835.485557164926
2515,LIME KILN LN,1842,,E15,EAST,2,E,0,No,0,25.28,595.678491025758
2516,BLANKENBAKER LN,6138,,E15,EAST,2,E,0,No,0,25.28,365.369095128828
2517,WASHBURN AVE,2909,,E15,EAST,2,E,0,No,0,25.28,308.161652463872
2518,BLANKENBAKER LN,6144,,E15,EAST,2,E,0,No,0,25.28,246.430929387127
2519,RUDY LN,2465,,E15,EAST,2,E,0,No,0,25.28,353.622307369693
2520,WASHBURN AVE,2747,,E15,EAST,2,E,0,No,0,25.28,548.090558459449
2521,RUDY LN,2319,,E15,EAST,2,E,0,No,0,25.28,777.305091080805
2522,LIME KILN LN,8212,,E15,EAST,2,E,0,No,0,25.28,911.829854623748
2523,LYNDON LN,30605,,E15,EAST,2,E,0,No,0,25.28,678.691731891603
2524,BLANKENBAKER LN,2095,,E15,EAST,2,E,0,No,0,25.28,514.892023123442
2525,LYNDON LN,3582,,E15,EAST,2,E,0,No,0,25.28,897.849802419149
2526,RUDY LN,2711,,E15,EAST,2,E,0,No,0,25.28,348.291379090357
2527,BLANKENBAKER LN,2058,,E15,EAST,2,E,0,No,0,25.28,411.470895280596
2528,RUDY LN,2441,,E15,EAST,2,E,0,No,0,25.28,1643.42061887303
2529,BLANKENBAKER LN,6179,,E15,EAST,2,E,0,No,0,25.28,982.772819330372
2530,LIME KILN LN,8211,,E15,EAST,2,E,0,No,0,25.28,414.352930888482
2531,LIME KILN LN,1864,,E15,EAST,2,E,0,No,0,25.28,767.621525166171
2532,LIME KILN LN,1740,,E15,EAST,2,E,0,No,0,25.28,566.747472391745
2533,BLANKENBAKER LN,32921,,E15,EAST,2,E,0,No,0,25.28,960.638029344727
2534,RUDY LN,2329,,E15,EAST,2,E,0,No,0,25.28,105.374462700846
2535,LIME KILN LN,8206,,E15,EAST,2,E,0,No,0,25.28,768.606963616207
2536,BLANKENBAKER LN,2017,,E15,EAST,2,E,0,No,0,25.28,104.701645021698
2537,BLANKENBAKER LN,6112,,E15,EAST,2,E,0,No,0,25.28,415.569870484861
2538,LIME KILN LN,1688,,E15,EAST,2,E,0,No,0,25.28,655.942469157355
2539,LIME KILN LN,8210,,E15,EAST,2,E,0,No,0,25.28,653.100742796752
2540,LIME KILN LN,8795,,E15,EAST,2,E,0,No,0,25.28,360.759684899434
2541,LYNDON LN,3311,,E15,EAST,2,E,0,No,0,25.28,1102.97821949824
2542,RUDY LN,2469,,E15,EAST,2,E,0,No,0,25.28,59.0769162300302
2543,BLANKENBAKER LN,6109,,E15,EAST,2,E,0,No,0,25.28,544.002760121766
2544,LIME KILN LN,8214,,E15,EAST,2,E,0,No,0,25.28,890.265079975872
2545,BLANKENBAKER LN,8273,,E15,EAST,2,E,0,No,0,25.28,395.734129840386
2546,LYNDON LN,6456,,E15,EAST,2,E,0,No,0,25.28,404.771208365933
2547,LIME KILN LN,1721,,E15,EAST,2,E,0,No,0,25.28,624.374318926293
2548,LYNDON LN,37035,,E15,EAST,2,E,0,No,0,25.28,307.15371482065
2549,LYNDON LN,3479,,E15,EAST,2,E,0,No,0,25.28,1227.69634268349
2550,WASHBURN AVE,2693,,E15,EAST,2,E,0,No,0,25.28,579.393735670503
2551,LYNDON LN,6364,,E15,EAST,2,E,0,No,0,25.28,317.099379498171
2552,BLANKENBAKER LN,2325,,E15,EAST,2,E,0,No,0,25.28,731.880242058349
2553,BLANKENBAKER LN,2266,,E15,EAST,2,E,0,No,0,25.28,970.412981540042
2554,RUDY LN,6989,,E15,EAST,2,E,0,No,0,25.28,375.607708811285
2555,RUDY LN,2769,,E15,EAST,2,E,0,No,0,25.28,408.267589748853
2556,BLANKENBAKER LN,8272,,E15,EAST,2,E,0,No,0,25.28,342.954963906059
2557,BLANKENBAKER LN,8270,,E15,EAST,2,E,0,No,0,25.28,134.010500929331
2558,RUDY LN,2502,,E15,EAST,2,E,0,No,0,25.28,272.419110497675
2559,RUDY LN,2487,,E15,EAST,2,E,0,No,0,25.28,53.7167411637191
2560,WOODSTONE WAY,5711,,E15,EAST,3,E,0,No,0,25.28,545.202614528736
2561,WOODSTONE WAY,5712,,E15,EAST,3,E,0,No,0,25.28,163.223037295495
2562,WOODSTONE WAY,5696,,E15,EAST,3,E,0,No,0,25.28,160.601155653327
2563,WOODSTONE WAY,5703,,E15,EAST,3,E,0,No,0,25.28,592.441435400414
2564,TAMERLANE RD,6133,,E15,EAST,3,E,0,No,0,25.28,672.727981185471
2565,TAMERLANE RD,6127,,E15,EAST,3,E,0,No,0,25.28,288.297273384289
2566,CLARKWOOD RD,6139,,E15,EAST,3,E,0,No,0,25.28,1089.96423571859
2567,TWIN ELMS CT,5695,,E15,EAST,3,E,0,No,0,25.28,520.840856292399
2568,MOHICAN HILL CT,6134,,E15,EAST,3,E,0,No,0,25.28,473.932795425327
2569,WOODSTONE WAY,5701,,E15,EAST,3,E,0,No,0,25.28,1091.46651359772
2570,OLD FEDERAL RD,6145,,E15,EAST,3,E,0,No,0,25.28,929.695176801872
2571,WOODSTONE WAY,5707,,E15,EAST,3,E,0,No,0,25.28,949.803288343299
2572,WHIPPS MILL RD,6521,,E16,EAST,1,E,0.10840737268626667,Yes,0.10840737,29.24,938.959631206403
2573,N CHADWICK RD,3617,,E16,EAST,2,E,0,No,0,29.24,464.116905793183
2574,MOSER RD,7723,,E16,EAST,2,E,0,No,0,29.24,834.300316458884
2575,MOSER RD,7662,,E16,EAST,2,E,0,No,0,29.24,440.312801533002
2576,WARD AVE,7554,,E16,EAST,2,E,0,No,0,29.24,1297.60717855447
2577,WARD AVE,7547,,E16,EAST,2,E,0,No,0,29.24,290.447655598151
2578,DORSEY LN,8977,,E16,EAST,2,E,0,No,0,29.24,776.061421751518
2579,WHIPPS MILL RD,3400,,E16,EAST,2,E,0,No,0,29.24,752.017088799362
2580,WHIPPS MILL RD,3339,,E16,EAST,2,E,0,No,0,29.24,301.590112323933
2581,WHIPPS MILL RD,6535,,E16,EAST,2,E,0,No,0,29.24,581.866899293923
2582,WHIPPS MILL RD,3461,,E16,EAST,2,E,0,No,0,29.24,261.931820340566
2583,ORMSBY STATION RD,9242,,E16,EAST,2,E,0,No,0,29.24,597.097706515287
2584,WHIPPS MILL RD,3478,,E16,EAST,2,E,0,No,0,29.24,364.039688126515
2585,MOSER RD,7818,,E16,EAST,2,E,0,No,0,29.24,967.129978095628
2586,DORSEY LN,8979,,E16,EAST,2,E,0,No,0,29.24,716.860345025343
2587,ORMSBY STATION RD,9245,,E16,EAST,2,E,0,No,0,29.24,646.971345937917
2588,WHIPPS MILL RD,3545,,E16,EAST,2,E,0,No,0,29.24,562.98435396174
2589,OLD HARRODS CREEK RD,7551,,E16,EAST,2,E,0,No,0,29.24,261.164848563125
2590,DORSEY LN,35019,,E16,EAST,2,E,0,No,0,29.24,452.97490651216
2591,OLD HARRODS CREEK RD,7563,,E16,EAST,2,E,0,No,0,29.24,276.237273462507
2592,DORSEY LN,31092,,E16,EAST,2,E,0,No,0,29.24,384.180954240487
2593,N CHADWICK RD,3279,,E16,EAST,2,E,0,No,0,29.24,412.373084540137
2594,MOSER RD,4368,,E16,EAST,2,E,0,No,0,29.24,780.345886253788
2595,OLD HARRODS CREEK RD,7572,,E16,EAST,2,E,0,No,0,29.24,266.843334726158
2596,MOSER RD,7773,,E16,EAST,2,E,0,No,0,29.24,619.780113513426
2597,OLD HARRODS CREEK RD,7557,,E16,EAST,2,E,0,No,0,29.24,558.921292957408
2598,MOSER RD,4296,,E16,EAST,2,E,0,No,0,29.24,447.368039824485
2599,MOSER RD,7676,,E16,EAST,2,E,0,No,0,29.24,243.731730439802
2600,MOSER RD,7855,,E16,EAST,2,E,0,No,0,29.24,646.322484450487
2601,OLD HARRODS CREEK RD,7566,,E16,EAST,2,E,0,No,0,29.24,85.397544845417
2602,OLD HARRODS CREEK RD,7626,,E16,EAST,2,E,0,No,0,29.24,1275.77977074247
2603,DORSEY LN,8985,,E16,EAST,2,E,0,No,0,29.24,1525.22757817596
2604,DORSEY LN,8984,,E16,EAST,2,E,0,No,0,29.24,733.800293775706
2605,ORMSBY STATION RD,9243,,E16,EAST,2,E,0,No,0,29.24,484.64364867083
2606,MOSER RD,7860,,E16,EAST,2,E,0,No,0,29.24,865.628169007689
2607,MOSER RD,7862,,E16,EAST,2,E,0,No,0,29.24,483.268794240879
2608,DORSEY LN,8976,,E16,EAST,2,E,0,No,0,29.24,789.248445919657
2609,DORSEY LN,8987,,E16,EAST,2,E,0,No,0,29.24,294.615869454752
2610,MILL BROOK RD,6550,,E16,EAST,2,E,0,No,0,29.24,1432.83953306857
2611,WHIPPS MILL RD,30814,,E16,EAST,2,E,0,No,0,29.24,236.508427020186
2612,WHIPPS MILL RD,6625,,E16,EAST,2,E,0,No,0,29.24,1430.97048802043
2613,ORMSBY STATION RD,9244,,E16,EAST,2,E,0,No,0,29.24,441.510497020905
2614,WHIPPS MILL RD,30815,,E16,EAST,2,E,0,No,0,29.24,497.68704293273
2615,ORMSBY STATION RD,9248,,E16,EAST,2,E,0,No,0,29.24,870.18810664441
2616,WHIPPS MILL RD,6559,,E16,EAST,2,E,0,No,0,29.24,697.457355653614
2617,DORSEY LN,8980,,E16,EAST,2,E,0,No,0,29.24,470.629175401961
2618,WHIPPS MILL RD,3221,,E16,EAST,2,E,0,No,0,29.24,304.493431784661
2619,N CHADWICK RD,3454,,E16,EAST,2,E,0,No,0,29.24,1184.33620028557
2620,N CHADWICK RD,3573,,E16,EAST,2,E,0,No,0,29.24,1049.91554779802
2621,ORMSBY STATION RD,9241,,E16,EAST,2,E,0,No,0,29.24,636.688946919994
2622,MOSER RD,7734,,E16,EAST,2,E,0,No,0,29.24,300.474570263212
2623,UPS DR,6523,,E16,EAST,2,E,0,No,0,29.24,1238.85807795238
2624,DORSEY LN,8983,,E16,EAST,2,E,0,No,0,29.24,796.326597431056
2625,DORSEY LN,8978,,E16,EAST,2,E,0,No,0,29.24,521.589175755114
2626,DORSEY LN,33988,,E16,EAST,2,E,0,No,0,29.24,276.75017633823
2627,DORSEY LN,8981,,E16,EAST,2,E,0,No,0,29.24,263.079368682842
2628,OLD HARRODS CREEK RD,7593,,E16,EAST,2,E,0,No,0,29.24,1061.49935854423
2629,WHIPPS MILL RD,3505,,E16,EAST,2,E,0,No,0,29.24,376.018378874707
2630,OLD HARRODS CREEK RD,7550,,E16,EAST,2,E,0,No,0,29.24,413.104702903202
2631,MOSER RD,7886,,E16,EAST,2,E,0,No,0,29.24,687.362450465572
2632,WHIPPS MILL RD,3255,,E16,EAST,2,E,0,No,0,29.24,567.999828621809
2633,DORSEY LN,8975,,E16,EAST,2,E,0,No,0,29.24,443.513320948686
2634,WHIPPS MILL RD,6637,,E16,EAST,2,E,0,No,0,29.24,495.760790329412
2635,WHIPPS MILL RD,34348,,E16,EAST,2,E,0,No,0,29.24,1935.35274040611
2636,WHIPPS MILL RD,3562,,E16,EAST,2,E,0,No,0,29.24,353.731402409604
2637,DORSEY LN,8986,,E16,EAST,2,E,0,No,0,29.24,1440.44578070466
2638,MOSER RD,7843,,E16,EAST,2,E,0,No,0,29.24,613.005097858085
2639,ORMSBY STATION RD,9240,,E16,EAST,2,E,0,No,0,29.24,578.168819810842
2640,WHIPPS MILL RD,3439,,E16,EAST,2,E,0,No,0,29.24,406.595261939007
2641,WARD AVE,7545,,E16,EAST,2,E,0,No,0,29.24,339.413172535097
2642,MOSER RD,1312,,E16,EAST,2,E,0,No,0,29.24,1200.28945234097
2643,DORSEY LN,8982,,E16,EAST,2,E,0,No,0,29.24,368.029862702234
2644,OLD HARRODS CREEK RD,2637,,E16,EAST,2,E,0,No,0,29.24,875.974426182229
2645,OLD HARRODS CREEK RD,2844,,E16,EAST,2,E,0,No,0,29.24,967.461774076501
2646,OLD HARRODS CREEK RD,2872,,E16,EAST,2,E,0,No,0,29.24,229.540121651151
2647,OLD HARRODS CREEK RD,7538,,E16,EAST,2,E,0,No,0,29.24,2021.11429571173
2648,OLD HARRODS CREEK RD,7542,,E16,EAST,2,E,0,No,0,29.24,685.693865926472
2649,WARD AVE,7544,,E16,EAST,2,E,0,No,0,29.24,1181.33925908744
2650,OLD HARRODS CREEK RD,34606,,E16,EAST,2,E,0,No,0,29.24,209.46533288356
2651,OLD HARRODS CREEK RD,2715,,E16,EAST,2,E,0,No,0,29.24,412.24454329721
2652,FOXBORO DR,3165,,E16,EAST,3,E,0,No,0,29.24,622.424594891041
2653,DORSEY WAY,7498,,E16,EAST,3,E,0,No,0,29.24,400.350981191036
2654,FOXBORO DR,3132,,E16,EAST,3,E,0,No,0,29.24,371.529805160784
2655,HOBBS STATION RD,3101,,E16,EAST,3,E,0,No,0,29.24,323.02088036129
2656,DORSEY WAY,7490,,E16,EAST,3,E,0,No,0,29.24,721.653347025501
2657,FOXBORO DR,3135,,E16,EAST,3,E,0,No,0,29.24,907.28759390668
2658,DORSEY WAY,3263,,E16,EAST,3,E,0,No,0,29.24,547.966863429759
2659,FOXBORO DR,3148,,E16,EAST,3,E,0,No,0,29.24,339.564962603807
2660,LODGE HILL RD,2905,,E16,EAST,3,E,0,No,0,29.24,587.964095661
2661,HOBBS STATION RD,2639,,E16,EAST,3,E,0,No,0,29.24,324.653144956011
2662,HOBBS STATION RD,2807,,E16,EAST,3,E,0,No,0,29.24,738.786980510327
2663,HOBBS STATION RD,2984,,E16,EAST,3,E,0,No,0,29.24,718.827302432595
2664,HOBBS STATION RD,2673,,E16,EAST,3,E,0,No,0,29.24,292.086429271044
2665,LODGE HILL RD,3099,,E16,EAST,3,E,0,No,0,29.24,623.608334714857
2666,DORSEY WAY,3413,,E16,EAST,3,E,0,No,0,29.24,724.144655305468
2667,HOBBS STATION RD,3049,,E16,EAST,3,E,0,No,0,29.24,557.524674596828
2668,HOBBS STATION RD,3108,,E16,EAST,3,E,0,No,0,29.24,474.051048422799
2669,DORSEY WAY,3309,,E16,EAST,3,E,0,No,0,29.24,303.077775967571
2670,FOXBORO DR,3182,,E16,EAST,3,E,0,No,0,29.24,283.199500372712
2671,HOBBS STATION RD,3130,,E16,EAST,3,E,0,No,0,29.24,574.984744265183
2672,LODGE HILL RD,3003,,E16,EAST,3,E,0,No,0,29.24,519.619941147517
2673,HOBBS STATION RD,2585,,E16,EAST,3,E,0,No,0,29.24,866.040695436615
2674,SENTRY WAY,3188,,E16,EAST,3,E,0,No,0,29.24,381.207264973707
2675,DORSEY WAY,7510,,E16,EAST,3,E,0,No,0,29.24,863.475144764783
2676,DORSEY WAY,7516,,E16,EAST,3,E,0,No,0,29.24,519.295090122177
2677,HOBBS STATION RD,3115,,E16,EAST,3,E,0,No,0,29.24,281.766341738313
2678,HOBBS STATION RD,3114,,E16,EAST,3,E,0,No,0,29.24,480.378414825814
2679,FOXBORO DR,3170,,E16,EAST,3,E,0,No,0,29.24,327.579021053436
2680,LODGE HILL RD,2927,,E16,EAST,3,E,0,No,0,29.24,378.926365910435
2681,FOXBORO DR,3079,,E16,EAST,3,E,0,No,0,29.24,841.356378970404
2682,ORMSBY STATION CT,6526,,E16,EAST,3,E,0,No,0,29.24,880.229369308254
2683,HOBBS STATION RD,2896,,E16,EAST,3,E,0,No,0,29.24,794.543801801017
2684,SENTRY WAY,7546,,E16,EAST,3,E,0,No,0,29.24,352.256639244261
2685,HOBBS STATION RD,2716,,E16,EAST,3,E,0,No,0,29.24,361.489373722024
2686,CHRISTIAN WAY,7347,,E16,EAST,3,E,0,No,0,29.24,1218.21267186104
2687,OXMOOR WOODS PKY,7361,,E16,EAST,3,E,0,No,0,29.24,298.235697618495
2688,CHRISTIAN WAY,41210,,E16,EAST,3,E,0,No,0,29.24,380.37276819984
2689,CHRISTIAN WAY,41224,,E16,EAST,3,E,0,No,0,29.24,320.978105040866
2690,S SHELBY ST,17395,,E17,EAST,1,E,0.02785011248070536,Yes,0.02785011,22.35,241.221208542348
2691,LOGAN ST,17137,,E17,EAST,1,E,0.06432641170258002,Yes,0.06432641,22.35,557.250086136216
2692,S SHELBY ST,16568,,E17,EAST,1,E,0.16948321834038457,Yes,0.16948322,22.35,489.320654709159
2693,E WITHERSPOON ST,21339,,E17,EAST,1,E,0,No,0,22.35,1763.11871197174
2694,S SHELBY ST,17211,,E17,EAST,1,E,0.01910063466848471,Yes,0.01910063,22.35,165.438243764856
2695,S SHELBY ST,16632,,E17,EAST,1,E,0.02458035949692658,Yes,0.02458036,22.35,212.900427244475
2696,S SHELBY ST,16804,,E17,EAST,1,E,0.0259890868441661,Yes,0.02598909,22.35,225.101678414445
2697,S SHELBY ST,16833,,E17,EAST,1,E,0.01619849170854545,Yes,0.01619849,22.35,140.301572514352
2698,S SHELBY ST,17256,,E17,EAST,1,E,0.0285700369129619,Yes,0.02857004,22.35,247.456688129458
2699,LOGAN ST,16884,,E17,EAST,1,E,0.060846020745657287,Yes,0.06084602,22.35,527.01175568008
2700,FINZER ST,20370,,E17,EAST,1,E,0.02337804220539957,Yes,0.02337804,22.35,202.486654150534
2701,LOGAN ST,17010,,E17,EAST,1,E,0.06096995992217115,Yes,0.06096996,22.35,528.085294365408
2702,S SHELBY ST,17536,,E17,EAST,1,E,0.012378848807054137,Yes,0.01237885,22.35,107.218050134651
2703,S SHELBY ST,16751,,E17,EAST,1,E,0.03042352437825,Yes,0.03042352,22.35,263.510354694555
2704,S SHELBY ST,16376,,E17,EAST,1,E,0,No,0,22.35,43.0372749050169
2705,LOGAN ST,17566,,E17,EAST,1,E,0.027934711221082056,Yes,0.02793471,22.35,241.953475334748
2706,S SHELBY ST,17121,,E17,EAST,1,E,0.064335783211769346,Yes,0.06433578,22.35,557.238094454995
2707,S SHELBY ST,16667,,E17,EAST,1,E,0.01834905994944517,Yes,0.01834906,22.35,158.92854133226
2708,LOGAN ST,20386,,E17,EAST,1,E,0.04438533087465399,Yes,0.04438533,22.35,384.439225007001
2709,LOGAN ST,17438,,E17,EAST,1,E,0.04438678268332594,Yes,0.04438678,22.35,384.451798879065
2710,S SHELBY ST,16695,,E17,EAST,1,E,0.012172159537388958,Yes,0.01217216,22.35,105.427941179035
2711,S CAMPBELL ST,20369,,E17,EAST,1,E,0.05488090059300854,Yes,0.0548809,22.35,475.345521299682
2712,LOGAN ST,17282,,E17,EAST,1,E,0.042811797414180237,Yes,0.0428118,22.35,370.81033151497
2713,LOGAN ST,17356,,E17,EAST,1,E,0.042047591332249827,Yes,0.04204759,22.35,364.190733957328
2714,S SHELBY ST,17521,,E17,EAST,1,E,0.0342977115176411,Yes,0.03429771,22.35,297.066392984169
2715,LOGAN ST,17223,,E17,EAST,1,E,0.02193314370570795,Yes,0.02193314,22.35,379.943260618033
2716,LOGAN ST,17524,,E17,EAST,1,E,0.037282606893385736,Yes,0.03728261,22.35,322.919762249947
2717,S SHELBY ST,17176,,E17,EAST,1,E,0.02379272217749794,Yes,0.02379272,22.35,412.156369749704
2718,LOGAN ST,17462,,E17,EAST,1,E,0.01041302807149963,Yes,0.01041303,22.35,90.1913384924656
2719,S SHELBY ST,16363,,E17,EAST,1,E,0,No,0,22.35,197.484878380757
2720,S SHELBY ST,16997,,E17,EAST,1,E,0.06102495828047928,Yes,0.06102496,22.35,528.561608527911
2721,S SHELBY ST,16866,,E17,EAST,1,E,0.01881264715215054,Yes,0.01881265,22.35,162.94386314875
2722,LOGAN ST,20402,,E17,EAST,1,E,0.0428145997701997,Yes,0.0428146,22.35,370.834305359213
2723,LOGAN ST,17160,,E17,EAST,1,E,0.0241395201443753,Yes,0.02413952,22.35,209.197404825156
2724,S SHELBY ST,17342,,E17,EAST,1,E,0.0556542905431036,Yes,0.05565429,22.35,482.04387493911
2725,S SHELBY ST,17460,,E17,EAST,1,E,0.0074311990583949116,Yes,0.0074312,22.35,64.3643832264786
2726,S SHELBY ST,17440,,E17,EAST,1,E,0.027649618333205828,Yes,0.02764962,22.35,239.484374115124
2727,E WITHERSPOON ST,20099,,E17,EAST,1,E,0,No,0,22.35,549.564660546473
2728,E WITHERSPOON ST,20103,,E17,EAST,1,E,0,No,0,22.35,592.942597578577
2729,E WITHERSPOON ST,15257,,E17,EAST,1,E,0,No,0,22.35,507.227840154383
2730,S SHELBY ST,16404,,E17,EAST,1,E,0,No,0,22.35,153.977474001881
2731,S SHELBY ST,16473,,E17,EAST,1,E,0.03955894529848925,Yes,0.03955895,22.35,342.635838622777
2732,E GRAY ST,16417,,E17,EAST,1,E,0.067559992383356485,Yes,0.06755999,22.35,585.164062990764
2733,S CAMPBELL ST,20353,,E17,EAST,1,E,0.07205440383561906,Yes,0.0720544,22.35,416.061157582696
2734,S SHELBY ST,16418,,E17,EAST,1,E,0.0096880182910119555,Yes,0.00968802,22.35,83.9118073113075
2735,PAYNE ST,16047,,E17,EAST,2,E,0,No,0,22.35,634.169732800297
2736,S SHELBY ST,15834,,E17,EAST,2,E,0,No,0,22.35,254.332550060841
2737,S SHELBY ST,16036,,E17,EAST,2,E,0,No,0,22.35,240.600281053267
2738,PAYNE ST,15869,,E17,EAST,2,E,0,No,0,22.35,551.000797555004
2739,ADAMS ST,15243,,E17,EAST,2,E,0,No,0,22.35,46.7846896865043
2740,PAYNE ST,15870,,E17,EAST,2,E,0,No,0,22.35,590.585301212122
2741,S EWING AVE,20823,,E17,EAST,2,E,0,No,0,22.35,452.477148397282
2742,N SHELBY ST,15610,,E17,EAST,2,E,0,No,0,22.35,280.128458256208
2743,PAYNE ST,15866,,E17,EAST,2,E,0,No,0,22.35,474.125696183248
2744,N SHELBY ST,15531,,E17,EAST,2,E,0,No,0,22.35,183.541872002344
2745,N SHELBY ST,38277,,E17,EAST,2,E,0,No,0,22.35,187.071310413222
2746,PAYNE ST,20828,,E17,EAST,2,E,0,No,0,22.35,23.8098751834192
2747,S SHELBY ST,15961,,E17,EAST,2,E,0,No,0,22.35,254.18913541704
2748,PAYNE ST,15862,,E17,EAST,2,E,0,No,0,22.35,173.250101461009
2749,S SHELBY ST,16095,,E17,EAST,2,E,0,No,0,22.35,248.4603815832
2750,S SHELBY ST,15772,,E17,EAST,2,E,0,No,0,22.35,255.375374754987
2751,ADAMS ST,15231,,E17,EAST,2,E,0,No,0,22.35,162.324379599204
2752,S SHELBY ST,15695,,E17,EAST,2,E,0,No,0,22.35,255.405047485851
2753,PAYNE ST,20827,,E17,EAST,2,E,0,No,0,22.35,593.060260560637
2754,PAYNE ST,20834,,E17,EAST,2,E,0,No,0,22.35,401.634706076305
2755,S SHELBY ST,16153,,E17,EAST,2,E,0,No,0,22.35,248.915342348056
2756,S SHELBY ST,16232,,E17,EAST,2,E,0,No,0,22.35,407.935056655787
2757,PAYNE ST,20822,,E17,EAST,2,E,0,No,0,22.35,1272.95646238958
2758,PAYNE ST,20836,,E17,EAST,2,E,0,No,0,22.35,226.374264727929
2759,PAYNE ST,20826,,E17,EAST,2,E,0,No,0,22.35,204.676425261466
2760,PAYNE ST,20824,,E17,EAST,2,E,0,No,0,22.35,223.070025152295
2761,PAYNE ST,15931,,E17,EAST,2,E,0,No,0,22.35,535.105710566599
2762,ADAMS ST,15293,,E17,EAST,2,E,0,No,0,22.35,190.738751367567
2763,PAYNE ST,20831,,E17,EAST,2,E,0,No,0,22.35,218.906884021353
2764,PAYNE ST,15868,,E17,EAST,2,E,0,No,0,22.35,153.966659261226
2765,ADAMS ST,20098,,E17,EAST,2,E,0,No,0,22.35,1424.61309894141
2766,ADAMS ST,20101,,E17,EAST,2,E,0,No,0,22.35,118.410293572332
2767,ADAMS ST,15189,,E17,EAST,2,E,0,No,0,22.35,1856.20106499511
2768,N SHELBY ST,15424,,E17,EAST,2,E,0,No,0,22.35,408.477689585444
2769,N SHELBY ST,34809,,E17,EAST,2,E,0,No,0,22.35,560.933196653955
2770,ADAMS ST,15336,,E17,EAST,2,E,0,No,0,22.35,192.817660285065
2771,N SPRING ST,15536,,E17,EAST,2,E,0,No,0,22.35,1030.17756792362
2772,S SHELBY ST,15892,,E17,EAST,2,E,0,No,0,22.35,254.512492225071
2773,S CLAY ST,17103,,E17,EAST,3,E,0,No,0,22.35,279.1090354478
2774,S CLAY ST,17035,,E17,EAST,3,E,0,No,0,22.35,278.895813100589
2775,S CAMPBELL ST,15853,,E17,EAST,3,E,0,No,0,22.35,255.546302510513
2776,PAYNE ST,16310,,E17,EAST,3,E,0,No,0,22.35,561.965446151284
2777,N SPRING ST,15661,,E17,EAST,3,E,0,No,0,22.35,498.427043012752
2778,S CLAY ST,17378,,E17,EAST,3,E,0,No,0,22.35,312.011232833151
2779,S CLAY ST,17505,,E17,EAST,3,E,0,No,0,22.35,295.736298340684
2780,S CLAY ST,15876,,E17,EAST,3,E,0,No,0,22.35,257.7625
2781,S WENZEL ST,16223,,E17,EAST,3,E,0,No,0,22.35,194.291194281044
2782,S CLAY ST,16608,,E17,EAST,3,E,0,No,0,22.35,244.107066436019
2783,S CLAY ST,16976,,E17,EAST,3,E,0,No,0,22.35,348.389963125016
2784,S HANCOCK ST,17084,,E17,EAST,3,E,0,No,0,22.35,182.268301268275
2785,S SHELBY ST,33538,,E17,EAST,3,E,0,No,0,22.35,410.071441172223
2786,S CLAY ST,16796,,E17,EAST,3,E,0,No,0,22.35,61.4691233466039
2787,S WENZEL ST,16188,,E17,EAST,3,E,0,No,0,22.35,250.053439600918
2788,N CAMPBELL ST,15642,,E17,EAST,3,E,0,No,0,22.35,278.535518661894
2789,S CLAY ST,16012,,E17,EAST,3,E,0,No,0,22.35,239.887017677072
2790,S CLAY ST,16075,,E17,EAST,3,E,0,No,0,22.35,247.242993138835
2791,S CLAY ST,16849,,E17,EAST,3,E,0,No,0,22.35,161.389716602391
2792,S CAMPBELL ST,16113,,E17,EAST,3,E,0,No,0,22.35,247.350297531785
2793,S HANCOCK ST,17293,,E17,EAST,3,E,0,No,0,22.35,416.828661495573
2794,S CAMPBELL ST,15724,,E17,EAST,3,E,0,No,0,22.35,257.482704174455
2795,S CLAY ST,16121,,E17,EAST,3,E,0,No,0,22.35,250.15319872712
2796,S WENZEL ST,16266,,E17,EAST,3,E,0,No,0,22.35,200.474751153473
2797,N WENZEL ST,38279,,E17,EAST,3,E,0,No,0,22.35,181.568651724527
2798,N WENZEL ST,15588,,E17,EAST,3,E,0,No,0,22.35,190.5725345218
2799,N CAMPBELL ST,38278,,E17,EAST,3,E,0,No,0,22.35,188.682807166717
2800,N CAMPBELL ST,15558,,E17,EAST,3,E,0,No,0,22.35,184.187965731512
2801,S CAMPBELL ST,15790,,E17,EAST,3,E,0,No,0,22.35,253.233690542712
2802,S CLAY ST,16351,,E17,EAST,3,E,0,No,0,22.35,241.647502832121
2803,S CLAY ST,17236,,E17,EAST,3,E,0,No,0,22.35,407.590753889548
2804,S HANCOCK ST,16999,,E17,EAST,3,E,0,No,0,22.35,178.632697529211
2805,S SPRING ST,15932,,E17,EAST,3,E,0,No,0,22.35,409.046429976552
2806,S HANCOCK ST,16829,,E17,EAST,3,E,0,No,0,22.35,528.591085795989
2807,S HANCOCK ST,17038,,E17,EAST,3,E,0,No,0,22.35,197.350960790669
2808,S CLAY ST,16555,,E17,EAST,3,E,0,No,0,22.35,56.4942267515009
2809,S CLAY ST,16812,,E17,EAST,3,E,0,No,0,22.35,81.3220834091208
2810,S CLAY ST,17439,,E17,EAST,3,E,0,No,0,22.35,302.450253887416
2811,S CLAY ST,16780,,E17,EAST,3,E,0,No,0,22.35,91.2108863088721
2812,N CAMPBELL ST,15456,,E17,EAST,3,E,0,No,0,22.35,366.649565634937
2813,N WENZEL ST,15478,,E17,EAST,3,E,0,No,0,22.35,359.120677937589
2814,S HANCOCK ST,16950,,E17,EAST,3,E,0,No,0,22.35,351.591609905939
2815,S CLAY ST,16734,,E17,EAST,3,E,0,No,0,22.35,264.356241946828
2816,S CLAY ST,17564,,E17,EAST,3,E,0,No,0,22.35,344.918021283681
2817,S CLAY ST,17167,,E17,EAST,3,E,0,No,0,22.35,415.051200777019
2818,S CLAY ST,16296,,E17,EAST,3,E,0,No,0,22.35,402.215043734381
2819,S CLAY ST,16209,,E17,EAST,3,E,0,No,0,22.35,402.795212562287
2820,S CLAY ST,16402,,E17,EAST,3,E,0,No,0,22.35,237.537721136687
2821,S CLAY ST,16761,,E17,EAST,3,E,0,No,0,22.35,133.382966022652
2822,S CLAY ST,16674,,E17,EAST,3,E,0,No,0,22.35,263.985565715722
2823,S SPRING ST,16046,,E17,EAST,3,E,0,No,0,22.35,406.129877673464
2824,N CAMPBELL ST,20106,,E17,EAST,3,E,0,No,0,22.35,194.969398119615
2825,S HANCOCK ST,16868,,E17,EAST,3,E,0,No,0,22.35,177.124746383022
2826,S CLAY ST,16895,,E17,EAST,3,E,0,No,0,22.35,179.504352314923
2827,S CAMPBELL ST,16062,,E17,EAST,3,E,0,No,0,22.35,240.28509239352
2828,S HANCOCK ST,17227,,E17,EAST,3,E,0,No,0,22.35,823.208646514888
2829,GEIGER ST,20108,,E17,EAST,3,E,0,No,0,22.35,579.293376284468
2830,S WENZEL ST,16079,,E17,EAST,3,E,0,No,0,22.35,239.056595155064
2831,S SPRING ST,16069,,E17,EAST,3,E,0,No,0,22.35,96.4538266943673
2832,S WENZEL ST,16128,,E17,EAST,3,E,0,No,0,22.35,248.300001258558
2833,S CLAY ST,16461,,E17,EAST,3,E,0,No,0,22.35,365.15145838566
2834,PAYNE ST,16353,,E17,EAST,3,E,0,No,0,22.35,345.056506267602
2835,S CLAY ST,17308,,E17,EAST,3,E,0,No,0,22.35,414.40343039724
2836,N SPRING ST,15850,,E17,EAST,3,E,0,No,0,22.35,818.2951104852
2837,S CLAY ST,16542,,E17,EAST,3,E,0,No,0,22.35,380.548323369518
2838,N CAMPBELL ST,34810,,E17,EAST,3,E,0,No,0,22.35,937.566671900979
2839,S CLAY ST,15746,,E17,EAST,3,E,0,No,0,22.35,252.249593855371
2840,N CLAY ST,15592,,E17,EAST,3,E,0,No,0,22.35,281.024804357307
2841,S CLAY ST,15803,,E17,EAST,3,E,0,No,0,22.35,255.387677796546
2842,S CLAY ST,15664,,E17,EAST,3,E,0,No,0,22.35,254.137978655911
2843,N CLAY ST,15390,,E17,EAST,3,E,0,No,0,22.35,522.952739996661
2844,N CLAY ST,38276,,E17,EAST,3,E,0,No,0,22.35,185.0176860845
2845,N CLAY ST,15509,,E17,EAST,3,E,0,No,0,22.35,183.977944351524
2846,PAYNE ST,16391,,E17,EAST,3,E,0,No,0,22.35,219.800353685485
2847,S CAMPBELL ST,16179,,E17,EAST,3,E,0,No,0,22.35,248.823109871782
2848,S CAMPBELL ST,16335,,E17,EAST,3,E,0,No,0,22.35,402.679644559292
2849,S CAMPBELL ST,16207,,E17,EAST,3,E,0,No,0,22.35,197.498726952395
2850,S CAMPBELL ST,16250,,E17,EAST,3,E,0,No,0,22.35,205.095727113156
2851,PAYNE ST,16246,,E17,EAST,3,E,0,No,0,22.35,1136.83328345741
2852,PAYNE ST,16119,,E17,EAST,3,E,0,No,0,22.35,594.679236674066
2853,S CAMPBELL ST,15906,,E17,EAST,3,E,0,No,0,22.35,255.001936456756
2854,S CLAY ST,15928,,E17,EAST,3,E,0,No,0,22.35,252.379570132593
2855,S CAMPBELL ST,15998,,E17,EAST,3,E,0,No,0,22.35,254.560167556218
2856,N WENZEL ST,15668,,E17,EAST,3,E,0,No,0,22.35,282.70926983387
2857,S WENZEL ST,15880,,E17,EAST,3,E,0,No,0,22.35,256.477384324438
2858,S WENZEL ST,15936,,E17,EAST,3,E,0,No,0,22.35,255.104451646772
2859,S WENZEL ST,16023,,E17,EAST,3,E,0,No,0,22.35,255.617664931436
2860,S WENZEL ST,15811,,E17,EAST,3,E,0,No,0,22.35,510.018239759397
2861,MELLWOOD AVE,15084,,E18,EAST,,E,0,No,0,18.44,534.939377938734
2862,MELLWOOD AVE,14864,,E18,EAST,,E,0,No,0,18.44,695.57936732626
2863,MELLWOOD AVE,14557,,E18,EAST,,E,0,No,0,18.44,1090.20281304618
2864,MELLWOOD AVE,14393,,E18,EAST,,E,0,No,0,18.44,138.016205768755
2865,MELLWOOD AVE,14465,,E18,EAST,,E,0,No,0,18.44,1001.91213508596
2866,MELLWOOD AVE,14745,,E18,EAST,,E,0,No,0,18.44,1227.61685758191
2867,MELLWOOD AVE,14584,,E18,EAST,,E,0,No,0,18.44,170.028700408196
2868,MELLWOOD AVE,14980,,E18,EAST,,E,0,No,0,18.44,698.533831482839
2869,MELLWOOD AVE,14379,,E18,EAST,,E,0,No,0,18.44,2236.80439133031
2870,WILLIAM ST,15360,,E18,EAST,,E,0,No,0,18.44,556.290033354123
2871,DRESCHER BRIDGE AVE,15143,,E18,EAST,,E,0,No,0,18.44,726.132403556059
2872,STATE ST,15581,,E18,EAST,,E,0,No,0,18.44,488.614737956883
2873,JARVIS LN,14502,,E18,EAST,,E,0,No,0,18.44,410.532963657289
2874,MOUNT HOLLY AVE,20142,,E18,EAST,,E,0,No,0,18.44,527.508091537222
2875,RIVERWOOD DR,14375,,E18,EAST,,E,0,No,0,18.44,676.287594982408
2876,CALVIN AVE,15499,,E18,EAST,,E,0,No,0,18.44,216.666381615896
2877,N HITE AVE,20736,,E18,EAST,,E,0,No,0,18.44,565.178316828896
2878,KENILWORTH RD,20136,,E18,EAST,,E,0,No,0,18.44,234.253082269431
2879,CORAL AVE,15367,,E18,EAST,,E,0,No,0,18.44,478.426509796538
2880,N EWING AVE,20793,,E18,EAST,,E,0,No,0,18.44,391.021223148604
2881,N BELLAIRE AVE,15393,,E18,EAST,,E,0,No,0,18.44,475.286533460862
2882,IDLEWYLDE DR,15310,,E18,EAST,,E,0,No,0,18.44,237.625929324195
2883,N BELLAIRE AVE,15635,,E18,EAST,,E,0,No,0,18.44,911.19416462169
2884,N HITE AVE,15082,,E18,EAST,,E,0,No,0,18.44,169.868374723221
2885,MOUNT HOLLY AVE,15238,,E18,EAST,,E,0,No,0,18.44,106.942094591993
2886,N BELLAIRE AVE,15276,,E18,EAST,,E,0,No,0,18.44,411.844768500297
2887,N HITE AVE,15164,,E18,EAST,,E,0,No,0,18.44,485.792292738062
2888,JARVIS LN,14540,,E18,EAST,,E,0,No,0,18.44,193.550882837226
2889,CALVIN AVE,20742,,E18,EAST,,E,0,No,0,18.44,444.44099994981
2890,LINDSAY AVE,20139,,E18,EAST,,E,0,No,0,18.44,968.939159796062
2891,UNIVERSITY AVE,15142,,E18,EAST,,E,0,No,0,18.44,499.087683320779
2892,WINIFREDE LN,20122,,E18,EAST,,E,0,No,0,18.44,359.736481844022
2893,POPE ST,15537,,E18,EAST,,E,0,No,0,18.44,490.187446671692
2894,POPE ST,15399,,E18,EAST,,E,0,No,0,18.44,552.994250083127
2895,CLEVELAND BLVD,14708,,E18,EAST,,E,0,No,0,18.44,1203.8143056023
2896,FIELD AVE,20735,,E18,EAST,,E,0,No,0,18.44,224.95796439318
2897,HALDEMAN AVE,15268,,E18,EAST,,E,0,No,0,18.44,1593.0047601267
2898,RIDGEDALE RD,15321,,E18,EAST,,E,0,No,0,18.44,492.457680814224
2899,N HITE AVE,15053,,E18,EAST,,E,0,No,0,18.44,435.948368601668
2900,EDITH RD,14877,,E18,EAST,,E,0,No,0,18.44,295.616431181185
2901,IDLEWYLDE DR,15343,,E18,EAST,,E,0,No,0,18.44,96.2750786055
2902,WINIFREDE LN,14586,,E18,EAST,,E,0,No,0,18.44,812.417404558029
2903,CLEVELAND BLVD,14870,,E18,EAST,,E,0,No,0,18.44,710.737654588937
2904,LINDSAY AVE,33391,,E18,EAST,,E,0,No,0,18.44,185.291032909416
2905,KENILWORTH RD,20127,,E18,EAST,,E,0,No,0,18.44,364.31158570668
2906,WINIFREDE LN,14655,,E18,EAST,,E,0,No,0,18.44,330.829356329038
2907,JARVIS LN,14522,,E18,EAST,,E,0,No,0,18.44,230.841087305129
2908,N HITE AVE,15322,,E18,EAST,,E,0,No,0,18.44,496.843046374497
2909,LINDSAY AVE,15136,,E18,EAST,,E,0,No,0,18.44,862.377269991197
2910,N EWING AVE,20800,,E18,EAST,,E,0,No,0,18.44,120.246563988631
2911,IDLEWYLDE DR,15252,,E18,EAST,,E,0,No,0,18.44,709.222726896785
2912,CLEVELAND BLVD,14780,,E18,EAST,,E,0,No,0,18.44,641.899685348437
2913,EDITH RD,14858,,E18,EAST,,E,0,No,0,18.44,1072.10972527864
2914,KENILWORTH RD,15139,,E18,EAST,,E,0,No,0,18.44,929.268252961102
2915,EDITH RD,20137,,E18,EAST,,E,0,No,0,18.44,286.375174728584
2916,N HITE AVE,15214,,E18,EAST,,E,0,No,0,18.44,231.221401919271
2917,DRESCHER BRIDGE AVE,14979,,E18,EAST,,E,0,No,0,18.44,173.850871892
2918,RIDGEDALE RD,15114,,E18,EAST,,E,0,No,0,18.44,330.430334640838
2919,EMILY RD,20132,,E18,EAST,,E,0,No,0,18.44,1293.19983571424
2920,RIVERWOOD DR,14320,,E18,EAST,,E,0,No,0,18.44,298.303138291267
2921,CORAL AVE,15246,,E18,EAST,,E,0,No,0,18.44,498.488643580044
2922,THOMPSON AVE,14909,,E18,EAST,,E,0,No,0,18.44,361.160035445024
2923,KENILWORTH RD,20131,,E18,EAST,,E,0,No,0,18.44,279.006654349892
2924,DRESCHER BRIDGE AVE,14940,,E18,EAST,,E,0,No,0,18.44,236.211883357003
2925,WILLIAM ST,15211,,E18,EAST,,E,0,No,0,18.44,590.572077655429
2926,DRESCHER BRIDGE AVE,14987,,E18,EAST,,E,0,No,0,18.44,53.6920942882888
2927,IDLEWYLDE DR,15491,,E18,EAST,,E,0,No,0,18.44,479.49623661741
2928,EMERALD AVE,15394,,E18,EAST,,E,0,No,0,18.44,236.680824107066
2929,KENILWORTH RD,20123,,E18,EAST,,E,0,No,0,18.44,53.355102689754
2930,MOUNT HOLLY AVE,15210,,E18,EAST,,E,0,No,0,18.44,148.811127291128
2931,RIDGEDALE RD,15193,,E18,EAST,,E,0,No,0,18.44,424.224581838159
2932,MOUNT HOLLY AVE,15176,,E18,EAST,,E,0,No,0,18.44,432.055727424502
2933,N HITE AVE,20138,,E18,EAST,,E,0,No,0,18.44,455.38047184265
2934,N BIRCHWOOD AVE,15155,,E18,EAST,,E,0,No,0,18.44,558.649988535667
2935,KENILWORTH RD,20140,,E18,EAST,,E,0,No,0,18.44,468.960979178267
2936,N EWING AVE,15500,,E18,EAST,,E,0,No,0,18.44,821.104360059132
2937,STEVENSON AVE,15557,,E18,EAST,,E,0,No,0,18.44,837.884903651483
2938,N EWING AVE,20755,,E18,EAST,,E,0,No,0,18.44,425.221542421093
2939,CLEVELAND BLVD,14969,,E18,EAST,,E,0,No,0,18.44,718.078343841058
2940,LINDSAY AVE,20141,,E18,EAST,,E,0,No,0,18.44,138.794115133353
2941,THOMPSON AVE,14976,,E18,EAST,,E,0,No,0,18.44,524.729681079935
2942,STATE ST,15196,,E18,EAST,,E,0,No,0,18.44,1310.8605523907
2943,RIVERWOOD DR,14343,,E18,EAST,,E,0,No,0,18.44,269.711832056212
2944,POPE ST,15259,,E18,EAST,,E,0,No,0,18.44,670.478554025267
2945,THOMPSON AVE,14842,,E18,EAST,,E,0,No,0,18.44,472.575436552528
2946,WINIFREDE LN,14607,,E18,EAST,,E,0,No,0,18.44,638.450290195685
2947,EDITH RD,14652,,E18,EAST,,E,0,No,0,18.44,383.540369279387
2948,BARBOUR LN,1671,,E19,EAST,2,E,0,No,0,18.72,1754.65947198902
2949,GOOSE CREEK RD,6706,,E19,EAST,2,E,0,No,0,18.72,578.275923379151
2950,LA GRANGE RD,9058,,E19,EAST,2,E,0,No,0,18.72,596.24846497527
2951,LA GRANGE RD,9077,,E19,EAST,2,E,0,No,0,18.72,480.100006872986
2952,WHIPPS MILL RD,2367,,E19,EAST,2,E,0,No,0,18.72,1002.06155024757
2953,BARBOUR LN,37374,,E19,EAST,2,E,0,No,0,18.72,1638.35893631454
2954,LA GRANGE RD,9070,,E19,EAST,2,E,0,No,0,18.72,1260.89298111021
2955,LA GRANGE RD,9071,,E19,EAST,2,E,0,No,0,18.72,313.876673880443
2956,WHIPPS MILL RD,6510,,E19,EAST,2,E,0,No,0,18.72,519.830676727537
2957,LA GRANGE RD,9075,,E19,EAST,2,E,0,No,0,18.72,1401.37865349977
2958,WHIPPS MILL RD,6495,,E19,EAST,2,E,0,No,0,18.72,565.256142391743
2959,BARBOUR LN,6249,,E19,EAST,2,E,0,No,0,18.72,798.475663300276
2960,GOOSE CREEK RD,6686,,E19,EAST,2,E,0,No,0,18.72,287.439380011247
2961,GOOSE CREEK RD,6675,,E19,EAST,2,E,0,No,0,18.72,544.026158848715
2962,WOLF PEN BRANCH RD,8392,,E19,EAST,2,E,0,No,0,18.72,853.696516001381
2963,GOOSE CREEK RD,6693,,E19,EAST,2,E,0,No,0,18.72,352.44601118238
2964,LA GRANGE RD,9072,,E19,EAST,2,E,0,No,0,18.72,345.460083571141
2965,LA GRANGE RD,9076,,E19,EAST,2,E,0,No,0,18.72,407.406795421405
2966,BARBOUR LN,1607,,E19,EAST,2,E,0,No,0,18.72,834.296392317768
2967,BARBOUR LN,6233,,E19,EAST,2,E,0,No,0,18.72,1149.9485750595
2968,ORMSBY LN,6379,,E19,EAST,2,E,0,No,0,18.72,851.815708341049
2969,LA GRANGE RD,9061,,E19,EAST,2,E,0,No,0,18.72,567.336979666693
2970,GOOSE CREEK RD,6710,,E19,EAST,2,E,0,No,0,18.72,814.320653796028
2971,GOOSE CREEK RD,6974,,E19,EAST,2,E,0,No,0,18.72,1746.11001941034
2972,LA GRANGE RD,9060,,E19,EAST,2,E,0,No,0,18.72,716.339363426894
2973,ORMSBY LN,6440,,E19,EAST,2,E,0,No,0,18.72,772.791329233263
2974,BARBOUR LN,9127,,E19,EAST,2,E,0,No,0,18.72,785.843840339128
2975,LA GRANGE RD,9078,,E19,EAST,2,E,0,No,0,18.72,521.651260666906
2976,LA GRANGE RD,9081,,E19,EAST,2,E,0,No,0,18.72,313.661466592567
2977,BARBOUR LN,33227,,E19,EAST,2,E,0,No,0,18.72,736.395222614339
2978,LA GRANGE RD,9059,,E19,EAST,2,E,0,No,0,18.72,440.205445287969
2979,GOOSE CREEK RD,6660,,E19,EAST,2,E,0,No,0,18.72,373.212117685746
2980,LA GRANGE RD,9073,,E19,EAST,2,E,0,No,0,18.72,340.286481058105
2981,ORMSBY LN,6404,,E19,EAST,2,E,0,No,0,18.72,486.073464748707
2982,LA GRANGE RD,9074,,E19,EAST,2,E,0,No,0,18.72,314.469407709072
2983,BARBOUR LN,1677,,E19,EAST,2,E,0,No,0,18.72,236.195496948945
2984,ORMSBY LN,2743,,E19,EAST,2,E,0,No,0,18.72,935.648573534857
2985,ORMSBY LN,8245,,E19,EAST,2,E,0,No,0,18.72,482.591564538858
2986,ORMSBY LN,8244,,E19,EAST,2,E,0,No,0,18.72,1037.63483811354
2987,GOOSE CREEK RD,6653,,E19,EAST,2,E,0,No,0,18.72,903.978033087045
2988,LA GRANGE RD,9080,,E19,EAST,2,E,0,No,0,18.72,344.58009628009
2989,LA GRANGE RD,9079,,E19,EAST,2,E,0,No,0,18.72,479.532210205946
2990,WOLF PEN BRANCH RD,9130,,E19,EAST,2,E,0,No,0,18.72,1022.7112097819
2991,GOOSE CREEK RD,6773,,E19,EAST,2,E,0,No,0,18.72,884.737404130631
2992,GOOSE CREEK RD,6981,,E19,EAST,2,E,0,No,0,18.72,639.669749022152
2993,BARBOUR LN,33529,,E19,EAST,2,E,0,No,0,18.72,2450.37011471311
2994,FALLS CREEK RD,5727,,E19,EAST,3,E,0,No,0,18.72,565.213085539316
2995,WHIPPS MILL RD,6497,,E19,EAST,3,E,0,No,0,18.72,413.443325217365
2996,TRAIL RIDGE RD,1634,,E19,EAST,3,E,0,No,0,18.72,217.533544896439
2997,TRAIL RIDGE RD,1635,,E19,EAST,3,E,0,No,0,18.72,776.814470162095
2998,CREEKTON DR,1651,,E19,EAST,3,E,0,No,0,18.72,1117.6675168072
2999,ELMCROFT CIR,5868,,E19,EAST,3,E,0,No,0,18.72,644.976346397212
3000,TRAIL RIDGE RD,1628,,E19,EAST,3,E,0,No,0,18.72,274.043538693445
3001,BLOSSOM LN,6771,,E19,EAST,3,E,0,No,0,18.72,413.70710372423
3002,FALLS CREEK RD,5721,,E19,EAST,3,E,0,No,0,18.72,125.308578977949
3003,WHIPPS MILL RD,6512,,E19,EAST,3,E,0,No,0,18.72,1294.54604032305
3004,NIGHTINGALE BLUFF LN,34014,,E19,EAST,3,E,0,No,0,18.72,329.931566627057
3005,HOUNZ LN,2368,,E19,EAST,3,E,0,No,0,18.72,1335.58651462429
3006,CREEKTON DR,33235,,E19,EAST,3,E,0,No,0,18.72,287.743961809599
3007,FALLS CREEK RD,5719,,E19,EAST,3,E,0,No,0,18.72,161.110414462451
3008,FALLS CREEK RD,1611,,E19,EAST,3,E,0,No,0,18.72,555.387526710794
3009,TRAIL RIDGE RD,1636,,E19,EAST,3,E,0,No,0,18.72,445.984122193575
3010,CREEKTON DR,33535,,E19,EAST,3,E,0,No,0,18.72,939.51489116078
3011,TRAIL RIDGE RD,1612,,E19,EAST,3,E,0,No,0,18.72,1031.74054122357
3012,BLOSSOM LN,6747,,E19,EAST,3,E,0,No,0,18.72,162.502704673909
3013,NIGHTINGALE BLUFF LN,34012,,E19,EAST,3,E,0,No,0,18.72,403.377493104973
3014,HOUNZ LN,6800,,E19,EAST,3,E,0,No,0,18.72,2122.8081149829
3015,HOUNZ LN,6782,,E19,EAST,3,E,0,No,0,18.72,1004.55653738012
3016,LANGDON DR,6763,,E19,EAST,3,E,0,No,0,18.72,918.202790697766
3017,OLD WESTPORT RD,6326,,E19,EAST,3,E,0,No,0,18.72,588.183369871267
3018,OLD WESTPORT RD,36245,,E19,EAST,3,E,0,No,0,18.72,2079.31032137033
3019,ELMCROFT CIR,5867,,E19,EAST,3,E,0,No,0,18.72,121.56237015873
3020,BLOSSOM LN,6980,,E19,EAST,3,E,0,No,0,18.72,1665.08683931854
3021,BLOSSOM LN,6769,,E19,EAST,3,E,0,No,0,18.72,609.075459127979
3022,LA GRANGE RD,1232,,E20,EAST,1,E,0.14721232334721326,Yes,0.14721232,31.21,1275.06492991162
3023,OLD HENRY RD,885,,E20,EAST,1,E,0.26984068269633865,Yes,0.26984068,31.21,1168.59918172625
3024,LA GRANGE RD,1221,,E20,EAST,1,E,0.109127975257626,Yes,0.10912798,31.21,472.600770360511
3025,LA GRANGE RD,30783,,E20,EAST,1,E,0.265307471337812,Yes,0.26530747,31.21,1148.96712802382
3026,LA GRANGE RD,1233,,E20,EAST,1,E,0.19079932469010655,Yes,0.19079932,31.21,826.294747317136
3027,LA GRANGE RD,32016,,E20,EAST,1,E,0.07648293996507814,Yes,0.07648294,31.21,662.449087001004
3028,LA GRANGE RD,1230,,E20,EAST,1,E,0.1295058747793376,Yes,0.12950587,31.21,560.850914234656
3029,LA GRANGE RD,1218,,E20,EAST,1,E,0.2941130182296541,Yes,0.29411302,31.21,2547.43076111471
3030,LA GRANGE RD,1234,,E20,EAST,1,E,0.22762211173707966,Yes,0.22762211,31.21,1314.35062067651
3031,LA GRANGE RD,1222,,E20,EAST,1,E,0.330651160680012,Yes,0.33065116,31.21,954.63397363287
3032,LA GRANGE RD,32017,,E20,EAST,1,E,0.054075410710948117,Yes,0.05407541,31.21,468.368768305725
3033,LA GRANGE RD,30784,,E20,EAST,1,E,0.07379099387792423,Yes,0.07379099,31.21,426.088935488638
3034,LA GRANGE RD,1229,,E20,EAST,1,E,0.117674127006966,Yes,0.11767413,31.21,509.611431371281
3035,LA GRANGE RD,1219,,E20,EAST,1,E,0.036715689251438387,Yes,0.03671569,31.21,318.009317129624
3036,LA GRANGE RD,1228,,E20,EAST,1,E,0.06230532906324667,Yes,0.06230533,31.21,269.825567386576
3037,OLD HENRY RD,32595,,E20,EAST,1,E,0.053983237958260946,Yes,0.05398324,31.21,467.570421025718
3038,OLD HENRY RD,899,,E20,EAST,1,E,0.39240713933612,Yes,0.39240714,31.21,1132.93151426293
3039,OLD HENRY RD,887,,E20,EAST,1,E,0.121092660278132,Yes,0.12109266,31.21,1048.83194160218
3040,OLD HENRY RD,897,,E20,EAST,1,E,0.10798555200521975,Yes,0.10798555,31.21,935.887153241345
3041,OLD HENRY RD,896,,E20,EAST,1,E,0.03978066362630435,Yes,0.03978066,31.21,344.556020386456
3042,OLD HENRY RD,34013,,E20,EAST,1,E,0.15440692106916376,Yes,0.15440692,31.21,668.690224371016
3043,OLD HENRY RD,890,,E20,EAST,1,E,0.1811577232285501,Yes,0.18115772,31.21,784.540149367302
3044,OLD HENRY RD,32593,,E20,EAST,1,E,0.12001002695385256,Yes,0.12001003,31.21,1039.63641703585
3045,LA GRANGE RD,1217,,E20,EAST,1,E,0.04484399400614305,Yes,0.04484399,31.21,388.411565014384
3046,OLD HENRY RD,884,,E20,EAST,1,E,0.23699923904097647,Yes,0.23699924,31.21,1026.37249970543
3047,N ENGLISH STATION RD,34881,,E20,EAST,1,E,0,No,0,31.21,549.754688358816
3048,N ENGLISH STATION RD,241,,E20,EAST,1,E,0,No,0,31.21,293.420668483591
3049,N ENGLISH STATION RD,32800,,E20,EAST,1,E,0,No,0,31.21,352.146151134468
3050,N ENGLISH STATION RD,234,,E20,EAST,1,E,0,No,0,31.21,490.523422616605
3051,N ENGLISH STATION RD,30459,,E20,EAST,1,E,0,No,0,31.21,726.432232662738
3052,N ENGLISH STATION RD,30460,,E20,EAST,1,E,0,No,0,31.21,158.485222147049
3053,N ENGLISH STATION RD,663,,E20,EAST,1,E,0,No,0,31.21,524.49732569101
3054,N ENGLISH STATION RD,264,,E20,EAST,1,E,0,No,0,31.21,994.381686575531
3055,N ENGLISH STATION RD,877,,E20,EAST,1,E,0,No,0,31.21,2423.05957471357
3056,OLD HENRY RD,895,,E20,EAST,1,E,0.01467134041639304,Yes,0.01467134,31.21,127.074382376345
3057,OLD HENRY RD,36311,,E20,EAST,1,E,0,No,0,31.21,128.471491663764
3058,BUSH FARM RD,33984,,E20,EAST,2,E,0,No,0,31.21,1016.85337391431
3059,AIKEN RD,32729,,E20,EAST,2,E,0,No,0,31.21,62.9555352138515
3060,NELSON MILLER PKY,1103,,E20,EAST,2,E,0,No,0,31.21,584.368151555346
3061,NELSON MILLER PKY,2,,E20,EAST,2,E,0,No,0,31.21,1030.93176219685
3062,AIKEN RD,31688,,E20,EAST,2,E,0,No,0,31.21,127.759084957049
3063,AIKEN RD,32912,,E20,EAST,2,E,0,No,0,31.21,1284.3118966899
3064,NELSON MILLER PKY,1109,,E20,EAST,2,E,0,No,0,31.21,771.944298898138
3065,AIKEN RD,39933,,E20,EAST,2,E,0,No,0,31.21,462.614889508498
3066,AIKEN RD,902,,E20,EAST,2,E,0,No,0,31.21,832.999795542712
3067,NELSON MILLER PKY,1100,,E20,EAST,2,E,0,No,0,31.21,480.05771933289
3068,BUSH FARM RD,34011,,E20,EAST,2,E,0,No,0,31.21,268.633640083416
3069,AIKEN RD,30782,,E20,EAST,2,E,0,No,0,31.21,405.387327351583
3070,AIKEN RD,36939,,E20,EAST,2,E,0,No,0,31.21,1278.48595027462
3071,AIKEN RD,605,,E20,EAST,2,E,0,No,0,31.21,3191.40265784541
3072,NELSON MILLER PKY,1098,,E20,EAST,2,E,0,No,0,31.21,320.917252467439
3073,BUSH FARM RD,31082,,E20,EAST,2,E,0,No,0,31.21,362.072730818889
3074,NELSON MILLER PKY,33427,,E20,EAST,2,E,0,No,0,31.21,1742.62423231438
3075,N ENGLISH STATION RD,871,,E20,EAST,2,E,0,No,0,31.21,2117.00458269995
3076,AIKEN RD,174,,E20,EAST,2,E,0,No,0,31.21,1224.4644109773
3077,STANLEY GAULT PKY,1094,,E20,EAST,2,E,0,No,0,31.21,4241.16346968094
3078,AIKEN RD,30781,,E20,EAST,2,E,0,No,0,31.21,166.487861067444
3079,AIKEN RD,36635,,E20,EAST,2,E,0,No,0,31.21,378.599851596451
3080,AIKEN RD,36634,,E20,EAST,2,E,0,No,0,31.21,456.169712284844
3081,AIKEN RD,1160,,E20,EAST,2,E,0,No,0,31.21,1284.62996520657
3082,NELSON MILLER PKY,1102,,E20,EAST,2,E,0,No,0,31.21,339.249044837922
3083,AIKEN RD,659,,E20,EAST,2,E,0,No,0,31.21,293.200631417313
3084,N ENGLISH STATION RD,883,,E20,EAST,2,E,0,No,0,31.21,1093.41999493704
3085,N ENGLISH STATION RD,873,,E20,EAST,2,E,0,No,0,31.21,579.083219765573
3086,NELSON MILLER PKY,1108,,E20,EAST,2,E,0,No,0,31.21,386.023144048086
3087,N ENGLISH STATION RD,882,,E20,EAST,2,E,0,No,0,31.21,962.681454421116
3088,BUSH FARM RD,1159,,E20,EAST,2,E,0,No,0,31.21,548.276664589587
3089,STANLEY GAULT PKY,980,,E20,EAST,2,E,0,No,0,31.21,749.951285891971
3090,NELSON MILLER PKY,564,,E20,EAST,2,E,0,No,0,31.21,360.966438638101
3091,AIKEN RD,599,,E20,EAST,2,E,0,No,0,31.21,1368.94763621982
3092,AIKEN RD,32639,,E20,EAST,2,E,0,No,0,31.21,770.719941353901
3093,AIKEN RD,189,,E20,EAST,2,E,0,No,0,31.21,3035.66666475731
3094,EASTPOINT PKY,1,,E20,EAST,3,E,0,No,0,31.21,496.420282098738
3095,FOREST CENTRE CT,1097,,E20,EAST,3,E,0,No,0,31.21,808.284142312662
3096,PARK VIEW CT,1101,,E20,EAST,3,E,0,No,0,31.21,489.670348164598
3097,WILLIAMSON CT,3,,E20,EAST,3,E,0,No,0,31.21,659.965411765315
3098,EASTPOINT PKY,1105,,E20,EAST,3,E,0,No,0,31.21,3161.58611789353
3099,EASTPOINT PKY,1096,,E20,EAST,3,E,0,No,0,31.21,752.712108831278
3100,EASTPOINT PKY,1095,,E20,EAST,3,E,0,No,0,31.21,415.356807384495
3101,EASTPOINT PKY,1106,,E20,EAST,3,E,0,No,0,31.21,3355.27524814635
3102,MAGISTERIAL DR,643,,E20,EAST,3,E,0,No,0,31.21,1336.70259407461
3103,BERRYTOWN RD,840,,E20,EAST,3,E,0,No,0,31.21,393.154157297109
3104,HEAFER RD,650,,E20,EAST,3,E,0,No,0,31.21,168.859231707397
3105,BERRYTOWN RD,839,,E20,EAST,3,E,0,No,0,31.21,951.557664898762
3106,HEAFER RD,651,,E20,EAST,3,E,0,No,0,31.21,191.783054048872
3107,BERRYTOWN RD,872,,E20,EAST,3,E,0,No,0,31.21,445.262584921808
3108,HEAFER RD,648,,E20,EAST,3,E,0,No,0,31.21,252.234420975806
3109,HEAFER RD,38895,,E20,EAST,3,E,0,No,0,31.21,996.891731089547
3110,HEAFER RD,646,,E20,EAST,3,E,0,No,0,31.21,479.801909528858
3111,HEAFER RD,881,,E20,EAST,3,E,0,No,0,31.21,268.762997288528
3112,HEAFER RD,848,,E20,EAST,3,E,0,No,0,31.21,778.257258201815
3113,SPRINGDALE RD,30813,,E21,EAST,2,E,0,No,0,25.02,1117.60491958193
3114,SPRINGHURST BLVD,9420,,E21,EAST,2,E,0,No,0,25.02,1463.88835642288
3115,BELLEWOOD RD,33426,,E21,EAST,2,E,0,No,0,25.02,213.715494290891
3116,SPRINGDALE RD,1481,,E21,EAST,2,E,0,No,0,25.02,928.595802520679
3117,EVERGREEN RD,3590,,E21,EAST,2,E,0,No,0,25.02,562.555905606556
3118,FREYS HILL RD,8559,,E21,EAST,2,E,0,No,0,25.02,1079.11182762575
3119,FREYS HILL RD,1881,,E21,EAST,2,E,0,No,0,25.02,373.379261718229
3120,BELLEWOOD RD,3466,,E21,EAST,2,E,0,No,0,25.02,100.512067838892
3121,SPRINGHURST BLVD,9419,,E21,EAST,2,E,0,No,0,25.02,1114.87093189103
3122,EVERGREEN RD,265,,E21,EAST,2,E,0,No,0,25.02,992.173557598147
3123,BELLEWOOD RD,3419,,E21,EAST,2,E,0,No,0,25.02,351.445855917756
3124,SPRINGDALE RD,9331,,E21,EAST,2,E,0,No,0,25.02,1445.94687442486
3125,SPRINGDALE RD,40204,,E21,EAST,2,E,0,No,0,25.02,485.155966663908
3126,N MADISON AVE,3557,,E21,EAST,2,E,0,No,0,25.02,217.375898503031
3127,OLD HENRY RD,894,,E21,EAST,2,E,0,No,0,25.02,1675.36176299431
3128,SPRINGHURST BLVD,9418,,E21,EAST,2,E,0,No,0,25.02,1194.22081550843
3129,N MADISON AVE,3608,,E21,EAST,2,E,0,No,0,25.02,559.962629183805
3130,OLD HENRY RD,888,,E21,EAST,2,E,0,No,0,25.02,1080.2107138261
3131,SPRINGHURST BLVD,9423,,E21,EAST,2,E,0,No,0,25.02,1115.84728154885
3132,N MADISON AVE,3531,,E21,EAST,2,E,0,No,0,25.02,627.53384537807
3133,BELLEWOOD RD,3365,,E21,EAST,2,E,0,No,0,25.02,847.493287781376
3134,OLD HENRY RD,889,,E21,EAST,2,E,0,No,0,25.02,195.560606818097
3135,SPRINGHURST BLVD,9421,,E21,EAST,2,E,0,No,0,25.02,3786.23073327715
3136,EVERGREEN RD,29806,,E21,EAST,2,E,0,No,0,25.02,680.912425251677
3137,SPRINGDALE RD,30801,,E21,EAST,2,E,0,No,0,25.02,321.111903760072
3138,N MADISON AVE,3647,,E21,EAST,2,E,0,No,0,25.02,545.414583184349
3139,SPRINGDALE RD,8765,,E21,EAST,2,E,0,No,0,25.02,601.084835185695
3140,EVERGREEN RD,3533,,E21,EAST,2,E,0,No,0,25.02,265.389055471514
3141,SPRINGDALE RD,8767,,E21,EAST,2,E,0,No,0,25.02,671.190199419188
3142,SPRINGDALE RD,36459,,E21,EAST,2,E,0,No,0,25.02,1028.14459743741
3143,FREYS HILL RD,6880,,E21,EAST,2,E,0,No,0,25.02,221.062935785547
3144,LAKELAND RD,2482,,E21,EAST,2,E,0,No,0,25.02,1857.96990050841
3145,LAKELAND RD,2261,,E21,EAST,2,E,0,No,0,25.02,2693.07534022141
3146,FREYS HILL RD,8000,,E21,EAST,2,E,0,No,0,25.02,2713.35737484374
3147,FREYS HILL RD,8001,,E21,EAST,2,E,0,No,0,25.02,1531.68677649397
3148,FREYS HILL RD,40702,,E21,EAST,2,E,0,No,0,25.02,1582.54290034771
3149,SPRINGDALE RD,1521,,E21,EAST,2,E,0,No,0,25.02,2261.50919231858
3150,SPRINGDALE RD,40820,,E21,EAST,2,E,0,No,0,25.02,941.411081030268
3151,SPRINGDALE RD,1540,,E21,EAST,2,E,0,No,0,25.02,599.002089018764
3152,SPRINGDALE RD,1488,,E21,EAST,2,E,0,No,0,25.02,1711.21861407153
3153,AVOCA RD,32596,,E21,EAST,2,E,0,No,0,25.02,5007.53716186324
3154,EVERGREEN RD,7937,,E21,EAST,2,E,0,No,0,25.02,512.572954063283
3155,EVERGREEN RD,7945,,E21,EAST,2,E,0,No,0,25.02,554.287220078064
3156,EVERGREEN RD,7940,,E21,EAST,2,E,0,No,0,25.02,292.802996443961
3157,EVERGREEN RD,2259,,E21,EAST,2,E,0,No,0,25.02,902.809694267014
3158,EVERGREEN RD,7943,,E21,EAST,2,E,0,No,0,25.02,1213.79812597689
3159,EVERGREEN RD,7934,,E21,EAST,2,E,0,No,0,25.02,741.489336328971
3160,EVERGREEN RD,2163,,E21,EAST,2,E,0,No,0,25.02,152.599731414726
3161,EVERGREEN RD,2670,,E21,EAST,2,E,0,No,0,25.02,215.540606488226
3162,EVERGREEN RD,2458,,E21,EAST,2,E,0,No,0,25.02,2355.77473105682
3163,EVERGREEN RD,2646,,E21,EAST,2,E,0,No,0,25.02,1599.82981569616
3164,EVERGREEN RD,2179,,E21,EAST,2,E,0,No,0,25.02,432.623136986743
3165,EVERGREEN RD,7950,,E21,EAST,2,E,0,No,0,25.02,767.738026316899
3166,EVERGREEN RD,7951,,E21,EAST,2,E,0,No,0,25.02,394.368774097053
3167,EVERGREEN RD,7947,,E21,EAST,2,E,0,No,0,25.02,418.592171563346
3168,OLD HENRY RD,29798,,E21,EAST,2,E,0,No,0,25.02,647.828871434559
3169,EVERGREEN RD,2766,,E21,EAST,2,E,0,No,0,25.02,532.863804881401
3170,EVERGREEN RD,2706,,E21,EAST,2,E,0,No,0,25.02,297.949826963532
3171,EVERGREEN RD,7929,,E21,EAST,2,E,0,No,0,25.02,360.460366402724
3172,SPRINGDALE RD,9103,,E21,EAST,2,E,0,No,0,25.02,989.115625429786
3173,SPRINGDALE RD,9131,,E21,EAST,2,E,0,No,0,25.02,1059.3968365684
3174,OLD HENRY RD,891,,E21,EAST,2,E,0,No,0,25.02,2294.11304795402
3175,WHITE BLOSSOM BLVD,9088,,E21,EAST,3,E,0,No,0,25.02,494.072106129008
3176,WHITE BLOSSOM BLVD,9087,,E21,EAST,3,E,0,No,0,25.02,684.850649743551
3177,WHITE BLOSSOM BLVD,9091,,E21,EAST,3,E,0,No,0,25.02,349.966873375524
3178,WHITE BLOSSOM BLVD,9090,,E21,EAST,3,E,0,No,0,25.02,319.222020986625
3179,WHITE BLOSSOM BLVD,9086,,E21,EAST,3,E,0,No,0,25.02,466.928376348744
3180,WHITE BLOSSOM BLVD,9082,,E21,EAST,3,E,0,No,0,25.02,766.514731547601
3181,WHITE BLOSSOM BLVD,9084,,E21,EAST,3,E,0,No,0,25.02,271.454659849923
3182,WHITE BLOSSOM BLVD,9092,,E21,EAST,3,E,0,No,0,25.02,526.173156385234
3183,WHITE BLOSSOM BLVD,9083,,E21,EAST,3,E,0,No,0,25.02,318.541917375092
3184,WHITE BLOSSOM BLVD,9089,,E21,EAST,3,E,0,No,0,25.02,410.400769677866
3185,WHITE BLOSSOM BLVD,9085,,E21,EAST,3,E,0,No,0,25.02,498.468904755721
3186,FLAT ROCK RD,1210,,E22,EAST,2,E,0,No,0,24.7,4568.89659898633
3187,N BECKLEY STATION RD,870,,E22,EAST,2,E,0,No,0,24.7,5210.8001393395
3188,FLAT ROCK RD,31898,,E22,EAST,2,E,0,No,0,24.7,1327.62890555921
3189,FLAT ROCK RD,1204,,E22,EAST,2,E,0,No,0,24.7,852.695669605943
3190,FLAT ROCK RD,39766,,E22,EAST,2,E,0,No,0,24.7,888.92248421212
3191,FLAT ROCK RD,1201,,E22,EAST,2,E,0,No,0,24.7,2790.17061641695
3192,FLAT ROCK RD,34982,,E22,EAST,2,E,0,No,0,24.7,751.125301196539
3193,FLAT ROCK RD,31899,,E22,EAST,2,E,0,No,0,24.7,456.203026453393
3194,FLAT ROCK RD,1212,,E22,EAST,2,E,0,No,0,24.7,1123.39016270165
3195,FLAT ROCK RD,1202,,E22,EAST,2,E,0,No,0,24.7,796.80148742194
3196,FLAT ROCK RD,1200,,E22,EAST,2,E,0,No,0,24.7,2508.33039260118
3197,FLAT ROCK RD,37360,,E22,EAST,2,E,0,No,0,24.7,972.609368264185
3198,N BECKLEY STATION RD,917,,E22,EAST,2,E,0,No,0,24.7,341.155542136853
3199,N BECKLEY STATION RD,32045,,E22,EAST,2,E,0,No,0,24.7,1207.26845170074
3200,N BECKLEY STATION RD,32044,,E22,EAST,2,E,0,No,0,24.7,114.649829494531
3201,N BECKLEY STATION RD,757,,E22,EAST,2,E,0,No,0,24.7,319.271304844565
3202,N BECKLEY STATION RD,33875,,E22,EAST,2,E,0,No,0,24.7,878.528464495667
3203,LONG RUN RD,261,,E22,EAST,2,E,0,No,0,24.7,1255.86492186433
3204,LONG RUN RD,30443,,E22,EAST,2,E,0,No,0,24.7,1845.61964950056
3205,LONG RUN RD,778,,E22,EAST,2,E,0,No,0,24.7,2538.72886574592
3206,LONG RUN RD,201,,E22,EAST,2,E,0,No,0,24.7,1152.04371331713
3207,LONG RUN RD,282,,E22,EAST,2,E,0,No,0,24.7,3384.95374534389
3208,FLAT ROCK RD,1203,,E22,EAST,2,E,0,No,0,24.7,524.688165459933
3209,FLAT ROCK RD,1209,,E22,EAST,2,E,0,No,0,24.7,968.718226230859
3210,AIKEN RD,38355,,E22,EAST,2,E,0,No,0,24.7,634.195557772371
3211,AIKEN RD,39108,,E22,EAST,2,E,0,No,0,24.7,1915.81632436714
3212,FLAT ROCK RD,33967,,E22,EAST,2,E,0,No,0,24.7,426.699873190795
3213,POPE DALE RD,1206,,E22,EAST,2,E,0,No,0,24.7,3053.37064832226
3214,LONG RUN RD,38508,,E22,EAST,2,E,0,No,0,24.7,792.908372256888
3215,LONG RUN RD,34249,,E22,EAST,2,E,0,No,0,24.7,802.197645376101
3216,LONG RUN RD,96,,E22,EAST,2,E,0,No,0,24.7,1011.61625761379
3217,LONG RUN RD,30442,,E22,EAST,2,E,0,No,0,24.7,1364.73732657928
3218,AIKEN RD,92,,E22,EAST,2,E,0,No,0,24.7,3775.30676705675
3219,N BECKLEY STATION RD,864,,E22,EAST,2,E,0,No,0,24.7,3407.56945333285
3220,AIKEN RD,90,,E22,EAST,2,E,0,No,0,24.7,996.467987470397
3221,N BECKLEY STATION RD,869,,E22,EAST,2,E,0,No,0,24.7,1046.4011455087
3222,N BECKLEY STATION RD,41032,,E22,EAST,2,E,0,No,0,24.7,1512.23628207562
3223,LONG RUN RD,781,,E22,EAST,2,E,0,No,0,24.7,370.837358120144
3224,AIKEN RD,38883,,E22,EAST,2,E,0.0845785468388555,Yes,0.08457855,24.7,732.568617982174
3225,FLAT ROCK RD,1198,,E22,EAST,2,E,0,No,0,24.7,1354.84338558693
3226,AIKEN RD,89,,E22,EAST,2,E,0.33644954225067375,Yes,0.33644954,24.7,2914.12401860728
3227,AIKEN RD,41694,,E22,EAST,2,E,0.041577955779943665,Yes,0.04157796,24.7,360.123499599055
3228,KILCOTT WAY,32970,,E22,EAST,3,E,0,No,0,24.7,413.145189824444
3229,MEREMONT HEIGHTS WAY,34127,,E22,EAST,3,E,0,No,0,24.7,900.94189388257
3230,KILCOTT CT,32971,,E22,EAST,3,E,0,No,0,24.7,395.72092265373
3231,KILCOTT WAY,782,,E22,EAST,3,E,0,No,0,24.7,187.311652195092
3232,WIBBLE HILL RD,916,,E23,EAST,2,E,0,No,0,28.47,2478.62630633402
3233,POPLAR LN,906,,E23,EAST,2,E,0,No,0,28.47,2285.51501272156
3234,S BECKLEY STATION RD,918,,E23,EAST,2,E,0,No,0,28.47,496.972730454755
3235,ECHO TRL,35561,,E23,EAST,2,E,0,No,0,28.47,5281.60641263373
3236,S BECKLEY STATION RD,35553,,E23,EAST,2,E,0,No,0,28.47,1397.1179006364
3237,S BECKLEY STATION RD,30787,,E23,EAST,2,E,0,No,0,28.47,396.879001463875
3238,S ENGLISH STATION RD,31941,,E23,EAST,2,E,0,No,0,28.47,453.060651680945
3239,S ENGLISH STATION RD,971,,E23,EAST,2,E,0,No,0,28.47,486.910585293833
3240,S ENGLISH STATION RD,9600,,E23,EAST,2,E,0,No,0,28.47,570.96153871083
3241,S ENGLISH STATION RD,31088,,E23,EAST,2,E,0,No,0,28.47,1114.03608399427
3242,S ENGLISH STATION RD,31942,,E23,EAST,2,E,0,No,0,28.47,491.46976840042
3243,POPLAR LN,907,,E23,EAST,2,E,0,No,0,28.47,3606.73392877533
3244,S ENGLISH STATION RD,975,,E23,EAST,2,E,0,No,0,28.47,2850.44683001759
3245,S ENGLISH STATION RD,972,,E23,EAST,2,E,0,No,0,28.47,2501.41219392285
3246,REHL RD,434,,E23,EAST,2,E,0,No,0,28.47,1956.30880605518
3247,S ENGLISH STATION RD,973,,E23,EAST,2,E,0,No,0,28.47,5321.90570674807
3248,ECHO TRL,420,,E23,EAST,2,E,0,No,0,28.47,3237.86276275741
3249,S ENGLISH STATION RD,33394,,E23,EAST,2,E,0,No,0,28.47,917.823720203155
3250,S ENGLISH STATION RD,974,,E23,EAST,2,E,0,No,0,28.47,619.312496241153
3251,S ENGLISH STATION RD,40245,,E23,EAST,2,E,0,No,0,28.47,514.36504388228
3252,S ENGLISH STATION RD,31089,,E23,EAST,2,E,0,No,0,28.47,330.731860389293
3253,S ENGLISH STATION RD,30060,,E23,EAST,2,E,0,No,0,28.47,2866.28844480517
3254,ECHO TRL,438,,E23,EAST,2,E,0,No,0,28.47,219.392797216122
3255,GILLILAND RD,803,,E23,EAST,2,E,0,No,0,28.47,583.802496235385
3256,GILLILAND RD,805,,E23,EAST,2,E,0,No,0,28.47,5127.80797192333
3257,S ENGLISH STATION RD,40268,,E23,EAST,2,E,0,No,0,28.47,235.651930324419
3258,S ENGLISH STATION RD,40269,,E23,EAST,2,E,0,No,0,28.47,235.960793061355
3259,S BECKLEY STATION RD,41497,,E23,EAST,2,E,0,No,0,28.47,323.583392623208
3260,S BECKLEY STATION RD,957,,E23,EAST,2,E,0,No,0,28.47,165.361524515194
3261,S BECKLEY STATION RD,32458,,E23,EAST,2,E,0,No,0,28.47,3023.30581435134
3262,GILLILAND RD,795,,E23,EAST,2,E,0,No,0,28.47,131.452200185071
3263,S ENGLISH STATION RD,30550,,E23,EAST,2,E,0,No,0,28.47,818.428449854856
3264,S ENGLISH STATION RD,35752,,E23,EAST,2,E,0,No,0,28.47,620.464095098379
3265,S ENGLISH STATION RD,30791,,E23,EAST,2,E,0,No,0,28.47,740.149289128352
3266,S ENGLISH STATION RD,33272,,E23,EAST,2,E,0,No,0,28.47,548.33233037918
3267,S ENGLISH STATION RD,30794,,E23,EAST,2,E,0,No,0,28.47,1005.43853372941
3268,S BECKLEY STATION RD,30785,,E23,EAST,2,E,0,No,0,28.47,2990.00345092843
3269,S BECKLEY STATION RD,30786,,E23,EAST,2,E,0,No,0,28.47,477.964178524403
3270,GLENDOWER DR,33412,,E23,EAST,3,E,0,No,0,28.47,181.506609320888
3271,ARNOLD PALMER BLVD,117,,E23,EAST,3,E,0,No,0,28.47,218.720137544563
3272,WICKFIELD DR,937,,E23,EAST,3,E,0,No,0,28.47,440.16129659214
3273,LAKE FOREST PKY,834,,E23,EAST,3,E,0,No,0,28.47,475.483860876917
3274,WICKFIELD DR,926,,E23,EAST,3,E,0,No,0,28.47,415.380844650268
3275,GLENDOWER DR,33411,,E23,EAST,3,E,0,No,0,28.47,176.057877449934
3276,ARNOLD PALMER BLVD,99,,E23,EAST,3,E,0,No,0,28.47,544.012818582298
3277,GLENDOWER DR,33413,,E23,EAST,3,E,0,No,0,28.47,217.10542567331
3278,LAKE FOREST PKY,193,,E23,EAST,3,E,0,No,0,28.47,334.522779518669
3279,S ENGLISH STATION RD,9545,,E23,EAST,3,E,0,No,0,28.47,577.759020923486
3280,GLENDOWER DR,954,,E23,EAST,3,E,0,No,0,28.47,236.036852597017
3281,GLENDOWER DR,955,,E23,EAST,3,E,0,No,0,28.47,418.341933140759
3282,WICKFIELD DR,922,,E23,EAST,3,E,0,No,0,28.47,346.172223927938
3283,LAKE FOREST PKY,836,,E23,EAST,3,E,0,No,0,28.47,301.78430787497
3284,LAKE FOREST PKY,716,,E23,EAST,3,E,0,No,0,28.47,297.093235645678
3285,ARNOLD PALMER BLVD,108,,E23,EAST,3,E,0,No,0,28.47,461.159318175594
3286,LAKE FOREST PKY,720,,E23,EAST,3,E,0,No,0,28.47,373.77671433283
3287,WICKFIELD DR,945,,E23,EAST,3,E,0,No,0,28.47,455.88703675512
3288,GLENDOWER DR,36192,,E23,EAST,3,E,0,No,0,28.47,350.718930009314
3289,LAKE FOREST PKY,725,,E23,EAST,3,E,0,No,0,28.47,261.907800343601
3290,GLENDOWER DR,951,,E23,EAST,3,E,0,No,0,28.47,390.981315230065
3291,ARNOLD PALMER BLVD,186,,E23,EAST,3,E,0,No,0,28.47,1405.57350852075
3292,LAKE FOREST PKY,838,,E23,EAST,3,E,0,No,0,28.47,1664.53849879857
3293,ARNOLD PALMER BLVD,191,,E23,EAST,3,E,0,No,0,28.47,303.629461330447
3294,ARNOLD PALMER BLVD,152,,E23,EAST,3,E,0,No,0,28.47,736.111407226861
3295,ARNOLD PALMER BLVD,127,,E23,EAST,3,E,0,No,0,28.47,251.94514177142
3296,WICKFIELD DR,920,,E23,EAST,3,E,0,No,0,28.47,644.161902959662
3297,WICKFIELD DR,948,,E23,EAST,3,E,0,No,0,28.47,317.902296892764
3298,LAKE FOREST PKY,712,,E23,EAST,3,E,0,No,0,28.47,688.570561612195
3299,WICKFIELD DR,928,,E23,EAST,3,E,0,No,0,28.47,269.434953395932
3300,WICKFIELD DR,953,,E23,EAST,3,E,0,No,0,28.47,273.61130339236
3301,LAKE FOREST PKY,196,,E23,EAST,3,E,0,No,0,28.47,221.295385817896
3302,LAKE FOREST PKY,235,,E23,EAST,3,E,0,No,0,28.47,1320.66081509035
3303,LAKE FOREST PKY,204,,E23,EAST,3,E,0,No,0,28.47,220.416849610754
3304,LAKE FOREST PKY,729,,E23,EAST,3,E,0,No,0,28.47,300.828197407542
3305,ARNOLD PALMER BLVD,600,,E23,EAST,3,E,0,No,0,28.47,1484.51471532724
3306,ARNOLD PALMER BLVD,604,,E23,EAST,3,E,0,No,0,28.47,1836.98652620539
3307,WICKFIELD DR,929,,E23,EAST,3,E,0,No,0,28.47,271.684078253569
3308,LAKE FOREST PKY,210,,E23,EAST,3,E,0,No,0,28.47,190.879773152983
3309,WICKFIELD DR,932,,E23,EAST,3,E,0,No,0,28.47,641.553810647081
3310,GLENDOWER DR,950,,E23,EAST,3,E,0,No,0,28.47,413.901883915884
3311,LAKE FOREST PKY,733,,E23,EAST,3,E,0,No,0,28.47,241.035400008633
3312,GLENDOWER DR,33410,,E23,EAST,3,E,0,No,0,28.47,225.21467166929
3313,GLENDOWER DR,956,,E23,EAST,3,E,0,No,0,28.47,195.560104150632
3314,ENGLISH STATION WAY,32893,,E23,EAST,3,E,0,No,0,28.47,651.322388248072
3315,OLD CLARK STATION RD,39708,,E24,EAST,2,E,0,No,0,17.02,1493.810874268
3316,OLD CLARK STATION RD,9534,,E24,EAST,2,E,0,No,0,17.02,6937.86072094481
3317,CLARK STATION RD,812,,E24,EAST,2,E,0,No,0,17.02,9001.49876566182
3318,CLARK STATION RD,30064,,E24,EAST,2,E,0,No,0,17.02,2133.98043936657
3319,CLARK STATION RD,41513,,E24,EAST,2,E,0,No,0,17.02,5266.28941118834
3320,CLARK STATION RD,30796,,E24,EAST,2,E,0,No,0,17.02,1444.98836877976
3321,CLARK STATION RD,35336,,E24,EAST,2,E,0,No,0,17.02,1445.25515220901
3322,CLARK STATION RD,35892,,E24,EAST,2,E,0,No,0,17.02,471.838779118427
3323,LOCUST CREEK BLVD,32508,,E24,EAST,3,E,0,No,0,17.02,466.695608275151
3324,RIDGELEIGH LN,32197,,E24,EAST,3,E,0,No,0,17.02,967.680592906167
3325,LOCUST CREEK BLVD,30714,,E24,EAST,3,E,0,No,0,17.02,252.836465050087
3326,NOTTING HILL BLVD,32986,,E24,EAST,3,E,0,No,0,17.02,961.36806424989
3327,LONGVIEW PARK LN,30723,,E24,EAST,3,E,0,No,0,17.02,277.876339134837
3328,LOCUST CREEK BLVD,33090,,E24,EAST,3,E,0,No,0,17.02,510.751545746055
3329,LOCUST CREEK BLVD,33088,,E24,EAST,3,E,0,No,0,17.02,322.256269924103
3330,LOCUST CREEK BLVD,33086,,E24,EAST,3,E,0,No,0,17.02,651.477937796281
3331,LOCUST CREEK BLVD,31647,,E24,EAST,3,E,0,No,0,17.02,312.560937284208
3332,LOCUST CREEK BLVD,33085,,E24,EAST,3,E,0,No,0,17.02,275.533815293875
3333,LOCUST CREEK BLVD,31650,,E24,EAST,3,E,0,No,0,17.02,500.201387713299
3334,ASHWORTH LN,33087,,E24,EAST,3,E,0,No,0,17.02,728.164344405948
3335,NOTTING HILL BLVD,33012,,E24,EAST,3,E,0,No,0,17.02,540.600855038678
3336,LOCUST CREEK BLVD,35797,,E24,EAST,3,E,0,No,0,17.02,341.506421357162
3337,LOCUST CREEK BLVD,33092,,E24,EAST,3,E,0,No,0,17.02,474.521798291027
3338,NOTTING HILL BLVD,33553,,E24,EAST,3,E,0,No,0,17.02,463.634648243821
3339,SPOTSWOOD LN,36765,,E24,EAST,3,E,0,No,0,17.02,2923.45401343978
3340,LOCUST CREEK BLVD,30711,,E24,EAST,3,E,0,No,0,17.02,337.87319534808
3341,LONGVIEW PARK LN,30722,,E24,EAST,3,E,0,No,0,17.02,954.23509777852
3342,LOCUST CREEK BLVD,32196,,E24,EAST,3,E,0,No,0,17.02,537.978539478967
3343,NOTTING HILL BLVD,32987,,E24,EAST,3,E,0,No,0,17.02,316.322273117907
3344,LOCUST CREEK BLVD,31649,,E24,EAST,3,E,0,No,0,17.02,360.001266282403
3345,LACEWOOD WAY,32961,,E24,EAST,3,E,0,No,0,17.02,653.237990955266
3346,LOCUST CREEK BLVD,33079,,E24,EAST,3,E,0,No,0,17.02,240.219597224128
3347,SPOTSWOOD LN,425,,E24,EAST,3,E,0,No,0,17.02,571.95672158298
3348,SPOTSWOOD LN,423,,E24,EAST,3,E,0,No,0,17.02,381.894729839783
3349,LOCUST CREEK BLVD,32509,,E24,EAST,3,E,0,No,0,17.02,164.73814646944
3350,NOTTING HILL BLVD,32985,,E24,EAST,3,E,0,No,0,17.02,404.706232238363
3351,LOCUST CREEK BLVD,30715,,E24,EAST,3,E,0,No,0,17.02,239.371515195185
3352,NOTTING HILL BLVD,32984,,E24,EAST,3,E,0,No,0,17.02,302.307305620043
3353,LACEWOOD WAY,35879,,E24,EAST,3,E,0,No,0,17.02,218.711133626002
3354,LOCUST CREEK BLVD,30726,,E24,EAST,3,E,0,No,0,17.02,246.688246939821
3355,SPOTSWOOD LN,426,,E24,EAST,3,E,0,No,0,17.02,1681.54388271877
3356,TAYLORSVILLE RD,9642,,E25,EAST,2,E,0.0208659902460753,Yes,0.02086599,19.6,180.728757920714
3357,TAYLORSVILLE RD,9648,,E25,EAST,2,E,0.24445712730597058,Yes,0.24445713,19.6,2117.34097992676
3358,HIGHWAY 148,9533,,E25,EAST,2,E,0.2026485842999397,Yes,0.20264858,19.6,1755.22048451445
3359,HIGHWAY 148,9531,,E25,EAST,2,E,0.03838511033225946,Yes,0.03838511,19.6,332.468730856579
3360,HIGHWAY 148,35337,,E25,EAST,2,E,0.75398057321704,Yes,0.75398057,19.6,6530.52723547964
3361,TAYLORSVILLE RD,9647,,E25,EAST,2,E,0.0279290633523438,Yes,0.02792906,19.6,241.904883235959
3362,EASTWOOD FISHERVILLE RD,9658,,E25,EAST,2,E,0.03875229622672552,Yes,0.0387523,19.6,335.649338000245
3363,EASTWOOD FISHERVILLE RD,1190,,E25,EAST,2,E,0.18008571393280948,Yes,0.18008571,19.6,1559.79395233572
3364,JOHNSON RD,236,,E25,EAST,2,E,0.08839418422424075,Yes,0.08839418,19.6,765.617356797056
3365,EASTWOOD FISHERVILLE RD,1189,,E25,EAST,2,E,0.235741477273956,Yes,0.23574148,19.6,2041.85110885454
3366,JOHNSON RD,257,,E25,EAST,2,E,0.1044943791132381,Yes,0.10449438,19.6,905.067662124223
3367,JOHNSON RD,790,,E25,EAST,2,E,0.70383284178000627,Yes,0.70383284,19.6,6096.26528083005
3368,EASTWOOD FISHERVILLE RD,9659,,E25,EAST,2,E,0.221163551358163,Yes,0.22116355,19.6,1915.58598199942
3369,JOHNSON RD,40096,,E25,EAST,2,E,0.14838123606958287,Yes,0.14838124,19.6,1285.39681788619
3370,JOHNSON RD,211,,E25,EAST,2,E,0.21785394043805525,Yes,0.21785394,19.6,1887.39226571391
3371,EASTWOOD FISHERVILLE RD,34220,,E25,EAST,2,E,0.201374585854518,Yes,0.20137459,19.6,1744.18598569589
3372,EASTWOOD FISHERVILLE RD,9657,,E25,EAST,2,E,0.282883371150939,Yes,0.28288337,19.6,2450.16620929212
3373,JOHNSON RD,115,,E25,EAST,2,E,0.34722808298130847,Yes,0.34722808,19.6,3007.71902721479
3374,HIGHWAY 148,9535,,E25,EAST,2,E,0.03141679945915484,Yes,0.0314168,19.6,272.113380309415
3375,EASTWOOD FISHERVILLE RD,1188,,E25,EAST,2,E,2.697722824327022,Yes,2.69772282,19.6,7788.6857701969
3376,EASTWOOD CUT OFF RD,794,,E25,EAST,2,E,0.025869016566043828,Yes,0.02586902,19.6,224.061900727206
3377,EASTWOOD FISHERVILLE RD,1187,,E25,EAST,2,E,0.06557942432247285,Yes,0.06557942,19.6,568.009615219994
3378,PIERCY MILL RD,904,,E25,EAST,3,E,0,No,0,19.6,2083.00000246769
3379,EASTWOOD CUT OFF RD,797,,E25,EAST,3,E,0.1134772555710697,Yes,0.11347726,19.6,982.871976090935
3380,EASTWOOD CUT OFF RD,799,,E25,EAST,3,E,0.008058650051705687,Yes,0.00805865,19.6,69.7989670450491
3381,EASTWOOD CUT OFF RD,800,,E25,EAST,3,E,0.104335477260808,Yes,0.10433548,19.6,903.691047731909
3382,EASTWOOD CUT OFF RD,34849,,E25,EAST,3,E,0.155345977132399,Yes,0.15534598,19.6,1345.51393458702
3383,S 9TH ST,16569,,P01,PARKS,1,P,0,No,0,29.78,479.467966865358
3384,S 9TH STREET RAMP,33719,,P01,PARKS,1,P,0,No,0,29.78,644.002027013367
3385,S 9TH ST,16802,,P01,PARKS,1,P,0,No,0,29.78,954.780856574838
3386,S 9TH ST,16477,,P01,PARKS,1,P,0,No,0,29.78,965.986669677992
3387,CENTRAL AVE,32041,,P01,PARKS,1,P,0,No,0,29.78,228.207230470602
3388,S 9TH STREET RAMP,33718,,P01,PARKS,1,P,0,No,0,29.78,687.456097325895
3389,S 9TH ST,33720,,P01,PARKS,1,P,0,No,0,29.78,1281.73220989965
3390,7TH STREET RD,18597,,P01,PARKS,1,P,0.078834533113485927,Yes,0.07883453,29.78,341.408724622333
3391,WINKLER AVE,19085,,P01,PARKS,1,P,0.02420821682394016,Yes,0.02420822,29.78,209.6770104269
3392,7TH STREET RD,18516,,P01,PARKS,1,P,0.051688747026742657,Yes,0.05168875,29.78,223.848442031657
3393,CENTRAL AVE,19081,,P01,PARKS,1,P,0,No,0,29.78,871.51131149434
3394,CENTRAL AVE,18912,,P01,PARKS,1,P,0,No,0,29.78,909.80838246602
3395,S 7TH ST,17898,,P01,PARKS,1,P,0,No,0,29.78,201.1354706799
3396,S 7TH ST,18249,,P01,PARKS,1,P,0,No,0,29.78,142.665881854466
3397,S 9TH ST,31897,,P01,PARKS,1,P,0,No,0,29.78,1068.53844783346
3398,7TH STREET RD,18487,,P01,PARKS,1,P,0.03597877137199355,Yes,0.03597877,29.78,155.813545499554
3399,S 9TH STREET RAMP,33721,,P01,PARKS,1,P,0,No,0,29.78,631.60621182204
3400,7TH STREET RD,18759,,P01,PARKS,1,P,0.042641096513261076,Yes,0.0426411,29.78,369.3315485504
3401,S 7TH ST,18232,,P01,PARKS,1,P,0,No,0,29.78,881.738044685219
3402,7TH STREET RD,18699,,P01,PARKS,1,P,0.07848222721367591,Yes,0.07848223,29.78,339.883073874311
3403,CENTRAL AVE,19170,,P01,PARKS,1,P,0,No,0,29.78,464.597853074254
3404,S 7TH ST,18010,,P01,PARKS,1,P,0,No,0,29.78,507.683777939391
3405,7TH STREET RD,18674,,P01,PARKS,1,P,0.06649945809836305,Yes,0.06649946,29.78,287.989067717856
3406,S 7TH ST,18078,,P01,PARKS,1,P,0,No,0,29.78,198.776468708498
3407,DENNY CRUM OVERPASS,21384,,P01,PARKS,1,P,0,No,0,29.78,1828.77321034173
3408,7TH STREET RD,18634,,P01,PARKS,1,P,0.0902113032862411,Yes,0.0902113,29.78,390.678196377786
3409,CENTRAL AVE,19356,,P01,PARKS,1,P,0,No,0,29.78,996.868010703547
3410,S 7TH ST,18045,,P01,PARKS,1,P,0,No,0,29.78,172.958679777136
3411,7TH STREET RD,18553,,P01,PARKS,1,P,0.087562198018301077,Yes,0.0875622,29.78,379.205402511709
3412,S 9TH STREET RAMP,33722,,P01,PARKS,1,P,0,No,0,29.78,665.425566721421
3413,S 7TH ST,18376,,P01,PARKS,1,P,0,No,0,29.78,747.525357132619
3414,TAYLOR BLVD,19326,,P01,PARKS,1,P,0.042341070757710188,Yes,0.04234107,29.78,366.733016849257
3415,TAYLOR BLVD,21366,,P01,PARKS,1,P,0.042404559490796516,Yes,0.04240456,29.78,367.282967523424
3416,CENTRAL AVE,21374,,P01,PARKS,1,P,0,No,0,29.78,756.402999080331
3417,CENTRAL AVE,21367,,P01,PARKS,1,P,0,No,0,29.78,417.010802745122
3418,TAYLOR BLVD,19134,,P01,PARKS,1,P,0.0116095985009017,Yes,0.0116096,29.78,100.555384591341
3419,TAYLOR BLVD,19342,,P01,PARKS,1,P,0.0106862361004891,Yes,0.01068624,29.78,92.5577412011011
3420,TAYLOR BLVD,19119,,P01,PARKS,1,P,0.023487465591286266,Yes,0.02348747,29.78,203.491076771585
3421,TAYLOR BLVD,19276,,P01,PARKS,1,P,0.0165615830563497,Yes,0.01656158,29.78,143.446503628095
3422,TAYLOR BLVD,19218,,P01,PARKS,1,P,0.01907391308446044,Yes,0.01907391,29.78,165.206489419459
3423,WINKLER AVE,19088,,P01,PARKS,1,P,0.0342354947550989,Yes,0.03423549,29.78,296.648928078626
3424,CENTRAL AVE,21378,,P01,PARKS,1,P,0,No,0,29.78,479.663703057934
3425,S 7TH ST,18464,,P01,PARKS,1,P,0,No,0,29.78,617.759520142395
3426,TAYLOR BLVD,19172,,P01,PARKS,1,P,0.026552120859189485,Yes,0.02655212,29.78,229.978509756995
3427,CENTRAL AVE,21376,,P01,PARKS,1,P,0,No,0,29.78,481.197278756658
3428,TAYLOR BLVD,19253,,P01,PARKS,1,P,0.02690986370884656,Yes,0.02690986,29.78,233.077270707189
3429,TAYLOR BLVD,19362,,P01,PARKS,1,P,0.022950906723910858,Yes,0.02295091,29.78,198.786870172869
3430,TAYLOR BLVD,19196,,P01,PARKS,1,P,0.018915978198893558,Yes,0.01891598,29.78,163.838964520997
3431,CENTRAL AVE,21369,,P01,PARKS,1,P,0,No,0,29.78,894.949427283119
3432,S 4TH ST,36644,,P01,PARKS,1,P,0,No,0,29.78,359.126288546529
3433,S 4TH ST,18517,,P01,PARKS,1,P,0,No,0,29.78,466.07161885943
3434,S 4TH ST,18172,,P01,PARKS,1,P,0,No,0,29.78,311.447370686947
3435,S 4TH ST,18284,,P01,PARKS,1,P,0,No,0,29.78,85.0500829015616
3436,S 4TH ST,18050,,P01,PARKS,1,P,0,No,0,29.78,190.026480987684
3437,S 4TH ST,18096,,P01,PARKS,1,P,0,No,0,29.78,170.280157837386
3438,S 4TH ST,18000,,P01,PARKS,1,P,0,No,0,29.78,289.619745519536
3439,S 4TH ST,19128,,P01,PARKS,1,P,0,No,0,29.78,479.680121924945
3440,S 4TH ST,19420,,P01,PARKS,1,P,0,No,0,29.78,478.659198740672
3441,S 4TH ST,19024,,P01,PARKS,1,P,0,No,0,29.78,478.015227269553
3442,S 4TH ST,17640,,P01,PARKS,1,P,0,No,0,29.78,829.739181586793
3443,S 4TH ST,18303,,P01,PARKS,1,P,0,No,0,29.78,96.6903078131412
3444,S 4TH ST,17363,,P01,PARKS,1,P,0,No,0,29.78,793.130949544273
3445,S 4TH ST,18919,,P01,PARKS,1,P,0,No,0,29.78,341.682441200891
3446,S 4TH ST,19229,,P01,PARKS,1,P,0,No,0,29.78,481.181380205271
3447,S 4TH ST,19328,,P01,PARKS,1,P,0,No,0,29.78,479.686026584056
3448,S 4TH ST,16923,,P01,PARKS,1,P,0,No,0,29.78,237.5476310823
3449,S 4TH ST,18264,,P01,PARKS,1,P,0,No,0,29.78,298.483259646681
3450,S 4TH ST,17927,,P01,PARKS,1,P,0,No,0,29.78,208.178223768872
3451,S 4TH ST,16873,,P01,PARKS,1,P,0,No,0,29.78,851.516269387291
3452,S 4TH ST,18412,,P01,PARKS,1,P,0,No,0,29.78,490.104795001572
3453,S 4TH ST,17869,,P01,PARKS,1,P,0,No,0,29.78,466.19132176828
3454,S 4TH ST,17744,,P01,PARKS,1,P,0,No,0,29.78,484.541885333071
3455,S 4TH ST,17482,,P01,PARKS,1,P,0,No,0,29.78,533.229620449764
3456,S 4TH ST,36926,,P01,PARKS,1,P,0,No,0,29.78,352.498629529694
3457,S 4TH ST,18843,,P01,PARKS,1,P,0,No,0,29.78,1351.29277941942
3458,S 4TH ST,16685,,P01,PARKS,1,P,0,No,0,29.78,241.777204858238
3459,S 4TH ST,37916,,P01,PARKS,1,P,0,No,0,29.78,622.294915349134
3460,S 7TH ST,17837,,P01,PARKS,1,P,0,No,0,29.78,216.672167398122
3461,S 7TH ST,31888,,P01,PARKS,1,P,0,No,0,29.78,304.476254086749
3462,S 7TH ST,17641,,P01,PARKS,1,P,0,No,0,29.78,912.097230787826
3463,S 9TH ST,33682,,P01,PARKS,1,P,0,No,0,29.78,132.179539506168
3464,S 7TH ST,33686,,P01,PARKS,1,P,0,No,0,29.78,364.122772497961
3465,S 9TH ST,33723,,P01,PARKS,1,P,0,No,0,29.78,806.851367077015
3466,S 4TH ST,17061,,P01,PARKS,1,P,0,No,0,29.78,558.342453490967
3467,S 4TH ST,17217,,P01,PARKS,1,P,0,No,0,29.78,880.805374027444
3468,S 4TH ST,21380,,P01,PARKS,1,P,0,No,0,29.78,463.852505438488
3469,CENTRAL AVE,21381,,P01,PARKS,1,P,0,No,0,29.78,481.079309719951
3470,CENTRAL AVE,31441,,P01,PARKS,1,P,0,No,0,29.78,487.922529894056
3471,S 4TH ST,16487,,P01,PARKS,1,P,0,No,0,29.78,675.975050968044
3472,CENTRAL AVE,21359,,P01,PARKS,2,P,0,No,0,29.78,897.858989478861
3473,CENTRAL AVE,21350,,P01,PARKS,2,P,0,No,0,29.78,948.983509591804
3474,LINDBERGH DR,18711,,P01,PARKS,3,P,0,No,0,29.78,349.791882973123
3475,LINDBERGH DR,18822,,P01,PARKS,3,P,0,No,0,29.78,367.177627322594
3476,LINDBERGH DR,18911,,P01,PARKS,3,P,0,No,0,29.78,309.957817677541
3477,LINDBERGH DR,18745,,P01,PARKS,3,P,0,No,0,29.78,320.574214547603
3478,LINDBERGH DR,18779,,P01,PARKS,3,P,0,No,0,29.78,319.797694961054
3479,LINDBERGH DR,18872,,P01,PARKS,3,P,0,No,0,29.78,285.598433963979
3480,LINDBERGH DR,18846,,P01,PARKS,3,P,0,No,0,29.78,300.958612280448
3481,POPLAR LEVEL RD,19273,,P02,PARKS,1,P,0.102263725068014,Yes,0.10226373,18.61,443.379339484736
3482,POPLAR LEVEL RD,18486,,P02,PARKS,1,P,0.08538434536520617,Yes,0.08538435,18.61,369.77406907564
3483,POPLAR LEVEL RD,26344,,P02,PARKS,1,P,0.208334012459564,Yes,0.20833401,18.61,1804.46414969658
3484,POPLAR LEVEL RD,19591,,P02,PARKS,1,P,0.08153539533432158,Yes,0.0815354,18.61,706.210729806336
3485,POPLAR LEVEL RD,29996,,P02,PARKS,1,P,0.19673767867019587,Yes,0.19673768,18.61,426.005825830184
3486,POPLAR LEVEL RD,22937,,P02,PARKS,1,P,0.36839637999658836,Yes,0.36839638,18.61,1595.41417321333
3487,GOSS AVE,18099,,P02,PARKS,1,P,0.1870498577664447,Yes,0.18704986,18.61,810.057043332674
3488,GOSS AVE,17968,,P02,PARKS,1,P,0.06455197994307764,Yes,0.06455198,18.61,559.110412669187
3489,POPLAR LEVEL RD,18518,,P02,PARKS,1,P,0.02143140788025927,Yes,0.02143141,18.61,185.62605218557
3490,POPLAR LEVEL RD,19189,,P02,PARKS,1,P,0.2078453272440942,Yes,0.20784533,18.61,900.520290476052
3491,POPLAR LEVEL RD,18635,,P02,PARKS,1,P,0.08103149351839,Yes,0.08103149,18.61,350.922940481596
3492,POPLAR LEVEL RD,19378,,P02,PARKS,1,P,0.1460407760577076,Yes,0.14604078,18.61,632.801773610671
3493,POPLAR LEVEL RD,18399,,P02,PARKS,1,P,0.06966726478411321,Yes,0.06966726,18.61,301.707908913904
3494,POPLAR LEVEL RD,19501,,P02,PARKS,1,P,0.0484400802184373,Yes,0.04844008,18.61,419.558882571156
3495,POPLAR LEVEL RD,19087,,P02,PARKS,1,P,0.04873520883677008,Yes,0.04873521,18.61,422.389823905348
3496,POPLAR LEVEL RD,19041,,P02,PARKS,1,P,0.11055114357937017,Yes,0.11055114,18.61,957.527789723824
3497,POPLAR LEVEL RD,19454,,P02,PARKS,1,P,0.050624406326863977,Yes,0.05062441,18.61,219.239070615174
3498,POPLAR LEVEL RD,18331,,P02,PARKS,1,P,0.165582720908303,Yes,0.16558272,18.61,717.089137716488
3499,POPLAR LEVEL RD,18871,,P02,PARKS,1,P,0.3860974391664886,Yes,0.38609744,18.61,1672.07223742512
3500,GOSS AVE,17874,,P02,PARKS,1,P,0.01808162410453685,Yes,0.01808162,18.61,156.61203058833
3501,POPLAR LEVEL RD,21272,,P02,PARKS,1,P,0.128770475036186,Yes,0.12877048,18.61,557.888762714135
3502,POPLAR LEVEL RD,21263,,P02,PARKS,1,P,0.21210974270068977,Yes,0.21210974,18.61,918.583650034754
3503,POPLAR LEVEL RD,18600,,P02,PARKS,1,P,0.08157096466534834,Yes,0.08157096,18.61,353.259294154096
3504,POPLAR LEVEL RD,18554,,P02,PARKS,1,P,0.02862325925598722,Yes,0.02862326,18.61,123.958930197954
3505,POPLAR LEVEL RD,19983,,P02,PARKS,1,P,0.060939288280363,Yes,0.06093929,18.61,263.909811760346
3506,GOSS AVE,18153,,P02,PARKS,1,P,0.0809077643220338,Yes,0.08090776,18.61,350.387232893634
3507,POPLAR LEVEL RD,21322,,P02,PARKS,1,P,0.0886592606926734,Yes,0.08865926,18.61,383.95671150088
3508,GOSS AVE,17672,,P02,PARKS,1,P,0.037986445901525966,Yes,0.03798645,18.61,329.015742620794
3509,POPLAR LEVEL RD,26336,,P02,PARKS,1,P,0.07596906809418284,Yes,0.07596907,18.61,328.999267548422
3510,POPLAR LEVEL RD,18541,,P02,PARKS,1,P,0.02549548273997304,Yes,0.02549548,18.61,220.826357814663
3511,POPLAR LEVEL RD,26352,,P02,PARKS,1,P,0.04529848567176768,Yes,0.04529849,18.61,392.348419151034
3512,GOSS AVE,17729,,P02,PARKS,1,P,0.0451247009900428,Yes,0.0451247,18.61,390.84314746343
3513,POPLAR LEVEL RD,20012,,P02,PARKS,1,P,0.035564697560686975,Yes,0.0355647,18.61,154.020006163948
3514,GOSS AVE,17543,,P02,PARKS,1,P,0.025353588540668427,Yes,0.02535359,18.61,219.608257476892
3515,GOSS AVE,17567,,P02,PARKS,1,P,0.02902572359632157,Yes,0.02902572,18.61,251.415329709457
3516,POPLAR LEVEL RD,19435,,P02,PARKS,1,P,0.093841586099221566,Yes,0.09384159,18.61,406.399762531185
3517,POPLAR LEVEL RD,19636,,P02,PARKS,1,P,0.093681287898224566,Yes,0.09368129,18.61,405.705635282528
3518,POPLAR LEVEL RD,19687,,P02,PARKS,1,P,0.0902890387412418,Yes,0.09028904,18.61,391.014620292915
3519,POPLAR LEVEL RD,19720,,P02,PARKS,1,P,0.05463767811587606,Yes,0.05463768,18.61,236.619446583671
3520,GOSS AVE,17844,,P02,PARKS,1,P,0.04673130296699914,Yes,0.0467313,18.61,404.758497633157
3521,GOSS AVE,17778,,P02,PARKS,1,P,0.036237025231249768,Yes,0.03623703,18.61,313.863431935372
3522,GOSS AVE,17622,,P02,PARKS,1,P,0.052417466374567838,Yes,0.05241747,18.61,454.008636868906
3523,S 3RD ST,22540,,P03,PARKS,1,P,0,No,0,16.56,506.147938682752
3524,S 3RD ST,22682,,P03,PARKS,1,P,0,No,0,16.56,733.940384963946
3525,S 3RD ST,23192,,P03,PARKS,1,P,0.08006070723914653,Yes,0.08006071,16.56,693.43781897807
3526,S 3RD ST,29964,,P03,PARKS,1,P,0,No,0,16.56,509.911008428211
3527,S 3RD ST,22836,,P03,PARKS,1,P,0,No,0,16.56,1013.62806782339
3528,SOUTHERN PKY,19722,,P03,PARKS,1,P,0.09187053436554014,Yes,0.09187053,16.56,397.863650370395
3529,S 3RD ST,19743,,P03,PARKS,1,P,0,No,0,16.56,137.033224699406
3530,S 3RD ST,21391,,P03,PARKS,1,P,0.1037139282441774,Yes,0.10371393,16.56,449.153844147531
3531,S 3RD ST,19844,,P03,PARKS,1,P,0,No,0,16.56,747.323742657906
3532,S 3RD ST,19678,,P03,PARKS,1,P,0.1656467768114887,Yes,0.16564678,16.56,717.3666321379
3533,S 3RD ST,19944,,P03,PARKS,1,P,0,No,0,16.56,512.377225844458
3534,S 3RD ST,25856,,P03,PARKS,1,P,0,No,0,16.56,918.031936676395
3535,S 3RD ST,20036,,P03,PARKS,1,P,0,No,0,16.56,509.846422764983
3536,S 3RD ST,22438,,P03,PARKS,1,P,0,No,0,16.56,509.934264336519
3537,S 3RD ST,25868,,P03,PARKS,1,P,0,No,0,16.56,860.337963798602
3538,S 3RD ST,25879,,P03,PARKS,1,P,0,No,0,16.56,1016.99470763203
3539,OAKDALE AVE,19723,,P03,PARKS,1,P,0,No,0,16.56,1401.75961635913
3540,W KENWOOD DR,23877,,P03,PARKS,2,P,0,No,0,16.56,212.221656134333
3541,W KENWOOD DR,23901,,P03,PARKS,2,P,0,No,0,16.56,263.260449781162
3542,S 3RD ST,23782,,P03,PARKS,2,P,0,No,0,16.56,307.283868288409
3543,S 3RD ST,23804,,P03,PARKS,2,P,0,No,0,16.56,181.321302739651
3544,S 3RD ST,23839,,P03,PARKS,2,P,0,No,0,16.56,497.305892037938
3545,S 3RD ST,23722,,P03,PARKS,2,P,0,No,0,16.56,338.703405878486
3546,W KENWOOD DR,26077,,P03,PARKS,2,P,0,No,0,16.56,179.522723240833
3547,E KENWOOD DR,24084,,P03,PARKS,2,P,0,No,0,16.56,68.0522803442867
3548,E KENWOOD DR,24099,,P03,PARKS,2,P,0,No,0,16.56,523.044907203514
3549,S 3RD ST,23568,,P03,PARKS,2,P,0,No,0,16.56,289.342358187529
3550,E KENWOOD DR,24068,,P03,PARKS,2,P,0,No,0,16.56,1169.49730278935
3551,SENECA TRL,23844,,P03,PARKS,2,P,0,No,0,16.56,462.846771467418
3552,W KENWOOD DR,26073,,P03,PARKS,2,P,0,No,0,16.56,128.046998790501
3553,S 3RD ST,23590,,P03,PARKS,2,P,0,No,0,16.56,289.395144290747
3554,SENECA TRL,24006,,P03,PARKS,2,P,0,No,0,16.56,629.395066927686
3555,S 3RD ST,23423,,P03,PARKS,2,P,0,No,0,16.56,609.408149726794
3556,S 3RD ST,23747,,P03,PARKS,2,P,0,No,0,16.56,341.563765717752
3557,S 3RD ST,23535,,P03,PARKS,2,P,0,No,0,16.56,288.400936200912
3558,W KENWOOD DR,23871,,P03,PARKS,2,P,0,No,0,16.56,336.758091609696
3559,E KENWOOD DR,24082,,P03,PARKS,2,P,0,No,0,16.56,199.28717592514
3560,S 3RD ST,23331,,P03,PARKS,2,P,0,No,0,16.56,810.253341578461
3561,SENECA TRL,23894,,P03,PARKS,2,P,0,No,0,16.56,476.918997305229
3562,S 3RD ST,23900,,P03,PARKS,2,P,0,No,0,16.56,597.488583284892
3563,W KENWOOD DR,23873,,P03,PARKS,2,P,0,No,0,16.56,110.932224572772
3564,S 3RD ST,23510,,P03,PARKS,2,P,0,No,0,16.56,291.487844313983
3565,S 3RD ST,23617,,P03,PARKS,2,P,0,No,0,16.56,288.422233626328
3566,S 3RD ST,23474,,P03,PARKS,2,P,0,No,0,16.56,290.738901073225
3567,W KENWOOD DR,23890,,P03,PARKS,2,P,0,No,0,16.56,419.081117740339
3568,W KENWOOD DR,23990,,P03,PARKS,2,P,0,No,0,16.56,470.25157931852
3569,E KENWOOD DR,24071,,P03,PARKS,2,P,0,No,0,16.56,32.347972985181
3570,SENECA TRL,23936,,P03,PARKS,2,P,0,No,0,16.56,449.644178359348
3571,W KENWOOD DR,23930,,P03,PARKS,2,P,0,No,0,16.56,443.452561661239
3572,W KENWOOD DR,26074,,P03,PARKS,2,P,0,No,0,16.56,342.697157640712
3573,S 3RD ST,23643,,P03,PARKS,2,P,0,No,0,16.56,341.538922006427
3574,S 3RD ST,23672,,P03,PARKS,2,P,0,No,0,16.56,340.519476675436
3575,CAROLYN RD,24041,,P03,PARKS,3,P,0,No,0,16.56,507.16379213686
3576,CAROLYN RD,24067,,P03,PARKS,3,P,0,No,0,16.56,409.795399891397
3577,SOUTHERN PKY,22439,,P04,PARKS,1,P,0.058998437397778318,Yes,0.05899844,13.51,511.009103406748
3578,SOUTHERN PKY,23278,,P04,PARKS,1,P,0,No,0,13.51,343.182937148721
3579,SOUTHERN PKY,23197,,P04,PARKS,1,P,0,No,0,13.51,339.451659223028
3580,SOUTHERN PKY,23382,,P04,PARKS,1,P,0,No,0,13.51,319.090990246121
3581,SOUTHERN PKY,23249,,P04,PARKS,1,P,0,No,0,13.51,271.943697655772
3582,SOUTHERN PKY,25848,,P04,PARKS,1,P,0.1700461472494513,Yes,0.17004615,13.51,1472.83774894865
3583,SOUTHERN PKY,19793,,P04,PARKS,1,P,0.0873941926850924,Yes,0.08739419,13.51,756.955979491734
3584,SOUTHERN PKY,22544,,P04,PARKS,1,P,0.058791360121816627,Yes,0.05879136,13.51,509.215511007151
3585,SOUTHERN PKY,19945,,P04,PARKS,1,P,0.05912762188160016,Yes,0.05912762,13.51,512.12794230833
3586,SOUTHERN PKY,23312,,P04,PARKS,1,P,0,No,0,13.51,300.227126288855
3587,W KENWOOD WAY,23108,,P04,PARKS,1,P,0.077135798654330526,Yes,0.0771358,13.51,668.104500275287
3588,SOUTHERN PKY,29965,,P04,PARKS,1,P,0.058504230805016447,Yes,0.05850423,13.51,506.728409988437
3589,SOUTHERN PKY,25855,,P04,PARKS,1,P,0.047591264164344588,Yes,0.04759126,13.51,412.206855023209
3590,SOUTHERN PKY,23422,,P04,PARKS,1,P,0,No,0,13.51,340.600978441967
3591,SOUTHERN PKY,19846,,P04,PARKS,1,P,0.03686399440475626,Yes,0.03686399,13.51,319.293929542881
3592,SOUTHERN PKY,23345,,P04,PARKS,1,P,0,No,0,13.51,312.284909822945
3593,SOUTHERN PKY,22672,,P04,PARKS,1,P,0.28031978715046446,Yes,0.28031979,13.51,693.703376460302
3594,SOUTHERN PKY,23487,,P04,PARKS,1,P,0,No,0,13.51,573.249784759281
3595,SOUTHERN PKY,20042,,P04,PARKS,1,P,0.0592184668262972,Yes,0.05921847,13.51,512.914870536011
3596,SOUTHERN PKY,23162,,P04,PARKS,1,P,0,No,0,13.51,556.605709950411
3597,SOUTHERN PKY,23099,,P04,PARKS,1,P,0,No,0,13.51,366.795745657678
3598,SOUTHERN PKY,23560,,P04,PARKS,1,P,0,No,0,13.51,1107.5450127691
3599,W KENWOOD WAY,25876,,P04,PARKS,1,P,0.06901370114375019,Yes,0.0690137,13.51,597.828198221629
3600,SOUTHERN PKY,25865,,P04,PARKS,1,P,0.10215619071430035,Yes,0.10215619,13.51,885.035679855516
3601,S 4TH ST,21383,,P03,PARKS,1,P,0,No,0,13.51,280.187926803712
3602,SOUTHERN PKY,23045,,P04,PARKS,1,P,0,No,0,13.51,1015.78012459333
3603,W SOUTHLAND BLVD,23511,,P04,PARKS,2,P,0,No,0,13.51,761.658132995252
3604,LONGFIELD AVE,19814,,P04,PARKS,2,P,0,No,0,13.51,619.810007332633
3605,W SOUTHLAND BLVD,23513,,P04,PARKS,2,P,0,No,0,13.51,152.646594991503
3606,W SOUTHLAND BLVD,23499,,P04,PARKS,2,P,0,No,0,13.51,485.854272138673
3607,W SOUTHLAND BLVD,23506,,P04,PARKS,2,P,0,No,0,13.51,147.831232935567
3608,W SOUTHLAND BLVD,23528,,P04,PARKS,2,P,0,No,0,13.51,955.941577183261
3609,LONGFIELD AVE,19808,,P04,PARKS,2,P,0,No,0,13.51,788.805521323689
3610,LONGFIELD AVE,19822,,P04,PARKS,2,P,0,No,0,13.51,1214.2787263426
3611,LONGFIELD AVE,19813,,P04,PARKS,2,P,0,No,0,13.51,738.553573488265
3612,W SOUTHLAND BLVD,23504,,P04,PARKS,2,P,0,No,0,13.51,322.737480911098
3613,W SOUTHLAND BLVD,23521,,P04,PARKS,2,P,0,No,0,13.51,319.522501408352
3614,LONGFIELD AVE,19810,,P04,PARKS,2,P,0,No,0,13.51,745.311923835232
3615,W SOUTHLAND BLVD,23588,,P04,PARKS,2,P,0,No,0,13.51,58.6875830403337
3616,W SOUTHLAND BLVD,23570,,P04,PARKS,2,P,0,No,0,13.51,791.487474532306
3617,W SOUTHLAND BLVD,23589,,P04,PARKS,2,P,0,No,0,13.51,702.023816030962
3618,W SOUTHLAND BLVD,23587,,P04,PARKS,2,P,0,No,0,13.51,443.55188045927
3619,S 4TH ST,19781,,P04,PARKS,2,P,0,No,0,13.51,645.559906408533
3620,S 4TH ST,19821,,P04,PARKS,2,P,0,No,0,13.51,361.258511235131
3621,S 5TH ST,19845,,P04,PARKS,3,P,0,No,0,13.51,149.534593745269
3622,W ASHLAND AVE,22822,,P04,PARKS,3,P,0,No,0,13.51,110.864699133956
3623,W FLORENCE AVE,22545,,P04,PARKS,3,P,0.09113682190898,Yes,0.09113682,13.51,526.248387708918
3624,S 5TH ST,20013,,P04,PARKS,3,P,0,No,0,13.51,340.06237571446
3625,W ASHLAND AVE,22872,,P04,PARKS,3,P,0,No,0,13.51,551.123548939489
3626,W ASHLAND AVE,22833,,P04,PARKS,3,P,0,No,0,13.51,386.311207710102
3627,W KENWOOD WAY,23105,,P04,PARKS,3,P,0,No,0,13.51,574.614163596651
3628,S 5TH ST,20078,,P04,PARKS,3,P,0,No,0,13.51,170.719482196856
3629,S 5TH ST,22442,,P04,PARKS,3,P,0,No,0,13.51,169.282911428066
3630,S 5TH ST,19879,,P04,PARKS,3,P,0,No,0,13.51,174.468929115079
3631,W LANSING AVE,22441,,P04,PARKS,3,P,0,No,0,13.51,449.504143078969
3632,S 5TH ST,29967,,P04,PARKS,3,P,0,No,0,13.51,339.974579716633
3633,W LANSING AVE,22440,,P04,PARKS,3,P,0,No,0,13.51,526.009785173828
3634,W ASHLAND AVE,22857,,P04,PARKS,3,P,0,No,0,13.51,469.307803788833
3635,W SOUTHERN HEIGHTS AVE,22683,,P04,PARKS,3,P,0.091107834886618638,Yes,0.09110783,13.51,526.080996104046
3636,S 5TH ST,20040,,P04,PARKS,3,P,0,No,0,13.51,169.438652707256
3637,W ASHLAND AVE,25849,,P04,PARKS,3,P,0,No,0,13.51,461.228848136286
3638,W ASHLAND AVE,22879,,P04,PARKS,3,P,0,No,0,13.51,430.451704114849
3639,S 5TH ST,19951,,P04,PARKS,3,P,0,No,0,13.51,340.607661763857
3640,W ASHLAND AVE,22827,,P04,PARKS,3,P,0,No,0,13.51,591.812548010612
3641,S 5TH ST,22403,,P04,PARKS,3,P,0,No,0,13.51,340.06482771081
3642,W ASHLAND AVE,22851,,P04,PARKS,3,P,0,No,0,13.51,487.842973775886
3643,W ASHLAND AVE,25780,,P04,PARKS,3,P,0,No,0,13.51,511.66293474226
3644,W ASHLAND AVE,22829,,P04,PARKS,3,P,0,No,0,13.51,271.663014187815
3645,W ASHLAND AVE,22842,,P04,PARKS,3,P,0,No,0,13.51,490.611434960563
3646,CRITTENDEN DR,22530,,P05,PARKS,1,P,0.036528501364853867,Yes,0.0365285,22.98,316.387859621935
3647,CRITTENDEN DR,19371,,P05,PARKS,1,P,0.16981741534452227,Yes,0.16981742,22.98,490.28568226355
3648,CRITTENDEN DR,22610,,P05,PARKS,1,P,0.0700966262419683,Yes,0.07009663,22.98,242.853951753285
3649,CRITTENDEN DR,19275,,P05,PARKS,1,P,0.100356537018492,Yes,0.10035654,22.98,434.614102654944
3650,CRITTENDEN DR,19674,,P05,PARKS,1,P,0.11494793915751088,Yes,0.11494794,22.98,497.804970227109
3651,CRITTENDEN DR,29976,,P05,PARKS,1,P,0.07309026749031165,Yes,0.07309027,22.98,316.532162296991
3652,CRITTENDEN DR,22735,,P05,PARKS,1,P,0.0113200003431931,Yes,0.01132,22.98,49.0233876481094
3653,S FLOYD ST,18636,,P05,PARKS,1,P,0,No,0,22.98,1387.25150646591
3654,UNIVERSITY BLVD,39726,,P05,PARKS,1,P,0,No,0,22.98,230.910870548233
3655,CRITTENDEN DR,22775,,P05,PARKS,1,P,0.052059884197242737,Yes,0.05205988,22.98,225.455700245872
3656,UNIVERSITY BLVD,18817,,P05,PARKS,1,P,0,No,0,22.98,637.716464680817
3657,CRITTENDEN DR,22666,,P05,PARKS,1,P,0.179033916393571,Yes,0.17903392,22.98,443.05250592949
3658,CRITTENDEN DR,22724,,P05,PARKS,1,P,0.051922345164770026,Yes,0.05192235,22.98,224.86029411493
3659,CRITTENDEN DR,20086,,P05,PARKS,1,P,0.155681157418167,Yes,0.15568116,22.98,674.208260933572
3660,CRITTENDEN DR,22566,,P05,PARKS,1,P,0.0247100856547835,Yes,0.02471009,22.98,85.6097452952154
3661,W WOODLAWN AVE,25871,,P05,PARKS,1,P,0,No,0,22.98,478.421299394229
3662,E WOODLAWN AVE,25875,,P05,PARKS,1,P,0,No,0,22.98,1138.42608580637
3663,W WOODLAWN AVE,25873,,P05,PARKS,1,P,0,No,0,22.98,481.10380412034
3664,CRITTENDEN DR,19424,,P05,PARKS,1,P,0.06822410483119298,Yes,0.0682241,22.98,295.458067221416
3665,CRITTENDEN DR,22405,,P05,PARKS,1,P,0.07260297039068528,Yes,0.07260297,22.98,314.421656996387
3666,CRITTENDEN DR,19604,,P05,PARKS,1,P,0.25609845465817727,Yes,0.25609845,22.98,887.268588764311
3667,CRITTENDEN DR,19474,,P05,PARKS,1,P,0.0959621532315302,Yes,0.09596215,22.98,415.583145204639
3668,CRITTENDEN DR,22447,,P05,PARKS,1,P,0.037289203984848446,Yes,0.0372892,22.98,161.488177834673
3669,CRITTENDEN DR,25904,,P05,PARKS,1,P,0,No,0,22.98,2082.07104783851
3670,UNIVERSITY BLVD,18830,,P05,PARKS,1,P,0,No,0,22.98,333.69618946356
3671,CRITTENDEN DR,22470,,P05,PARKS,1,P,0.03793028618572833,Yes,0.03793029,22.98,164.264845054735
3672,CRITTENDEN DR,19179,,P05,PARKS,1,P,0.145473015557082,Yes,0.14547302,22.98,629.999910955244
3673,E WOODLAWN AVE,36083,,P05,PARKS,1,P,0,No,0,22.98,1877.9229661677
3674,CRITTENDEN DR,18882,,P05,PARKS,1,P,0,No,0,22.98,246.932902589448
3675,CRITTENDEN DR,18957,,P05,PARKS,1,P,0,No,0,22.98,337.655001242485
3676,CRITTENDEN DR,19042,,P05,PARKS,1,P,0,No,0,22.98,373.378601977239
3677,W WOODLAWN AVE,25869,,P05,PARKS,1,P,0,No,0,22.98,644.019834983025
3678,CRITTENDEN DR,19897,,P05,PARKS,1,P,0.19264391072044557,Yes,0.19264391,22.98,834.283281398059
3679,CRITTENDEN DR,19964,,P05,PARKS,1,P,0.0726140434237375,Yes,0.07261404,22.98,314.469536109024
3680,CRITTENDEN DR,19762,,P05,PARKS,1,P,0.1403566267126558,Yes,0.14035663,22.98,607.842399364856
3681,S FLOYD ST,21365,,P05,PARKS,2,P,0,No,0,22.98,1595.53749715505
3682,PARK BLVD,29985,,P05,PARKS,2,P,0,No,0,22.98,306.272660196353
3683,PARK BLVD,22411,,P05,PARKS,2,P,0,No,0,22.98,315.510250634642
3684,S FLOYD ST,18996,,P05,PARKS,2,P,0,No,0,22.98,412.334042204618
3685,S FLOYD ST,19459,,P05,PARKS,2,P,0,No,0,22.98,734.520671944679
3686,S FLOYD ST,40304,,P05,PARKS,2,P,0,No,0,22.98,191.842772361633
3687,S FLOYD ST,19305,,P05,PARKS,2,P,0,No,0,22.98,1428.58744610973
3688,S FLOYD ST,18904,,P05,PARKS,2,P,0,No,0,22.98,524.152957950373
3689,PARK BLVD,20096,,P05,PARKS,2,P,0,No,0,22.98,1236.08705501748
3690,S FLOYD ST,21358,,P05,PARKS,2,P,0,No,0,22.98,934.095852174583
3691,S FLOYD ST,19868,,P05,PARKS,2,P,0,No,0,22.98,302.65832633516
3692,S 6TH ST,23089,,P05,PARKS,2,P,0,No,0,22.98,1328.55734087113
3693,CRITTENDEN DR,36082,,P05,PARKS,2,P,0,No,0,22.98,4107.68393328037
3694,PARK BLVD,36077,,P05,PARKS,2,P,0,No,0,22.98,305.091552571106
3695,CRITTENDEN DR,36085,,P05,PARKS,2,P,0,No,0,22.98,1005.08289228907
3696,W WOODLAWN AVE,22989,,P05,PARKS,2,P,0,No,0,22.98,347.160203248393
3697,W WOODLAWN AVE,22981,,P05,PARKS,2,P,0,No,0,22.98,452.762635280618
3698,CRITTENDEN DR,18827,,P05,PARKS,3,P,0,No,0,22.98,420.713597415154
3699,S 6TH ST,22871,,P05,PARKS,3,P,0,No,0,22.98,537.680816634332
3700,BOXLEY AVE,21348,,P05,PARKS,3,P,0,No,0,22.98,238.800516507707
3701,BOXLEY AVE,21346,,P05,PARKS,3,P,0,No,0,22.98,809.195343782779
3702,SOUTHCREST DR,22856,,P05,PARKS,3,P,0,No,0,22.98,986.047764503735
3703,BOXLEY AVE,21347,,P05,PARKS,3,P,0,No,0,22.98,205.014864647816
3704,BELLEVUE AVE,22970,,P05,PARKS,3,P,0,No,0,22.98,1266.8450107452
3705,S 6TH ST,22977,,P05,PARKS,3,P,0,No,0,22.98,315.242360841414
3706,KATHLEEN AVE,22737,,P05,PARKS,3,P,0,No,0,22.98,553.495496057782
3707,S 6TH ST,22960,,P05,PARKS,3,P,0,No,0,22.98,955.466073189748
3708,BELLEVUE AVE,22850,,P05,PARKS,3,P,0,No,0,22.98,1015.02344117774
3709,CRITTENDEN DR,18734,,P05,PARKS,3,P,0,No,0,22.98,481.489297671976
3710,BELLEVUE AVE,23226,,P05,PARKS,3,P,0,No,0,22.98,1282.61868803898
3711,BROOKLINE AVE,23273,,P05,PARKS,3,P,0,No,0,22.98,459.245862293748
3712,BELLEVUE AVE,23078,,P05,PARKS,3,P,0,No,0,22.98,1165.34229252678
3713,PEACHTREE AVE,23274,,P05,PARKS,3,P,0,No,0,22.98,294.34635094137
3714,S 6TH ST,22750,,P05,PARKS,3,P,0,No,0,22.98,143.037658158831
3715,S 6TH ST,22801,,P05,PARKS,3,P,0,No,0,22.98,305.642774897067
3716,S 6TH ST,23252,,P05,PARKS,3,P,0,No,0,22.98,537.677609679911
3717,S 6TH ST,23167,,P05,PARKS,3,P,0,No,0,22.98,789.997537396558
3718,BOXLEY AVE,19475,,P05,PARKS,3,P,0,No,0,22.98,438.040759283761
3719,CRITTENDEN DR,18832,,P05,PARKS,3,P,0,No,0,22.98,58.8171600172943
3720,TREVILIAN WAY,19287,,P06,PARKS,1,P,0,No,0,18.16,1019.65115106315
3721,PHILLIPS LN,19952,,P06,PARKS,1,P,0,No,0,18.16,348.212430815352
3722,TREVILIAN WAY,18661,,P06,PARKS,1,P,0,No,0,18.16,512.222794526493
3723,TREVILIAN WAY,18640,,P06,PARKS,1,P,0,No,0,18.16,229.024588914585
3724,PHILLIPS LN,22653,,P06,PARKS,1,P,0,No,0,18.16,1711.24540589011
3725,TREVILIAN WAY,18888,,P06,PARKS,1,P,0,No,0,18.16,897.112548473019
3726,PHILLIPS LN,22614,,P06,PARKS,1,P,0,No,0,18.16,370.634534448275
3727,TREVILIAN WAY,21136,,P06,PARKS,1,P,0,No,0,18.16,724.144089780261
3728,PHILLIPS LN,22555,,P06,PARKS,1,P,0,No,0,18.16,414.373323683991
3729,PHILLIPS LN,22501,,P06,PARKS,1,P,0,No,0,18.16,955.636116177462
3730,TREVILIAN WAY,19440,,P06,PARKS,1,P,0,No,0,18.16,1652.07195973298
3731,TREVILIAN WAY,21128,,P06,PARKS,1,P,0,No,0,18.16,371.774192781665
3732,TREVILIAN WAY,19180,,P06,PARKS,1,P,0,No,0,18.16,1579.90434570428
3733,TREVILIAN WAY,21130,,P06,PARKS,1,P,0,No,0,18.16,309.002535183105
3734,PHILLIPS LN,20087,,P06,PARKS,1,P,0,No,0,18.16,913.359624133774
3735,PHILLIPS LN,22491,,P06,PARKS,1,P,0,No,0,18.16,622.679417436794
3736,TREVILIAN WAY,19500,,P06,PARKS,1,P,0,No,0,18.16,227.076185238351
3737,TREVILIAN WAY,19483,,P06,PARKS,1,P,0,No,0,18.16,559.539251103277
3738,TREVILIAN WAY,18766,,P06,PARKS,1,P,0,No,0,18.16,871.604516544702
3739,PHILLIPS LN,20002,,P06,PARKS,1,P,0,No,0,18.16,611.806862941305
3740,TREVILIAN WAY,18929,,P06,PARKS,1,P,0,No,0,18.16,368.904443332752
3741,PHILLIPS LN,30010,,P06,PARKS,1,P,0,No,0,18.16,809.493478716406
3742,TREVILIAN WAY,18534,,P06,PARKS,1,P,0,No,0,18.16,690.209631555493
3743,TREVILIAN WAY,18424,,P06,PARKS,1,P,0,No,0,18.16,745.326830361163
3744,TREVILIAN WAY,21123,,P06,PARKS,1,P,0,No,0,18.16,416.172222193764
3745,PARK BLVD,30439,,P06,PARKS,1,P,0,No,0,18.16,1200.84157598297
3746,BELMAR DR,19991,,P06,PARKS,2,P,0,No,0,18.16,195.231672071971
3747,BELMAR DR,31607,,P06,PARKS,2,P,0,No,0,18.16,245.338670485848
3748,BELMAR DR,20019,,P06,PARKS,2,P,0,No,0,18.16,218.53527658055
3749,BELMAR DR,19823,,P06,PARKS,2,P,0,No,0,18.16,508.036174983345
3750,BELMAR DR,19884,,P06,PARKS,2,P,0,No,0,18.16,434.296372237611
3751,BELMAR DR,31608,,P06,PARKS,2,P,0,No,0,18.16,250.203630744031
3752,BELMAR DR,19958,,P06,PARKS,2,P,0,No,0,18.16,438.431571137714
3753,BELMAR DR,20085,,P06,PARKS,2,P,0,No,0,18.16,311.482068667785
3754,BELMAR DR,20084,,P06,PARKS,2,P,0,No,0,18.16,449.216911975938
3755,BELMAR DR,19734,,P06,PARKS,2,P,0,No,0,18.16,376.612773688842
3756,BELMAR DR,19516,,P06,PARKS,2,P,0,No,0,18.16,229.641572626979
3757,BELMAR DR,20080,,P06,PARKS,2,P,0,No,0,18.16,429.179641082323
3758,BELMAR DR,19676,,P06,PARKS,2,P,0,No,0,18.16,591.532994635904
3759,BELMAR DR,19545,,P06,PARKS,2,P,0,No,0,18.16,263.841189504679
3760,BELMAR DR,32866,,P06,PARKS,2,P,0,No,0,18.16,312.395783827876
3761,BELMAR DR,20052,,P06,PARKS,2,P,0,No,0,18.16,1348.38218043093
3762,BELMAR DR,19688,,P06,PARKS,2,P,0,No,0,18.16,59.9749735561235
3763,BELMAR DR,20033,,P06,PARKS,2,P,0,No,0,18.16,428.478207272384
3764,BELMAR DR,29940,,P06,PARKS,2,P,0,No,0,18.16,488.860372475329
3765,BELMAR DR,19827,,P06,PARKS,2,P,0,No,0,18.16,950.128725410863
3766,BELMAR DR,19789,,P06,PARKS,2,P,0,No,0,18.16,96.1924799450605
3767,BELMAR DR,19780,,P06,PARKS,2,P,0,No,0,18.16,433.921084905975
3768,BELMAR DR,19826,,P06,PARKS,2,P,0,No,0,18.16,341.478915077364
3769,ASHWOOD DR,18889,,P06,PARKS,3,P,0,No,0,18.16,340.825412094611
3770,ASHWOOD DR,18850,,P06,PARKS,3,P,0,No,0,18.16,280.517135756345
3771,SARATOGA DR,18637,,P06,PARKS,3,P,0,No,0,18.16,587.433631174349
3772,ASHWOOD DR,21171,,P06,PARKS,3,P,0,No,0,18.16,458.661239064894
3773,CARLTON TER,18662,,P06,PARKS,3,P,0,No,0,18.16,905.577596506918
3774,HARVARD DR,18551,,P06,PARKS,3,P,0,No,0,18.16,797.405746351527
3775,CARLTON TER,18552,,P06,PARKS,3,P,0,No,0,18.16,308.927872077995
3776,RAVINIA AVE,21124,,P06,PARKS,3,P,0,No,0,18.16,315.932689975749
3777,SARATOGA DR,18849,,P06,PARKS,3,P,0,No,0,18.16,1486.68880372168
3778,RIDGEFIELD RD,19336,,P06,PARKS,3,P,0,No,0,18.16,291.849025105668
3779,SARATOGA DR,18668,,P06,PARKS,3,P,0,No,0,18.16,1912.40648306343
3780,YALE DR,18602,,P06,PARKS,3,P,0,No,0,18.16,604.95407724162
3781,OVERLOOK TER,18598,,P06,PARKS,3,P,0,No,0,18.16,939.194509652696
3782,BOULEVARD NAPOLEON,18633,,P06,PARKS,3,P,0,No,0,18.16,319.3246217552
3783,ASHWOOD DR,21170,,P06,PARKS,3,P,0,No,0,18.16,1195.20201966656
3784,RIDGEFIELD RD,19379,,P06,PARKS,3,P,0,No,0,18.16,283.278117426688
3785,RIDGE RD,18638,,P06,PARKS,3,P,0,No,0,18.16,619.711862816835
3786,YALE DR,18599,,P06,PARKS,3,P,0,No,0,18.16,771.246091061078
3787,OAK HILL RD,19335,,P06,PARKS,3,P,0,No,0,18.16,963.715748827474
3788,EASTVIEW AVE,21134,,P06,PARKS,3,P,0,No,0,18.16,996.252771392132
3789,BOULEVARD NAPOLEON,18601,,P06,PARKS,3,P,0,No,0,18.16,1025.2377762742
3790,YALE DR,18498,,P06,PARKS,3,P,0,No,0,18.16,593.355730351515
3791,YALE DR,18400,,P06,PARKS,3,P,0,No,0,18.16,677.455919305133
3792,LAKESIDE DR,21127,,P06,PARKS,3,P,0,No,0,18.16,399.373512137613
3793,SARATOGA DR,18543,,P06,PARKS,3,P,0,No,0,18.16,804.620704365845
3794,MANSLICK RD,26414,,P07,PARKS,1,P,0.0510127193732289,Yes,0.05101272,38.93,441.841450351019
3795,ST ANDREWS CHURCH RD,29041,,P07,PARKS,1,P,0.02995087463810007,Yes,0.02995087,38.93,259.4166346012
3796,ST ANDREWS CHURCH RD,29056,,P07,PARKS,1,P,0.012092060655960576,Yes,0.01209206,38.93,104.734463115359
3797,GAGEL AVE,36320,,P07,PARKS,1,P,0,No,0,38.93,304.75644434395
3798,ST ANDREWS CHURCH RD,29045,,P07,PARKS,1,P,0.0468625230605224,Yes,0.04686252,38.93,405.895065531422
3799,MANSLICK RD,26164,,P07,PARKS,1,P,0.0061671063503471926,Yes,0.00616711,38.93,53.4155369612905
3800,ST ANDREWS CHURCH RD,31691,,P07,PARKS,1,P,0.03157873040825744,Yes,0.03157873,38.93,273.515834541758
3801,ST ANDREWS CHURCH RD,29083,,P07,PARKS,1,P,0.476280181326502,Yes,0.47628018,38.93,2062.62626982703
3802,ST ANDREWS CHURCH RD,26023,,P07,PARKS,1,P,0.1242174860261178,Yes,0.12421749,38.93,1075.99182360905
3803,GAGEL AVE,23377,,P07,PARKS,1,P,0,No,0,38.93,707.344036315417
3804,ST ANDREWS CHURCH RD,26026,,P07,PARKS,1,P,0.07500079716670825,Yes,0.0750008,38.93,649.998679520901
3805,MANSLICK RD,26416,,P07,PARKS,1,P,0.036103295587806,Yes,0.0361033,38.93,312.705227808155
3806,GAGEL AVE,23400,,P07,PARKS,1,P,0,No,0,38.93,1572.99019438952
3807,MANSLICK RD,24103,,P07,PARKS,1,P,0.037481014223343635,Yes,0.03748101,38.93,324.638008787396
3808,ST ANDREWS CHURCH RD,29043,,P07,PARKS,1,P,0.03891784611252522,Yes,0.03891785,38.93,337.082878887467
3809,GAGEL AVE,34301,,P07,PARKS,1,P,0,No,0,38.93,594.564545096119
3810,GAGEL AVE,30093,,P07,PARKS,1,P,0,No,0,38.93,1182.617260319
3811,MANSLICK RD,26013,,P07,PARKS,1,P,0.041965159059219728,Yes,0.04196516,38.93,363.477104268021
3812,ST ANDREWS CHURCH RD,24134,,P07,PARKS,1,P,0.06514913340737105,Yes,0.06514913,38.93,564.381005888797
3813,ST ANDREWS CHURCH RD,28999,,P07,PARKS,1,P,0.1202486231310067,Yes,0.12024862,38.93,520.760771612071
3814,MANSLICK RD,26004,,P07,PARKS,1,P,0.035381870937055415,Yes,0.03538187,38.93,306.456577828757
3815,ST ANDREWS CHURCH RD,31692,,P07,PARKS,1,P,0.0337342361281796,Yes,0.03373424,38.93,292.185910323796
3816,MANSLICK RD,26009,,P07,PARKS,1,P,0.045314206634923318,Yes,0.04531421,38.93,392.484520612495
3817,ST ANDREWS CHURCH RD,26027,,P07,PARKS,1,P,0.1872303709175835,Yes,0.18723037,38.93,1621.6771594359
3818,MANSLICK RD,26011,,P07,PARKS,1,P,0.01527157719314802,Yes,0.01527158,38.93,132.273258366506
3819,GAGEL AVE,23416,,P07,PARKS,1,P,0,No,0,38.93,459.835642398767
3820,GAGEL AVE,26413,,P07,PARKS,1,P,0,No,0,38.93,2421.99904294049
3821,ST ANDREWS CHURCH RD,24111,,P07,PARKS,1,P,0.070751045234969417,Yes,0.07075105,38.93,408.535403076143
3822,GAGEL AVE,23367,,P07,PARKS,1,P,0,No,0,38.93,199.259848811416
3823,MANSLICK RD,26005,,P07,PARKS,1,P,0.0739498784458397,Yes,0.07394988,38.93,640.50949523406
3824,MANSLICK RD,24036,,P07,PARKS,1,P,0.092592871676244165,Yes,0.09259287,38.93,802.137710212182
3825,MANSLICK RD,23914,,P07,PARKS,1,P,0.11406131952554477,Yes,0.11406132,38.93,987.930681245052
3826,MANSLICK RD,23975,,P07,PARKS,1,P,0.04047200704220397,Yes,0.04047201,38.93,350.658123627883
3827,MANSLICK RD,24090,,P07,PARKS,1,P,0.08728774475712414,Yes,0.08728774,38.93,756.033935734293
3828,ST ANDREWS CHURCH RD,31503,,P07,PARKS,1,P,0.1386547183762956,Yes,0.13865472,38.93,1200.94392911673
3829,ST ANDREWS CHURCH RD,31504,,P07,PARKS,1,P,0.023195231902834266,Yes,0.02319523,38.93,200.903176710845
3830,ST ANDREWS CHURCH RD,29084,,P07,PARKS,1,P,0.0379448125262758,Yes,0.03794481,38.93,328.655251770727
3831,ST ANDREWS CHURCH RD,30114,,P07,PARKS,1,P,0.048347259742831147,Yes,0.04834726,38.93,418.755072226743
3832,ST ANDREWS CHURCH RD,29038,,P07,PARKS,1,P,0.09102746606366434,Yes,0.09102747,38.93,788.425332598346
3833,ST ANDREWS CHURCH RD,29086,,P07,PARKS,1,P,0.09149157930728306,Yes,0.09149158,38.93,792.444958141329
3834,ARNOLDTOWN RD,29052,,P07,PARKS,2,P,0,No,0,38.93,1127.93607382505
3835,ARNOLDTOWN RD,29080,,P07,PARKS,2,P,0,No,0,38.93,989.950971961187
3836,ARNOLDTOWN RD,29073,,P07,PARKS,2,P,0,No,0,38.93,526.777461381844
3837,ARNOLDTOWN RD,24661,,P07,PARKS,2,P,0,No,0,38.93,630.325394142456
3838,BLANTON LN,29012,,P07,PARKS,2,P,0,No,0,38.93,872.310720192635
3839,ARNOLDTOWN RD,29066,,P07,PARKS,2,P,0,No,0,38.93,707.938959544346
3840,ARNOLDTOWN RD,24894,,P07,PARKS,2,P,0,No,0,38.93,1618.07175075327
3841,ARNOLDTOWN RD,30126,,P07,PARKS,2,P,0,No,0,38.93,968.099383935305
3842,BLANTON LN,29015,,P07,PARKS,2,P,0,No,0,38.93,1492.44082342013
3843,ARNOLDTOWN RD,27807,,P07,PARKS,2,P,0,No,0,38.93,1154.59027904131
3844,BLANTON LN,29016,,P07,PARKS,2,P,0,No,0,38.93,543.661644363075
3845,BLANTON LN,29007,,P07,PARKS,2,P,0,No,0,38.93,1419.29433016072
3846,BLANTON LN,29085,,P07,PARKS,2,P,0,No,0,38.93,385.088914274584
3847,ARNOLDTOWN RD,24716,,P07,PARKS,2,P,0,No,0,38.93,604.793449515641
3848,BLANTON LN,29010,,P07,PARKS,2,P,0,No,0,38.93,354.544427710991
3849,ARNOLDTOWN RD,25048,,P07,PARKS,2,P,0,No,0,38.93,2445.85243431634
3850,ARNOLDTOWN RD,24619,,P07,PARKS,2,P,0,No,0,38.93,286.442599514943
3851,ARNOLDTOWN RD,27756,,P07,PARKS,2,P,0,No,0,38.93,744.739782547745
3852,ARNOLDTOWN RD,24744,,P07,PARKS,2,P,0,No,0,38.93,427.254598801215
3853,BLANTON LN,29018,,P07,PARKS,2,P,0,No,0,38.93,176.472296307558
3854,DAWN DR,29658,,P07,PARKS,3,P,0,No,0,38.93,1065.11760772491
3855,TIMBER HILLS RD,24905,,P07,PARKS,3,P,0,No,0,38.93,364.366837751708
3856,WINDSOR FOREST DR,24999,,P07,PARKS,3,P,0,No,0,38.93,2252.85655427918
3857,OAK VALLEY DR,26486,,P07,PARKS,3,P,0,No,0,38.93,203.497444373881
3858,DORSET RD,29063,,P07,PARKS,3,P,0,No,0,38.93,320.190285131083
3859,HIGH PINE DR,25983,,P07,PARKS,3,P,0,No,0,38.93,533.007524635283
3860,LOCKLEE RD,29053,,P07,PARKS,3,P,0,No,0,38.93,328.570379725277
3861,WINDSOR LAKES PKY,27859,,P07,PARKS,3,P,0,No,0,38.93,477.240255216362
3862,LAKERIDGE DR,25186,,P07,PARKS,3,P,0,No,0,38.93,732.954616835168
3863,DE MEL AVE,26474,,P07,PARKS,3,P,0,No,0,38.93,532.881670330559
3864,TALL OAKS CT,26158,,P07,PARKS,3,P,0,No,0,38.93,434.810822274959
3865,PINE MOUNTAIN DR,25994,,P07,PARKS,3,P,0,No,0,38.93,290.377982557099
3866,PIKES PEAK BLVD,25999,,P07,PARKS,3,P,0,No,0,38.93,462.497263672405
3867,PIKES PEAK BLVD,26000,,P07,PARKS,3,P,0,No,0,38.93,598.840902938287
3868,TABLE MOUNTAIN AVE,25995,,P07,PARKS,3,P,0,No,0,38.93,326.602724101659
3869,HIGH PINE DR,25979,,P07,PARKS,3,P,0,No,0,38.93,296.58302341024
3870,WINDSOR FOREST DR,30130,,P07,PARKS,3,P,0,No,0,38.93,969.596417561215
3871,BLUE SPRUCE CT,25980,,P07,PARKS,3,P,0,No,0,38.93,251.246779804854
3872,DAWN DR,29660,,P07,PARKS,3,P,0,No,0,38.93,692.262839480389
3873,HIGH PINE DR,25976,,P07,PARKS,3,P,0,No,0,38.93,314.973559497671
3874,HIGH PINE DR,25981,,P07,PARKS,3,P,0,No,0,38.93,215.869436681455
3875,PARKWOOD RD,26586,,P07,PARKS,3,P,0,No,0,38.93,326.780289099192
3876,MEYERS LN,27317,,P07,PARKS,3,P,0,No,0,38.93,1682.77058083451
3877,WINDSOR LAKES PKY,24629,,P07,PARKS,3,P,0,No,0,38.93,273.901164088549
3878,CLAYTON TER,24502,,P07,PARKS,3,P,0,No,0,38.93,277.683726841964
3879,OAK VALLEY DR,32465,,P07,PARKS,3,P,0,No,0,38.93,293.038877652139
3880,CLAYTON TER,30124,,P07,PARKS,3,P,0,No,0,38.93,766.057200119084
3881,PIKES PEAK BLVD,26003,,P07,PARKS,3,P,0,No,0,38.93,799.616923102685
3882,WINDSOR FOREST DR,30136,,P07,PARKS,3,P,0,No,0,38.93,1017.96981403927
3883,HARDWOOD FOREST DR,31060,,P07,PARKS,3,P,0,No,0,38.93,856.758981636392
3884,OAK VALLEY DR,30174,,P07,PARKS,3,P,0,No,0,38.93,458.248581073947
3885,OAK VALLEY DR,39992,,P07,PARKS,3,P,0,No,0,38.93,2522.58737478843
3886,SUNNYS HALO CT,31062,,P07,PARKS,3,P,0,No,0,38.93,398.111140801034
3887,MOUNTAIN BROOK DR,24907,,P07,PARKS,3,P,0,No,0,38.93,603.214628280936
3888,DE MEL AVE,34920,,P07,PARKS,3,P,0,No,0,38.93,1214.47182010899
3889,LOCKLEE RD,29061,,P07,PARKS,3,P,0,No,0,38.93,568.982561178445
3890,PARKWOOD RD,26585,,P07,PARKS,3,P,0,No,0,38.93,279.450939513276
3891,STEPHAN LN,26008,,P07,PARKS,3,P,0,No,0,38.93,841.468172218699
3892,DORSET RD,29065,,P07,PARKS,3,P,0,No,0,38.93,321.68970394621
3893,WINDSOR PARK DR,25166,,P07,PARKS,3,P,0,No,0,38.93,430.27641208248
3894,TIMBER HILLS RD,24889,,P07,PARKS,3,P,0,No,0,38.93,189.327565003404
3895,LAKERIDGE DR,25198,,P07,PARKS,3,P,0,No,0,38.93,181.024493501406
3896,WINDSOR LAKES PKY,32511,,P07,PARKS,3,P,0,No,0,38.93,948.235988860714
3897,SUNNYS HALO CT,33792,,P07,PARKS,3,P,0,No,0,38.93,894.7933347697
3898,WINDSOR FOREST DR,27936,,P07,PARKS,3,P,0,No,0,38.93,311.50013093033
3899,OAK VALLEY DR,32467,,P07,PARKS,3,P,0,No,0,38.93,361.169799023344
3900,DE MEL AVE,26475,,P07,PARKS,3,P,0,No,0,38.93,156.960285582054
3901,LAKERIDGE DR,30141,,P07,PARKS,3,P,0,No,0,38.93,1514.75460459451
3902,PIKES PEAK BLVD,26582,,P07,PARKS,3,P,0,No,0,38.93,1251.59188399962
3903,WINDSOR LAKES PKY,27862,,P07,PARKS,3,P,0,No,0,38.93,182.238294261719
3904,WINDSOR FOREST DR,24991,,P07,PARKS,3,P,0,No,0,38.93,255.331683199282
3905,ROLLING OAK BLVD,32276,,P07,PARKS,3,P,0,No,0,38.93,540.084452359225
3906,LAKERIDGE DR,25134,,P07,PARKS,3,P,0,No,0,38.93,1586.48000830301
3907,PARKWOOD RD,26587,,P07,PARKS,3,P,0,No,0,38.93,302.207295058851
3908,HILL TOP MANOR RD,24503,,P07,PARKS,3,P,0,No,0,38.93,1011.98541706459
3909,ALICE KAY DR,26010,,P07,PARKS,3,P,0,No,0,38.93,840.143793397342
3910,ROLLING OAK BLVD,26569,,P07,PARKS,3,P,0,No,0,38.93,339.356826163769
3911,TIMBER HILLS RD,30138,,P07,PARKS,3,P,0,No,0,38.93,444.29227642465
3912,OAK VALLEY DR,32466,,P07,PARKS,3,P,0,No,0,38.93,287.337937915662
3913,HIGH PINE DR,25985,,P07,PARKS,3,P,0,No,0,38.93,236.324010753804
3914,HARDWOOD FOREST DR,27801,,P07,PARKS,3,P,0,No,0,38.93,2300.65746619067
3915,PIKES PEAK BLVD,25992,,P07,PARKS,3,P,0,No,0,38.93,328.559265928494
3916,HIGH PINE DR,25993,,P07,PARKS,3,P,0,No,0,38.93,227.310713667657
3917,PINE MOUNTAIN DR,25988,,P07,PARKS,3,P,0,No,0,38.93,765.249011880736
3918,PARKWOOD RD,26553,,P07,PARKS,3,P,0,No,0,38.93,685.292717999927
3919,DAWN DR,29659,,P07,PARKS,3,P,0,No,0,38.93,693.509323058644
3920,DAWN DR,30106,,P07,PARKS,3,P,0,No,0,38.93,322.37637592392
3921,DORSET RD,29067,,P07,PARKS,3,P,0,No,0,38.93,295.94701508038
3922,HIGH PINE DR,25978,,P07,PARKS,3,P,0,No,0,38.93,313.099199172308
3923,PIKES PEAK BLVD,25997,,P07,PARKS,3,P,0,No,0,38.93,543.58178651749
3924,TABLE MOUNTAIN AVE,26001,,P07,PARKS,3,P,0,No,0,38.93,171.820253113643
3925,PATIO CT,26016,,P07,PARKS,3,P,0,No,0,38.93,633.031467848642
3926,HARDWOOD FOREST DR,31059,,P07,PARKS,3,P,0,No,0,38.93,401.197022462546
3927,LAKERIDGE DR,27959,,P07,PARKS,3,P,0,No,0,38.93,2386.66923134835
3928,WINDSOR LAKES PKY,30127,,P07,PARKS,3,P,0,No,0,38.93,648.084561201709
3929,HARDWOOD FOREST DR,27766,,P07,PARKS,3,P,0,No,0,38.93,1681.50294024321
3930,WINDSOR FOREST DR,24699,,P07,PARKS,3,P,0,No,0,38.93,548.475583740435
3931,SANDERS LN,26573,,P07,PARKS,3,P,0,No,0,38.93,937.412142991029
3932,WINDSOR FOREST DR,25144,,P07,PARKS,3,P,0,No,0,38.93,2267.5577215571
3933,WINDSOR PARK DR,25175,,P07,PARKS,3,P,0,No,0,38.93,104.549822940429
3934,TIMBER HILLS RD,24806,,P07,PARKS,3,P,0,No,0,38.93,690.315849611
3935,TIMBER HILLS RD,24863,,P07,PARKS,3,P,0,No,0,38.93,964.007301849811
3936,PARKWOOD RD,26584,,P07,PARKS,3,P,0,No,0,38.93,505.078813877973
3937,HARDWOOD FOREST DR,31137,,P07,PARKS,3,P,0,No,0,38.93,587.530189601891
3938,WINDSOR LAKES PKY,24642,,P07,PARKS,3,P,0,No,0,38.93,198.451637759235
3939,DAWN DR,26473,,P07,PARKS,3,P,0,No,0,38.93,379.186225522701
3940,MOUNTAIN BROOK DR,24992,,P07,PARKS,3,P,0,No,0,38.93,1959.03022295316
3941,ROLLING OAK BLVD,26571,,P07,PARKS,3,P,0,No,0,38.93,194.295956875877
3942,ROLLING OAK BLVD,26570,,P07,PARKS,3,P,0,No,0,38.93,955.888688093244
3943,WINDSOR FOREST DR,25185,,P07,PARKS,3,P,0,No,0,38.93,314.955533592641
3944,WINDSOR FOREST DR,25163,,P07,PARKS,3,P,0,No,0,38.93,991.189327791279
3945,CLARKS LN,18589,,P08,PARKS,2,P,0,No,0,19.61,241.579687006894
3946,CLARKS LN,18692,,P08,PARKS,2,P,0,No,0,19.61,537.870479230595
3947,HESS LN,19337,,P08,PARKS,2,P,0,No,0,19.61,188.436137918443
3948,HESS LN,19425,,P08,PARKS,2,P,0,No,0,19.61,430.020844638348
3949,HESS LN,19071,,P08,PARKS,2,P,0,No,0,19.61,237.74367753867
3950,CLARKS LN,18896,,P08,PARKS,2,P,0,No,0,19.61,324.360221304551
3951,CLARKS LN,18764,,P08,PARKS,2,P,0,No,0,19.61,338.941760825011
3952,CLARKS LN,18720,,P08,PARKS,2,P,0,No,0,19.61,194.20350759419
3953,CLARKS LN,18937,,P08,PARKS,2,P,0,No,0,19.61,312.879500724175
3954,HESS LN,19386,,P08,PARKS,2,P,0,No,0,19.61,527.319662107119
3955,HESS LN,19452,,P08,PARKS,2,P,0,No,0,19.61,468.825083958649
3956,CLARKS LN,18857,,P08,PARKS,2,P,0,No,0,19.61,245.442407405739
3957,CLARKS LN,18566,,P08,PARKS,2,P,0,No,0,19.61,663.357905857808
3958,HESS LN,19090,,P08,PARKS,2,P,0,No,0,19.61,212.867623345322
3959,HESS LN,19464,,P08,PARKS,2,P,0,No,0,19.61,202.974482694254
3960,CLARKS LN,18654,,P08,PARKS,2,P,0,No,0,19.61,448.00474779291
3961,HESS LN,19211,,P08,PARKS,2,P,0,No,0,19.61,242.816473244267
3962,CLARKS LN,18700,,P08,PARKS,2,P,0,No,0,19.61,60.5175258964294
3963,HESS LN,19178,,P08,PARKS,2,P,0,No,0,19.61,345.917224562986
3964,HESS LN,19284,,P08,PARKS,2,P,0,No,0,19.61,346.321079350897
3965,HESS LN,19308,,P08,PARKS,2,P,0,No,0,19.61,223.101832033426
3966,HESS LN,19137,,P08,PARKS,2,P,0,No,0,19.61,325.618081447328
3967,CLARKS LN,18834,,P08,PARKS,2,P,0,No,0,19.61,296.758684301097
3968,HESS LN,19237,,P08,PARKS,2,P,0,No,0,19.61,281.346876362786
3969,HESS LN,19186,,P08,PARKS,2,P,0,No,0,19.61,112.746490591395
3970,CLARKS LN,18801,,P08,PARKS,2,P,0,No,0,19.61,353.072419697932
3971,HESS LN,19103,,P08,PARKS,2,P,0,No,0,19.61,106.791652441799
3972,HESS LN,19487,,P08,PARKS,2,P,0,No,0,19.61,311.27298289355
3973,CLARKS LN,18623,,P08,PARKS,2,P,0,No,0,19.61,416.234151459085
3974,HESS LN,19247,,P08,PARKS,2,P,0,No,0,19.61,70.2115259373467
3975,HESS LN,19321,,P08,PARKS,2,P,0,No,0,19.61,125.901766999324
3976,HESS LN,19507,,P08,PARKS,2,P,0,No,0,19.61,346.510492129863
3977,ILLINOIS AVE,19017,,P08,PARKS,3,P,0,No,0,19.61,382.844721571277
3978,TAYLOR AVE,20094,,P08,PARKS,3,P,0,No,0,19.61,424.476855581631
3979,FINCASTLE RD,21049,,P08,PARKS,3,P,0,No,0,19.61,3062.8178850737
3980,LINCOLN AVE,22362,,P08,PARKS,3,P,0,No,0,19.61,428.469616092043
3981,ILLINOIS AVE,18925,,P08,PARKS,3,P,0,No,0,19.61,898.170804933051
3982,BRADLEY AVE,19297,,P08,PARKS,3,P,0,No,0,19.61,213.819380644184
3983,TAYLOR AVE,20048,,P08,PARKS,3,P,0,No,0,19.61,435.408526649166
3984,MCKINLEY AVE,19022,,P08,PARKS,3,P,0,No,0,19.61,637.672168847373
3985,BRADLEY AVE,19244,,P08,PARKS,3,P,0,No,0,19.61,283.833870501654
3986,PINDELL AVE,18877,,P08,PARKS,3,P,0,No,0,19.61,350.252548393656
3987,ILLINOIS AVE,19162,,P08,PARKS,3,P,0,No,0,19.61,727.211319621402
3988,DURRETT LN,30038,,P08,PARKS,3,P,0,No,0,19.61,1320.63864402045
3989,TAYLOR AVE,20000,,P08,PARKS,3,P,0,No,0,19.61,457.434306783443
3990,ILLINOIS AVE,19340,,P08,PARKS,3,P,0,No,0,19.61,423.631096179651
3991,AUDUBON PKY,19239,,P08,PARKS,3,P,0,No,0,19.61,395.478957653089
3992,ILLINOIS AVE,19266,,P08,PARKS,3,P,0,No,0,19.61,437.560629229275
3993,MEADE AVE,19156,,P08,PARKS,3,P,0,No,0,19.61,704.14732448137
3994,AUDUBON PLAZA DR,18940,,P08,PARKS,3,P,0,No,0,19.61,1621.34580886109
3995,ENGLISH AVE,19155,,P08,PARKS,3,P,0,No,0,19.61,338.906226049514
3996,PINDELL AVE,18758,,P08,PARKS,3,P,0,No,0,19.61,350.705360957164
3997,INDIANA AVE,20090,,P08,PARKS,3,P,0,No,0,19.61,434.561595869312
3998,BRADLEY AVE,19191,,P08,PARKS,3,P,0,No,0,19.61,284.560191710383
3999,DURRETT LN,22576,,P08,PARKS,3,P,0,No,0,19.61,2014.69174168414
4000,ILLINOIS AVE,33007,,P08,PARKS,3,P,0,No,0,19.61,201.397334125917
4001,MCKINLEY AVE,18906,,P08,PARKS,3,P,0,No,0,19.61,297.450580191483
4002,QUARRY HILL RD,19223,,P08,PARKS,3,P,0,No,0,19.61,832.042143535414
4003,BRADLEY AVE,19068,,P08,PARKS,3,P,0,No,0,19.61,394.601120569544
4004,CLARK ST,29921,,P08,PARKS,3,P,0,No,0,19.61,687.845812337326
4005,ILLINOIS AVE,18962,,P08,PARKS,3,P,0,No,0,19.61,207.53924070827
4006,ENGLISH AVE,19123,,P08,PARKS,3,P,0,No,0,19.61,188.272823571719
4007,PINDELL AVE,19338,,P08,PARKS,3,P,0,No,0,19.61,1095.61779838627
4008,AUDUBON RIDGE DR,18781,,P08,PARKS,3,P,0,No,0,19.61,198.274875481563
4009,LOCUST LN,19388,,P08,PARKS,3,P,0,No,0,19.61,376.097531932074
4010,ILLINOIS AVE,33006,,P08,PARKS,3,P,0,No,0,19.61,236.46605072926
4011,RESERVOIR AVE,22384,,P08,PARKS,3,P,0,No,0,19.61,569.386210338891
4012,QUARRY HILL RD,19272,,P08,PARKS,3,P,0,No,0,19.61,475.324908970474
4013,PINDELL AVE,18991,,P08,PARKS,3,P,0,No,0,19.61,547.878868872566
4014,BRADLEY AVE,19131,,P08,PARKS,3,P,0,No,0,19.61,305.244289254863
4015,MEADE AVE,19238,,P08,PARKS,3,P,0,No,0,19.61,365.588937782382
4016,GRANTSWOOD CT,18782,,P08,PARKS,3,P,0,No,0,19.61,516.796696388663
4017,RESERVOIR AVE,29998,,P08,PARKS,3,P,0,No,0,19.61,710.139894607283
4018,AUDUBON PKY,19288,,P08,PARKS,3,P,0,No,0,19.61,286.873664183381
4019,AUDUBON RIDGE DR,18742,,P08,PARKS,3,P,0,No,0,19.61,824.715170849163
4020,MCKINLEY AVE,19106,,P08,PARKS,3,P,0,No,0,19.61,743.353705142677
4021,ILLINOIS AVE,18924,,P08,PARKS,3,P,0,No,0,19.61,805.354155047689
4022,INDIANA AVE,20020,,P08,PARKS,3,P,0,No,0,19.61,425.310520241161
4023,AUDUBON PKY,19279,,P08,PARKS,3,P,0,No,0,19.61,353.194920251275
4024,AUDUBON RIDGE CT,18713,,P08,PARKS,3,P,0,No,0,19.61,686.930803990088
4025,MCKINLEY AVE,18995,,P08,PARKS,3,P,0,No,0,19.61,384.818660652869
4026,BRADLEY AVE,19348,,P08,PARKS,3,P,0,No,0,19.61,309.105626544428
4027,ILLINOIS AVE,19086,,P08,PARKS,3,P,0,No,0,19.61,859.611645392316
4028,AUDUBON PKY,19331,,P08,PARKS,3,P,0,No,0,19.61,346.07079263522
4029,PINDELL AVE,18821,,P08,PARKS,3,P,0,No,0,19.61,352.34004016894
4030,INDIANA AVE,29997,,P08,PARKS,3,P,0,No,0,19.61,433.685056229795
4031,ILLINOIS AVE,19441,,P08,PARKS,3,P,0,No,0,19.61,635.380933648897
4032,TAYLOR AVE,21266,,P08,PARKS,3,P,0,No,0,19.61,314.776246357992
4033,LEE AVE,21323,,P08,PARKS,3,P,0,No,0,19.61,201.826207499851
4034,MCKINLEY AVE,19231,,P08,PARKS,3,P,0,No,0,19.61,298.599144270576
4035,ILLINOIS AVE,19200,,P08,PARKS,3,P,0,No,0,19.61,194.142073925067
4036,AUDUBON RIDGE CT,18741,,P08,PARKS,3,P,0,No,0,19.61,169.490795815162
4037,LOCUST LN,19411,,P08,PARKS,3,P,0,No,0,19.61,1862.29387095945
4038,TAYLOR AVE,29974,,P08,PARKS,3,P,0,No,0,19.61,437.554263941059
4039,AUDUBON PKY,19206,,P08,PARKS,3,P,0,No,0,19.61,178.401383078956
4040,ILLINOIS AVE,18939,,P08,PARKS,3,P,0,No,0,19.61,259.644571529753
4041,MCKINLEY AVE,19199,,P08,PARKS,3,P,0,No,0,19.61,378.765466711958
4042,ENGLISH AVE,19235,,P08,PARKS,3,P,0,No,0,19.61,639.414561459972
4043,AUDUBON PKY,19202,,P08,PARKS,3,P,0,No,0,19.61,90.4217984164074
4044,PINDELL AVE,19136,,P08,PARKS,3,P,0,No,0,19.61,758.608213862734
4045,MCKINLEY AVE,19135,,P08,PARKS,3,P,0,No,0,19.61,209.585325002459
4046,BRADLEY AVE,19383,,P08,PARKS,3,P,0,No,0,19.61,199.22634214302
4047,LINCOLN AVE,22400,,P08,PARKS,3,P,0,No,0,19.61,432.506742828086
4048,TAYLOR AVE,22383,,P08,PARKS,3,P,0,No,0,19.61,436.695805172328
4049,MEADE AVE,19177,,P08,PARKS,3,P,0,No,0,19.61,76.7086027192265
4050,MCKINLEY AVE,18954,,P08,PARKS,3,P,0,No,0,19.61,439.02846933081
4051,INDIANA AVE,41222,,P08,PARKS,3,P,0,No,0,19.61,425.770536257298
4052,INDIANA AVE,19962,,P08,PARKS,3,P,0,No,0,19.61,429.630314322435
4053,DURRETT LN,22678,,P08,PARKS,3,P,0,No,0,19.61,757.646917484537
4054,DURRETT LN,22818,,P08,PARKS,3,P,0,No,0,19.61,825.275230341266
4055,DURRETT LN,22669,,P08,PARKS,3,P,0,No,0,19.61,582.208035270671
4056,TAYLOR AVE,19955,,P08,PARKS,3,P,0,No,0,19.61,830.954937066195
4057,INDIANA AVE,19888,,P08,PARKS,3,P,0,No,0,19.61,643.738859745693
4058,DURRETT LN,22859,,P08,PARKS,3,P,0,No,0,19.61,636.655461082073
4059,E INDIAN TRL,31339,,P09,PARKS,1,P,0,No,0,20.21,578.796377857445
4060,E INDIAN TRL,23611,,P09,PARKS,1,P,0,No,0,20.21,161.948424765403
4061,E INDIAN TRL,31340,,P09,PARKS,1,P,0,No,0,20.21,266.34996891252
4062,E INDIAN TRL,10337,,P09,PARKS,1,P,0,No,0,20.21,222.623763772333
4063,E INDIAN TRL,23639,,P09,PARKS,1,P,0,No,0,20.21,141.54009088877
4064,E INDIAN TRL,23592,,P09,PARKS,1,P,0,No,0,20.21,742.649019734423
4065,E INDIAN TRL,23636,,P09,PARKS,1,P,0,No,0,20.21,1106.84678576036
4066,E INDIAN TRL,23369,,P09,PARKS,1,P,0,No,0,20.21,1345.84289875124
4067,E INDIAN TRL,10175,,P09,PARKS,1,P,0,No,0,20.21,281.501757930105
4068,E INDIAN TRL,23555,,P09,PARKS,1,P,0,No,0,20.21,372.212557848144
4069,E INDIAN TRL,23540,,P09,PARKS,1,P,0,No,0,20.21,1710.03022802579
4070,E INDIAN TRL,30086,,P09,PARKS,1,P,0,No,0,20.21,866.192161710506
4071,E INDIAN TRL,23635,,P09,PARKS,1,P,0,No,0,20.21,1001.83426612199
4072,E INDIAN TRL,23218,,P09,PARKS,1,P,0,No,0,20.21,421.777575747129
4073,E INDIAN TRL,10241,,P09,PARKS,1,P,0,No,0,20.21,1523.76333687691
4074,E INDIAN TRL,23607,,P09,PARKS,1,P,0,No,0,20.21,737.848749610224
4075,E INDIAN TRL,10321,,P09,PARKS,1,P,0,No,0,20.21,1090.64967568973
4076,E INDIAN TRL,23574,,P09,PARKS,1,P,0,No,0,20.21,265.972262372531
4077,E INDIAN TRL,23569,,P09,PARKS,1,P,0,No,0,20.21,482.408473736534
4078,E INDIAN TRL,31341,,P09,PARKS,1,P,0,No,0,20.21,256.128508716162
4079,E INDIAN TRL,23578,,P09,PARKS,1,P,0,No,0,20.21,252.463227498704
4080,JEANINE DR,24043,,P09,PARKS,2,P,0,No,0,20.21,287.837262837692
4081,RANGELAND RD,23717,,P09,PARKS,2,P,0,No,0,20.21,389.058722426198
4082,DAHL RD,23442,,P09,PARKS,2,P,0,No,0,20.21,3141.37003444936
4083,RANGELAND RD,10838,,P09,PARKS,2,P,0,No,0,20.21,1126.1831814103
4084,RANGELAND RD,10826,,P09,PARKS,2,P,0,No,0,20.21,819.850612064572
4085,VIM DR,26168,,P09,PARKS,2,P,0,No,0,20.21,1144.24757233924
4086,VIM DR,26169,,P09,PARKS,2,P,0,No,0,20.21,643.348850628709
4087,E INDIAN TRL,10159,,P09,PARKS,2,P,0,No,0,20.21,419.41626855568
4088,JEANINE DR,23831,,P09,PARKS,2,P,0,No,0,20.21,294.859739564637
4089,RANGELAND RD,23704,,P09,PARKS,2,P,0,No,0,20.21,1371.82486378278
4090,E INDIAN TRL,10118,,P09,PARKS,2,P,0,No,0,20.21,284.378998116084
4091,GILMORE LN,23023,,P09,PARKS,2,P,0,No,0,20.21,611.545673602678
4092,GILMORE LN,23156,,P09,PARKS,2,P,0,No,0,20.21,790.520072055719
4093,GILMORE LN,23211,,P09,PARKS,2,P,0,No,0,20.21,618.338719589431
4094,JEANINE DR,23793,,P09,PARKS,2,P,0,No,0,20.21,304.003536369166
4095,JEANINE DR,22324,,P09,PARKS,2,P,0,No,0,20.21,439.08474871072
4096,RANGELAND RD,10841,,P09,PARKS,2,P,0,No,0,20.21,1535.40427926369
4097,GILMORE LN,23221,,P09,PARKS,2,P,0,No,0,20.21,83.7195898614088
4098,VIM DR,26167,,P09,PARKS,2,P,0,No,0,20.21,1137.16715694996
4099,JENNINGS LN,23180,,P09,PARKS,2,P,0,No,0,20.21,2813.88322726887
4100,GILMORE LN,23071,,P09,PARKS,2,P,0,No,0,20.21,885.756660386168
4101,GILMORE LN,23110,,P09,PARKS,2,P,0,No,0,20.21,635.512482029469
4102,E INDIAN TRL,10148,,P09,PARKS,2,P,0,No,0,20.21,1001.57579409525
4103,JEANINE DR,23861,,P09,PARKS,2,P,0,No,0,20.21,283.117013824665
4104,JEANINE DR,23986,,P09,PARKS,2,P,0,No,0,20.21,296.247487177736
4105,JEANINE DR,24015,,P09,PARKS,2,P,0,No,0,20.21,291.401824352007
4106,RANGELAND RD,10828,,P09,PARKS,2,P,0,No,0,20.21,90.3911239722661
4107,RANGELAND RD,30105,,P09,PARKS,2,P,0,No,0,20.21,767.827925108023
4108,JEANINE DR,23937,,P09,PARKS,2,P,0,No,0,20.21,511.350245442168
4109,JEANINE DR,23767,,P09,PARKS,2,P,0,No,0,20.21,598.469901177758
4110,JEANINE DR,23705,,P09,PARKS,2,P,0,No,0,20.21,753.314373330854
4111,JEANINE DR,23630,,P09,PARKS,2,P,0,No,0,20.21,659.784538590578
4112,RANGELAND RD,10799,,P09,PARKS,2,P,0,No,0,20.21,415.183543917684
4113,VIM DR,26170,,P09,PARKS,2,P,0,No,0,20.21,500.15002912229
4114,GILMORE LN,34238,,P09,PARKS,2,P,0,No,0,20.21,506.059466202157
4115,GILMORE LN,23323,,P09,PARKS,2,P,0,No,0,20.21,961.117872968466
4116,KILMER BLVD,23298,,P09,PARKS,3,P,0,No,0,20.21,310.977000536213
4117,MANSFIELD LN,10468,,P09,PARKS,3,P,0,No,0,20.21,299.030462651495
4118,SHASTA TRL,30089,,P09,PARKS,3,P,0,No,0,20.21,280.23591150814
4119,GARDEN GREEN WAY,10511,,P09,PARKS,3,P,0,No,0,20.21,459.179739135772
4120,SHASTA TRL,10408,,P09,PARKS,3,P,0,No,0,20.21,402.890318010389
4121,KILMER BLVD,23262,,P09,PARKS,3,P,0,No,0,20.21,315.146945945955
4122,GARDEN GREEN WAY,10555,,P09,PARKS,3,P,0,No,0,20.21,881.766394502872
4123,SHASTA TRL,10431,,P09,PARKS,3,P,0,No,0,20.21,257.172861124923
4124,SHASTA TRL,23297,,P09,PARKS,3,P,0,No,0,20.21,286.457093394892
4125,SHASTA TRL,23276,,P09,PARKS,3,P,0,No,0,20.21,279.791555985075
4126,GARDEN GREEN WAY,10482,,P09,PARKS,3,P,0,No,0,20.21,683.927283284733
4127,PALATKA RD,24125,,P10,PARKS,1,P,0.0493148917820734,Yes,0.04931489,25.43,427.226516331895
4128,PALATKA RD,24115,,P10,PARKS,1,P,0.02207333428086605,Yes,0.02207333,25.43,191.214657003542
4129,SOUTHSIDE DR,24225,,P10,PARKS,1,P,0.061530967664559656,Yes,0.06153097,25.43,532.944207125486
4130,SOUTHSIDE DR,23579,,P10,PARKS,1,P,0.034482389976129055,Yes,0.03448239,25.43,298.665742346796
4131,SOUTHSIDE DR,23527,,P10,PARKS,1,P,0.03517121909360207,Yes,0.03517122,25.43,304.632029024875
4132,SOUTHSIDE DR,36739,,P10,PARKS,1,P,0.01340373922481726,Yes,0.01340374,25.43,116.095015506656
4133,SOUTHSIDE DR,24138,,P10,PARKS,1,P,0.09246305811618048,Yes,0.09246306,25.43,800.907483302229
4134,3RD STREET RD,24336,,P10,PARKS,1,P,0.037064046604101335,Yes,0.03706405,25.43,321.026825446488
4135,SOUTHSIDE DR,24253,,P10,PARKS,1,P,0.0755558234700567,Yes,0.07555582,25.43,654.41933766396
4136,PALATKA RD,26117,,P10,PARKS,1,P,0.062017929480682188,Yes,0.06201793,25.43,537.162324852204
4137,SOUTHSIDE DR,23846,,P10,PARKS,1,P,0.046801014348228,Yes,0.04680101,25.43,405.362427622646
4138,SOUTHSIDE DR,23339,,P10,PARKS,1,P,0.09111240210265417,Yes,0.0911124,25.43,789.160788678597
4139,SOUTHSIDE DR,23633,,P10,PARKS,1,P,0.01908121193976645,Yes,0.01908121,25.43,165.270088311905
4140,PALATKA RD,24226,,P10,PARKS,1,P,0.1755279655767617,Yes,0.17552797,25.43,1520.31794370238
4141,SOUTHSIDE DR,23760,,P10,PARKS,1,P,0.03909507092372484,Yes,0.03909507,25.43,338.617999960138
4142,SOUTHSIDE DR,23615,,P10,PARKS,1,P,0.01552935662828298,Yes,0.01552936,25.43,134.505895206539
4143,3RD STREET RD,25704,,P10,PARKS,1,P,0.110924310440585,Yes,0.11092431,25.43,960.759693123589
4144,SOUTHSIDE DR,24072,,P10,PARKS,1,P,0.03783144561444467,Yes,0.03783145,25.43,327.673364278314
4145,3RD STREET RD,25700,,P10,PARKS,1,P,0.031049690537336767,Yes,0.03104969,25.43,268.933989403069
4146,SOUTHSIDE DR,24204,,P10,PARKS,1,P,0.0080736053286525177,Yes,0.00807361,25.43,69.9288175970009
4147,SOUTHSIDE DR,23405,,P10,PARKS,1,P,0.041842546258917757,Yes,0.04184255,25.43,362.415103131927
4148,PALATKA RD,24178,,P10,PARKS,1,P,0.04603532390424945,Yes,0.04603532,25.43,398.829779485784
4149,PALATKA RD,26114,,P10,PARKS,1,P,0.0028531684884978877,Yes,0.00285317,25.43,24.712419195619
4150,SOUTHSIDE DR,23342,,P10,PARKS,1,P,0.004260138229161165,Yes,0.00426014,25.43,36.8986993334454
4151,SOUTHSIDE DR,23671,,P10,PARKS,1,P,0.01498809437487932,Yes,0.01498809,25.43,129.817848307012
4152,SOUTHSIDE DR,23734,,P10,PARKS,1,P,0.01579668404049975,Yes,0.01579668,25.43,136.821649282926
4153,SOUTHSIDE DR,23494,,P10,PARKS,1,P,0.0338373057525055,Yes,0.03383731,25.43,293.07861943566
4154,SOUTHSIDE DR,24040,,P10,PARKS,1,P,0.038077869762765747,Yes,0.03807787,25.43,329.807835962397
4155,3RD STREET RD,25702,,P10,PARKS,1,P,0.00839428125968704,Yes,0.00839428,25.43,72.7062121335756
4156,PALATKA RD,26112,,P10,PARKS,1,P,0.22044280521956158,Yes,0.22044281,25.43,1909.46580925353
4157,3RD STREET RD,25699,,P10,PARKS,1,P,0.01519598954723248,Yes,0.01519599,25.43,131.618220439773
4158,PALATKA RD,24136,,P10,PARKS,1,P,0.103618957833971,Yes,0.10361896,25.43,897.971684919087
4159,SOUTHSIDE DR,24005,,P10,PARKS,1,P,0.0460799867135389,Yes,0.04607999,25.43,399.117175129124
4160,SOUTHSIDE DR,23715,,P10,PARKS,1,P,0.023440217378125846,Yes,0.02344022,25.43,203.02505187938
4161,SOUTHSIDE DR,23546,,P10,PARKS,1,P,0.03250727973432453,Yes,0.03250728,25.43,281.558355657624
4162,SOUTHSIDE DR,23948,,P10,PARKS,1,P,0.043054498711797048,Yes,0.0430545,25.43,372.91224135452
4163,SOUTHSIDE DR,24098,,P10,PARKS,1,P,0.040582822717945277,Yes,0.04058282,25.43,351.504025821799
4164,SOUTHSIDE DR,23795,,P10,PARKS,1,P,0.0378868873418397,Yes,0.03788689,25.43,328.153395266604
4165,3RD STREET RD,25639,,P10,PARKS,1,P,0.0524854481801575,Yes,0.05248545,25.43,454.597481035765
4166,SOUTHSIDE DR,23604,,P10,PARKS,1,P,0.03271102671570147,Yes,0.03271103,25.43,283.323429783106
4167,SOUTHSIDE DR,23645,,P10,PARKS,1,P,0.02079816543464845,Yes,0.02079817,25.43,180.141333098834
4168,PALATKA RD,24180,,P10,PARKS,1,P,0.089081982635954446,Yes,0.08908198,25.43,771.574899541548
4169,SOUTHSIDE DR,24294,,P10,PARKS,1,P,0.09500971371801636,Yes,0.09500971,25.43,822.939239125848
4170,SOUTHSIDE DR,23449,,P10,PARKS,1,P,0.027609313464023486,Yes,0.02760931,25.43,239.135226830237
4171,SOUTHSIDE DR,23655,,P10,PARKS,1,P,0.01791315208493022,Yes,0.01791315,25.43,155.152983475182
4172,3RD STREET RD,24326,,P10,PARKS,1,P,0.11088486243471178,Yes,0.11088486,25.43,480.208991774675
4173,PALATKA RD,24122,,P10,PARKS,1,P,0.042810933731598735,Yes,0.04281093,25.43,371.040681115874
4174,PALATKA RD,26110,,P10,PARKS,1,P,0.059604662721222758,Yes,0.05960466,25.43,516.464556588764
4175,PALATKA RD,24114,,P10,PARKS,1,P,0.10676278984683046,Yes,0.10676279,25.43,924.873881045037
4176,SOUTHSIDE DR,24013,,P10,PARKS,1,P,0.010099235977311457,Yes,0.01009924,25.43,87.4733523839721
4177,SOUTHSIDE DR,24202,,P10,PARKS,1,P,0.07128435225069153,Yes,0.07128435,25.43,617.422032096259
4178,SOUTHSIDE DR,23682,,P10,PARKS,1,P,0.01931732505488557,Yes,0.01931733,25.43,167.314864589183
4179,SOUTHSIDE DR,24148,,P10,PARKS,1,P,0.03277212852218648,Yes,0.03277213,25.43,283.85536145398
4180,PALATKA RD,24175,,P10,PARKS,1,P,0.07867606013713195,Yes,0.07867606,25.43,681.444914829775
4181,SOUTHSIDE DR,23897,,P10,PARKS,1,P,0.0400336288695575,Yes,0.04003363,25.43,346.747261238316
4182,SOUTHSIDE DR,24155,,P10,PARKS,1,P,0.043078633006244177,Yes,0.04307863,25.43,186.719642957451
4183,SOUTHSIDE DR,24185,,P10,PARKS,1,P,0.06814096217191953,Yes,0.06814096,25.43,590.196134470709
4184,SOUTHSIDE DR,24172,,P10,PARKS,1,P,0.05289736515961043,Yes,0.05289737,25.43,458.165379274367
4185,STRAWBERRY LN,23973,,P10,PARKS,2,P,0,No,0,25.43,841.549895131398
4186,MANSLICK RD,26136,,P10,PARKS,2,P,0,No,0,25.43,315.592766481301
4187,MANSLICK RD,26111,,P10,PARKS,2,P,0,No,0,25.43,234.792872740935
4188,MANSLICK RD,26116,,P10,PARKS,2,P,0,No,0,25.43,201.146327008488
4189,STRAWBERRY LN,23509,,P10,PARKS,2,P,0,No,0,25.43,319.095450367617
4190,STRAWBERRY LN,23882,,P10,PARKS,2,P,0,No,0,25.43,315.86358711327
4191,STRAWBERRY LN,23996,,P10,PARKS,2,P,0,No,0,25.43,270.446186899909
4192,STRAWBERRY LN,24039,,P10,PARKS,2,P,0,No,0,25.43,777.501726059177
4193,MANSLICK RD,26140,,P10,PARKS,2,P,0,No,0,25.43,449.207171965216
4194,STRAWBERRY LN,36686,,P10,PARKS,2,P,0,No,0,25.43,766.638456156163
4195,STRAWBERRY LN,23744,,P10,PARKS,2,P,0,No,0,25.43,2167.48132143678
4196,MANSLICK RD,26122,,P10,PARKS,2,P,0,No,0,25.43,416.853454336574
4197,MANSLICK RD,26128,,P10,PARKS,2,P,0,No,0,25.43,577.495034228506
4198,MANSLICK RD,26133,,P10,PARKS,2,P,0,No,0,25.43,328.785630556362
4199,MANSLICK RD,26143,,P10,PARKS,2,P,0,No,0,25.43,659.01162361973
4200,STRAWBERRY LN,23855,,P10,PARKS,2,P,0,No,0,25.43,733.770108711893
4201,STRAWBERRY LN,23794,,P10,PARKS,2,P,0,No,0,25.43,731.708985835985
4202,MANSLICK RD,24348,,P10,PARKS,2,P,0,No,0,25.43,299.490969900051
4203,ALLMOND AVE,23295,,P10,PARKS,2,P,0,No,0,25.43,3077.76680419725
4204,STRAWBERRY LN,35067,,P10,PARKS,2,P,0,No,0,25.43,1333.67762529871
4205,STEEDLY DR,23776,,P10,PARKS,3,P,0,No,0,25.43,152.41338475302
4206,CRISTLAND RD,24389,,P10,PARKS,3,P,0,No,0,25.43,223.498942674373
4207,DOWNES LN,24094,,P10,PARKS,3,P,0,No,0,25.43,829.586206740482
4208,CRISTLAND RD,24408,,P10,PARKS,3,P,0,No,0,25.43,584.971576617189
4209,CRISTLAND RD,25640,,P10,PARKS,3,P,0,No,0,25.43,923.122108001563
4210,STEEDLY DR,23765,,P10,PARKS,3,P,0,No,0,25.43,726.815365729627
4211,SOUTHSIDE DR,23209,,P10,PARKS,3,P,0,No,0,25.43,923.075634974972
4212,S 2ND ST,25850,,P10,PARKS,3,P,0,No,0,25.43,461.42446912993
4213,CRISTLAND RD,38843,,P10,PARKS,3,P,0,No,0,25.43,1001.99683793279
4214,STEEDLY DR,23883,,P10,PARKS,3,P,0,No,0,25.43,958.311228095174
4215,NEW WAY,24093,,P10,PARKS,3,P,0,No,0,25.43,313.167087989782
4216,DOWNES LN,24038,,P10,PARKS,3,P,0,No,0,25.43,545.808901503069
4217,DOWNES LN,24003,,P10,PARKS,3,P,0,No,0,25.43,343.05168174523
4218,NEW WAY,24032,,P10,PARKS,3,P,0,No,0,25.43,308.813815148485
4219,E SOUTHSIDE CT,24019,,P10,PARKS,3,P,0,No,0,25.43,1529.91410634753
4220,W SOUTHSIDE CT,24033,,P10,PARKS,3,P,0,No,0,25.43,1529.79231229593
4221,SOUTHSIDE CT,23893,,P10,PARKS,3,P,0,No,0,25.43,328.212875756726
4222,S 2ND ST,25858,,P10,PARKS,3,P,0,No,0,25.43,511.032023507334
4223,S 2ND ST,25870,,P10,PARKS,3,P,0,No,0,25.43,859.033392257869
4224,S 2ND ST,25878,,P10,PARKS,3,P,0,No,0,25.43,794.759934832565
4225,CRISTLAND RD,24382,,P10,PARKS,3,P,0,No,0,25.43,512.166321009457
4226,W SOUTHSIDE CT,24087,,P10,PARKS,3,P,0,No,0,25.43,957.223618722863
4227,E SOUTHSIDE CT,24083,,P10,PARKS,3,P,0,No,0,25.43,903.478215914337
4228,NEW WAY,24079,,P10,PARKS,3,P,0,No,0,25.43,308.692099834123
4229,STEEDLY DR,23791,,P10,PARKS,3,P,0,No,0,25.43,227.913174342912
4230,NEW WAY,24063,,P10,PARKS,3,P,0,No,0,25.43,384.756360611816
4231,POSSUM PATH,24022,,P11,PARKS,3,P,0,No,0,10.26,323.994705821133
4232,SHINGO AVE,23341,,P11,PARKS,3,P,0,No,0,10.26,498.151703819259
4233,HASKIN AVE,23462,,P11,PARKS,3,P,0,No,0,10.26,725.66152360468
4234,SOUTHVIEW RD,24161,,P11,PARKS,3,P,0,No,0,10.26,363.128974843973
4235,WILDERNESS RD,24147,,P11,PARKS,3,P,0,No,0,10.26,489.630346438697
4236,KNIGHT RD,23333,,P11,PARKS,3,P,0,No,0,10.26,1320.72082675457
4237,KENWOOD HILL RD,23998,,P11,PARKS,3,P,0,No,0,10.26,398.61420050333
4238,ARLING AVE,23352,,P11,PARKS,3,P,0,No,0,10.26,864.890193679763
4239,JUSTAN AVE,24367,,P11,PARKS,3,P,0,No,0,10.26,356.591795489317
4240,PARK RD,24123,,P11,PARKS,3,P,0,No,0,10.26,612.066401804758
4241,ROLLINGWOOD TRL,24121,,P11,PARKS,3,P,0,No,0,10.26,2661.39430729581
4242,HASKIN AVE,23438,,P11,PARKS,3,P,0,No,0,10.26,650.246290505086
4243,ARLING AVE,23359,,P11,PARKS,3,P,0,No,0,10.26,658.501372080006
4244,WILDERNESS RD,24143,,P11,PARKS,3,P,0,No,0,10.26,364.959924338758
4245,SOUTHVIEW RD,24162,,P11,PARKS,3,P,0,No,0,10.26,289.978976592753
4246,COON TRL,24088,,P11,PARKS,3,P,0,No,0,10.26,312.261544731523
4247,HERITAGE PL,26115,,P11,PARKS,3,P,0,No,0,10.26,596.853676449451
4248,ARLING AVE,23349,,P11,PARKS,3,P,0,No,0,10.26,153.621138484299
4249,ORCHARD HILL DR,26090,,P11,PARKS,3,P,0,No,0,10.26,332.537226959234
4250,GLENROCK RD,23371,,P11,PARKS,3,P,0,No,0,10.26,581.758004442928
4251,BRUCE AVE,26141,,P11,PARKS,3,P,0,No,0,10.26,1710.4457138717
4252,HASKIN AVE,23395,,P11,PARKS,3,P,0,No,0,10.26,447.704645024555
4253,HUNTOON AVE,23491,,P11,PARKS,3,P,0,No,0,10.26,652.935238209206
4254,JUSTAN AVE,24314,,P11,PARKS,3,P,0,No,0,10.26,409.757401168667
4255,QUAKER CT,24211,,P11,PARKS,3,P,0,No,0,10.26,422.750842194058
4256,WILDERNESS PL,24146,,P11,PARKS,3,P,0,No,0,10.26,159.726879044516
4257,ALPINE WAY,26101,,P11,PARKS,3,P,0,No,0,10.26,342.011630827236
4258,ALPINE WAY,24011,,P11,PARKS,3,P,0,No,0,10.26,434.217273606529
4259,SHINGO AVE,23317,,P11,PARKS,3,P,0,No,0,10.26,656.710796429857
4260,POTOMAC PL,26125,,P11,PARKS,3,P,0,No,0,10.26,648.701573074849
4261,KENWOOD HILL RD,23955,,P11,PARKS,3,P,0,No,0,10.26,485.364366294911
4262,JUSTAN AVE,24381,,P11,PARKS,3,P,0,No,0,10.26,299.830560444666
4263,JUSTAN AVE,24345,,P11,PARKS,3,P,0,No,0,10.26,414.06357472502
4264,WILDERNESS RD,24131,,P11,PARKS,3,P,0,No,0,10.26,262.025158361737
4265,KENWOOD HILL RD,24085,,P11,PARKS,3,P,0,No,0,10.26,1371.22527430842
4266,HILL RIDGE RD,24120,,P11,PARKS,3,P,0,No,0,10.26,236.928428295418
4267,ORCHARD HILL DR,26089,,P11,PARKS,3,P,0,No,0,10.26,80.1628144373106
4268,ARLING AVE,23347,,P11,PARKS,3,P,0,No,0,10.26,174.214156217987
4269,KENWOOD HILL RD,24095,,P11,PARKS,3,P,0,No,0,10.26,348.333936642091
4270,LAWRIE LN,23447,,P11,PARKS,3,P,0,No,0,10.26,537.432172791898
4271,PARK RD,24106,,P11,PARKS,3,P,0,No,0,10.26,387.226758540524
4272,RUDGATE CV,26137,,P11,PARKS,3,P,0,No,0,10.26,432.624609813585
4273,BRUCE AVE,26120,,P11,PARKS,3,P,0,No,0,10.26,411.727421436197
4274,ALPINE WAY,23985,,P11,PARKS,3,P,0,No,0,10.26,589.915188804488
4275,ORCHARD HILL DR,23912,,P11,PARKS,3,P,0,No,0,10.26,232.618206285192
4276,ARLING AVE,23384,,P11,PARKS,3,P,0,No,0,10.26,644.335410299344
4277,HASKIN AVE,23418,,P11,PARKS,3,P,0,No,0,10.26,640.671528268173
4278,HILL RIDGE RD,24130,,P11,PARKS,3,P,0,No,0,10.26,258.053709463324
4279,HUNTOON AVE,23471,,P11,PARKS,3,P,0,No,0,10.26,646.741183639657
4280,LOST TRL,24046,,P11,PARKS,3,P,0,No,0,10.26,1228.78347136784
4281,BRUCE AVE,24303,,P11,PARKS,3,P,0,No,0,10.26,1520.56449581064
4282,HUNTOON AVE,23503,,P11,PARKS,3,P,0,No,0,10.26,842.152234117408
4283,BRUCE AVE,24337,,P11,PARKS,3,P,0,No,0,10.26,1119.45695426614
4284,HUNTOON AVE,23456,,P11,PARKS,3,P,0,No,0,10.26,368.009454270704
4285,HUNTOON AVE,34278,,P11,PARKS,3,P,0,No,0,10.26,576.572884105375
4286,POSSUM PATH,24089,,P11,PARKS,3,P,0,No,0,10.26,1029.84383860717
4287,CAROLYN RD,24092,,P11,PARKS,3,P,0,No,0,10.26,397.483390823234
4288,ARLING AVE,23393,,P11,PARKS,3,P,0,No,0,10.26,619.671229007781
4289,ORCHARD HILL DR,26085,,P11,PARKS,3,P,0,No,0,10.26,658.021751362242
4290,CONSTITUTION DR,24230,,P11,PARKS,3,P,0,No,0,10.26,658.42656479141
4291,ARLING AVE,23353,,P11,PARKS,3,P,0,No,0,10.26,174.623848297553
4292,SOUTHVIEW RD,24165,,P11,PARKS,3,P,0,No,0,10.26,689.516382839589
4293,SHINGO AVE,23334,,P11,PARKS,3,P,0,No,0,10.26,649.974506620273
4294,GLENROCK RD,23388,,P11,PARKS,3,P,0,No,0,10.26,466.420872089053
4295,GLENROCK RD,23375,,P11,PARKS,3,P,0,No,0,10.26,430.162335523608
4296,GLENROCK RD,23378,,P11,PARKS,3,P,0,No,0,10.26,319.679544571592
4297,CONSTITUTION DR,26130,,P11,PARKS,3,P,0,No,0,10.26,447.513681181009
4298,KNIGHT RD,23328,,P11,PARKS,3,P,0,No,0,10.26,897.247094310102
4299,WILDERNESS RD,24132,,P11,PARKS,3,P,0,No,0,10.26,365.716879310348
4300,HICKORY HILL RD,24153,,P11,PARKS,3,P,0,No,0,10.26,733.645320777114
4301,PARK RD,26113,,P11,PARKS,3,P,0,No,0,10.26,1547.19027119322
4302,S JACKSON ST,16925,,S01,SWMS,1,S,0.0610814155037346,Yes,0.06108142,15.06,529.050819422152
4303,S JACKSON ST,17001,,S01,SWMS,1,S,0.010842993298750148,Yes,0.01084299,15.06,93.9153242371153
4304,S JACKSON ST,17683,,S01,SWMS,1,S,0.04206103777011412,Yes,0.04206104,15.06,364.307356747465
4305,S 1ST ST,17853,,S01,SWMS,1,S,0,No,0,15.06,666.02076004601
4306,S JACKSON ST,16808,,S01,SWMS,1,S,0.06098754042849694,Yes,0.06098754,15.06,528.237192225235
4307,S JACKSON ST,16619,,S01,SWMS,1,S,0.03072632224084143,Yes,0.03072632,15.06,266.133120695734
4308,S 1ST ST,16851,,S01,SWMS,1,S,0,No,0,15.06,528.559943216466
4309,S 1ST ST,16575,,S01,SWMS,1,S,0,No,0,15.06,393.720231771993
4310,S 1ST ST,16496,,S01,SWMS,1,S,0,No,0,15.06,66.9664530433649
4311,S 1ST ST,17450,,S01,SWMS,1,S,0,No,0,15.06,205.839650126166
4312,S 1ST ST,16985,,S01,SWMS,1,S,0,No,0,15.06,560.610766543118
4313,S 1ST ST,16736,,S01,SWMS,1,S,0,No,0,15.06,653.057668935175
4314,S JACKSON ST,17017,,S01,SWMS,1,S,0.01028960401484756,Yes,0.0102896,15.06,89.1223921427718
4315,S JACKSON ST,17530,,S01,SWMS,1,S,0.03982737764261893,Yes,0.03982738,15.06,344.960889993344
4316,S 1ST ST,17958,,S01,SWMS,1,S,0,No,0,15.06,390.657198303628
4317,S JACKSON ST,17205,,S01,SWMS,1,S,0.094823766692572725,Yes,0.09482377,15.06,821.306382761444
4318,S 1ST ST,17984,,S01,SWMS,1,S,0,No,0,15.06,88.024242808537
4319,S JACKSON ST,16697,,S01,SWMS,1,S,0.0301912467807415,Yes,0.03019125,15.06,261.498554537114
4320,S 1ST ST,17685,,S01,SWMS,1,S,0,No,0,15.06,1176.37315126025
4321,S JACKSON ST,17595,,S01,SWMS,1,S,0.04371148885611153,Yes,0.04371149,15.06,378.602797302133
4322,S PRESTON ST,17915,,S01,SWMS,1,S,0,No,0,15.06,409.364479433854
4323,S JACKSON ST,17063,,S01,SWMS,1,S,0.021936160819643967,Yes,0.02193616,15.06,189.99792186511
4324,S JACKSON ST,16983,,S01,SWMS,1,S,0.02153323257354422,Yes,0.02153323,15.06,186.50797989379
4325,S JACKSON ST,16563,,S01,SWMS,1,S,0.0272156504063694,Yes,0.02721565,15.06,235.725620285534
4326,S JACKSON ST,17279,,S01,SWMS,1,S,0.0480156929867907,Yes,0.04801569,15.06,415.883306104669
4327,S PRESTON ST,16610,,S01,SWMS,1,S,0.03049464686433778,Yes,0.03049465,15.06,264.126538093013
4328,S PRESTON ST,16647,,S01,SWMS,1,S,0.01604213146312598,Yes,0.01604213,15.06,138.947058825475
4329,S PRESTON ST,17667,,S01,SWMS,1,S,0.0036561523866872037,Yes,0.00365615,15.06,31.667461612829
4330,S PRESTON ST,17126,,S01,SWMS,1,S,0.040289362542860876,Yes,0.04028936,15.06,348.962447649611
4331,S PRESTON ST,17287,,S01,SWMS,1,S,0.0622625960749622,Yes,0.0622626,15.06,539.281183461853
4332,S PRESTON ST,16913,,S01,SWMS,1,S,0.0610293581206771,Yes,0.06102936,15.06,528.599707956373
4333,S PRESTON ST,17318,,S01,SWMS,1,S,0.0215074587633583,Yes,0.02150746,15.06,186.284864605931
4334,S PRESTON ST,17520,,S01,SWMS,1,S,0.0091778069475138228,Yes,0.00917781,15.06,79.4926539451917
4335,S PRESTON ST,17664,,S01,SWMS,1,S,0.039125414907163918,Yes,0.03912541,15.06,338.880897974493
4336,S PRESTON ST,17721,,S01,SWMS,1,S,0.027007460995713915,Yes,0.02700746,15.06,233.922404669262
4337,S PRESTON ST,17040,,S01,SWMS,1,S,0.064743308830973886,Yes,0.06474331,15.06,560.76767986189
4338,S PRESTON ST,17184,,S01,SWMS,1,S,0.02937683236165047,Yes,0.02937683,15.06,254.444689997471
4339,S PRESTON ST,16538,,S01,SWMS,1,S,0.020553398991725216,Yes,0.0205534,15.06,178.021241710084
4340,S PRESTON ST,17448,,S01,SWMS,1,S,0.00605289342201312,Yes,0.00605289,15.06,52.4264738109478
4341,S PRESTON ST,16549,,S01,SWMS,1,S,0.00672006047149729,Yes,0.00672006,15.06,58.205085956899
4342,S PRESTON ST,17507,,S01,SWMS,1,S,0.030692384947403825,Yes,0.03069238,15.06,265.839068152614
4343,S PRESTON ST,16794,,S01,SWMS,1,S,0.0608340203810695,Yes,0.06083402,15.06,526.907714210159
4344,S PRESTON ST,16677,,S01,SWMS,1,S,0.0144412956701236,Yes,0.0144413,15.06,125.08192627734
4345,S PRESTON ST,17156,,S01,SWMS,1,S,0.02548444292317437,Yes,0.02548444,15.06,220.730746612247
4346,S JACKSON ST,17761,,S01,SWMS,1,S,0.082820602706235827,Yes,0.0828206,15.06,717.342391864045
4347,S PRESTON ST,17822,,S01,SWMS,1,S,0,No,0,15.06,153.645996421699
4348,S PRESTON ST,17583,,S01,SWMS,1,S,0.04415891483750058,Yes,0.04415891,15.06,382.477929260068
4349,S PRESTON ST,16502,,S01,SWMS,1,S,0.044302212947339367,Yes,0.04430221,15.06,383.718980313927
4350,S PRESTON ST,17762,,S01,SWMS,1,S,0.02107926253731508,Yes,0.02107926,15.06,182.575916101683
4351,S 1ST ST,17407,,S01,SWMS,1,S,0,No,0,15.06,793.447087870388
4352,S 1ST ST,16481,,S01,SWMS,1,S,0,No,0,15.06,489.382523090322
4353,S JACKSON ST,16517,,S01,SWMS,1,S,0.046604487688135535,Yes,0.04660449,15.06,403.66005673865
4354,S BROOK ST,17472,,S01,SWMS,1,S,0,No,0,15.06,1010.32212947855
4355,S BROOK ST,16916,,S01,SWMS,1,S,0,No,0,15.06,200.442884075645
4356,S BROOK ST,16862,,S01,SWMS,1,S,0,No,0,15.06,527.243238120995
4357,S BROOK ST,17182,,S01,SWMS,1,S,0,No,0,15.06,420.430006808505
4358,S BROOK ST,16749,,S01,SWMS,1,S,0,No,0,15.06,649.863495173913
4359,S BROOK ST,17979,,S01,SWMS,1,S,0,No,0,15.06,391.866458957862
4360,S BROOK ST,18002,,S01,SWMS,1,S,0,No,0,15.06,84.3503880863182
4361,S BROOK ST,17701,,S01,SWMS,1,S,0,No,0,15.06,367.544552406019
4362,S BROOK ST,17259,,S01,SWMS,1,S,0,No,0,15.06,418.760844076007
4363,S BROOK ST,17877,,S01,SWMS,1,S,0,No,0,15.06,690.986843560963
4364,S BROOK ST,17614,,S01,SWMS,1,S,0,No,0,15.06,807.748369560231
4365,S BROOK ST,16952,,S01,SWMS,1,S,0,No,0,15.06,162.22402346466
4366,S BROOK ST,17135,,S01,SWMS,1,S,0,No,0,15.06,558.441291570844
4367,S BROOK ST,17004,,S01,SWMS,1,S,0,No,0,15.06,198.914173557729
4368,S BROOK ST,18377,,S01,SWMS,1,S,0,No,0,15.06,479.479545092303
4369,S BROOK ST,16592,,S01,SWMS,1,S,0,No,0,15.06,460.004840327795
4370,S BROOK ST,18257,,S01,SWMS,1,S,0,No,0,15.06,969.225483497157
4371,S BROOK ST,16501,,S01,SWMS,1,S,0,No,0,15.06,274.140783969595
4372,S BROOK ST,16443,,S01,SWMS,1,S,0,No,0,15.06,241.267373620998
4373,S 1ST ST,18258,,S01,SWMS,1,S,0,No,0,15.06,1140.56020259857
4374,S BROOK ST,18484,,S01,SWMS,1,S,0,No,0,15.06,520.539268421768
4375,S 1ST ST,17247,,S01,SWMS,1,S,0,No,0,15.06,851.511576202138
4376,S 1ST ST,17113,,S01,SWMS,1,S,0,No,0,15.06,557.221796607947
4377,S PRESTON ST,17435,,S01,SWMS,1,S,0.027559274275134535,Yes,0.02755927,15.06,238.702079647675
4378,S JACKSON ST,17339,,S01,SWMS,1,S,0.03584971476052604,Yes,0.03584971,15.06,310.508767763187
4379,S JACKSON ST,17474,,S01,SWMS,1,S,0.03373574680609368,Yes,0.03373575,15.06,292.198702926083
4380,S JACKSON ST,17405,,S01,SWMS,1,S,0.0351274508413898,Yes,0.03512745,15.06,304.252765789606
4381,S PRESTON ST,17387,,S01,SWMS,1,S,0.0089815419275101078,Yes,0.00898154,15.06,77.7926435407777
4382,S PRESTON ST,17368,,S01,SWMS,1,S,0.02594545359647193,Yes,0.02594545,15.06,224.723804038563
4383,E BURNETT AVE,17924,,S01,SWMS,2,S,0,No,0,15.06,498.711365673002
4384,W BURNETT AVE,17845,,S01,SWMS,2,S,0,No,0,15.06,239.531368483507
4385,S FLOYD ST,16773,,S01,SWMS,2,S,0,No,0,15.06,651.690615103565
4386,S FLOYD ST,17904,,S01,SWMS,2,S,0,No,0,15.06,678.735217250041
4387,S FLOYD ST,17147,,S01,SWMS,2,S,0,No,0,15.06,206.697209970438
4388,S FLOYD ST,17486,,S01,SWMS,2,S,0,No,0,15.06,318.618600367273
4389,S FLOYD ST,16931,,S01,SWMS,2,S,0,No,0,15.06,199.451513531485
4390,S FLOYD ST,17725,,S01,SWMS,2,S,0,No,0,15.06,379.669467470907
4391,S FLOYD ST,17420,,S01,SWMS,2,S,0,No,0,15.06,703.47647538072
4392,S FLOYD ST,16892,,S01,SWMS,2,S,0,No,0,15.06,528.305920634107
4393,S FLOYD ST,17105,,S01,SWMS,2,S,0,No,0,15.06,354.720951065764
4394,W BURNETT AVE,17854,,S01,SWMS,2,S,0,No,0,15.06,238.79712558794
4395,E BURNETT AVE,17910,,S01,SWMS,2,S,0,No,0,15.06,137.508699907239
4396,YORK ST,16458,,S01,SWMS,2,S,0,No,0,15.06,240.657149126852
4397,S FLOYD ST,17269,,S01,SWMS,2,S,0,No,0,15.06,825.181472028344
4398,W BURNETT AVE,17833,,S01,SWMS,2,S,0,No,0,15.06,480.632806017559
4399,S FLOYD ST,17020,,S01,SWMS,2,S,0,No,0,15.06,200.045590506889
4400,S FLOYD ST,16620,,S01,SWMS,2,S,0,No,0,15.06,461.137046977699
4401,S FLOYD ST,16978,,S01,SWMS,2,S,0,No,0,15.06,161.567577289659
4402,S FLOYD ST,17643,,S01,SWMS,2,S,0,No,0,15.06,804.744136356395
4403,S FLOYD ST,16515,,S01,SWMS,2,S,0,No,0,15.06,534.855263911261
4404,E BURNETT AVE,17905,,S01,SWMS,2,S,0,No,0,15.06,586.568751967743
4405,YORK ST,16497,,S01,SWMS,2,S,0,No,0,15.06,237.825799560637
4406,E BURNETT AVE,17878,,S01,SWMS,2,S,0,No,0,15.06,480.702967344765
4407,YORK ST,16488,,S01,SWMS,2,S,0,No,0,15.06,483.840301458033
4408,YORK ST,16476,,S01,SWMS,2,S,0,No,0,15.06,477.439132246195
4409,YORK ST,16506,,S01,SWMS,2,S,0,No,0,15.06,239.432589359678
4410,YORK ST,16525,,S01,SWMS,2,S,0,No,0,15.06,485.774436453437
4411,YORK ST,16466,,S01,SWMS,2,S,0,No,0,15.06,239.536846795159
4412,LAMPTON ST,16735,,S01,SWMS,3,S,0,No,0,15.06,187.857835626439
4413,LAMPTON ST,16705,,S01,SWMS,3,S,0,No,0,15.06,187.270872589319
4414,W COLLEGE ST,16576,,S01,SWMS,3,S,0,No,0,15.06,481.423455312592
4415,YORK ST,16452,,S01,SWMS,3,S,0,No,0,15.06,479.990709872003
4416,E JACOB ST,16500,,S01,SWMS,3,S,0,No,0,15.06,450.144107398953
4417,LAMPTON ST,16752,,S01,SWMS,3,S,0,No,0,15.06,585.146367744501
4418,LAMPTON ST,16710,,S01,SWMS,3,S,0,No,0,15.06,209.780429147061
4419,LAMPTON ST,16717,,S01,SWMS,3,S,0,No,0,15.06,187.197443433731
4420,E JACOB ST,16587,,S01,SWMS,3,S,0,No,0,15.06,251.580496045163
4421,LAMPTON ST,16723,,S01,SWMS,3,S,0,No,0,15.06,61.3271366576412
4422,LAMPTON ST,35586,,S01,SWMS,3,S,0,No,0,15.06,150.949105983846
4423,E JACOB ST,16567,,S01,SWMS,3,S,0,No,0,15.06,583.841695211129
4424,W JACOB ST,16482,,S01,SWMS,3,S,0,No,0,15.06,479.930518420015
4425,E JACOB ST,35663,,S01,SWMS,3,S,0,No,0,15.06,93.8109390026691
4426,E JACOB ST,35585,,S01,SWMS,3,S,0,No,0,15.06,239.851138925575
4427,LAMPTON ST,16721,,S01,SWMS,3,S,0,No,0,15.06,88.2152934321056
4428,LAMPTON ST,35664,,S01,SWMS,3,S,0,No,0,15.06,96.340338424839
4429,E JACOB ST,16633,,S01,SWMS,3,S,0,No,0,15.06,585.344296950885
4430,E JACOB ST,16539,,S01,SWMS,3,S,0,No,0,15.06,618.616352359239
4431,LAMPTON ST,16698,,S01,SWMS,3,S,0,No,0,15.06,558.84972544057
4432,E JACOB ST,16564,,S01,SWMS,3,S,0,No,0,15.06,559.939551006401
4433,E COLLEGE ST,16648,,S01,SWMS,3,S,0,No,0,15.06,619.774454692239
4434,E COLLEGE ST,16621,,S01,SWMS,3,S,0,No,0,15.06,586.514947203966
4435,E JACOB ST,16516,,S01,SWMS,3,S,0,No,0,15.06,574.639998783619
4436,E COLLEGE ST,16593,,S01,SWMS,3,S,0,No,0,15.06,479.937768157671
4437,S 3RD ST,16707,,S02,SWMS,1,S,0.09887673002099345,Yes,0.09887673,18.17,856.410625548363
4438,S 2ND ST,17675,,S02,SWMS,1,S,0.16068092333369915,Yes,0.16068092,18.17,1391.72167794644
4439,S 2ND ST,16467,,S02,SWMS,1,S,0.0541299509157626,Yes,0.05412995,18.17,468.841060156918
4440,S 3RD ST,16944,,S02,SWMS,1,S,0.1256372344480695,Yes,0.12563723,18.17,1088.19452314483
4441,S 3RD ST,19430,,S02,SWMS,1,S,0.04879704760576265,Yes,0.04879705,18.17,211.325192804981
4442,S 7TH ST,16702,,S02,SWMS,1,S,0,No,0,18.17,354.955616128205
4443,S 7TH ST,16507,,S02,SWMS,1,S,0,No,0,18.17,281.074007436209
4444,S 3RD ST,17080,,S02,SWMS,1,S,0.09661582314722876,Yes,0.09661582,18.17,557.885458726324
4445,S 7TH ST,17319,,S02,SWMS,1,S,0,No,0,18.17,411.361853603982
4446,S 7TH ST,16771,,S02,SWMS,1,S,0,No,0,18.17,318.265514991512
4447,S 3RD ST,38847,,S02,SWMS,1,S,0.15145105755643476,Yes,0.15145106,18.17,655.888903934042
4448,S 2ND ST,17238,,S02,SWMS,1,S,0.0992602782876107,Yes,0.09926028,18.17,859.732698284763
4449,S 2ND ST,16562,,S02,SWMS,1,S,0.0215568432585594,Yes,0.02155684,18.17,186.712442732201
4450,S 3RD ST,17660,,S02,SWMS,1,S,0.09538464053822286,Yes,0.09538464,18.17,826.164344194018
4451,S 2ND ST,17391,,S02,SWMS,1,S,0.09186701485645651,Yes,0.09186701,18.17,795.697257127358
4452,S 3RD ST,19245,,S02,SWMS,1,S,0.110669468997219,Yes,0.11066947,18.17,479.276337560365
4453,S 3RD ST,18320,,S02,SWMS,1,S,0.0554357462325292,Yes,0.05543575,18.17,480.151322285765
4454,S 3RD ST,17816,,S02,SWMS,1,S,0.07845770290297316,Yes,0.0784577,18.17,679.553773039768
4455,S 2ND ST,17099,,S02,SWMS,1,S,0.06424765513034565,Yes,0.06424766,18.17,556.474729884476
4456,S 3RD ST,17945,,S02,SWMS,1,S,0.055322640716356578,Yes,0.05532264,18.17,479.171462697099
4457,S 7TH ST,16451,,S02,SWMS,1,S,0,No,0,18.17,636.322089386047
4458,S 6TH ST,16846,,S02,SWMS,1,S,0,No,0,18.17,908.427131480112
4459,S 2ND ST,18583,,S02,SWMS,1,S,0.020532115127592555,Yes,0.02053212,18.17,177.859726336278
4460,S 7TH ST,17377,,S02,SWMS,1,S,0,No,0,18.17,263.951435592918
4461,S 6TH ST,16465,,S02,SWMS,1,S,0,No,0,18.17,651.403103784153
4462,S 6TH ST,16643,,S02,SWMS,1,S,0,No,0,18.17,811.036428237447
4463,S 3RD ST,18068,,S02,SWMS,1,S,0.0554278140568224,Yes,0.05542781,18.17,480.08245545303
4464,S 2ND ST,17832,,S02,SWMS,1,S,0.07723546948475167,Yes,0.07723547,18.17,668.967326927716
4465,S 2ND ST,16719,,S02,SWMS,1,S,0.07537034259464077,Yes,0.07537034,18.17,652.812856086848
4466,S 3RD ST,31443,,S02,SWMS,1,S,0.125759352597392,Yes,0.12575935,18.17,544.626085900435
4467,S 3RD ST,17496,,S02,SWMS,1,S,0.06305189239102307,Yes,0.06305189,18.17,546.117890577642
4468,S 7TH ST,16615,,S02,SWMS,1,S,0,No,0,18.17,479.857856557543
4469,S 7TH ST,16831,,S02,SWMS,1,S,0,No,0,18.17,285.52518589694
4470,S 3RD ST,18200,,S02,SWMS,1,S,0.05555749634106466,Yes,0.0555575,18.17,481.205471385279
4471,S 2ND ST,18089,,S02,SWMS,1,S,0.055500332256578348,Yes,0.05550033,18.17,480.710404746772
4472,S 2ND ST,18215,,S02,SWMS,1,S,0.055508309179170087,Yes,0.05550831,18.17,480.779769569163
4473,S 2ND ST,16524,,S02,SWMS,1,S,0.03164216449795769,Yes,0.03164216,18.17,274.065343485819
4474,S 2ND ST,17961,,S02,SWMS,1,S,0.0552631082586627,Yes,0.05526311,18.17,478.65582788844
4475,S 2ND ST,18343,,S02,SWMS,1,S,0.05543625498667817,Yes,0.05543625,18.17,480.155728816631
4476,S 7TH ST,16854,,S02,SWMS,1,S,0,No,0,18.17,122.231254154348
4477,S 7TH ST,16927,,S02,SWMS,1,S,0,No,0,18.17,311.721686862581
4478,S 3RD ST,17379,,S02,SWMS,1,S,0.09175406605219313,Yes,0.09175407,18.17,794.718473396443
4479,S 2ND ST,16969,,S02,SWMS,1,S,0.125896352081392,Yes,0.12589635,18.17,1090.4386874503
4480,S 6TH ST,17185,,S02,SWMS,1,S,0,No,0,18.17,652.829949117214
4481,S 6TH ST,16941,,S02,SWMS,1,S,0,No,0,18.17,430.46473795771
4482,S 6TH ST,17089,,S02,SWMS,1,S,0,No,0,18.17,170.654873240207
4483,S 6TH ST,17330,,S02,SWMS,1,S,0,No,0,18.17,794.580683319841
4484,S 6TH ST,17045,,S02,SWMS,1,S,0,No,0,18.17,420.659778788204
4485,S 3RD ST,17230,,S02,SWMS,1,S,0.10043944746363655,Yes,0.10043945,18.17,869.946298629979
4486,S 7TH ST,17252,,S02,SWMS,1,S,0,No,0,18.17,395.131037978441
4487,S 7TH ST,17027,,S02,SWMS,1,S,0,No,0,18.17,416.088674631082
4488,S 7TH ST,17074,,S02,SWMS,1,S,0,No,0,18.17,177.921013972419
4489,S 7TH ST,17129,,S02,SWMS,1,S,0,No,0,18.17,234.530619427554
4490,S 7TH ST,17178,,S02,SWMS,1,S,0,No,0,18.17,419.211834875878
4491,S 3RD ST,19344,,S02,SWMS,1,S,0.1109440951243452,Yes,0.1109441,18.17,480.465361068404
4492,S 3RD ST,36927,,S02,SWMS,1,S,0.062368160641798467,Yes,0.06236816,18.17,270.098045471792
4493,S 3RD ST,18528,,S02,SWMS,1,S,0.1515216757585501,Yes,0.15152168,18.17,656.194914178206
4494,S 3RD ST,18435,,S02,SWMS,1,S,0.057141848003225,Yes,0.05714185,18.17,494.928419698243
4495,S 3RD ST,18584,,S02,SWMS,1,S,0.0230958020184377,Yes,0.0230958,18.17,200.158308826236
4496,S 3RD ST,19142,,S02,SWMS,1,S,0.3062043277952933,Yes,0.30620433,18.17,1326.0791770736
4497,S 3RD ST,18854,,S02,SWMS,1,S,0.22980205163648637,Yes,0.22980205,18.17,995.203824644982
4498,S 2ND ST,18450,,S02,SWMS,1,S,0.058506429883628468,Yes,0.05850643,18.17,506.747534780826
4499,S 2ND ST,34424,,S02,SWMS,1,S,0.18069917924443,Yes,0.18069918,18.17,782.744513298916
4500,S 5TH ST,16475,,S02,SWMS,1,S,0,No,0,18.17,666.496334034367
4501,S 5TH ST,16668,,S02,SWMS,1,S,0,No,0,18.17,614.400678120164
4502,S 7TH ST,17425,,S02,SWMS,1,S,0,No,0,18.17,379.667633689098
4503,S 5TH ST,16767,,S02,SWMS,1,S,0,No,0,18.17,422.482026244904
4504,S 5TH ST,16973,,S02,SWMS,1,S,0,No,0,18.17,253.302328937798
4505,S 5TH ST,17052,,S02,SWMS,1,S,0,No,0,18.17,360.304602038331
4506,S 5TH ST,16911,,S02,SWMS,1,S,0,No,0,18.17,194.385202308618
4507,S 5TH ST,37917,,S02,SWMS,1,S,0,No,0,18.17,241.932491232777
4508,S 5TH ST,16858,,S02,SWMS,1,S,0,No,0,18.17,432.36403209564
4509,S 3RD ST,16504,,S02,SWMS,1,S,0.122192109510015,Yes,0.12219211,18.17,705.570101642791
4510,S 8TH ST,16915,,S02,SWMS,3,S,0,No,0,18.17,431.035689502621
4511,S 8TH ST,16489,,S02,SWMS,3,S,0,No,0,18.17,277.314915754634
4512,S 8TH ST,16589,,S02,SWMS,3,S,0,No,0,18.17,480.263241618594
4513,S 8TH ST,16753,,S02,SWMS,3,S,0,No,0,18.17,314.411520368807
4514,S 8TH ST,16813,,S02,SWMS,3,S,0,No,0,18.17,289.694081507605
4515,S 8TH ST,16684,,S02,SWMS,3,S,0,No,0,18.17,353.779530931067
4516,S 8TH ST,16438,,S02,SWMS,3,S,0,No,0,18.17,662.073437394964
4517,S 8TH ST,17110,,S02,SWMS,3,S,0,No,0,18.17,419.565549110029
4518,S 8TH ST,17013,,S02,SWMS,3,S,0,No,0,18.17,413.278493610846
4519,S 8TH ST,17168,,S02,SWMS,3,S,0,No,0,18.17,348.73297908819
4520,S 6TH ST,17645,,S02,SWMS,3,S,0,No,0,18.17,132.83212029232
4521,S 6TH ST,17887,,S02,SWMS,3,S,0,No,0,18.17,209.333934872162
4522,S 6TH ST,17829,,S02,SWMS,3,S,0,No,0,18.17,800.758442552905
4523,S 6TH ST,17393,,S02,SWMS,3,S,0,No,0,18.17,263.297508770972
4524,S 6TH ST,17602,,S02,SWMS,3,S,0,No,0,18.17,437.188223484412
4525,S 6TH ST,17444,,S02,SWMS,3,S,0,No,0,18.17,243.120597646518
4526,S 6TH ST,17528,,S02,SWMS,3,S,0,No,0,18.17,418.052754597506
4527,S 7TH ST,38609,,S02,SWMS,3,S,0,No,0,18.17,265.863809352338
4528,E OAK ST,20592,,S03,SWMS,1,S,0,No,0,25.44,661.473123022111
4529,E ST CATHERINE ST,17148,,S03,SWMS,1,S,0,No,0,25.44,26.8043272217845
4530,W JEFFERSON ST,15354,,S03,SWMS,1,S,0,No,0,25.44,478.623353254201
4531,E ST CATHERINE ST,17149,,S03,SWMS,1,S,0,No,0,25.44,95.7787163204853
4532,W JEFFERSON ST,15302,,S03,SWMS,1,S,0,No,0,25.44,264.061375737252
4533,E OAK ST,17346,,S03,SWMS,1,S,0,No,0,25.44,219.782180366965
4534,W JEFFERSON ST,15427,,S03,SWMS,1,S,0,No,0,25.44,154.695932451818
4535,W JEFFERSON ST,15534,,S03,SWMS,1,S,0,No,0,25.44,479.90371755697
4536,E ST CATHERINE ST,17228,,S03,SWMS,1,S,0,No,0,25.44,578.807853479892
4537,E OAK ST,17309,,S03,SWMS,1,S,0,No,0,25.44,583.36577290753
4538,E OAK ST,17337,,S03,SWMS,1,S,0,No,0,25.44,373.755269946346
4539,E OAK ST,17373,,S03,SWMS,1,S,0,No,0,25.44,374.842931566332
4540,W JEFFERSON ST,15313,,S03,SWMS,1,S,0,No,0,25.44,215.790532354811
4541,MARY ST,39911,,S03,SWMS,1,S,0,No,0,25.44,47.4368842845417
4542,MARY ST,17338,,S03,SWMS,1,S,0,No,0,25.44,952.565556236486
4543,W JEFFERSON ST,15421,,S03,SWMS,1,S,0,No,0,25.44,325.737087706961
4544,MARY ST,17266,,S03,SWMS,1,S,0,No,0,25.44,237.29402157532
4545,W JEFFERSON ST,15402,,S03,SWMS,1,S,0,No,0,25.44,481.988367657691
4546,E OAK ST,20561,,S03,SWMS,1,S,0,No,0,25.44,276.040805127691
4547,E OAK ST,37937,,S03,SWMS,1,S,0,No,0,25.44,186.693223531566
4548,E OAK ST,17384,,S03,SWMS,1,S,0,No,0,25.44,588.057444107557
4549,MARY ST,17304,,S03,SWMS,1,S,0,No,0,25.44,191.150670173476
4550,MARY ST,37938,,S03,SWMS,1,S,0,No,0,25.44,587.970549998574
4551,E ST CATHERINE ST,17237,,S03,SWMS,1,S,0,No,0,25.44,590.760553227786
4552,E OAK ST,17294,,S03,SWMS,1,S,0,No,0,25.44,585.489645510491
4553,W OAK ST,17186,,S03,SWMS,1,S,0,No,0,25.44,417.489175262331
4554,E ST CATHERINE ST,17257,,S03,SWMS,1,S,0,No,0,25.44,585.511715484291
4555,W JEFFERSON ST,15332,,S03,SWMS,1,S,0,No,0,25.44,480.577935937505
4556,W JEFFERSON ST,37334,,S03,SWMS,1,S,0,No,0,25.44,258.870513109957
4557,W JEFFERSON ST,21574,,S03,SWMS,1,S,0,No,0,25.44,269.29628145641
4558,W ST CATHERINE ST,17056,,S03,SWMS,1,S,0,No,0,25.44,481.213064555123
4559,W JEFFERSON ST,15295,,S03,SWMS,1,S,0,No,0,25.44,480.717467011144
4560,W JEFFERSON ST,15379,,S03,SWMS,1,S,0,No,0,25.44,480.885117232311
4561,E OAK ST,17357,,S03,SWMS,1,S,0,No,0,25.44,220.193581575356
4562,E OAK ST,17400,,S03,SWMS,1,S,0,No,0,25.44,730.377320027528
4563,MARY ST,17283,,S03,SWMS,1,S,0,No,0,25.44,226.720281688093
4564,E OAK ST,20595,,S03,SWMS,1,S,0,No,0,25.44,329.27894128083
4565,E OAK ST,17343,,S03,SWMS,1,S,0,No,0,25.44,596.10482777744
4566,E OAK ST,20573,,S03,SWMS,1,S,0,No,0,25.44,281.016355424283
4567,E ST CATHERINE ST,17157,,S03,SWMS,1,S,0,No,0,25.44,533.66971417865
4568,W OAK ST,17232,,S03,SWMS,1,S,0,No,0,25.44,240.038621973762
4569,W OAK ST,17248,,S03,SWMS,1,S,0,No,0,25.44,481.723567595977
4570,W OAK ST,17239,,S03,SWMS,1,S,0,No,0,25.44,241.33800410744
4571,W OAK ST,17179,,S03,SWMS,1,S,0,No,0,25.44,660.337254771425
4572,W OAK ST,17203,,S03,SWMS,1,S,0,No,0,25.44,479.888490573966
4573,W JEFFERSON ST,15488,,S03,SWMS,1,S,0,No,0,25.44,490.669585475205
4574,W JEFFERSON ST,15475,,S03,SWMS,1,S,0,No,0,25.44,949.568827180626
4575,W JEFFERSON ST,15519,,S03,SWMS,1,S,0,No,0,25.44,478.70765152126
4576,E OAK ST,17270,,S03,SWMS,1,S,0,No,0,25.44,583.783741664026
4577,E ST CATHERINE ST,17136,,S03,SWMS,1,S,0,No,0,25.44,336.410268409527
4578,E OAK ST,17260,,S03,SWMS,1,S,0,No,0,25.44,480.492492299568
4579,E ST CATHERINE ST,17146,,S03,SWMS,1,S,0,No,0,25.44,556.654571123217
4580,W OAK ST,17218,,S03,SWMS,1,S,0,No,0,25.44,480.919143574312
4581,W OAK ST,17231,,S03,SWMS,1,S,0,No,0,25.44,479.104796730319
4582,E OAK ST,17272,,S03,SWMS,1,S,0,No,0,25.44,72.49622835017
4583,W ST CATHERINE ST,17028,,S03,SWMS,1,S,0,No,0,25.44,533.92040027865
4584,W ST CATHERINE ST,17114,,S03,SWMS,1,S,0,No,0,25.44,478.437493990856
4585,W ST CATHERINE ST,17100,,S03,SWMS,1,S,0,No,0,25.44,230.581417375864
4586,E ST CATHERINE ST,17119,,S03,SWMS,1,S,0,No,0,25.44,147.256595379672
4587,W ST CATHERINE ST,17081,,S03,SWMS,1,S,0,No,0,25.44,484.809568326188
4588,E OAK ST,17286,,S03,SWMS,1,S,0,No,0,25.44,598.225889718779
4589,E OAK ST,17288,,S03,SWMS,1,S,0,No,0,25.44,558.999851212655
4590,E ST CATHERINE ST,17206,,S03,SWMS,1,S,0,No,0,25.44,258.419384507166
4591,W ST CATHERINE ST,17092,,S03,SWMS,1,S,0,No,0,25.44,248.45708452681
4592,E ST CATHERINE ST,17193,,S03,SWMS,1,S,0,No,0,25.44,413.142567420064
4593,W ST CATHERINE ST,17046,,S03,SWMS,1,S,0,No,0,25.44,425.232895064291
4594,W ST CATHERINE ST,17065,,S03,SWMS,1,S,0,No,0,25.44,269.045026803666
4595,W ST CATHERINE ST,17062,,S03,SWMS,1,S,0,No,0,25.44,221.783798253924
4596,W KENTUCKY ST,16743,,S03,SWMS,2,S,0,No,0,25.44,911.620491377069
4597,E BRECKINRIDGE ST,16844,,S03,SWMS,2,S,0,No,0,25.44,214.820966162814
4598,E KENTUCKY ST,17174,,S03,SWMS,2,S,0,No,0,25.44,121.325247275917
4599,E KENTUCKY ST,20560,,S03,SWMS,2,S,0,No,0,25.44,547.973561392721
4600,E KENTUCKY ST,20547,,S03,SWMS,2,S,0,No,0,25.44,280.247281992023
4601,W KENTUCKY ST,16970,,S03,SWMS,2,S,0,No,0,25.44,229.86142437143
4602,W KENTUCKY ST,16755,,S03,SWMS,2,S,0,No,0,25.44,481.441408360038
4603,W BRECKINRIDGE ST,16720,,S03,SWMS,2,S,0,No,0,25.44,480.432128990286
4604,E KENTUCKY ST,17032,,S03,SWMS,2,S,0,No,0,25.44,421.464707893793
4605,E BRECKINRIDGE ST,20464,,S03,SWMS,2,S,0,No,0,25.44,560.67683113673
4606,E BRECKINRIDGE ST,16909,,S03,SWMS,2,S,0,No,0,25.44,713.076975990815
4607,E KENTUCKY ST,20537,,S03,SWMS,2,S,0,No,0,25.44,275.808364773482
4608,E KENTUCKY ST,17122,,S03,SWMS,2,S,0,No,0,25.44,584.437633234068
4609,E KENTUCKY ST,17133,,S03,SWMS,2,S,0,No,0,25.44,88.9114626767128
4610,W KENTUCKY ST,16959,,S03,SWMS,2,S,0,No,0,25.44,250.281374859502
4611,E BRECKINRIDGE ST,16830,,S03,SWMS,2,S,0,No,0,25.44,188.018996854374
4612,E KENTUCKY ST,17104,,S03,SWMS,2,S,0,No,0,25.44,255.581330316301
4613,W KENTUCKY ST,16986,,S03,SWMS,2,S,0,No,0,25.44,480.635646826159
4614,W KENTUCKY ST,16814,,S03,SWMS,2,S,0,No,0,25.44,505.256925771974
4615,E BRECKINRIDGE ST,16885,,S03,SWMS,2,S,0,No,0,25.44,379.336428374554
4616,E BRECKINRIDGE ST,16867,,S03,SWMS,2,S,0,No,0,25.44,585.966179611012
4617,E KENTUCKY ST,17064,,S03,SWMS,2,S,0,No,0,25.44,558.55692351214
4618,W BRECKINRIDGE ST,16616,,S03,SWMS,2,S,0,No,0,25.44,478.198654457538
4619,E BRECKINRIDGE ST,16850,,S03,SWMS,2,S,0,No,0,25.44,182.784317066933
4620,E KENTUCKY ST,37940,,S03,SWMS,2,S,0,No,0,25.44,189.02143217189
4621,E KENTUCKY ST,17172,,S03,SWMS,2,S,0,No,0,25.44,463.945840067162
4622,W KENTUCKY ST,16803,,S03,SWMS,2,S,0,No,0,25.44,888.642763946268
4623,E KENTUCKY ST,17152,,S03,SWMS,2,S,0,No,0,25.44,170.871285944645
4624,W BRECKINRIDGE ST,16737,,S03,SWMS,2,S,0,No,0,25.44,481.840712950089
4625,W BRECKINRIDGE ST,16623,,S03,SWMS,2,S,0,No,0,25.44,242.395712759245
4626,E KENTUCKY ST,17161,,S03,SWMS,2,S,0,No,0,25.44,252.822495115265
4627,W KENTUCKY ST,16778,,S03,SWMS,2,S,0,No,0,25.44,526.54321957907
4628,E BRECKINRIDGE ST,16837,,S03,SWMS,2,S,0,No,0,25.44,187.11073133642
4629,W KENTUCKY ST,16847,,S03,SWMS,2,S,0,No,0,25.44,466.566555409368
4630,W BRECKINRIDGE ST,16644,,S03,SWMS,2,S,0,No,0,25.44,247.066592731954
4631,E KENTUCKY ST,20559,,S03,SWMS,2,S,0,No,0,25.44,1474.15967252368
4632,E BRECKINRIDGE ST,16824,,S03,SWMS,2,S,0,No,0,25.44,209.728263935468
4633,E BRECKINRIDGE ST,20459,,S03,SWMS,2,S,0,No,0,25.44,554.902262833518
4634,E KENTUCKY ST,17085,,S03,SWMS,2,S,0,No,0,25.44,585.073783516448
4635,W KENTUCKY ST,16832,,S03,SWMS,2,S,0,No,0,25.44,492.041648391234
4636,E BRECKINRIDGE ST,16816,,S03,SWMS,2,S,0,No,0,25.44,186.68653921284
4637,W BRECKINRIDGE ST,16708,,S03,SWMS,2,S,0,No,0,25.44,239.203996056479
4638,E BRECKINRIDGE ST,20455,,S03,SWMS,2,S,0,No,0,25.44,561.589318913157
4639,E KENTUCKY ST,17095,,S03,SWMS,2,S,0,No,0,25.44,329.229071088809
4640,W BRECKINRIDGE ST,16590,,S03,SWMS,2,S,0,No,0,25.44,502.240495803554
4641,E KENTUCKY ST,17041,,S03,SWMS,2,S,0,No,0,25.44,204.298963301946
4642,E BRECKINRIDGE ST,16809,,S03,SWMS,2,S,0,No,0,25.44,558.815134912178
4643,E BRECKINRIDGE ST,16795,,S03,SWMS,2,S,0,No,0,25.44,621.986615565476
4644,E BRECKINRIDGE ST,16774,,S03,SWMS,2,S,0,No,0,25.44,586.657479081561
4645,E KENTUCKY ST,17021,,S03,SWMS,2,S,0,No,0,25.44,585.374867268359
4646,E KENTUCKY ST,17005,,S03,SWMS,2,S,0,No,0,25.44,479.410019297205
4647,W BRECKINRIDGE ST,16700,,S03,SWMS,2,S,0,No,0,25.44,239.888037363918
4648,W KENTUCKY ST,16945,,S03,SWMS,2,S,0,No,0,25.44,480.711017499404
4649,E BRECKINRIDGE ST,16750,,S03,SWMS,2,S,0,No,0,25.44,478.600041790405
4650,W KENTUCKY ST,16855,,S03,SWMS,2,S,0,No,0,25.44,466.836754265221
4651,W BRECKINRIDGE ST,16686,,S03,SWMS,2,S,0,No,0,25.44,426.758311284033
4652,W KENTUCKY ST,16912,,S03,SWMS,2,S,0,No,0,25.44,278.080567216805
4653,W BRECKINRIDGE ST,16669,,S03,SWMS,2,S,0,No,0,25.44,545.02681872301
4654,W KENTUCKY ST,16924,,S03,SWMS,2,S,0,No,0,25.44,313.832168513392
4655,S 32ND ST,15554,,S03,SWMS,3,S,0,No,0,25.44,399.409357144417
4656,S 30TH ST,16033,,S03,SWMS,3,S,0,No,0,25.44,1003.95928702313
4657,CEDAR ST,15415,,S03,SWMS,3,S,0,No,0,25.44,1220.27887568624
4658,W JEFFERSON ST,15179,,S03,SWMS,3,S,0,No,0,25.44,810.602742935649
4659,W BRECKINRIDGE ST,16553,,S03,SWMS,3,S,0,No,0,25.44,515.79767115652
4660,W JEFFERSON ST,15240,,S03,SWMS,3,S,0,No,0,25.44,380.782623356161
4661,S 30TH ST,15125,,S03,SWMS,3,S,0,No,0,25.44,289.659839009128
4662,W JEFFERSON ST,15154,,S03,SWMS,3,S,0,No,0,25.44,975.812840903932
4663,W JEFFERSON ST,15208,,S03,SWMS,3,S,0,No,0,25.44,218.858004055284
4664,W BRECKINRIDGE ST,16534,,S03,SWMS,3,S,0,No,0,25.44,480.501294359945
4665,S 30TH ST,15063,,S03,SWMS,3,S,0,No,0,25.44,276.972922864312
4666,W BRECKINRIDGE ST,16472,,S03,SWMS,3,S,0,No,0,25.44,646.716170544998
4667,W KENTUCKY ST,16649,,S03,SWMS,3,S,0,No,0,25.44,226.16080955401
4668,W KENTUCKY ST,16655,,S03,SWMS,3,S,0,No,0,25.44,277.273673229901
4669,W KENTUCKY ST,16688,,S03,SWMS,3,S,0,No,0,25.44,552.940565320146
4670,W JEFFERSON ST,15200,,S03,SWMS,3,S,0,No,0,25.44,629.503611695764
4671,CEDAR ST,15352,,S03,SWMS,3,S,0,No,0,25.44,825.732463862577
4672,S 30TH ST,15502,,S03,SWMS,3,S,0,No,0,25.44,197.617651669993
4673,W JEFFERSON ST,15220,,S03,SWMS,3,S,0,No,0,25.44,162.503281216873
4674,S 30TH ST,15314,,S03,SWMS,3,S,0,No,0,25.44,283.156883373091
4675,W KENTUCKY ST,16664,,S03,SWMS,3,S,0,No,0,25.44,304.403171008964
4676,W KENTUCKY ST,34124,,S03,SWMS,3,S,0,No,0,25.44,246.488289034692
4677,S 30TH ST,15235,,S03,SWMS,3,S,0,No,0,25.44,493.463139750404
4678,W JEFFERSON ST,15272,,S03,SWMS,3,S,0,No,0,25.44,677.504274342935
4679,S 32ND ST,15244,,S03,SWMS,3,S,0,No,0,25.44,122.668543718223
4680,S 32ND ST,15039,,S03,SWMS,3,S,0,No,0,25.44,378.772709826993
4681,S 32ND ST,40632,,S03,SWMS,3,S,0,No,0,25.44,364.493619152826
4682,S 32ND ST,15203,,S03,SWMS,3,S,0,No,0,25.44,420.258993331207
4683,W BRECKINRIDGE ST,16486,,S03,SWMS,3,S,0,No,0,25.44,257.651641265358
4684,W BRECKINRIDGE ST,16512,,S03,SWMS,3,S,0,No,0,25.44,742.900113543621
4685,W BRECKINRIDGE ST,16520,,S03,SWMS,3,S,0,No,0,25.44,924.40102228416
4686,W BRECKINRIDGE ST,16479,,S03,SWMS,3,S,0,No,0,25.44,293.094891750628
4687,S 32ND ST,15319,,S03,SWMS,3,S,0,No,0,25.44,281.971224222342
4688,S 32ND ST,15443,,S03,SWMS,3,S,0,No,0,25.44,402.628029162297
4689,S 30TH ST,15449,,S03,SWMS,3,S,0,No,0,25.44,203.18677857819
4690,S 30TH ST,15380,,S03,SWMS,3,S,0,No,0,25.44,219.342510717399
4691,S 30TH ST,15765,,S03,SWMS,3,S,0,No,0,25.44,480.043887397852
4692,S 30TH ST,15613,,S03,SWMS,3,S,0,No,0,25.44,402.600197934083
4693,ALGONQUIN PKY,29840,,S04,SWMS,1,S,0.1291216211692574,Yes,0.12912162,22.78,559.186862035312
4694,ALGONQUIN PKY,18605,,S04,SWMS,1,S,0.11342812094611,Yes,0.11342812,22.78,491.223269788036
4695,ALGONQUIN PKY,18119,,S04,SWMS,1,S,0.1695210587005413,Yes,0.16952106,22.78,734.144668666367
4696,ALGONQUIN PKY,18101,,S04,SWMS,1,S,0.336701883053594,Yes,0.33670188,22.78,1458.15484973672
4697,SOUTHWESTERN PKY,21898,,S04,SWMS,1,S,0,No,0,22.78,328.17584013757
4698,ALGONQUIN PKY,18819,,S04,SWMS,1,S,0.1747271953805621,Yes,0.1747272,22.78,756.69116087604
4699,SOUTHWESTERN PKY,21853,,S04,SWMS,1,S,0,No,0,22.78,337.587721583683
4700,ALGONQUIN PKY,18025,,S04,SWMS,1,S,0.06178350889935892,Yes,0.06178351,22.78,267.566028781332
4701,ALGONQUIN PKY,33624,,S04,SWMS,1,S,0.2229181485785915,Yes,0.22291815,22.78,965.458881301361
4702,ALGONQUIN PKY,18165,,S04,SWMS,1,S,0.08073881052913036,Yes,0.08073881,22.78,349.65560106579
4703,ALGONQUIN PKY,18544,,S04,SWMS,1,S,0.04900106418347294,Yes,0.04900106,22.78,212.208743413767
4704,ALGONQUIN PKY,18241,,S04,SWMS,1,S,0.2763129532810625,Yes,0.27631295,22.78,1196.62856879777
4705,ALGONQUIN PKY,20174,,S04,SWMS,1,S,0.287634431551237,Yes,0.28763443,22.78,1245.65828615781
4706,ALGONQUIN PKY,18465,,S04,SWMS,1,S,0.08603775220134345,Yes,0.08603775,22.78,372.603784135589
4707,SOUTHWESTERN PKY,21868,,S04,SWMS,1,S,0,No,0,22.78,372.419050642217
4708,ALGONQUIN PKY,22227,,S04,SWMS,1,S,0,No,0,22.78,340.009331013886
4709,ALGONQUIN PKY,18155,,S04,SWMS,1,S,0.17274576358829255,Yes,0.17274576,22.78,748.109918894437
4710,ALGONQUIN PKY,22229,,S04,SWMS,1,S,0.11746509002440916,Yes,0.11746509,22.78,339.137648545643
4711,SOUTHWESTERN PKY,21835,,S04,SWMS,1,S,0,No,0,22.78,396.313280816639
4712,ALGONQUIN PKY,18191,,S04,SWMS,1,S,0.082475551572239056,Yes,0.08247555,22.78,357.17693306087
4713,ALGONQUIN PKY,21980,,S04,SWMS,1,S,0,No,0,22.78,1273.74814671615
4714,ALGONQUIN PKY,18056,,S04,SWMS,1,S,0.1364386164013667,Yes,0.13643862,22.78,1181.7494362995
4715,ALGONQUIN PKY,18391,,S04,SWMS,1,S,0.1616616986088001,Yes,0.1616617,22.78,1400.21661712507
4716,ALGONQUIN PKY,18520,,S04,SWMS,1,S,0.082573563068140038,Yes,0.08257356,22.78,357.601356726198
4717,ALGONQUIN PKY,18135,,S04,SWMS,1,S,0.168524147523383,Yes,0.16852415,22.78,729.827662981016
4718,ALGONQUIN PKY,18181,,S04,SWMS,1,S,0.0814726305896465,Yes,0.08147263,22.78,352.833574437014
4719,ALGONQUIN PKY,18684,,S04,SWMS,1,S,0.1590884559893042,Yes,0.15908846,22.78,688.964431796918
4720,ALGONQUIN PKY,20172,,S04,SWMS,1,S,0.02829579180104996,Yes,0.02829579,22.78,245.081335497507
4721,ALGONQUIN PKY,18019,,S04,SWMS,1,S,0.264067868729072,Yes,0.26406787,22.78,1143.5986512155
4722,ALGONQUIN PKY,22225,,S04,SWMS,1,S,0,No,0,22.78,2803.49529070966
4723,ALGONQUIN PKY,18203,,S04,SWMS,1,S,0.056893867492275658,Yes,0.05689387,22.78,246.390101645871
4724,SOUTHWESTERN PKY,21878,,S04,SWMS,1,S,0,No,0,22.78,310.189124459154
4725,SOUTHWESTERN PKY,21888,,S04,SWMS,1,S,0,No,0,22.78,310.807444019304
4726,SOUTHWESTERN PKY,21841,,S04,SWMS,1,S,0,No,0,22.78,334.560815571138
4727,ALGONQUIN PKY,18274,,S04,SWMS,1,S,0.072558098673789748,Yes,0.0725581,22.78,314.227302290129
4728,SOUTHWESTERN PKY,21977,,S04,SWMS,1,S,0,No,0,22.78,956.047618622082
4729,ALGONQUIN PKY,19053,,S04,SWMS,1,S,0.01890247765853164,Yes,0.01890248,22.78,81.8799922891323
4730,WINKLER AVE,19110,,S04,SWMS,1,S,0.055591001553736717,Yes,0.055591,22.78,481.496114030594
4731,ALGONQUIN PKY,18839,,S04,SWMS,1,S,0.02783670181639411,Yes,0.0278367,22.78,120.565445075249
4732,WINKLER AVE,19094,,S04,SWMS,1,S,0.03114009430403764,Yes,0.03114009,22.78,269.716564192858
4733,ALGONQUIN PKY,18875,,S04,SWMS,1,S,0.055896591350432477,Yes,0.05589659,22.78,242.105564307546
4734,ALGONQUIN PKY,19084,,S04,SWMS,1,S,0.071421552077368666,Yes,0.07142155,22.78,309.507373822417
4735,SOUTHWESTERN PKY,21955,,S04,SWMS,1,S,0,No,0,22.78,364.981600822648
4736,SOUTHWESTERN PKY,21906,,S04,SWMS,1,S,0,No,0,22.78,327.50478023706
4737,SOUTHWESTERN PKY,21916,,S04,SWMS,1,S,0,No,0,22.78,351.233703825708
4738,SOUTHWESTERN PKY,21937,,S04,SWMS,1,S,0,No,0,22.78,544.64015142024
4739,SOUTHWESTERN PKY,40599,,S04,SWMS,1,S,0,No,0,22.78,1150.24320503664
4740,SOUTHWESTERN PKY,21959,,S04,SWMS,1,S,0,No,0,22.78,287.482294693952
4741,SOUTHWESTERN PKY,21965,,S04,SWMS,1,S,0,No,0,22.78,99.6639786121972
4742,WINKLER AVE,19143,,S04,SWMS,1,S,0.05627991474840668,Yes,0.05627991,22.78,487.462830776373
4743,WINKLER AVE,19129,,S04,SWMS,1,S,0.05528741282485808,Yes,0.05528741,22.78,478.866357433105
4744,W MAIN ST,15050,,S05,SWMS,1,S,0.1109544156907258,Yes,0.11095442,26.39,480.510312878727
4745,W MARKET ST,14947,,S05,SWMS,1,S,0,No,0,26.39,352.351745035642
4746,W MARKET ST,14848,,S05,SWMS,1,S,0,No,0,26.39,212.043260625191
4747,W MARKET ST,15062,,S05,SWMS,1,S,0,No,0,26.39,792.816321440377
4748,W MARKET ST,14908,,S05,SWMS,1,S,0,No,0,26.39,418.455289892555
4749,W MARKET ST,14934,,S05,SWMS,1,S,0,No,0,26.39,368.514706499279
4750,W MARKET ST,15098,,S05,SWMS,1,S,0,No,0,26.39,97.3017632243245
4751,W MARKET ST,21743,,S05,SWMS,1,S,0,No,0,26.39,108.14089478546
4752,W MARKET ST,14924,,S05,SWMS,1,S,0,No,0,26.39,425.851818601553
4753,W MAIN ST,15229,,S05,SWMS,1,S,0.05606795462934323,Yes,0.05606795,26.39,242.81364922648
4754,W MARKET ST,21745,,S05,SWMS,1,S,0,No,0,26.39,244.803237315196
4755,W MARKET ST,14998,,S05,SWMS,1,S,0,No,0,26.39,203.57623917405
4756,W MARKET ST,21749,,S05,SWMS,1,S,0,No,0,26.39,392.998255602045
4757,W MARKET ST,21545,,S05,SWMS,1,S,0.027374175270567135,Yes,0.02737418,26.39,237.098801664237
4758,W MARKET ST,14669,,S05,SWMS,1,S,0,No,0,26.39,239.750032586025
4759,W MARKET ST,14717,,S05,SWMS,1,S,0,No,0,26.39,229.288275498879
4760,W MARKET ST,21549,,S05,SWMS,1,S,0.0141982202302452,Yes,0.01419822,26.39,245.952747304021
4761,W MARKET ST,21740,,S05,SWMS,1,S,0,No,0,26.39,50.4749346149024
4762,W MARKET ST,15021,,S05,SWMS,1,S,0,No,0,26.39,482.279572060193
4763,W MAIN ST,15150,,S05,SWMS,1,S,0.05536563890947403,Yes,0.05536564,26.39,479.543931528519
4764,W MARKET ST,14822,,S05,SWMS,1,S,0,No,0,26.39,198.264787043111
4765,W MARKET ST,15031,,S05,SWMS,1,S,0,No,0,26.39,311.077623449383
4766,W MARKET ST,15256,,S05,SWMS,1,S,0.05531567706946132,Yes,0.05531568,26.39,479.111181171568
4767,W MARKET ST,15340,,S05,SWMS,1,S,0.0553858490204621,Yes,0.05538585,26.39,479.719193805079
4768,W MARKET ST,21738,,S05,SWMS,1,S,0,No,0,26.39,356.50564372505
4769,W MARKET ST,14730,,S05,SWMS,1,S,0,No,0,26.39,165.032430525033
4770,W MARKET ST,15370,,S05,SWMS,1,S,0.0278404137904639,Yes,0.02784041,26.39,241.136769088105
4771,W MAIN ST,15135,,S05,SWMS,1,S,0.05561356183052555,Yes,0.05561356,26.39,481.691243701528
4772,W MARKET ST,15130,,S05,SWMS,1,S,0,No,0,26.39,187.521841395114
4773,W MARKET ST,15205,,S05,SWMS,1,S,0.05523402361472238,Yes,0.05523402,26.39,478.403901721174
4774,W MARKET ST,15167,,S05,SWMS,1,S,0.055433954318362955,Yes,0.05543395,26.39,480.135620072073
4775,W MAIN ST,15081,,S05,SWMS,1,S,0.111150403491834,Yes,0.1111504,26.39,481.359044435764
4776,W MARKET ST,15233,,S05,SWMS,1,S,0.05572608778338013,Yes,0.05572609,26.39,482.665897315796
4777,W MARKET ST,15185,,S05,SWMS,1,S,0.0554553327028635,Yes,0.05545533,26.39,480.320807507857
4778,W MAIN ST,15070,,S05,SWMS,1,S,0.05538266480997922,Yes,0.05538266,26.39,479.69134763275
4779,W MARKET ST,14686,,S05,SWMS,1,S,0,No,0,26.39,209.006999359471
4780,W MAIN ST,15116,,S05,SWMS,1,S,0.1101698264666563,Yes,0.11016983,26.39,477.112747871929
4781,W MARKET ST,14881,,S05,SWMS,1,S,0,No,0,26.39,283.56812731908
4782,W MARKET ST,15297,,S05,SWMS,1,S,0.1109226037334486,Yes,0.1109226,26.39,960.745028648815
4783,W MARKET ST,15158,,S05,SWMS,1,S,0.0554007795288294,Yes,0.05540078,26.39,479.84859734672
4784,W MARKET ST,29771,,S05,SWMS,1,S,0,No,0,26.39,76.9868343046394
4785,W MAIN ST,15213,,S05,SWMS,1,S,0.11093555015706068,Yes,0.11093555,26.39,480.428586005831
4786,W MARKET ST,15148,,S05,SWMS,1,S,0,No,0,26.39,479.923868543361
4787,W MAIN ST,15237,,S05,SWMS,1,S,0.054677986330822367,Yes,0.05467799,26.39,236.793754660298
4788,W MARKET ST,15279,,S05,SWMS,1,S,0.0554713445714613,Yes,0.05547134,26.39,480.459466985581
4789,W MARKET ST,14982,,S05,SWMS,1,S,0,No,0,26.39,1023.50034639238
4790,W MAIN ST,15159,,S05,SWMS,1,S,0.22198497795924946,Yes,0.22198498,26.39,961.350244401526
4791,W MARKET ST,14887,,S05,SWMS,1,S,0,No,0,26.39,293.409472189145
4792,W MARKET ST,14991,,S05,SWMS,1,S,0,No,0,26.39,276.888377073776
4793,W MARKET ST,15078,,S05,SWMS,1,S,0,No,0,26.39,648.717581078238
4794,W MARKET ST,15363,,S05,SWMS,1,S,0.05547290270943436,Yes,0.0554729,26.39,480.473013192468
4795,W MARKET ST,14676,,S05,SWMS,1,S,0,No,0,26.39,86.8643203867388
4796,W MARKET ST,15091,,S05,SWMS,1,S,0,No,0,26.39,379.250441671216
4797,W MARKET ST,21548,,S05,SWMS,1,S,0.01671316592742674,Yes,0.01671317,26.39,144.759394260139
4798,W MAIN ST,15192,,S05,SWMS,1,S,0.11098079993935145,Yes,0.1109808,26.39,480.624499521924
4799,W MARKET ST,14699,,S05,SWMS,1,S,0,No,0,26.39,119.139755119775
4800,W MAIN ST,15102,,S05,SWMS,1,S,0.11044449785548585,Yes,0.1104445,26.39,478.30194505228
4801,W MARKET ST,21746,,S05,SWMS,1,S,0,No,0,26.39,102.94552564342
4802,W MARKET ST,15117,,S05,SWMS,1,S,0,No,0,26.39,311.372922457373
4803,W MARKET ST,21741,,S05,SWMS,1,S,0,No,0,26.39,215.72936217197
4804,W MARKET ST,14868,,S05,SWMS,1,S,0,No,0,26.39,380.743721222031
4805,W MARKET ST,14854,,S05,SWMS,1,S,0,No,0,26.39,129.257927108215
4806,W MARKET ST,14733,,S05,SWMS,1,S,0,No,0,26.39,131.270072869828
4807,W MARKET ST,14756,,S05,SWMS,1,S,0,No,0,26.39,166.429942562178
4808,W MARKET ST,14802,,S05,SWMS,1,S,0,No,0,26.39,399.897525936333
4809,W MUHAMMAD ALI BLVD,21615,,S05,SWMS,1,S,0,No,0,26.39,405.024347697221
4810,W MUHAMMAD ALI BLVD,15677,,S05,SWMS,1,S,0,No,0,26.39,475.923549142218
4811,W MUHAMMAD ALI BLVD,15821,,S05,SWMS,1,S,0,No,0,26.39,472.377050518175
4812,W MUHAMMAD ALI BLVD,15653,,S05,SWMS,1,S,0,No,0,26.39,480.434329051589
4813,W MUHAMMAD ALI BLVD,15455,,S05,SWMS,1,S,0,No,0,26.39,477.625796613442
4814,W MUHAMMAD ALI BLVD,15597,,S05,SWMS,1,S,0,No,0,26.39,262.760772930572
4815,W MUHAMMAD ALI BLVD,15508,,S05,SWMS,1,S,0,No,0,26.39,803.653243106907
4816,W MUHAMMAD ALI BLVD,32853,,S05,SWMS,1,S,0,No,0,26.39,159.473251778511
4817,W MUHAMMAD ALI BLVD,15471,,S05,SWMS,1,S,0,No,0,26.39,381.627762473624
4818,W MUHAMMAD ALI BLVD,15630,,S05,SWMS,1,S,0,No,0,26.39,538.179748573662
4819,W MUHAMMAD ALI BLVD,15273,,S05,SWMS,1,S,0,No,0,26.39,621.53341183947
4820,W MUHAMMAD ALI BLVD,21617,,S05,SWMS,1,S,0,No,0,26.39,128.526742814281
4821,W MUHAMMAD ALI BLVD,15292,,S05,SWMS,1,S,0,No,0,26.39,321.787154274763
4822,W MUHAMMAD ALI BLVD,15432,,S05,SWMS,1,S,0,No,0,26.39,479.481490779363
4823,W MUHAMMAD ALI BLVD,15562,,S05,SWMS,1,S,0,No,0,26.39,1218.25549608481
4824,W MUHAMMAD ALI BLVD,15584,,S05,SWMS,1,S,0,No,0,26.39,480.726226492916
4825,W MUHAMMAD ALI BLVD,15245,,S05,SWMS,1,S,0,No,0,26.39,397.200547124685
4826,W MUHAMMAD ALI BLVD,15381,,S05,SWMS,1,S,0,No,0,26.39,1273.45579033014
4827,W MUHAMMAD ALI BLVD,15404,,S05,SWMS,1,S,0,No,0,26.39,480.166440654138
4828,W MUHAMMAD ALI BLVD,15800,,S05,SWMS,1,S,0,No,0,26.39,402.121999571103
4829,W MUHAMMAD ALI BLVD,15785,,S05,SWMS,1,S,0,No,0,26.39,404.810045393593
4830,W MUHAMMAD ALI BLVD,15787,,S05,SWMS,1,S,0,No,0,26.39,79.0844151939085
4831,W MUHAMMAD ALI BLVD,15320,,S05,SWMS,1,S,0,No,0,26.39,311.022607704719
4832,W MUHAMMAD ALI BLVD,15309,,S05,SWMS,1,S,0,No,0,26.39,491.475806202639
4833,W MUHAMMAD ALI BLVD,15771,,S05,SWMS,1,S,0,No,0,26.39,84.757748770024
4834,W MUHAMMAD ALI BLVD,15700,,S05,SWMS,1,S,0,No,0,26.39,481.930923786787
4835,W MUHAMMAD ALI BLVD,15770,,S05,SWMS,1,S,0,No,0,26.39,950.572480805934
4836,W MUHAMMAD ALI BLVD,15727,,S05,SWMS,1,S,0,No,0,26.39,482.567553107852
4837,W MUHAMMAD ALI BLVD,15202,,S05,SWMS,2,S,0,No,0,26.39,421.427174851273
4838,W MUHAMMAD ALI BLVD,15226,,S05,SWMS,2,S,0,No,0,26.39,384.12764939088
4839,W MUHAMMAD ALI BLVD,21777,,S05,SWMS,2,S,0,No,0,26.39,634.852209671668
4840,W MUHAMMAD ALI BLVD,15187,,S05,SWMS,2,S,0,No,0,26.39,417.48335015453
4841,W MUHAMMAD ALI BLVD,29783,,S05,SWMS,2,S,0,No,0,26.39,979.463509163467
4842,W MUHAMMAD ALI BLVD,15171,,S05,SWMS,2,S,0,No,0,26.39,590.46861315955
4843,N 30TH ST,14488,,S05,SWMS,3,S,0,No,0,26.39,397.536098820225
4844,W MAIN ST,15034,,S05,SWMS,3,S,0,No,0,26.39,478.86741118235
4845,S 17TH ST,15378,,S05,SWMS,3,S,0,No,0,26.39,257.62283848071
4846,N 20TH ST,14895,,S05,SWMS,3,S,0,No,0,26.39,240.833450623169
4847,SLEVIN ST,14497,,S05,SWMS,3,S,0,No,0,26.39,473.824095102443
4848,DUNCAN ST,14758,,S05,SWMS,3,S,0,No,0,26.39,481.09487349988
4849,N 24TH ST,14612,,S05,SWMS,3,S,0,No,0,26.39,222.23748158462
4850,GRIFFITHS AVE,14719,,S05,SWMS,3,S,0,No,0,26.39,336.498818025877
4851,S 17TH ST,15303,,S05,SWMS,3,S,0,No,0,26.39,256.054896239248
4852,N 20TH ST,14622,,S05,SWMS,3,S,0,No,0,26.39,176.428153159392
4853,GRIFFITHS AVE,14696,,S05,SWMS,3,S,0,No,0,26.39,239.4850380448
4854,S 19TH ST,15140,,S05,SWMS,3,S,0,No,0,26.39,255.638056098216
4855,GRIFFITHS AVE,14674,,S05,SWMS,3,S,0,No,0,26.39,264.413205728965
4856,N 30TH ST,14316,,S05,SWMS,3,S,0,No,0,26.39,254.489019637651
4857,GRIFFITHS AVE,14732,,S05,SWMS,3,S,0,No,0,26.39,482.288813886451
4858,DUNCAN ST,14779,,S05,SWMS,3,S,0,No,0,26.39,489.710533121353
4859,DUNCAN ST,14814,,S05,SWMS,3,S,0,No,0,26.39,347.648282212066
4860,ALFORD AVE,14551,,S05,SWMS,3,S,0,No,0,26.39,224.855830547598
4861,DUNCAN ST,14889,,S05,SWMS,3,S,0,No,0,26.39,480.099938491001
4862,N 30TH ST,14815,,S05,SWMS,3,S,0,No,0,26.39,236.391036278478
4863,W MAIN ST,14978,,S05,SWMS,3,S,0,No,0,26.39,321.53151727562
4864,W MAIN ST,15014,,S05,SWMS,3,S,0,No,0,26.39,480.095896163362
4865,S 19TH ST,15184,,S05,SWMS,3,S,0,No,0,26.39,255.159566053358
4866,N 20TH ST,14835,,S05,SWMS,3,S,0,No,0,26.39,240.18261347163
4867,S 20TH ST,15121,,S05,SWMS,3,S,0,No,0,26.39,256.444560285454
4868,N 20TH ST,15069,,S05,SWMS,3,S,0,No,0,26.39,253.551539167972
4869,N 30TH ST,14353,,S05,SWMS,3,S,0,No,0,26.39,190.544412761112
4870,N 20TH ST,14718,,S05,SWMS,3,S,0,No,0,26.39,480.302264855164
4871,N 19TH ST,15080,,S05,SWMS,3,S,0,No,0,26.39,254.663202857831
4872,S 20TH ST,15166,,S05,SWMS,3,S,0,No,0,26.39,254.410429372328
4873,DUNCAN ST,14660,,S05,SWMS,3,S,0,No,0,26.39,89.3133248912222
4874,ALFORD AVE,14549,,S05,SWMS,3,S,0,No,0,26.39,376.531396889565
4875,W MAIN ST,14912,,S05,SWMS,3,S,0,No,0,26.39,480.424437997278
4876,N 17TH ST,15115,,S05,SWMS,3,S,0,No,0,26.39,253.801619835339
4877,N 30TH ST,14751,,S05,SWMS,3,S,0,No,0,26.39,241.746120984801
4878,DUNCAN ST,14659,,S05,SWMS,3,S,0,No,0,26.39,378.242108056784
4879,N 17TH ST,14999,,S05,SWMS,3,S,0,No,0,26.39,239.153005743708
4880,N 20TH ST,14776,,S05,SWMS,3,S,0,No,0,26.39,238.618026351741
4881,DUNCAN ST,14826,,S05,SWMS,3,S,0,No,0,26.39,284.215807090317
4882,S 30TH ST,14981,,S05,SWMS,3,S,0,No,0,26.39,222.793811407684
4883,S 30TH ST,37100,,S05,SWMS,3,S,0,No,0,26.39,237.923771724396
4884,N 20TH ST,15003,,S05,SWMS,3,S,0,No,0,26.39,239.733246459436
4885,N 19TH ST,14797,,S05,SWMS,3,S,0,No,0,26.39,239.653525949442
4886,W MAIN ST,14894,,S05,SWMS,3,S,0,No,0,26.39,480.553278133653
4887,DUNCAN ST,14668,,S05,SWMS,3,S,0,No,0,26.39,495.082197320696
4888,GRIFFITHS AVE,14651,,S05,SWMS,3,S,0,No,0,26.39,450.686368914126
4889,N 30TH ST,14336,,S05,SWMS,3,S,0,No,0,26.39,235.674545084568
4890,N 30TH ST,14542,,S05,SWMS,3,S,0,No,0,26.39,432.494959593396
4891,DUNCAN ST,14836,,S05,SWMS,3,S,0,No,0,26.39,330.018551041411
4892,N 30TH ST,14693,,S05,SWMS,3,S,0,No,0,26.39,238.882816460289
4893,N 17TH ST,15065,,S05,SWMS,3,S,0,No,0,26.39,241.588254940451
4894,W MAIN ST,14995,,S05,SWMS,3,S,0,No,0,26.39,479.852658707272
4895,S 17TH ST,15232,,S05,SWMS,3,S,0,No,0,26.39,255.26224897814
4896,S 17TH ST,15161,,S05,SWMS,3,S,0,No,0,26.39,255.587465812997
4897,N 30TH ST,14875,,S05,SWMS,3,S,0,No,0,26.39,257.371280937797
4898,N 19TH ST,15024,,S05,SWMS,3,S,0,No,0,26.39,240.484577533051
4899,N 19TH ST,14971,,S05,SWMS,3,S,0,No,0,26.39,283.807887864769
4900,N 30TH ST,14640,,S05,SWMS,3,S,0,No,0,26.39,532.064506602412
4901,N 20TH ST,14951,,S05,SWMS,3,S,0,No,0,26.39,240.22464859456
4902,GRIFFITHS AVE,14616,,S05,SWMS,3,S,0,No,0,26.39,476.139755120542
4903,DUNCAN ST,14804,,S05,SWMS,3,S,0,No,0,26.39,470.007607652858
4904,N 24TH ST,14648,,S05,SWMS,3,S,0,No,0,26.39,220.453712307551
4905,N 17TH ST,14948,,S05,SWMS,3,S,0,No,0,26.39,240.516533995067
4906,N 19TH ST,14855,,S05,SWMS,3,S,0,No,0,26.39,241.063172717495
4907,N 19TH ST,14731,,S05,SWMS,3,S,0,No,0,26.39,318.041328647905
4908,GRIFFITHS AVE,14744,,S05,SWMS,3,S,0,No,0,26.39,445.707779388932
4909,N 19TH ST,14904,,S05,SWMS,3,S,0,No,0,26.39,195.63812607729
4910,ROWAN ST,15023,,S05,SWMS,3,S,0,No,0,26.39,480.030097526447
4911,DUNCAN ST,14856,,S05,SWMS,3,S,0,No,0,26.39,474.369332457909
4912,DUNCAN ST,14872,,S05,SWMS,3,S,0,No,0,26.39,482.30659025957
4913,SLEVIN ST,40709,,S05,SWMS,3,S,0,No,0,26.39,335.156465274989
4914,SLEVIN ST,14649,,S05,SWMS,3,S,0,No,0,26.39,252.992056832448
4915,SLEVIN ST,14520,,S05,SWMS,3,S,0,No,0,26.39,361.179998391187
4916,SLEVIN ST,14514,,S05,SWMS,3,S,0,No,0,26.39,580.831507419882
4917,ALFORD AVE,14556,,S05,SWMS,3,S,0,No,0,26.39,1370.27572743391
4918,SLEVIN ST,14597,,S05,SWMS,3,S,0,No,0,26.39,776.437095245669
4919,W MAIN ST,14966,,S05,SWMS,3,S,0,No,0,26.39,342.388803765797
4920,DUNCAN ST,14737,,S05,SWMS,3,S,0,No,0,26.39,706.280419619601
4921,SLEVIN ST,14538,,S05,SWMS,3,S,0,No,0,26.39,420.19983352839
4922,DUNCAN ST,14714,,S05,SWMS,3,S,0,No,0,26.39,1039.42972306546
4923,W MAIN ST,14955,,S05,SWMS,3,S,0,No,0,26.39,1089.57188526127
4924,EASTERN PKY,18887,,S06,SWMS,1,S,0.182499013429995,Yes,0.18249901,17.37,790.348329247587
4925,EASTERN PKY,18652,,S06,SWMS,1,S,0.07801607493644065,Yes,0.07801607,17.37,337.864309096976
4926,EASTERN PKY,18808,,S06,SWMS,1,S,0.018449874319010288,Yes,0.01844987,17.37,159.801696489802
4927,EASTERN PKY,18454,,S06,SWMS,1,S,0.19305514046572378,Yes,0.19305514,17.37,836.064064170208
4928,EASTERN PKY,18791,,S06,SWMS,1,S,0.17588474024684736,Yes,0.17588474,17.37,761.704103807644
4929,EASTERN PKY,18052,,S06,SWMS,1,S,0.1276078938284577,Yes,0.12760789,17.37,552.631536525808
4930,EASTERN PKY,18930,,S06,SWMS,1,S,0.1401816808903749,Yes,0.14018168,17.37,607.7004078194
4931,INDUSTRY RD,18776,,S06,SWMS,1,S,0,No,0,17.37,2081.42999710791
4932,EASTERN PKY,20714,,S06,SWMS,1,S,0.185910560067103,Yes,0.18591056,17.37,805.122849811691
4933,EASTERN PKY,18625,,S06,SWMS,1,S,0.046943643443637,Yes,0.04694364,17.37,203.298736473109
4934,EASTERN PKY,19039,,S06,SWMS,1,S,0.23269254002833878,Yes,0.23269254,17.37,672.127113212043
4935,EASTERN PKY,20706,,S06,SWMS,1,S,0.160146400991126,Yes,0.1601464,17.37,693.545961014995
4936,EASTERN PKY,18299,,S06,SWMS,1,S,0.1472122231578018,Yes,0.14721222,17.37,637.531954919529
4937,EASTERN PKY,18152,,S06,SWMS,1,S,0.29967567874411766,Yes,0.29967568,17.37,1298.26394808438
4938,EASTERN PKY,20717,,S06,SWMS,1,S,0.29110166504967,Yes,0.29110167,17.37,1260.67399452135
4939,EASTERN PKY,18611,,S06,SWMS,1,S,0.13626549549201988,Yes,0.1362655,17.37,590.124982209065
4940,EASTERN PKY,18706,,S06,SWMS,1,S,0.1584476327198207,Yes,0.15844763,17.37,686.189168365391
4941,EASTERN PKY,19040,,S06,SWMS,1,S,0.07010702169350828,Yes,0.07010702,17.37,303.651364650492
4942,EASTERN PKY,18556,,S06,SWMS,1,S,0.2091680378756828,Yes,0.20916804,17.37,905.843861532301
4943,EASTERN PKY,19023,,S06,SWMS,1,S,0.086154850555440088,Yes,0.08615485,17.37,373.408428383279
4944,EASTERN PKY,20691,,S06,SWMS,1,S,0.2092066618612348,Yes,0.20920666,17.37,906.058015815945
4945,EASTERN PKY,19038,,S06,SWMS,1,S,0.0710361410901862,Yes,0.07103614,17.37,307.677597466763
4946,EASTERN PKY,20696,,S06,SWMS,1,S,0.051830507930769466,Yes,0.05183051,17.37,224.49455450077
4947,INDUSTRY RD,18588,,S06,SWMS,1,S,0,No,0,17.37,1687.68396541187
4948,EASTERN PKY,18942,,S06,SWMS,1,S,0.03701396674382948,Yes,0.03701397,17.37,213.804158641272
4949,EASTERN PKY,20633,,S06,SWMS,1,S,0.019919537603965545,Yes,0.01991954,17.37,172.530970024689
4950,EASTERN PKY,18926,,S06,SWMS,1,S,0.26945775926243165,Yes,0.26945776,17.37,2334.12719791828
4951,EASTERN PKY,20664,,S06,SWMS,1,S,0.1429055048976597,Yes,0.1429055,17.37,618.880916327565
4952,INDUSTRY RD,18844,,S06,SWMS,1,S,0,No,0,17.37,572.494367954019
4953,EASTERN PKY,20674,,S06,SWMS,1,S,0.08212955974331648,Yes,0.08212956,17.37,355.67846441298
4954,EASTERN PKY,19044,,S06,SWMS,1,S,0.035361295128669548,Yes,0.0353613,17.37,306.35092263183
4955,EASTERN PKY,19043,,S06,SWMS,1,S,0.015546848963558986,Yes,0.01554685,17.37,134.703373910564
4956,EASTERN PKY,20627,,S06,SWMS,1,S,0.061740613255595038,Yes,0.06174061,17.37,534.760186785586
4957,EASTERN PKY,20613,,S06,SWMS,2,S,0,No,0,17.37,1560.55204950631
4958,W MAGNOLIA AVE,17587,,S08,SWMS,,S,0,No,0,30.57,614.226503523683
4959,S 26TH ST,16637,,S07,SWMS,1,S,0,No,0,28.86,276.472873895433
4960,WILSON AVE,20297,,S07,SWMS,1,S,0,No,0,28.86,111.369891408584
4961,DIXIE HWY,16453,,S07,SWMS,1,S,0,No,0,28.86,861.846782293439
4962,S 26TH ST,17060,,S07,SWMS,1,S,0,No,0,28.86,303.158851941005
4963,S 26TH ST,15250,,S07,SWMS,1,S,0,No,0,28.86,253.926948903608
4964,WILSON AVE,20282,,S07,SWMS,1,S,0,No,0,28.86,418.178561677817
4965,WILSON AVE,20304,,S07,SWMS,1,S,0,No,0,28.86,182.817366752759
4966,DIXIE HWY,16540,,S07,SWMS,1,S,0,No,0,28.86,151.720240080221
4967,WILSON AVE,20253,,S07,SWMS,1,S,0,No,0,28.86,456.166965903111
4968,WILSON AVE,20206,,S07,SWMS,1,S,0,No,0,28.86,269.186468830739
4969,S 26TH ST,16875,,S07,SWMS,1,S,0,No,0,28.86,281.429135465987
4970,DIXIE HWY,16665,,S07,SWMS,1,S,0,No,0,28.86,132.351816855682
4971,WILSON AVE,17204,,S07,SWMS,1,S,0,No,0,28.86,362.05963072163
4972,S 26TH ST,16064,,S07,SWMS,1,S,0,No,0,28.86,402.142874031278
4973,DIXIE HWY,16636,,S07,SWMS,1,S,0,No,0,28.86,217.695781137348
4974,S 26TH ST,15119,,S07,SWMS,1,S,0,No,0,28.86,51.7442856295504
4975,DIXIE HWY,17213,,S07,SWMS,1,S,0,No,0,28.86,236.467809365282
4976,S 26TH ST,15837,,S07,SWMS,1,S,0,No,0,28.86,228.528247125307
4977,S 26TH ST,16429,,S07,SWMS,1,S,0,No,0,28.86,450.732556151517
4978,S 26TH ST,16498,,S07,SWMS,1,S,0,No,0,28.86,367.219434781508
4979,DIXIE HWY,16981,,S07,SWMS,1,S,0,No,0,28.86,55.4387683056722
4980,DIXIE HWY,17830,,S07,SWMS,1,S,0,No,0,28.86,86.8781395714293
4981,S 26TH ST,16526,,S07,SWMS,1,S,0,No,0,28.86,131.075792125205
4982,S 26TH ST,16177,,S07,SWMS,1,S,0,No,0,28.86,484.024896608226
4983,WILSON AVE,20272,,S07,SWMS,1,S,0,No,0,28.86,201.67678864908
4984,S 26TH ST,15178,,S07,SWMS,1,S,0,No,0,28.86,293.92983572118
4985,S 26TH ST,15941,,S07,SWMS,1,S,0,No,0,28.86,49.6935923937886
4986,DIXIE HWY,16897,,S07,SWMS,1,S,0,No,0,28.86,74.0763963756337
4987,DIXIE HWY,17936,,S07,SWMS,1,S,0,No,0,28.86,377.102444872081
4988,S 26TH ST,15397,,S07,SWMS,1,S,0,No,0,28.86,40.8418292394574
4989,DIXIE HWY,17323,,S07,SWMS,1,S,0,No,0,28.86,51.4345761623443
4990,WILSON AVE,20294,,S07,SWMS,1,S,0,No,0,28.86,241.340584776534
4991,WILSON AVE,20219,,S07,SWMS,1,S,0,No,0,28.86,517.652604771349
4992,DIXIE HWY,17165,,S07,SWMS,1,S,0,No,0,28.86,356.540504173044
4993,WILSON AVE,20204,,S07,SWMS,1,S,0,No,0,28.86,326.734154636913
4994,S 26TH ST,15590,,S07,SWMS,1,S,0,No,0,28.86,199.794877722284
4995,DIXIE HWY,16799,,S07,SWMS,1,S,0,No,0,28.86,258.200745545012
4996,WILSON AVE,17214,,S07,SWMS,1,S,0,No,0,28.86,362.367629436028
4997,S 26TH ST,16994,,S07,SWMS,1,S,0,No,0,28.86,423.729087119915
4998,S 26TH ST,15315,,S07,SWMS,1,S,0,No,0,28.86,241.404559129115
4999,DIXIE HWY,16818,,S07,SWMS,1,S,0,No,0,28.86,93.9587875164559
5000,S 26TH ST,16657,,S07,SWMS,1,S,0,No,0,28.86,67.7744709035047
5001,DIXIE HWY,16724,,S07,SWMS,1,S,0,No,0,28.86,239.053352413222
5002,WILSON AVE,20205,,S07,SWMS,1,S,0,No,0,28.86,369.332329495793
5003,BELLS LN,29853,,S15,SWMS,1,S,0.0973367048518889,Yes,0.0973367,24.31,843.072120506424
5004,DIXIE HWY,17677,,S07,SWMS,1,S,0,No,0,28.86,348.369797234203
5005,S 26TH ST,20220,,S07,SWMS,1,S,0,No,0,28.86,849.143971086654
5006,S 26TH ST,15384,,S07,SWMS,1,S,0,No,0,28.86,242.122349740271
5007,WILSON AVE,20203,,S07,SWMS,1,S,0,No,0,28.86,50.0035486553205
5008,BELLS LN,18341,,S15,SWMS,1,S,0.06772830442284741,Yes,0.0677283,24.31,586.621804366457
5009,S 26TH ST,15923,,S07,SWMS,1,S,0,No,0,28.86,366.288965390725
5010,S 26TH ST,16894,,S07,SWMS,1,S,0,No,0,28.86,64.0796928148848
5011,DIXIE HWY,18154,,S07,SWMS,1,S,0,No,0,28.86,561.536268641644
5012,BELLS LN,20184,,S15,SWMS,1,S,0.12665586120372166,Yes,0.12665586,24.31,1097.01724310911
5013,DIXIE HWY,17314,,S07,SWMS,1,S,0,No,0,28.86,386.24198547074
5014,S 26TH ST,16738,,S07,SWMS,1,S,0,No,0,28.86,345.093759904464
5015,WILSON AVE,20244,,S07,SWMS,1,S,0,No,0,28.86,709.58297821348
5016,DIXIE HWY,16578,,S07,SWMS,1,S,0,No,0,28.86,224.325769320535
5017,DIXIE HWY,17251,,S07,SWMS,1,S,0,No,0,28.86,230.040311315113
5018,DIXIE HWY,16509,,S07,SWMS,1,S,0,No,0,28.86,287.453046437588
5019,S 26TH ST,16190,,S07,SWMS,1,S,0,No,0,28.86,99.2744734430227
5020,DIXIE HWY,18022,,S07,SWMS,1,S,0,No,0,28.86,343.823363620698
5021,DIXIE HWY,17813,,S07,SWMS,1,S,0,No,0,28.86,248.557064111397
5022,S 26TH ST,16303,,S07,SWMS,1,S,0,No,0,28.86,576.040820717881
5023,WILSON AVE,20268,,S07,SWMS,1,S,0,No,0,28.86,269.051392455569
5024,S 26TH ST,16338,,S07,SWMS,1,S,0,No,0,28.86,148.24988248836
5025,DIXIE HWY,16967,,S07,SWMS,1,S,0,No,0,28.86,296.543262020906
5026,DIXIE HWY,17173,,S07,SWMS,1,S,0,No,0,28.86,46.4823975419728
5027,DIXIE HWY,16882,,S07,SWMS,1,S,0,No,0,28.86,277.293254067896
5028,S 26TH ST,16566,,S07,SWMS,1,S,0,No,0,28.86,214.757612277772
5029,WILSON AVE,20230,,S07,SWMS,1,S,0,No,0,28.86,239.289770417714
5030,S 26TH ST,15061,,S07,SWMS,1,S,0,No,0,28.86,203.743440628771
5031,S 26TH ST,15111,,S07,SWMS,1,S,0,No,0,28.86,229.794198861911
5032,DIXIE HWY,17748,,S07,SWMS,1,S,0,No,0,28.86,55.3202678161449
5033,S 26TH ST,16811,,S07,SWMS,1,S,0,No,0,28.86,235.229851358862
5034,DIXIE HWY,17597,,S07,SWMS,1,S,0,No,0,28.86,329.314763805278
5035,DIXIE HWY,17548,,S07,SWMS,1,S,0,No,0,28.86,335.758722463704
5036,DIXIE HWY,17733,,S07,SWMS,1,S,0,No,0,28.86,285.121143638674
5037,DIXIE HWY,17489,,S07,SWMS,1,S,0,No,0,28.86,769.855471074374
5038,S 26TH ST,16759,,S07,SWMS,1,S,0,No,0,28.86,109.76921813514
5039,WILSON AVE,20201,,S07,SWMS,1,S,0,No,0,28.86,365.97227420866
5040,DIXIE HWY,16745,,S07,SWMS,1,S,0,No,0,28.86,112.142278490318
5041,S 26TH ST,20192,,S07,SWMS,1,S,0,No,0,28.86,195.357659242385
5042,BELLS LN,34921,,S15,SWMS,1,S,0.027899235493187565,Yes,0.02789924,24.31,161.097650898454
5043,BELLS LN,34922,,S15,SWMS,1,S,0.0569358536106606,Yes,0.05693585,24.31,328.76272544187
5044,BELLS LN,22239,,S15,SWMS,1,S,0.08419439317262,Yes,0.08419439,24.31,364.620718546224
5045,N 26TH ST,14774,,S07,SWMS,1,S,0,No,0,28.86,239.777965659517
5046,N 26TH ST,14509,,S07,SWMS,1,S,0,No,0,28.86,215.093084863856
5047,N 26TH ST,14663,,S07,SWMS,1,S,0,No,0,28.86,219.717583288753
5048,N 26TH ST,14486,,S07,SWMS,1,S,0,No,0,28.86,483.557409922282
5049,N 26TH ST,14626,,S07,SWMS,1,S,0,No,0,28.86,89.7279325325314
5050,N 26TH ST,14537,,S07,SWMS,1,S,0,No,0,28.86,231.649798130416
5051,N 26TH ST,14429,,S07,SWMS,1,S,0,No,0,28.86,232.79265321201
5052,N 26TH ST,14890,,S07,SWMS,1,S,0,No,0,28.86,239.465797829518
5053,N 26TH ST,14413,,S07,SWMS,1,S,0,No,0,28.86,251.501477459005
5054,N 26TH ST,14598,,S07,SWMS,1,S,0,No,0,28.86,341.504892674768
5055,N 26TH ST,14833,,S07,SWMS,1,S,0,No,0,28.86,241.43555731845
5056,N 26TH ST,14954,,S07,SWMS,1,S,0,No,0,28.86,255.108454873548
5057,N 26TH ST,14380,,S07,SWMS,1,S,0,No,0,28.86,696.734063757138
5058,N 26TH ST,14713,,S07,SWMS,1,S,0,No,0,28.86,221.160327873242
5059,S 26TH ST,15711,,S07,SWMS,1,S,0,No,0,28.86,402.622335135004
5060,S 26TH ST,15778,,S07,SWMS,1,S,0,No,0,28.86,252.023535520034
5061,S 26TH ST,15526,,S07,SWMS,1,S,0,No,0,28.86,201.179283449509
5062,S 26TH ST,15470,,S07,SWMS,1,S,0,No,0,28.86,221.76243569272
5063,S 26TH ST,15012,,S07,SWMS,1,S,0,No,0,28.86,247.706942100119
5064,DIXIE HWY,17029,,S07,SWMS,1,S,0,No,0,28.86,258.121119941055
5065,DIXIE HWY,17120,,S07,SWMS,1,S,0,No,0,28.86,393.920044110926
5066,WILSON AVE,17760,,S07,SWMS,1,S,0,No,0,28.86,1481.43528834582
5067,WILSON AVE,20332,,S07,SWMS,1,S,0,No,0,28.86,330.978021777882
5068,WILSON AVE,20326,,S07,SWMS,1,S,0,No,0,28.86,248.841730887828
5069,WILSON AVE,20310,,S07,SWMS,1,S,0,No,0,28.86,282.547617668244
5070,DIXIE HWY,16291,,S07,SWMS,1,S,0,No,0,28.86,382.346318262605
5071,DIXIE HWY,38605,,S07,SWMS,1,S,0,No,0,28.86,580.130511794666
5072,N 18TH ST,15045,,S07,SWMS,3,S,0,No,0,28.86,238.945467748739
5073,S 18TH ST,15353,,S07,SWMS,3,S,0,No,0,28.86,257.114389479709
5074,S 18TH ST,16010,,S07,SWMS,3,S,0,No,0,28.86,243.127690486963
5075,S 18TH ST,16066,,S07,SWMS,3,S,0,No,0,28.86,61.2413259164104
5076,S 35TH ST,18065,,S15,SWMS,3,S,0,No,0,24.31,383.984803811462
5077,S 18TH ST,15151,,S07,SWMS,3,S,0,No,0,28.86,256.192414140205
5078,N 18TH ST,14818,,S07,SWMS,3,S,0,No,0,28.86,213.358750006981
5079,N 18TH ST,14921,,S07,SWMS,3,S,0,No,0,28.86,195.0989052098
5080,S 35TH ST,18228,,S15,SWMS,3,S,0,No,0,24.31,263.685633437338
5081,N 18TH ST,14983,,S07,SWMS,3,S,0,No,0,28.86,240.077312496804
5082,N 18TH ST,15101,,S07,SWMS,3,S,0,No,0,28.86,254.984701032334
5083,S 35TH ST,18145,,S15,SWMS,3,S,0,No,0,24.31,328.170917536483
5084,S 18TH ST,16050,,S07,SWMS,3,S,0,No,0,28.86,148.293332751625
5085,S 18TH ST,15284,,S07,SWMS,3,S,0,No,0,28.86,256.590383244641
5086,S 18TH ST,15579,,S07,SWMS,3,S,0,No,0,28.86,253.875626151254
5087,S 35TH ST,18309,,S15,SWMS,3,S,0,No,0,24.31,302.158062700378
5088,S 41ST ST,22234,,S15,SWMS,3,S,0,No,0,24.31,1038.3376527222
5089,N 18TH ST,14930,,S07,SWMS,3,S,0,No,0,28.86,44.8305838686047
5090,S 18TH ST,15504,,S07,SWMS,3,S,0,No,0,28.86,238.535237570466
5091,S 18TH ST,15204,,S07,SWMS,3,S,0,No,0,28.86,254.40391404181
5092,S 18TH ST,15434,,S07,SWMS,3,S,0,No,0,28.86,255.196685132581
5093,N 18TH ST,14871,,S07,SWMS,3,S,0,No,0,28.86,239.368257249817
5094,S 39TH ST,22233,,S15,SWMS,3,S,0,No,0,24.31,861.518667707954
5095,S 40TH ST,22230,,S15,SWMS,3,S,0,No,0,24.31,678.389997013943
5096,S 39TH ST,22237,,S15,SWMS,3,S,0,No,0,24.31,305.941742726463
5097,S 40TH ST,22236,,S15,SWMS,3,S,0,No,0,24.31,399.840884071072
5098,S 18TH ST,15924,,S07,SWMS,3,S,0,No,0,28.86,235.966458567536
5099,S 18TH ST,15652,,S07,SWMS,3,S,0,No,0,28.86,250.214852988886
5100,S 18TH ST,15874,,S07,SWMS,3,S,0,No,0,28.86,404.43504500298
5101,S 18TH ST,15715,,S07,SWMS,3,S,0,No,0,28.86,401.620919308832
5102,S 18TH ST,16115,,S07,SWMS,3,S,0,No,0,28.86,252.043648951055
5103,DUMESNIL ST,17151,,S08,SWMS,1,S,0,No,0,30.57,1208.56465777723
5104,DUMESNIL ST,17079,,S08,SWMS,1,S,0,No,0,30.57,189.554788525969
5105,DUMESNIL ST,17025,,S08,SWMS,1,S,0,No,0,30.57,434.874767578624
5106,VIRGINIA AVE,16996,,S08,SWMS,1,S,0,No,0,30.57,382.926971136382
5107,E BRANDEIS AVE,21021,,S08,SWMS,1,S,0.1275459849697562,Yes,0.12754598,30.57,368.242322744382
5108,DUMESNIL ST,20190,,S08,SWMS,1,S,0,No,0,30.57,373.982209639125
5109,W OAK ST,33717,,S08,SWMS,1,S,0,No,0,30.57,710.222502768719
5110,VIRGINIA AVE,16956,,S08,SWMS,1,S,0,No,0,30.57,308.814110373427
5111,W OAK ST,17153,,S08,SWMS,1,S,0,No,0,30.57,549.180339826032
5112,W OAK ST,17158,,S08,SWMS,1,S,0,No,0,30.57,410.945612900013
5113,DUMESNIL ST,20194,,S08,SWMS,1,S,0,No,0,30.57,383.917636269926
5114,DUMESNIL ST,17076,,S08,SWMS,1,S,0,No,0,30.57,43.8156650069356
5115,DUMESNIL ST,20191,,S08,SWMS,1,S,0,No,0,30.57,651.704656142038
5116,W OAK ST,33716,,S08,SWMS,1,S,0,No,0,30.57,133.102202687218
5117,S FLOYD ST,18141,,S08,SWMS,1,S,0,No,0,30.57,401.19824658713
5118,DUMESNIL ST,20187,,S08,SWMS,1,S,0,No,0,30.57,600.004156303548
5119,E BRANDEIS AVE,21020,,S08,SWMS,1,S,0.13620407844965327,Yes,0.13620408,30.57,1179.71780125368
5120,W OAK ST,17024,,S08,SWMS,1,S,0,No,0,30.57,689.618931991303
5121,DUMESNIL ST,17116,,S08,SWMS,1,S,0.0428072209197244,Yes,0.04280722,30.57,370.77053672049
5122,E BRANDEIS AVE,39797,,S08,SWMS,1,S,0,No,0,30.57,79.8823373634769
5123,E BRANDEIS AVE,18581,,S08,SWMS,1,S,0,No,0,30.57,377.335108150308
5124,S FLOYD ST,18564,,S08,SWMS,1,S,0,No,0,30.57,925.186423011434
5125,S FLOYD ST,39800,,S08,SWMS,1,S,0,No,0,30.57,89.1007972723895
5126,W OAK ST,17037,,S08,SWMS,1,S,0,No,0,30.57,480.708085205853
5127,DUMESNIL ST,17123,,S08,SWMS,1,S,0,No,0,30.57,542.727290862041
5128,S FLOYD ST,18395,,S08,SWMS,1,S,0,No,0,30.57,480.080648711748
5129,W OAK ST,17144,,S08,SWMS,1,S,0,No,0,30.57,480.393105966357
5130,VIRGINIA AVE,16984,,S08,SWMS,1,S,0,No,0,30.57,792.286879037169
5131,DUMESNIL ST,20188,,S08,SWMS,1,S,0,No,0,30.57,59.2364341009821
5132,DUMESNIL ST,17059,,S08,SWMS,1,S,0,No,0,30.57,377.417293781754
5133,VIRGINIA AVE,16917,,S08,SWMS,1,S,0,No,0,30.57,791.696003842384
5134,DUMESNIL ST,17086,,S08,SWMS,1,S,0,No,0,30.57,186.29754263865
5135,S FLOYD ST,18282,,S08,SWMS,1,S,0,No,0,30.57,479.704444913109
5136,W OAK ST,17008,,S08,SWMS,1,S,0,No,0,30.57,600.375354096484
5137,W OAK ST,16995,,S08,SWMS,1,S,0,No,0,30.57,439.799617118765
5138,W ORMSBY AVE,17331,,S08,SWMS,1,S,0,No,0,30.57,284.666055353132
5139,W OAK ST,21320,,S08,SWMS,1,S,0,No,0,30.57,892.632144975621
5140,VIRGINIA AVE,16865,,S08,SWMS,1,S,0,No,0,30.57,959.657069690132
5141,VIRGINIA AVE,16943,,S08,SWMS,1,S,0,No,0,30.57,821.854294784198
5142,DUMESNIL ST,17071,,S08,SWMS,1,S,0,No,0,30.57,89.2136569244388
5143,DUMESNIL ST,17073,,S08,SWMS,1,S,0,No,0,30.57,168.558653089214
5144,DUMESNIL ST,17050,,S08,SWMS,1,S,0,No,0,30.57,428.036963523297
5145,DUMESNIL ST,17034,,S08,SWMS,1,S,0,No,0,30.57,369.268396262292
5146,W ORMSBY AVE,17325,,S08,SWMS,1,S,0,No,0,30.57,224.352592770426
5147,DUMESNIL ST,17077,,S08,SWMS,1,S,0,No,0,30.57,56.1496674633964
5148,DUMESNIL ST,17068,,S08,SWMS,1,S,0,No,0,30.57,143.973843042853
5149,DUMESNIL ST,20193,,S08,SWMS,1,S,0,No,0,30.57,388.163690905543
5150,DUMESNIL ST,17016,,S08,SWMS,1,S,0,No,0,30.57,959.635170341443
5151,VIRGINIA AVE,16901,,S08,SWMS,1,S,0,No,0,30.57,959.666675938187
5152,DUMESNIL ST,16933,,S08,SWMS,1,S,0,No,0,30.57,483.657618177766
5153,DUMESNIL ST,16988,,S08,SWMS,1,S,0,No,0,30.57,963.160679479448
5154,VIRGINIA AVE,16839,,S08,SWMS,1,S,0,No,0,30.57,560.989094915434
5155,DUMESNIL ST,16954,,S08,SWMS,1,S,0,No,0,30.57,540.128221654937
5156,VIRGINIA AVE,16798,,S08,SWMS,1,S,0,No,0,30.57,511.671611912236
5157,E BRANDEIS AVE,39799,,S08,SWMS,1,S,0,No,0,30.57,93.4683541488209
5158,S FLOYD ST,39798,,S08,SWMS,1,S,0,No,0,30.57,79.6588433759502
5159,W CARDINAL BLVD,18451,,S08,SWMS,1,S,0,No,0,30.57,403.369964331753
5160,W CARDINAL BLVD,18472,,S08,SWMS,1,S,0,No,0,30.57,550.105973455343
5161,E BRANDEIS AVE,18565,,S08,SWMS,1,S,0,No,0,30.57,842.119011256651
5162,E CARDINAL BLVD,18485,,S08,SWMS,1,S,0,No,0,30.57,355.913252138552
5163,W OAK ST,17088,,S08,SWMS,1,S,0,No,0,30.57,547.845512794494
5164,W OAK ST,17047,,S08,SWMS,1,S,0,No,0,30.57,543.712746116887
5165,W OAK ST,35072,,S08,SWMS,1,S,0,No,0,30.57,626.969384250555
5166,W OAK ST,17054,,S08,SWMS,1,S,0,No,0,30.57,204.235134093318
5167,W OAK ST,17066,,S08,SWMS,1,S,0,No,0,30.57,307.110199737021
5168,W OAK ST,17108,,S08,SWMS,1,S,0,No,0,30.57,746.587756028427
5169,HALE AVE,21932,,S08,SWMS,2,S,0,No,0,30.57,422.227003457477
5170,ARTHUR ST,21001,,S08,SWMS,2,S,0.033334614009844936,Yes,0.03333461,30.57,288.724504857142
5171,HALE AVE,21930,,S08,SWMS,2,S,0,No,0,30.57,637.379112450346
5172,HALE AVE,16683,,S08,SWMS,2,S,0,No,0,30.57,344.841934127525
5173,ARTHUR ST,18305,,S08,SWMS,2,S,0.027883138660984168,Yes,0.02788314,30.57,483.014290067538
5174,ARTHUR ST,18355,,S08,SWMS,2,S,0.022400354974788927,Yes,0.02240035,30.57,194.018198365566
5175,HALE AVE,29812,,S08,SWMS,2,S,0,No,0,30.57,174.219537533705
5176,ARTHUR ST,21028,,S08,SWMS,2,S,0.15141522358831477,Yes,0.15141522,30.57,874.312064852568
5177,ARTHUR ST,18715,,S08,SWMS,2,S,0.06781851267364734,Yes,0.06781851,30.57,587.40313738402
5178,HALE AVE,16692,,S08,SWMS,2,S,0,No,0,30.57,337.197926159474
5179,ARTHUR ST,21018,,S08,SWMS,2,S,0.1126680509455523,Yes,0.11266805,30.57,975.862993038828
5180,HALE AVE,21924,,S08,SWMS,2,S,0,No,0,30.57,398.781060453681
5181,HALE AVE,21922,,S08,SWMS,2,S,0,No,0,30.57,268.523532700697
5182,HALE AVE,21928,,S08,SWMS,2,S,0,No,0,30.57,383.351348196738
5183,HALE AVE,21934,,S08,SWMS,2,S,0,No,0,30.57,332.018336513588
5184,HALE AVE,21920,,S08,SWMS,2,S,0,No,0,30.57,393.100512482574
5185,HALE AVE,16718,,S08,SWMS,2,S,0,No,0,30.57,307.722925760281
5186,E MAGNOLIA AVE,17691,,S08,SWMS,3,S,0,No,0,30.57,238.440541434919
5187,W SHIPP AVE,34157,,S08,SWMS,3,S,0,No,0,30.57,300.208832008029
5188,W ORMSBY AVE,17392,,S08,SWMS,3,S,0,No,0,30.57,229.183238048463
5189,BRADLEY AVE,18703,,S08,SWMS,3,S,0,No,0,30.57,377.394390339479
5190,WOODBINE ST,17656,,S08,SWMS,3,S,0,No,0,30.57,248.826683878389
5191,BRADLEY AVE,18936,,S08,SWMS,3,S,0,No,0,30.57,341.919234790891
5192,DUMESNIL ST,17155,,S08,SWMS,3,S,0,No,0,30.57,548.938806347358
5193,BRADLEY AVE,18862,,S08,SWMS,3,S,0,No,0,30.57,335.207089456539
5194,W MAGNOLIA AVE,17676,,S08,SWMS,3,S,0,No,0,30.57,481.821129408857
5195,E LEE ST,18306,,S08,SWMS,3,S,0,No,0,30.57,646.633042309847
5196,BRADLEY AVE,18972,,S08,SWMS,3,S,0,No,0,30.57,183.847684472981
5197,W MAGNOLIA AVE,17687,,S08,SWMS,3,S,0,No,0,30.57,477.350581055991
5198,W SHIPP AVE,18132,,S08,SWMS,3,S,0,No,0,30.57,649.721667814643
5199,W LEE ST,18149,,S08,SWMS,3,S,0,No,0,30.57,452.305029448734
5200,W ORMSBY AVE,17386,,S08,SWMS,3,S,0,No,0,30.57,251.833838525649
5201,BRADLEY AVE,34662,,S08,SWMS,3,S,0,No,0,30.57,100.640518818839
5202,WOODBINE ST,17659,,S08,SWMS,3,S,0,No,0,30.57,182.179310306093
5203,W LEE ST,18161,,S08,SWMS,3,S,0,No,0,30.57,238.131188515168
5204,W LEE ST,18216,,S08,SWMS,3,S,0,No,0,30.57,480.589919105862
5205,W MAGNOLIA AVE,17620,,S08,SWMS,3,S,0,No,0,30.57,481.425697373679
5206,W ORMSBY AVE,17408,,S08,SWMS,3,S,0,No,0,30.57,480.780696497894
5207,BRADLEY AVE,21022,,S08,SWMS,3,S,0,No,0,30.57,180.424753674258
5208,BRADLEY AVE,21025,,S08,SWMS,3,S,0,No,0,30.57,268.239261095906
5209,BRADLEY AVE,18806,,S08,SWMS,3,S,0,No,0,30.57,242.129448813672
5210,W MAGNOLIA AVE,17603,,S08,SWMS,3,S,0,No,0,30.57,418.147026821228
5211,BRADLEY AVE,18748,,S08,SWMS,3,S,0,No,0,30.57,292.269438366595
5212,W ORMSBY AVE,17348,,S08,SWMS,3,S,0,No,0,30.57,480.944994155254
5213,W SHIPP AVE,34144,,S08,SWMS,3,S,0,No,0,30.57,458.123535877606
5214,ARTHUR ST,18943,,S08,SWMS,3,S,0,No,0,30.57,659.839604648522
5215,BRADLEY AVE,18666,,S08,SWMS,3,S,0,No,0,30.57,167.746699421077
5216,S 38TH ST,16919,,S08,SWMS,3,S,0,No,0,30.57,812.187261657441
5217,WOODBINE ST,17665,,S08,SWMS,3,S,0,No,0,30.57,203.976573049762
5218,W CARDINAL BLVD,18436,,S08,SWMS,3,S,0,No,0,30.57,479.232297270952
5219,E ORMSBY AVE,17487,,S08,SWMS,3,S,0,No,0,30.57,584.852875738105
5220,E ORMSBY AVE,17473,,S08,SWMS,3,S,0,No,0,30.57,480.54724643972
5221,E MAGNOLIA AVE,17702,,S08,SWMS,3,S,0,No,0,30.57,242.689785028077
5222,HAHN ST,19003,,S08,SWMS,3,S,0,No,0,30.57,621.280292979963
5223,W LEE ST,18201,,S08,SWMS,3,S,0,No,0,30.57,480.096683041205
5224,W LEE ST,18173,,S08,SWMS,3,S,0,No,0,30.57,241.607729426047
5225,W ORMSBY AVE,17364,,S08,SWMS,3,S,0,No,0,30.57,479.876368869107
5226,W MAGNOLIA AVE,17661,,S08,SWMS,3,S,0,No,0,30.57,481.432252488774
5227,W ORMSBY AVE,17380,,S08,SWMS,3,S,0,No,0,30.57,479.184369691093
5228,W MAGNOLIA AVE,17646,,S08,SWMS,3,S,0,No,0,30.57,483.005678514751
5229,E LEE ST,18259,,S08,SWMS,3,S,0,No,0,30.57,466.780011089941
5230,WOODBINE ST,17644,,S08,SWMS,3,S,0,No,0,30.57,586.182784632427
5231,E LEE ST,18283,,S08,SWMS,3,S,0,No,0,30.57,601.962267603773
5232,E ORMSBY AVE,17508,,S08,SWMS,3,S,0,No,0,30.57,632.665695471929
5233,E MAGNOLIA AVE,17726,,S08,SWMS,3,S,0,No,0,30.57,588.46444528621
5234,S 16TH ST,17154,,S08,SWMS,3,S,0,No,0,30.57,387.654264900198
5235,W MAGNOLIA AVE,17593,,S08,SWMS,3,S,0,No,0,30.57,410.980394153833
5236,NORTHWESTERN PKY,21719,,S09,SWMS,1,S,0,No,0,26.53,335.975751107763
5237,SOUTHWESTERN PKY,21766,,S09,SWMS,1,S,0,No,0,26.53,203.767828974546
5238,SOUTHWESTERN PKY,21735,,S09,SWMS,1,S,0,No,0,26.53,425.931126894728
5239,SOUTHWESTERN PKY,21807,,S09,SWMS,1,S,0,No,0,26.53,694.143111183858
5240,SOUTHWESTERN PKY,21761,,S09,SWMS,1,S,0,No,0,26.53,749.997187494727
5241,SOUTHWESTERN PKY,21819,,S09,SWMS,1,S,0,No,0,26.53,909.672727657569
5242,SOUTHWESTERN PKY,21763,,S09,SWMS,1,S,0,No,0,26.53,623.317184505609
5243,SOUTHWESTERN PKY,21786,,S09,SWMS,1,S,0,No,0,26.53,444.451808586994
5244,NORTHWESTERN PKY,21728,,S09,SWMS,1,S,0,No,0,26.53,1517.7418834518
5245,SOUTHWESTERN PKY,21795,,S09,SWMS,1,S,0,No,0,26.53,610.639674849252
5246,SOUTHWESTERN PKY,21750,,S09,SWMS,1,S,0,No,0,26.53,792.16295209402
5247,SOUTHWESTERN PKY,21765,,S09,SWMS,1,S,0,No,0,26.53,450.356143790667
5248,SOUTHWESTERN PKY,21774,,S09,SWMS,1,S,0,No,0,26.53,401.155557421308
5249,SOUTHWESTERN PKY,21781,,S09,SWMS,1,S,0,No,0,26.53,446.044944837513
5250,NORTHWESTERN PKY,29758,,S09,SWMS,1,S,0,No,0,26.53,1129.68777408115
5251,S 41ST ST,14944,,S09,SWMS,2,S,0,No,0,26.53,892.091520669264
5252,N 41ST ST,14328,,S09,SWMS,2,S,0,No,0,26.53,287.316442761722
5253,N 41ST ST,14603,,S09,SWMS,2,S,0,No,0,26.53,659.339215888313
5254,N 41ST ST,14292,,S09,SWMS,2,S,0,No,0,26.53,185.881903452838
5255,S 41ST ST,15368,,S09,SWMS,2,S,0,No,0,26.53,401.693873650228
5256,N 41ST ST,14364,,S09,SWMS,2,S,0,No,0,26.53,482.34124655165
5257,S 41ST ST,15637,,S09,SWMS,2,S,0,No,0,26.53,891.132237662606
5258,S 41ST ST,15073,,S09,SWMS,2,S,0,No,0,26.53,574.355998053472
5259,N 41ST ST,14426,,S09,SWMS,2,S,0,No,0,26.53,310.027140948982
5260,N 41ST ST,14463,,S09,SWMS,2,S,0,No,0,26.53,308.445807892164
5261,S 41ST ST,14755,,S09,SWMS,2,S,0,No,0,26.53,682.981902522558
5262,N 41ST ST,14491,,S09,SWMS,2,S,0,No,0,26.53,276.076670736591
5263,N 41ST ST,14395,,S09,SWMS,2,S,0,No,0,26.53,253.680563159656
5264,S 41ST ST,15929,,S09,SWMS,2,S,0,No,0,26.53,1110.35338596804
5265,S 41ST ST,15156,,S09,SWMS,2,S,0,No,0,26.53,400.166966131404
5266,S 41ST ST,15261,,S09,SWMS,2,S,0,No,0,26.53,402.132335970154
5267,VIRGINIA AVE,21953,,S09,SWMS,3,S,0,No,0,26.53,329.584284791083
5268,VIRGINIA AVE,21945,,S09,SWMS,3,S,0,No,0,26.53,381.140988513437
5269,VIRGINIA AVE,21947,,S09,SWMS,3,S,0,No,0,26.53,317.276392964892
5270,N 42ND ST,14369,,S09,SWMS,3,S,0,No,0,26.53,727.821219489417
5271,N 38TH ST,14183,,S09,SWMS,3,S,0.060544108840184865,Yes,0.06054411,26.53,262.198405613478
5272,HERMAN ST,14919,,S09,SWMS,3,S,0,No,0,26.53,351.150080316451
5273,BREWSTER AVE,21844,,S09,SWMS,3,S,0,No,0,26.53,664.768354321874
5274,VIRGINIA AVE,21949,,S09,SWMS,3,S,0,No,0,26.53,298.881238174651
5275,CECIL AVE,21971,,S09,SWMS,3,S,0,No,0,26.53,330.536684802156
5276,CECIL AVE,21907,,S09,SWMS,3,S,0,No,0,26.53,371.076558812329
5277,DOERHOEFER AVE,21847,,S09,SWMS,3,S,0,No,0,26.53,326.344197814453
5278,N 38TH ST,14319,,S09,SWMS,3,S,0,No,0,26.53,448.397999131352
5279,S 44TH ST,14653,,S09,SWMS,3,S,0,No,0,26.53,664.987605617578
5280,N 42ND ST,14296,,S09,SWMS,3,S,0,No,0,26.53,194.944746278433
5281,CECIL AVE,21899,,S09,SWMS,3,S,0,No,0,26.53,989.355116424488
5282,N 43RD ST,14547,,S09,SWMS,3,S,0,No,0,26.53,619.118034806899
5283,GLENDORA AVE,21757,,S09,SWMS,3,S,0,No,0,26.53,770.884637932291
5284,N 38TH ST,14438,,S09,SWMS,3,S,0,No,0,26.53,300.751063020496
5285,CECIL AVE,21917,,S09,SWMS,3,S,0,No,0,26.53,319.284313201025
5286,N 42ND ST,14569,,S09,SWMS,3,S,0,No,0,26.53,627.064245599883
5287,N 38TH ST,14256,,S09,SWMS,3,S,0.051920432714729785,Yes,0.05192043,26.53,299.802238986907
5288,DOERHOEFER AVE,21845,,S09,SWMS,3,S,0,No,0,26.53,266.858677033018
5289,S 43RD ST,21958,,S09,SWMS,3,S,0,No,0,26.53,339.370418937774
5290,S 42ND ST,14884,,S09,SWMS,3,S,0,No,0,26.53,822.238401122965
5291,HERMAN ST,21758,,S09,SWMS,3,S,0,No,0,26.53,396.201697568612
5292,N 43RD ST,14367,,S09,SWMS,3,S,0,No,0,26.53,823.468220489565
5293,N 44TH ST,14532,,S09,SWMS,3,S,0,No,0,26.53,622.288504685849
5294,S 38TH ST,14958,,S09,SWMS,3,S,0,No,0,26.53,369.606637394744
5295,DOERHOEFER AVE,21849,,S09,SWMS,3,S,0,No,0,26.53,421.979217408867
5296,N 43RD ST,14286,,S09,SWMS,3,S,0,No,0,26.53,73.9783086979724
5297,CECIL AVE,21976,,S09,SWMS,3,S,0,No,0,26.53,229.208837975873
5298,HERMAN ST,21752,,S09,SWMS,3,S,0,No,0,26.53,378.854012981195
5299,N 38TH ST,14478,,S09,SWMS,3,S,0,No,0,26.53,300.676580326524
5300,N 38TH ST,14704,,S09,SWMS,3,S,0,No,0,26.53,663.069672526952
5301,WESTCHESTER AVE,21879,,S09,SWMS,3,S,0,No,0,26.53,736.499671660653
5302,VARBLE AVE,21838,,S09,SWMS,3,S,0,No,0,26.53,665.939494894344
5303,RIVERVIEW AVE,21869,,S09,SWMS,3,S,0,No,0,26.53,737.576435873768
5304,N 37TH ST,14246,,S09,SWMS,3,S,0.06677107266881611,Yes,0.06677107,26.53,578.331121364796
5305,BREWSTER AVE,21842,,S09,SWMS,3,S,0,No,0,26.53,581.995672762317
5306,S 38TH ST,14867,,S09,SWMS,3,S,0,No,0,26.53,649.777200397375
5307,S 43RD ST,29775,,S09,SWMS,3,S,0,No,0,26.53,787.505247998386
5308,WINNROSE WAY,21962,,S09,SWMS,3,S,0,No,0,26.53,1007.07156872352
5309,S 38TH ST,15047,,S09,SWMS,3,S,0,No,0,26.53,365.978516371197
5310,VIRGINIA AVE,21941,,S09,SWMS,3,S,0,No,0,26.53,300.342226676503
5311,N 38TH ST,14552,,S09,SWMS,3,S,0,No,0,26.53,567.461974439965
5312,RIVERVIEW AVE,21870,,S09,SWMS,3,S,0,No,0,26.53,597.31750998221
5313,N 37TH ST,14179,,S09,SWMS,3,S,0.0308378454128449,Yes,0.03083785,26.53,267.098793754296
5314,N 42ND ST,14484,,S09,SWMS,3,S,0,No,0,26.53,1021.18187946079
5315,N 38TH ST,14207,,S09,SWMS,3,S,0.0325207595984652,Yes,0.03252076,26.53,281.675379703747
5316,DOERHOEFER AVE,21851,,S09,SWMS,3,S,0,No,0,26.53,420.28834324076
5317,SHAWNEE DR,21762,,S09,SWMS,3,S,0,No,0,26.53,770.491272358909
5318,N 43RD ST,14468,,S09,SWMS,3,S,0,No,0,26.53,920.769653011137
5319,N 38TH ST,14365,,S09,SWMS,3,S,0,No,0,26.53,512.632913405148
5320,S 44TH ST,21846,,S09,SWMS,3,S,0,No,0,26.53,724.552246986027
5321,N 44TH ST,14452,,S09,SWMS,3,S,0,No,0,26.53,519.488002899249
5322,N 38TH ST,14415,,S09,SWMS,3,S,0,No,0,26.53,337.846087618958
5323,S 38TH ST,15137,,S09,SWMS,3,S,0,No,0,26.53,417.716589032212
5324,VIRGINIA AVE,21943,,S09,SWMS,3,S,0,No,0,26.53,373.272374580547
5325,HERMAN ST,29777,,S09,SWMS,3,S,0,No,0,26.53,297.027967170181
5326,N 44TH ST,14403,,S09,SWMS,3,S,0,No,0,26.53,334.00836947007
5327,CECIL AVE,21950,,S09,SWMS,3,S,0,No,0,26.53,523.378283963903
5328,CECIL AVE,21961,,S09,SWMS,3,S,0,No,0,26.53,345.925253848284
5329,N 38TH ST,14567,,S09,SWMS,3,S,0,No,0,26.53,54.5759576759767
5330,HERMAN ST,21756,,S09,SWMS,3,S,0,No,0,26.53,450.412315446914
5331,S 44TH ST,21859,,S09,SWMS,3,S,0,No,0,26.53,434.391034614119
5332,VIRGINIA AVE,21951,,S09,SWMS,3,S,0,No,0,26.53,410.272151481489
5333,HERMAN ST,21759,,S09,SWMS,3,S,0,No,0,26.53,318.793998188877
5334,CECIL AVE,21931,,S09,SWMS,3,S,0,No,0,26.53,316.367394219126
5335,WESTCHESTER AVE,21881,,S09,SWMS,3,S,0,No,0,26.53,629.41842224465
5336,CECIL AVE,21866,,S09,SWMS,3,S,0,No,0,26.53,1249.01897599637
5337,HERMAN ST,21754,,S09,SWMS,3,S,0,No,0,26.53,245.277718989745
5338,VARBLE AVE,21836,,S09,SWMS,3,S,0,No,0,26.53,580.454758431177
5339,S 43RD ST,14675,,S09,SWMS,3,S,0,No,0,26.53,663.836367379982
5340,S 42ND ST,14698,,S09,SWMS,3,S,0,No,0,26.53,660.419196893155
5341,S 44TH ST,21877,,S09,SWMS,3,S,0,No,0,26.53,512.222519348256
5342,VIRGINIA AVE,21939,,S09,SWMS,3,S,0,No,0,26.53,393.030664611554
5343,SHAWNEE PARK ENTRANCE RD,21817,,S09,SWMS,3,S,0,No,0,26.53,212.622219280327
5344,RIVER PARK DR,21787,,S09,SWMS,3,S,0,No,0,26.53,253.333077927334
5345,SHAWNEE PARK RD,21815,,S09,SWMS,3,S,0,No,0,26.53,2159.84578643778
5346,S 38TH ST,15225,,S09,SWMS,3,S,0,No,0,26.53,399.525022129794
5347,HERMAN ST,14945,,S09,SWMS,3,S,0,No,0,26.53,290.794171193303
5348,N 44TH ST,14359,,S09,SWMS,3,S,0,No,0,26.53,903.782573151758
5349,W HILL ST,17719,,S10,SWMS,1,S,0,No,0,33.44,1340.09233794451
5350,E BURNETT AVE,17950,,S10,SWMS,1,S,0,No,0,33.44,588.683298540196
5351,S PRESTON ST,18029,,S10,SWMS,1,S,0,No,0,33.44,312.915138052304
5352,E BURNETT AVE,18277,,S10,SWMS,1,S,0,No,0,33.44,559.429548714755
5353,S PRESTON ST,21016,,S10,SWMS,1,S,0.04313406702363167,Yes,0.04313407,33.44,373.601431644155
5354,E HILL ST,18047,,S10,SWMS,1,S,0,No,0,33.44,818.158574259208
5355,S PRESTON ST,18737,,S10,SWMS,1,S,0.07855985133394777,Yes,0.07855985,33.44,680.438152937856
5356,W HILL ST,17770,,S10,SWMS,1,S,0,No,0,33.44,479.330227132599
5357,W HILL ST,17678,,S10,SWMS,1,S,0,No,0,33.44,712.633306880056
5358,E BURNETT AVE,17974,,S10,SWMS,1,S,0,No,0,33.44,579.966691959588
5359,W HILL ST,17689,,S10,SWMS,1,S,0,No,0,33.44,902.040416169334
5360,S PRESTON ST,18809,,S10,SWMS,1,S,0.0913298392881959,Yes,0.09132984,33.44,395.522334255895
5361,W HILL ST,17838,,S10,SWMS,1,S,0,No,0,33.44,344.561768773031
5362,W HILL ST,17912,,S10,SWMS,1,S,0,No,0,33.44,243.078040133848
5363,W HILL ST,17708,,S10,SWMS,1,S,0,No,0,33.44,754.535261661668
5364,W HILL ST,17962,,S10,SWMS,1,S,0,No,0,33.44,481.445739490761
5365,E BURNETT AVE,18443,,S10,SWMS,1,S,0,No,0,33.44,388.768669165868
5366,S PRESTON ST,21000,,S10,SWMS,1,S,0.0354837646959419,Yes,0.03548376,33.44,307.495508488342
5367,S PRESTON ST,18308,,S10,SWMS,1,S,0.055096934185714215,Yes,0.05509693,33.44,477.216735482893
5368,S PRESTON ST,18137,,S10,SWMS,1,S,0,No,0,33.44,455.328374479617
5369,W HILL ST,17811,,S10,SWMS,1,S,0,No,0,33.44,615.784639834618
5370,S PRESTON ST,21007,,S10,SWMS,1,S,0.041011341678335658,Yes,0.04101134,33.44,355.215434988754
5371,E BURNETT AVE,17995,,S10,SWMS,1,S,0,No,0,33.44,588.169521546016
5372,E BURNETT AVE,18368,,S10,SWMS,1,S,0,No,0,33.44,559.820289249343
5373,E BURNETT AVE,18557,,S10,SWMS,1,S,0,No,0,33.44,165.653012054629
5374,W HILL ST,17976,,S10,SWMS,1,S,0,No,0,33.44,239.544257316108
5375,W HILL ST,17888,,S10,SWMS,1,S,0,No,0,33.44,1095.34644205612
5376,E BURNETT AVE,18542,,S10,SWMS,1,S,0,No,0,33.44,259.777909953868
5377,W HILL ST,17747,,S10,SWMS,1,S,0,No,0,33.44,958.550629133062
5378,S PRESTON ST,21004,,S10,SWMS,1,S,0.04890499262808411,Yes,0.04890499,33.44,423.585826057734
5379,W HILL ST,17784,,S10,SWMS,1,S,0,No,0,33.44,349.731973266672
5380,S PRESTON ST,21023,,S10,SWMS,1,S,0.05996875577648277,Yes,0.05996876,33.44,519.413197813167
5381,S PRESTON ST,18628,,S10,SWMS,1,S,0.0078605259798538388,Yes,0.00786053,33.44,68.083330742554
5382,S PRESTON ST,21011,,S10,SWMS,1,S,0.0075734685296164088,Yes,0.00757347,33.44,65.5968409274842
5383,W HILL ST,17824,,S10,SWMS,1,S,0,No,0,33.44,477.585304062269
5384,W HILL ST,17985,,S10,SWMS,1,S,0,No,0,33.44,239.854247985016
5385,E BURNETT AVE,18514,,S10,SWMS,1,S,0,No,0,33.44,399.980637746358
5386,W HILL ST,17902,,S10,SWMS,1,S,0,No,0,33.44,237.25819927876
5387,S PRESTON ST,18178,,S10,SWMS,1,S,0,No,0,33.44,143.177392157421
5388,E HILL ST,18003,,S10,SWMS,1,S,0,No,0,33.44,480.620467915392
5389,E HILL ST,18048,,S10,SWMS,1,S,0,No,0,33.44,597.825476182771
5390,W HILL ST,17946,,S10,SWMS,1,S,0,No,0,33.44,478.714505864404
5391,W HILL ST,17928,,S10,SWMS,1,S,0,No,0,33.44,480.318909197642
5392,E BURNETT AVE,18175,,S10,SWMS,1,S,0,No,0,33.44,647.911876523799
5393,E BURNETT AVE,18061,,S10,SWMS,1,S,0,No,0,33.44,441.637628270641
5394,E BURNETT AVE,18017,,S10,SWMS,1,S,0,No,0,33.44,362.246001933824
5395,S 12TH ST,17048,,S10,SWMS,2,S,0,No,0,33.44,420.587965542631
5396,S 12TH ST,17769,,S10,SWMS,2,S,0,No,0,33.44,601.878120450114
5397,S 12TH ST,17446,,S10,SWMS,2,S,0,No,0,33.44,440.019743817798
5398,W HILL ST,20309,,S10,SWMS,2,S,0,No,0,33.44,553.405507968614
5399,S 13TH ST,15317,,S10,SWMS,2,S,0,No,0,33.44,255.393408424213
5400,W HILL ST,20289,,S10,SWMS,2,S,0,No,0,33.44,375.078455458662
5401,12TH STREET CONNECTOR,16185,,S10,SWMS,2,S,0,No,0,33.44,485.761111862793
5402,W HILL ST,20300,,S10,SWMS,2,S,0,No,0,33.44,469.603625751093
5403,S 13TH ST,15388,,S10,SWMS,2,S,0,No,0,33.44,255.741118622293
5404,S 12TH ST,16651,,S10,SWMS,2,S,0,No,0,33.44,482.685666997685
5405,S 12TH ST,17884,,S10,SWMS,2,S,0,No,0,33.44,524.658605850536
5406,S 12TH ST,38840,,S10,SWMS,2,S,0,No,0,33.44,739.522069551103
5407,S 12TH ST,16533,,S10,SWMS,2,S,0,No,0,33.44,764.48841939602
5408,S 11TH ST,18076,,S10,SWMS,2,S,0,No,0,33.44,753.965458439783
5409,S 12TH ST,16754,,S10,SWMS,2,S,0,No,0,33.44,476.068391390617
5410,S 11TH ST,18250,,S10,SWMS,2,S,0,No,0,33.44,713.52919497541
5411,12TH STREET CONNECTOR,16234,,S10,SWMS,2,S,0,No,0,33.44,246.923036295414
5412,W HILL ST,20322,,S10,SWMS,2,S,0,No,0,33.44,712.483132837452
5413,S 12TH ST,16948,,S10,SWMS,2,S,0,No,0,33.44,419.044740261101
5414,S 12TH ST,17143,,S10,SWMS,2,S,0,No,0,33.44,419.695547235548
5415,S 12TH ST,17351,,S10,SWMS,2,S,0,No,0,33.44,471.574495470036
5416,W HILL ST,20291,,S10,SWMS,2,S,0,No,0,33.44,374.370165037003
5417,W HILL ST,20286,,S10,SWMS,2,S,0,No,0,33.44,374.152028761789
5418,S 12TH ST,16852,,S10,SWMS,2,S,0,No,0,33.44,444.954272360801
5419,S 12TH ST,17262,,S10,SWMS,2,S,0,No,0,33.44,383.459529999594
5420,S 12TH ST,17191,,S10,SWMS,2,S,0,No,0,33.44,391.782868142962
5421,W HILL ST,20284,,S10,SWMS,2,S,0,No,0,33.44,234.754138319633
5422,S 13TH ST,15248,,S10,SWMS,2,S,0,No,0,33.44,255.827062266447
5423,S 12TH ST,17630,,S10,SWMS,2,S,0,No,0,33.44,536.555203827338
5424,S 12TH ST,17527,,S10,SWMS,2,S,0,No,0,33.44,413.005149975457
5425,S 13TH ST,15612,,S10,SWMS,2,S,0,No,0,33.44,218.267553421397
5426,S 13TH ST,15698,,S10,SWMS,2,S,0,No,0,33.44,246.559207109545
5427,S 13TH ST,15474,,S10,SWMS,2,S,0,No,0,33.44,257.737930278639
5428,S 13TH ST,15549,,S10,SWMS,2,S,0,No,0,33.44,263.49829082107
5429,12TH STREET CONNECTOR,16088,,S10,SWMS,2,S,0,No,0,33.44,464.30933564468
5430,S 13TH ST,15971,,S10,SWMS,2,S,0,No,0,33.44,401.422353949055
5431,S 13TH ST,15859,,S10,SWMS,2,S,0,No,0,33.44,401.088148050604
5432,S 13TH ST,15769,,S10,SWMS,2,S,0,No,0,33.44,242.115155941512
5433,S 11TH ST,15658,,S10,SWMS,3,S,0,No,0,33.44,211.391471031828
5434,S 13TH ST,18028,,S10,SWMS,3,S,0,No,0,33.44,257.431166846717
5435,MAGAZINE ST,16150,,S10,SWMS,3,S,0,No,0,33.44,472.408778001497
5436,S 10TH ST,21544,,S10,SWMS,3,S,0,No,0,33.44,508.822794547745
5437,S 11TH ST,15518,,S10,SWMS,3,S,0,No,0,33.44,252.81539707858
5438,S 10TH ST,15683,,S10,SWMS,3,S,0,No,0,33.44,212.175729147003
5439,S 11TH ST,16552,,S10,SWMS,3,S,0,No,0,33.44,1481.41488009136
5440,S 11TH ST,16205,,S10,SWMS,3,S,0,No,0,33.44,325.319520301292
5441,S 10TH ST,15615,,S10,SWMS,3,S,0,No,0,33.44,283.00010575616
5442,E BURNETT AVE,18615,,S10,SWMS,3,S,0,No,0,33.44,403.271896685412
5443,S 11TH ST,16253,,S10,SWMS,3,S,0,No,0,33.44,255.78539242558
5444,S 11TH ST,15441,,S10,SWMS,3,S,0,No,0,33.44,260.318022150311
5445,S 13TH ST,18242,,S10,SWMS,3,S,0,No,0,33.44,842.863367486095
5446,S 12TH ST,15417,,S10,SWMS,3,S,0,No,0,33.44,259.752500481227
5447,S 11TH ST,15600,,S10,SWMS,3,S,0,No,0,33.44,287.240909071753
5448,S 11TH ST,17883,,S10,SWMS,3,S,0,No,0,33.44,372.574091971264
5449,S 12TH ST,15339,,S10,SWMS,3,S,0,No,0,33.44,510.247251341506
5450,S 13TH ST,17959,,S10,SWMS,3,S,0,No,0,33.44,278.22961622241
5451,S 10TH ST,15533,,S10,SWMS,3,S,0,No,0,33.44,252.966184746104
5452,S 11TH ST,15362,,S10,SWMS,3,S,0,No,0,33.44,508.911771730867
5453,S 10TH ST,16145,,S10,SWMS,3,S,0,No,0,33.44,215.269418888829
5454,S 10TH ST,21557,,S10,SWMS,3,S,0,No,0,33.44,259.7757220782
5455,E BURNETT AVE,18655,,S10,SWMS,3,S,0,No,0,33.44,344.034434303293
5456,S 13TH ST,17882,,S10,SWMS,3,S,0,No,0,33.44,498.753168066379
5457,S 13TH ST,18390,,S10,SWMS,3,S,0,No,0,33.44,628.584052711334
5458,S 10TH ST,15767,,S10,SWMS,3,S,0,No,0,33.44,250.159236734668
5459,S 11TH ST,15748,,S10,SWMS,3,S,0,No,0,33.44,250.88310160656
5460,S 12TH ST,15728,,S10,SWMS,3,S,0,No,0,33.44,246.850470443102
5461,S 12TH ST,15640,,S10,SWMS,3,S,0,No,0,33.44,240.243677586555
5462,S 12TH ST,15497,,S10,SWMS,3,S,0,No,0,33.44,252.541662503342
5463,S 12TH ST,15576,,S10,SWMS,3,S,0,No,0,33.44,262.272674103836
5464,S 11TH ST,16127,,S10,SWMS,3,S,0,No,0,33.44,481.98665150409
5465,S 12TH ST,15784,,S10,SWMS,3,S,0,No,0,33.44,244.04188524589
5466,S 11TH ST,15799,,S10,SWMS,3,S,0,No,0,33.44,243.734155917448
5467,S 10TH ST,15820,,S10,SWMS,3,S,0,No,0,33.44,245.887062315469
5468,S 11TH ST,16021,,S10,SWMS,3,S,0,No,0,33.44,817.86363710059
5469,WALTER BARNES WAY,16099,,S10,SWMS,3,S,0,No,0,33.44,254.241790504753
5470,W BROADWAY,16078,,S11,SWMS,1,S,0,No,0,29,952.702561968762
5471,W BROADWAY,21829,,S11,SWMS,1,S,0,No,0,29,180.078672043638
5472,RIVER PARK DR,15540,,S11,SWMS,1,S,0,No,0,29,334.130767059264
5473,W BROADWAY,16020,,S11,SWMS,1,S,0,No,0,29,351.469595404642
5474,W BROADWAY,16094,,S11,SWMS,1,S,0.05568171907319422,Yes,0.05568172,29,482.281623546649
5475,W BROADWAY,15966,,S11,SWMS,1,S,0,No,0,29,177.314879257918
5476,W BROADWAY,16059,,S11,SWMS,1,S,0,No,0,29,485.381267554976
5477,W BROADWAY,16108,,S11,SWMS,1,S,0.11237567055215116,Yes,0.11237567,29,486.665310668717
5478,W BROADWAY,16065,,S11,SWMS,1,S,0,No,0,29,492.365875554682
5479,W BROADWAY,21820,,S11,SWMS,1,S,0,No,0,29,671.68474124344
5480,W BROADWAY,16098,,S11,SWMS,1,S,0.062272882686086786,Yes,0.06227288,29,269.685066617064
5481,W BROADWAY,15987,,S11,SWMS,1,S,0,No,0,29,126.843386529928
5482,W BROADWAY,15964,,S11,SWMS,1,S,0,No,0,29,157.627332957557
5483,W BROADWAY,21826,,S11,SWMS,1,S,0,No,0,29,139.747690331987
5484,W BROADWAY,15997,,S11,SWMS,1,S,0,No,0,29,69.2430265103462
5485,RIVER PARK DR,15555,,S11,SWMS,1,S,0,No,0,29,314.276259816429
5486,W BROADWAY,16007,,S11,SWMS,1,S,0,No,0,29,86.2899364062809
5487,W BROADWAY,15945,,S11,SWMS,1,S,0,No,0,29,229.533468760549
5488,W BROADWAY,16015,,S11,SWMS,1,S,0,No,0,29,620.076561577341
5489,W BROADWAY,21831,,S11,SWMS,1,S,0,No,0,29,199.475063056137
5490,RIVER PARK DR,15599,,S11,SWMS,1,S,0,No,0,29,792.659693544434
5491,W BROADWAY,21825,,S11,SWMS,1,S,0,No,0,29,279.170626927445
5492,W BROADWAY,16101,,S11,SWMS,1,S,0.0479818895404921,Yes,0.04798189,29,207.79524333501
5493,W BROADWAY,15970,,S11,SWMS,1,S,0,No,0,29,89.1534632056574
5494,W BROADWAY,16001,,S11,SWMS,1,S,0,No,0,29,187.959489904906
5495,W BROADWAY,15957,,S11,SWMS,1,S,0,No,0,29,356.413165277059
5496,W BROADWAY,16026,,S11,SWMS,1,S,0,No,0,29,241.784220693912
5497,W BROADWAY,16028,,S11,SWMS,1,S,0,No,0,29,123.008647548581
5498,W BROADWAY,16168,,S11,SWMS,1,S,0.110605168585689,Yes,0.11060517,29,478.997732901733
5499,W BROADWAY,15949,,S11,SWMS,1,S,0,No,0,29,297.149411599725
5500,W BROADWAY,15994,,S11,SWMS,1,S,0,No,0,29,224.160665385901
5501,W BROADWAY,16034,,S11,SWMS,1,S,0,No,0,29,467.227467131834
5502,W BROADWAY,15990,,S11,SWMS,1,S,0,No,0,29,122.464790858434
5503,W BROADWAY,16084,,S11,SWMS,1,S,0,No,0,29,484.35994950278
5504,W BROADWAY,16087,,S11,SWMS,1,S,0,No,0,29,482.149488571488
5505,W BROADWAY,16044,,S11,SWMS,1,S,0,No,0,29,485.942688614997
5506,W BROADWAY,15939,,S11,SWMS,1,S,0,No,0,29,180.831078374957
5507,W BROADWAY,21832,,S11,SWMS,1,S,0,No,0,29,220.90906818474
5508,W BROADWAY,16049,,S11,SWMS,1,S,0,No,0,29,476.59584687336
5509,W BROADWAY,15952,,S11,SWMS,1,S,0,No,0,29,113.19639323152
5510,W BROADWAY,15977,,S11,SWMS,1,S,0,No,0,29,118.234159219111
5511,W BROADWAY,15960,,S11,SWMS,1,S,0,No,0,29,55.0594542713344
5512,W BROADWAY,15973,,S11,SWMS,1,S,0,No,0,29,222.381552745641
5513,W BROADWAY,15983,,S11,SWMS,1,S,0,No,0,29,158.168126529968
5514,W BROADWAY,21828,,S11,SWMS,1,S,0,No,0,29,244.830594228566
5515,W BROADWAY,21822,,S11,SWMS,1,S,0,No,0,29,469.46949109019
5516,W BROADWAY,21823,,S11,SWMS,1,S,0,No,0,29,96.7494249417664
5517,W BROADWAY,16003,,S11,SWMS,1,S,0,No,0,29,279.265311617236
5518,W BROADWAY,15930,,S11,SWMS,1,S,0,No,0,29,213.779535243817
5519,W BROADWAY,29797,,S11,SWMS,1,S,0,No,0,29,185.450292895641
5520,W CHESTNUT ST,15712,,S11,SWMS,1,S,0,No,0,29,421.992784483633
5521,W CHESTNUT ST,15795,,S11,SWMS,1,S,0,No,0,29,1215.95580331894
5522,W CHESTNUT ST,15898,,S11,SWMS,1,S,0,No,0,29,479.562304509279
5523,W CHESTNUT ST,15875,,S11,SWMS,1,S,0,No,0,29,480.642042937426
5524,W CHESTNUT ST,15852,,S11,SWMS,1,S,0,No,0,29,691.642971481674
5525,W CHESTNUT ST,15890,,S11,SWMS,1,S,0,No,0,29,480.643341259909
5526,W CHESTNUT ST,15663,,S11,SWMS,1,S,0,No,0,29,477.489630941081
5527,W CHESTNUT ST,15920,,S11,SWMS,1,S,0,No,0,29,481.61578315224
5528,W CHESTNUT ST,15645,,S11,SWMS,1,S,0,No,0,29,482.828854900989
5529,W CHESTNUT ST,15690,,S11,SWMS,1,S,0,No,0,29,478.662263501104
5530,W CHESTNUT ST,15753,,S11,SWMS,1,S,0,No,0,29,764.379864227072
5531,W CHESTNUT ST,15824,,S11,SWMS,1,S,0,No,0,29,266.318692112754
5532,W CHESTNUT ST,15972,,S11,SWMS,1,S,0,No,0,29,950.769960454623
5533,RIVER PARK DR,15614,,S11,SWMS,1,S,0,No,0,29,480.296504832529
5534,W CHESTNUT ST,16022,,S11,SWMS,1,S,0,No,0,29,866.740273172526
5535,W CHESTNUT ST,15814,,S11,SWMS,1,S,0,No,0,29,481.00849459532
5536,W CHESTNUT ST,21645,,S11,SWMS,1,S,0,No,0,29,400.810500669337
5537,W CHESTNUT ST,16042,,S11,SWMS,1,S,0,No,0,29,477.590518252823
5538,W CHESTNUT ST,21647,,S11,SWMS,1,S,0,No,0,29,128.266724208044
5539,W CHESTNUT ST,15979,,S11,SWMS,1,S,0,No,0,29,103.109335931573
5540,W BROADWAY,16138,,S11,SWMS,1,S,0.0556189555065923,Yes,0.05561896,29,481.737987168596
5541,W BROADWAY,16112,,S11,SWMS,1,S,0.11118735071377077,Yes,0.11118735,29,481.519025290965
5542,GARLAND AVE,16256,,S11,SWMS,2,S,0,No,0,29,366.805977323162
5543,GARLAND AVE,16309,,S11,SWMS,2,S,0,No,0,29,183.898834281243
5544,GARLAND AVE,16330,,S11,SWMS,2,S,0,No,0,29,342.448953238482
5545,RIVER PARK DR,15530,,S11,SWMS,2,S,0,No,0,29,479.026508898701
5546,GARLAND AVE,21860,,S11,SWMS,2,S,0,No,0,29,323.751718878159
5547,GARLAND AVE,21856,,S11,SWMS,2,S,0,No,0,29,658.232487818176
5548,GARLAND AVE,16279,,S11,SWMS,2,S,0,No,0,29,269.457151046321
5549,RIVER PARK DR,15396,,S11,SWMS,2,S,0,No,0,29,198.475596736727
5550,RIVER PARK DR,15460,,S11,SWMS,2,S,0,No,0,29,217.173209961542
5551,GARLAND AVE,16272,,S11,SWMS,2,S,0,No,0,29,102.858317306198
5552,GARLAND AVE,21867,,S11,SWMS,2,S,0,No,0,29,421.578968470025
5553,GARLAND AVE,16373,,S11,SWMS,2,S,0,No,0,29,340.220653244081
5554,RIVER PARK DR,15482,,S11,SWMS,2,S,0,No,0,29,541.359544346574
5555,GARLAND AVE,16510,,S11,SWMS,2,S,0,No,0,29,928.820557010341
5556,GARLAND AVE,16441,,S11,SWMS,2,S,0,No,0,29,258.894065226124
5557,RIVER PARK DR,15416,,S11,SWMS,2,S,0,No,0,29,325.159414028335
5558,RIVER PARK DR,21791,,S11,SWMS,2,S,0,No,0,29,169.326619012635
5559,GARLAND AVE,21862,,S11,SWMS,2,S,0,No,0,29,416.148496676067
5560,RIVER PARK DR,15512,,S11,SWMS,2,S,0,No,0,29,629.719136570516
5561,RIVER PARK DR,21793,,S11,SWMS,2,S,0,No,0,29,197.641296371103
5562,GARLAND AVE,16471,,S11,SWMS,2,S,0,No,0,29,399.3947209548
5563,GARLAND AVE,29800,,S11,SWMS,2,S,0,No,0,29,403.848033170043
5564,GARLAND AVE,16298,,S11,SWMS,2,S,0,No,0,29,170.961763744281
5565,GARLAND AVE,16484,,S11,SWMS,2,S,0,No,0,29,477.369310834455
5566,GARLAND AVE,16457,,S11,SWMS,2,S,0,No,0,29,306.479049727782
5567,GARLAND AVE,16284,,S11,SWMS,2,S,0,No,0,29,137.252974125335
5568,RIVER PARK DR,15438,,S11,SWMS,2,S,0,No,0,29,398.763812456697
5569,GARLAND AVE,16360,,S11,SWMS,2,S,0,No,0,29,447.689466659614
5570,GARLAND AVE,16320,,S11,SWMS,2,S,0,No,0,29,360.259056620052
5571,GARLAND AVE,16460,,S11,SWMS,2,S,0,No,0,29,296.63783289771
5572,GARLAND AVE,16288,,S11,SWMS,2,S,0,No,0,29,337.90449071237
5573,RIVER PARK DR,21789,,S11,SWMS,2,S,0,No,0,29,435.353309285975
5574,GARLAND AVE,16379,,S11,SWMS,2,S,0,No,0,29,245.220717627885
5575,GARLAND AVE,16267,,S11,SWMS,2,S,0,No,0,29,352.905687456704
5576,GARLAND AVE,16342,,S11,SWMS,2,S,0,No,0,29,393.548036623333
5577,RIVER PARK DR,15448,,S11,SWMS,2,S,0,No,0,29,148.609821028928
5578,GARLAND AVE,16302,,S11,SWMS,2,S,0,No,0,29,149.183536438002
5579,GARLAND AVE,16434,,S11,SWMS,2,S,0,No,0,29,285.39668801731
5580,GARLAND AVE,16446,,S11,SWMS,2,S,0,No,0,29,285.464716517756
5581,RIVER PARK DR,21788,,S11,SWMS,2,S,0,No,0,29,395.31808790517
5582,GARLAND AVE,16412,,S11,SWMS,2,S,0,No,0,29,1382.47546793439
5583,GARLAND AVE,16295,,S11,SWMS,2,S,0,No,0,29,310.763610670805
5584,GARLAND AVE,21865,,S11,SWMS,2,S,0,No,0,29,423.136575738998
5585,RIVER PARK DR,21794,,S11,SWMS,2,S,0,No,0,29,377.02986556936
5586,GARLAND AVE,21858,,S11,SWMS,2,S,0,No,0,29,289.269790474654
5587,GARLAND AVE,16430,,S11,SWMS,2,S,0,No,0,29,1052.8025716967
5588,RIVER PARK DR,15387,,S11,SWMS,2,S,0,No,0,29,393.919730283024
5589,RIVER PARK DR,29786,,S11,SWMS,2,S,0,No,0,29,405.838103689452
5590,S 16TH ST,17018,,S11,SWMS,3,S,0,No,0,29,365.326780088731
5591,S 17TH ST,16558,,S11,SWMS,3,S,0,No,0,29,435.442674244412
5592,VERMONT AVE,15386,,S11,SWMS,3,S,0,No,0,29,617.91713749996
5593,S 17TH ST,16740,,S11,SWMS,3,S,0,No,0,29,365.50953681556
5594,W ST CATHERINE ST,16807,,S11,SWMS,3,S,0,No,0,29,224.2570063879
5595,S 16TH ST,16687,,S11,SWMS,3,S,0,No,0,29,435.322478349384
5596,GREENWOOD AVE,16455,,S11,SWMS,3,S,0,No,0,29,323.202252914584
5597,VERMONT AVE,15484,,S11,SWMS,3,S,0,No,0,29,794.509766794122
5598,GREENWOOD AVE,21897,,S11,SWMS,3,S,0,No,0,29,309.403912790385
5599,S 16TH ST,16769,,S11,SWMS,3,S,0,No,0,29,364.257712257493
5600,GREENWOOD AVE,21893,,S11,SWMS,3,S,0,No,0,29,389.305651930459
5601,GREENWOOD AVE,16585,,S11,SWMS,3,S,0,No,0,29,1439.85794655237
5602,S 17TH ST,16313,,S11,SWMS,3,S,0,No,0,29,388.746287853747
5603,S 16TH ST,16848,,S11,SWMS,3,S,0,No,0,29,368.821502509639
5604,S 17TH ST,16902,,S11,SWMS,3,S,0,No,0,29,364.05349556504
5605,VERMONT AVE,15444,,S11,SWMS,3,S,0,No,0,29,310.602172939952
5606,GALLAGHER ST,16891,,S11,SWMS,3,S,0,No,0,29,217.168885950543
5607,GALLAGHER ST,16903,,S11,SWMS,3,S,0,No,0,29,480.653882773249
5608,GARLAND AVE,16574,,S11,SWMS,3,S,0,No,0,29,553.165140940355
5609,GREENWOOD AVE,16545,,S11,SWMS,3,S,0,No,0,29,959.619441578926
5610,VERMONT AVE,21783,,S11,SWMS,3,S,0,No,0,29,811.265985975007
5611,GREENWOOD AVE,29805,,S11,SWMS,3,S,0,No,0,29,394.434410144767
5612,GREENWOOD AVE,21892,,S11,SWMS,3,S,0,No,0,29,381.83472066622
5613,GARLAND AVE,21854,,S11,SWMS,3,S,0,No,0,29,728.900432817999
5614,S 17TH ST,16081,,S11,SWMS,3,S,0,No,0,29,213.054277122052
5615,W MADISON ST,15503,,S11,SWMS,3,S,0,No,0,29,478.631327656331
5616,GREENWOOD AVE,16523,,S11,SWMS,3,S,0,No,0,29,953.978912568302
5617,GARLAND AVE,16559,,S11,SWMS,3,S,0,No,0,29,728.732749385234
5618,S 17TH ST,16030,,S11,SWMS,3,S,0,No,0,29,238.648129448069
5619,S 17TH ST,15601,,S11,SWMS,3,S,0,No,0,29,249.338928346663
5620,S 17TH ST,16137,,S11,SWMS,3,S,0,No,0,29,265.01289031149
5621,W MADISON ST,15542,,S11,SWMS,3,S,0,No,0,29,481.488805246939
5622,W MADISON ST,15591,,S11,SWMS,3,S,0,No,0,29,399.431675225948
5623,GREENWOOD AVE,16493,,S11,SWMS,3,S,0,No,0,29,967.331342292678
5624,GREENWOOD AVE,21891,,S11,SWMS,3,S,0,No,0,29,661.010565376275
5625,GREENWOOD AVE,16603,,S11,SWMS,3,S,0,No,0,29,478.634164927521
5626,S 17TH ST,16663,,S11,SWMS,3,S,0,No,0,29,435.201485779863
5627,GREENWOOD AVE,16464,,S11,SWMS,3,S,0,No,0,29,347.964011249727
5628,S 17TH ST,15788,,S11,SWMS,3,S,0,No,0,29,197.520824617278
5629,W MADISON ST,15571,,S11,SWMS,3,S,0,No,0,29,480.518246434254
5630,GREENWOOD AVE,16469,,S11,SWMS,3,S,0,No,0,29,310.701304762709
5631,VERMONT AVE,15356,,S11,SWMS,3,S,0,No,0,29,771.173413314764
5632,W ST CATHERINE ST,16821,,S11,SWMS,3,S,0,No,0,29,408.311174854823
5633,GREENWOOD AVE,21900,,S11,SWMS,3,S,0,No,0,29,653.513640351141
5634,S 17TH ST,16236,,S11,SWMS,3,S,0,No,0,29,464.563187901923
5635,S 17TH ST,16820,,S11,SWMS,3,S,0,No,0,29,365.256502337741
5636,GREENWOOD AVE,16638,,S11,SWMS,3,S,0,No,0,29,1104.23972492499
5637,GREENWOOD AVE,21895,,S11,SWMS,3,S,0,No,0,29,154.821785147472
5638,GREENWOOD AVE,16444,,S11,SWMS,3,S,0,No,0,29,50.3008235674377
5639,VERMONT AVE,15430,,S11,SWMS,3,S,0,No,0,29,336.905060115235
5640,VERMONT AVE,15412,,S11,SWMS,3,S,0,No,0,29,479.477433430619
5641,VERMONT AVE,15324,,S11,SWMS,3,S,0,No,0,29,858.688464407348
5642,S 16TH ST,16929,,S11,SWMS,3,S,0,No,0,29,362.022206673845
5643,W MADISON ST,15524,,S11,SWMS,3,S,0,No,0,29,478.135070817141
5644,S 17TH ST,16478,,S11,SWMS,3,S,0,No,0,29,848.647273831272
5645,S 17TH ST,15889,,S11,SWMS,3,S,0,No,0,29,403.348489406183
5646,VERMONT AVE,29784,,S11,SWMS,3,S,0,No,0,29,979.213961394865
5647,S 17TH ST,15742,,S11,SWMS,3,S,0,No,0,29,200.059528695444
5648,S 17TH ST,15953,,S11,SWMS,3,S,0,No,0,29,242.157120355901
5649,VERMONT AVE,15288,,S11,SWMS,3,S,0,No,0,29,593.601740702994
5650,S 17TH ST,15676,,S11,SWMS,3,S,0,No,0,29,253.687094431802
5651,S 16TH ST,17087,,S11,SWMS,3,S,0,No,0,29,276.441209756365
5652,NORTHWESTERN PKY,14156,,S12,SWMS,1,S,0,No,0,22.37,516.100617763872
5653,S 16TH ST,15328,,S12,SWMS,1,S,0,No,0,22.37,258.169374212454
5654,BANK ST,14850,,S12,SWMS,1,S,0,No,0,22.37,121.665223789304
5655,BANK ST,14266,,S12,SWMS,1,S,0,No,0,22.37,35.4676899621331
5656,BANK ST,14259,,S12,SWMS,1,S,0,No,0,22.37,247.151783133867
5657,S 15TH ST,16792,,S12,SWMS,1,S,0,No,0,22.37,366.716520977096
5658,BANK ST,14346,,S12,SWMS,1,S,0.020331039702597746,Yes,0.02033104,22.37,176.095548240753
5659,PORTLAND AVE,14402,,S12,SWMS,1,S,0.06191463226038781,Yes,0.06191463,22.37,536.267438527644
5660,BANK ST,14341,,S12,SWMS,1,S,0.05828765764781258,Yes,0.05828766,22.37,504.852500110534
5661,NORTHWESTERN PKY,14135,,S12,SWMS,1,S,0.06001799053687938,Yes,0.06001799,22.37,519.839818779845
5662,BANK ST,14425,,S12,SWMS,1,S,0.01180710550053386,Yes,0.01180711,22.37,102.266268544993
5663,BANK ST,14226,,S12,SWMS,1,S,0.0099173937548207546,Yes,0.00991739,22.37,85.8985073356924
5664,BANK ST,14523,,S12,SWMS,1,S,0,No,0,22.37,191.628992981984
5665,S 15TH ST,17310,,S12,SWMS,1,S,0,No,0,22.37,450.995149641324
5666,BANK ST,14245,,S12,SWMS,1,S,0.1184249301348573,Yes,0.11842493,22.37,1025.72572678445
5667,S 15TH ST,15278,,S12,SWMS,1,S,0,No,0,22.37,256.040240707134
5668,S 15TH ST,15513,,S12,SWMS,1,S,0,No,0,22.37,283.784821695829
5669,S 15TH ST,15197,,S12,SWMS,1,S,0,No,0,22.37,254.770222623735
5670,BANK ST,14255,,S12,SWMS,1,S,0.06339263334144762,Yes,0.06339263,22.37,549.221503725482
5671,S 16TH ST,15182,,S12,SWMS,1,S,0,No,0,22.37,254.534440204071
5672,BANK ST,14271,,S12,SWMS,1,S,0,No,0,22.37,333.450947013294
5673,S 15TH ST,15345,,S12,SWMS,1,S,0,No,0,22.37,257.945258928062
5674,S 15TH ST,17042,,S12,SWMS,1,S,0,No,0,22.37,166.972045639382
5675,S 15TH ST,16071,,S12,SWMS,1,S,0,No,0,22.37,240.008829590184
5676,S 15TH ST,17896,,S12,SWMS,1,S,0,No,0,22.37,897.994782503707
5677,S 15TH ST,17163,,S12,SWMS,1,S,0,No,0,22.37,386.079521747959
5678,PORTLAND AVE,14158,,S12,SWMS,1,S,0.06547276949396008,Yes,0.06547277,22.37,567.145173276397
5679,S 16TH ST,15805,,S12,SWMS,1,S,0,No,0,22.37,199.147425456693
5680,NORTHWESTERN PKY,14140,,S12,SWMS,1,S,0.061799463623157677,Yes,0.06179946,22.37,267.634924220476
5681,BANK ST,14294,,S12,SWMS,1,S,0.0155601644140274,Yes,0.01556016,22.37,134.772707892198
5682,S 16TH ST,15401,,S12,SWMS,1,S,0,No,0,22.37,257.756363532498
5683,BANK ST,14505,,S12,SWMS,1,S,0.112512527243884,Yes,0.11251253,22.37,974.516037373597
5684,S 15TH ST,15426,,S12,SWMS,1,S,0,No,0,22.37,257.228960813611
5685,NORTHWESTERN PKY,14144,,S12,SWMS,1,S,0.056875186057528747,Yes,0.05687519,22.37,246.309181850906
5686,BANK ST,14827,,S12,SWMS,1,S,0,No,0,22.37,346.3249878026
5687,S 16TH ST,16331,,S12,SWMS,1,S,0,No,0,22.37,388.373692466418
5688,S 15TH ST,16964,,S12,SWMS,1,S,0,No,0,22.37,367.491837921691
5689,BANK ST,14233,,S12,SWMS,1,S,0.040768335759403536,Yes,0.04076834,22.37,353.110914852261
5690,S 15TH ST,16606,,S12,SWMS,1,S,0,No,0,22.37,38.8386283228437
5691,S 16TH ST,15623,,S12,SWMS,1,S,0,No,0,22.37,249.410116227395
5692,NORTHWESTERN PKY,14147,,S12,SWMS,1,S,0.12063157093490386,Yes,0.12063157,22.37,522.419207270368
5693,S 16TH ST,16167,,S12,SWMS,1,S,0,No,0,22.37,255.903345464223
5694,S 15TH ST,17409,,S12,SWMS,1,S,0,No,0,22.37,439.027651924573
5695,PORTLAND AVE,14220,,S12,SWMS,1,S,0.04320432933466067,Yes,0.04320433,22.37,374.209922912595
5696,S 15TH ST,17718,,S12,SWMS,1,S,0,No,0,22.37,1542.93309867008
5697,BANK ST,14229,,S12,SWMS,1,S,0.0092021340982169925,Yes,0.00920213,22.37,79.7031847309127
5698,S 16TH ST,15255,,S12,SWMS,1,S,0,No,0,22.37,253.800765032868
5699,S 15TH ST,16871,,S12,SWMS,1,S,0,No,0,22.37,363.231525732035
5700,BANK ST,14258,,S12,SWMS,1,S,0,No,0,22.37,274.816067468885
5701,BANK ST,14373,,S12,SWMS,1,S,0.057613442453669478,Yes,0.05761344,22.37,499.013001317466
5702,N 16TH ST,15134,,S12,SWMS,1,S,0,No,0,22.37,254.949138497468
5703,S 15TH ST,17009,,S12,SWMS,1,S,0,No,0,22.37,195.724061322214
5704,S 16TH ST,16104,,S12,SWMS,1,S,0,No,0,22.37,240.355458777334
5705,S 15TH ST,17107,,S12,SWMS,1,S,0,No,0,22.37,266.923223983452
5706,S 15TH ST,15827,,S12,SWMS,1,S,0,No,0,22.37,199.308962417649
5707,BANK ST,14644,,S12,SWMS,1,S,0,No,0,22.37,473.361472710051
5708,BANK ST,14324,,S12,SWMS,1,S,0.0081207015456730858,Yes,0.0081207,22.37,70.3365451770752
5709,S 16TH ST,16052,,S12,SWMS,1,S,0,No,0,22.37,238.744471366653
5710,S 16TH ST,18273,,S12,SWMS,1,S,0,No,0,22.37,1460.29574791186
5711,NORTHWESTERN PKY,14173,,S12,SWMS,1,S,0,No,0,22.37,935.993685670687
5712,BANK ST,14257,,S12,SWMS,1,S,0.1515041075859591,Yes,0.15150411,22.37,524.895212206198
5713,BANK ST,14446,,S12,SWMS,1,S,0.056877593135396,Yes,0.05687759,22.37,492.639399688048
5714,BANK ST,14318,,S12,SWMS,1,S,0.04740461436545433,Yes,0.04740461,22.37,410.590418785593
5715,NORTHWESTERN PKY,14137,,S12,SWMS,1,S,0.060595415203314275,Yes,0.06059542,22.37,524.841153409772
5716,S 15TH ST,16117,,S12,SWMS,1,S,0,No,0,22.37,241.002179259709
5717,S 16TH ST,16248,,S12,SWMS,1,S,0,No,0,22.37,441.526559931563
5718,S 15TH ST,16713,,S12,SWMS,1,S,0,No,0,22.37,437.559730424503
5719,S 16TH ST,15547,,S12,SWMS,1,S,0,No,0,22.37,497.048153114709
5720,BANK ST,14580,,S12,SWMS,1,S,0,No,0,22.37,45.3870662503372
5721,S 15TH ST,17234,,S12,SWMS,1,S,0,No,0,22.37,402.266256018743
5722,BANK ST,14577,,S12,SWMS,1,S,0,No,0,22.37,415.635048324022
5723,N 16TH ST,15075,,S12,SWMS,1,S,0,No,0,22.37,241.158572377699
5724,S 15TH ST,15574,,S12,SWMS,1,S,0,No,0,22.37,210.173857351628
5725,BANK ST,14227,,S12,SWMS,1,S,0.060799890840994,Yes,0.06079989,22.37,526.612233033139
5726,BANK ST,14289,,S12,SWMS,1,S,0.0611947828445428,Yes,0.06119478,22.37,530.032584406698
5727,NORTHWESTERN PKY,14148,,S12,SWMS,1,S,0.060084435055757,Yes,0.06008444,22.37,520.415369515831
5728,S 15TH ST,16263,,S12,SWMS,1,S,0,No,0,22.37,420.264043701249
5729,S 15TH ST,16491,,S12,SWMS,1,S,0,No,0,22.37,765.035147143879
5730,S 15TH ST,16591,,S12,SWMS,1,S,0,No,0,22.37,399.022926591492
5731,S 15TH ST,16182,,S12,SWMS,1,S,0,No,0,22.37,271.649252895628
5732,S 15TH ST,16511,,S12,SWMS,1,S,0,No,0,22.37,83.4267487829893
5733,S 15TH ST,16348,,S12,SWMS,1,S,0,No,0,22.37,390.083312863049
5734,N 15TH ST,14927,,S12,SWMS,1,S,0,No,0,22.37,296.569845088176
5735,PORTLAND AVE,14176,,S12,SWMS,1,S,0.044686761787237218,Yes,0.04468676,22.37,387.049819144771
5736,PORTLAND AVE,14490,,S12,SWMS,1,S,0,No,0,22.37,842.606727811919
5737,PORTLAND AVE,14200,,S12,SWMS,1,S,0.05546658997195025,Yes,0.05546659,22.37,480.418620352344
5738,PORTLAND AVE,14276,,S12,SWMS,1,S,0.04719451892677251,Yes,0.04719452,22.37,408.770663470439
5739,PORTLAND AVE,14351,,S12,SWMS,1,S,0.006469190276057057,Yes,0.00646919,22.37,56.0323567235932
5740,PORTLAND AVE,14181,,S12,SWMS,1,S,0.009438796444186454,Yes,0.0094388,22.37,81.7530580467789
5741,PORTLAND AVE,14721,,S12,SWMS,1,S,0,No,0,22.37,300.119914896572
5742,PORTLAND AVE,14672,,S12,SWMS,1,S,0,No,0,22.37,165.78966455808
5743,PORTLAND AVE,14378,,S12,SWMS,1,S,0.0484708022710078,Yes,0.0484708,22.37,419.82504261448
5744,PORTLAND AVE,14800,,S12,SWMS,1,S,0,No,0,22.37,426.086242920667
5745,PORTLAND AVE,14228,,S12,SWMS,1,S,0.0240801312589662,Yes,0.02408013,22.37,208.5674725958
5746,PORTLAND AVE,14285,,S12,SWMS,1,S,0.00822133185529075,Yes,0.00822133,22.37,71.2080194307495
5747,PORTLAND AVE,14251,,S12,SWMS,1,S,0.03125756132586035,Yes,0.03125756,22.37,270.734372820598
5748,PORTLAND AVE,14625,,S12,SWMS,1,S,0,No,0,22.37,506.588351178795
5749,PORTLAND AVE,14350,,S12,SWMS,1,S,0.05558079626022762,Yes,0.0555808,22.37,481.407441778791
5750,PORTLAND AVE,14311,,S12,SWMS,1,S,0.0552224068378403,Yes,0.05522241,22.37,478.303577762074
5751,PORTLAND AVE,14546,,S12,SWMS,1,S,0,No,0,22.37,519.578218994579
5752,PORTLAND AVE,14423,,S12,SWMS,1,S,0.058151881258628,Yes,0.05815188,22.37,503.6766625355
5753,PORTLAND AVE,14853,,S12,SWMS,1,S,0,No,0,22.37,336.252103383115
5754,PORTLAND AVE,14645,,S12,SWMS,1,S,0,No,0,22.37,228.3687635198
5755,BANK ST,14743,,S12,SWMS,1,S,0,No,0,22.37,551.460546888728
5756,BANK ST,14666,,S12,SWMS,1,S,0,No,0,22.37,106.445165651734
5757,BANK ST,14957,,S12,SWMS,1,S,0,No,0,22.37,337.716148380175
5758,BANK ST,14892,,S12,SWMS,1,S,0,No,0,22.37,258.409425262724
5759,N 16TH ST,15022,,S12,SWMS,1,S,0,No,0,22.37,238.834578935531
5760,BANK ST,14861,,S12,SWMS,1,S,0,No,0,22.37,63.0806167237607
5761,N 16TH ST,14967,,S12,SWMS,1,S,0,No,0,22.37,44.4512563271557
5762,N 15TH ST,15041,,S12,SWMS,1,S,0,No,0,22.37,478.929343966832
5763,N 15TH ST,15149,,S12,SWMS,1,S,0,No,0,22.37,495.007283527538
5764,BANK ST,14765,,S12,SWMS,1,S,0,No,0,22.37,76.5640045701111
5765,S 15TH ST,15776,,S12,SWMS,1,S,0,No,0,22.37,202.218477147861
5766,PORTLAND AVE,14335,,S12,SWMS,1,S,0.040926441205100215,Yes,0.04092644,22.37,354.480253328729
5767,PORTLAND AVE,14314,,S12,SWMS,1,S,0.01464517560351381,Yes,0.01464518,22.37,126.847610959963
5768,S 16TH ST,15980,,S12,SWMS,1,S,0,No,0,22.37,240.910172852665
5769,S 16TH ST,15897,,S12,SWMS,1,S,0,No,0,22.37,402.773393175369
5770,BANK ST,14421,,S12,SWMS,1,S,0.09167710495997587,Yes,0.0916771,22.37,794.051900883964
5771,S 15TH ST,15919,,S12,SWMS,1,S,0,No,0,22.37,402.156856712368
5772,BANK ST,14262,,S12,SWMS,1,S,0,No,0,22.37,517.707838698623
5773,BANK ST,14264,,S12,SWMS,1,S,0,No,0,22.37,402.919986628859
5774,BANK ST,14381,,S12,SWMS,1,S,0.02037606453339627,Yes,0.02037606,22.37,176.485266860306
5775,S 15TH ST,16004,,S12,SWMS,1,S,0,No,0,22.37,240.031603075916
5776,S 15TH ST,15726,,S12,SWMS,1,S,0,No,0,22.37,498.449067108729
5777,S 16TH ST,15759,,S12,SWMS,1,S,0,No,0,22.37,199.601645647806
5778,S 16TH ST,15699,,S12,SWMS,1,S,0,No,0,22.37,251.770810088263
5779,BANK ST,14275,,S12,SWMS,1,S,0,No,0,22.37,203.692251789464
5780,BANK ST,14263,,S12,SWMS,1,S,0,No,0,22.37,309.498586604008
5781,NORTHWESTERN PKY,14247,,S12,SWMS,1,S,0,No,0,22.37,1124.57590781922
5782,BANK ST,14274,,S12,SWMS,1,S,0,No,0,22.37,138.479420295264
5783,S 16TH ST,18414,,S12,SWMS,3,S,0,No,0,22.37,655.717880375953
5784,MAPLE ST,16349,,S12,SWMS,3,S,0,No,0,22.37,483.257990985729
5785,CRUMS LN,22191,,S16,SWMS,1,S,0.1131729619372484,Yes,0.11317296,22.04,980.236277718923
5786,ROCKFORD LN,31368,,S16,SWMS,1,S,0.033991979900262245,Yes,0.03399198,22.04,294.418019907733
5787,ROCKFORD LN,26951,,S16,SWMS,1,S,0.01359614559786648,Yes,0.01359615,22.04,117.761870632104
5788,CRUMS LN,22195,,S16,SWMS,1,S,0.05309301515587335,Yes,0.05309302,22.04,459.859787776734
5789,ROCKFORD LN,31813,,S16,SWMS,1,S,0.03020576900453938,Yes,0.03020577,22.04,261.624455511952
5790,ROCKFORD LN,34430,,S16,SWMS,1,S,0.04448927334944348,Yes,0.04448927,22.04,385.339212296972
5791,ROCKFORD LN,26946,,S16,SWMS,1,S,0.07571391009439067,Yes,0.07571391,22.04,655.788456847245
5792,ROCKFORD LN,27013,,S16,SWMS,1,S,0.048810103450288828,Yes,0.0488101,22.04,422.763815291382
5793,CRUMS LN,22371,,S16,SWMS,1,S,0.020615654570954576,Yes,0.02061565,22.04,178.560399344487
5794,ROCKFORD LN,26863,,S16,SWMS,1,S,0.07275972647971407,Yes,0.07275973,22.04,630.201133347158
5795,CRUMS LN,20067,,S16,SWMS,1,S,0.01325181073175256,Yes,0.01325181,22.04,114.77913573468
5796,ROCKFORD LN,26925,,S16,SWMS,1,S,0.041406138248529768,Yes,0.04140614,22.04,358.63527528572
5797,CRUMS LN,20065,,S16,SWMS,1,S,0.02534117811836551,Yes,0.02534118,22.04,219.490196339296
5798,ROCKFORD LN,31815,,S16,SWMS,1,S,0.0133700510701775,Yes,0.01337005,22.04,115.803240995233
5799,CRUMS LN,29902,,S16,SWMS,1,S,0.07791411543281483,Yes,0.07791412,22.04,674.845341801781
5800,LEES LN,26788,,S16,SWMS,1,S,0.1490169213238093,Yes,0.14901692,22.04,645.347674362788
5801,ROCKFORD LN,26990,,S16,SWMS,1,S,0.049643298534804668,Yes,0.0496433,22.04,429.980278420498
5802,CRUMS LN,22165,,S16,SWMS,1,S,0.08740097307258926,Yes,0.08740097,22.04,378.507380263665
5803,CRUMS LN,22184,,S16,SWMS,1,S,0.02155585196085345,Yes,0.02155585,22.04,186.703876141305
5804,ROCKFORD LN,31369,,S16,SWMS,1,S,0.04011868036310045,Yes,0.04011868,22.04,347.483970454651
5805,ROCKFORD LN,26844,,S16,SWMS,1,S,0.14052543443893065,Yes,0.14052543,22.04,1217.14692170134
5806,ROCKFORD LN,31812,,S16,SWMS,1,S,0.020564530143470136,Yes,0.02056453,22.04,178.117669643737
5807,CRUMS LN,29908,,S16,SWMS,1,S,0.06661869918642994,Yes,0.0666187,22.04,577.011275181564
5808,ROCKFORD LN,26873,,S16,SWMS,1,S,0.016250885342283437,Yes,0.01625089,22.04,140.755400785306
5809,ROCKFORD LN,26970,,S16,SWMS,1,S,0.027290633166890055,Yes,0.02729063,22.04,236.375151594471
5810,CRUMS LN,22379,,S16,SWMS,1,S,0.014142645761237,Yes,0.01414265,22.04,122.495183585162
5811,CRUMS LN,22358,,S16,SWMS,1,S,0.04045400602603487,Yes,0.04045401,22.04,350.38835391293
5812,CRUMS LN,20047,,S16,SWMS,1,S,0.059881873082016486,Yes,0.05988187,22.04,518.660911024727
5813,CRUMS LN,22148,,S16,SWMS,1,S,0.2549515708317246,Yes,0.25495157,22.04,1104.11869726776
5814,CRUMS LN,20060,,S16,SWMS,1,S,0.10052764036069357,Yes,0.10052764,22.04,870.709876179524
5815,ROCKFORD LN,26871,,S16,SWMS,1,S,0.033772799984509237,Yes,0.0337728,22.04,292.519626856509
5816,CRUMS LN,22186,,S16,SWMS,1,S,0.0180158492877407,Yes,0.01801585,22.04,156.042462169757
5817,CRUMS LN,22431,,S16,SWMS,1,S,0.044110478699286776,Yes,0.04411048,22.04,382.058644215982
5818,CRUMS LN,22156,,S16,SWMS,1,S,0.080078161860283617,Yes,0.08007816,22.04,346.794417723329
5819,ROCKFORD LN,26950,,S16,SWMS,1,S,0.0763650618658815,Yes,0.07636506,22.04,661.428357008273
5820,ROCKFORD LN,26930,,S16,SWMS,1,S,0.07469356764195985,Yes,0.07469357,22.04,647.164209636261
5821,ROCKFORD LN,26941,,S16,SWMS,1,S,0.14940779786205016,Yes,0.1494078,22.04,1294.08065256829
5822,ROCKFORD LN,26936,,S16,SWMS,1,S,0.031357094602305235,Yes,0.03135709,22.04,271.596146724553
5823,ROCKFORD LN,26942,,S16,SWMS,1,S,0.017164360288129826,Yes,0.01716436,22.04,148.6673746363
5824,ROCKFORD LN,26933,,S16,SWMS,1,S,0.078518169318528216,Yes,0.07851817,22.04,680.077507537055
5825,CRUMS LN,22174,,S16,SWMS,1,S,0.1462625448645012,Yes,0.14626254,22.04,633.419369498794
5826,CRUMS LN,22181,,S16,SWMS,1,S,0.302101203025549,Yes,0.3021012,22.04,872.206417415434
5827,CAMP GROUND RD,22246,,S15,SWMS,2,S,0.086691303642483078,Yes,0.0866913,24.31,750.868042042909
5828,CAMP GROUND RD,30013,,S15,SWMS,2,S,0.3556809216324242,Yes,0.35568092,24.31,3080.69471500378
5829,CAMP GROUND RD,22245,,S15,SWMS,2,S,0.3301402200380414,Yes,0.33014022,24.31,2859.47635652226
5830,CAMP GROUND RD,29868,,S15,SWMS,2,S,1.0533867759371518,Yes,1.05338678,24.31,3041.26812261921
5831,CAMP GROUND RD,22087,,S15,SWMS,2,S,0.1605681880521196,Yes,0.16056819,24.31,1390.74530059182
5832,CAMP GROUND RD,22254,,S15,SWMS,2,S,0.1470189931838436,Yes,0.14701899,24.31,1273.39028112956
5833,CAMP GROUND RD,21985,,S15,SWMS,2,S,0.02819416630932329,Yes,0.02819417,24.31,244.201013694564
5834,CAMP GROUND RD,21983,,S15,SWMS,2,S,0.0115712708220123,Yes,0.01157127,24.31,100.223310233012
5835,CAMP GROUND RD,22256,,S15,SWMS,2,S,0.081751206405753,Yes,0.08175121,24.31,708.079894940268
5836,CAMP GROUND RD,21984,,S15,SWMS,2,S,0.022836601472001856,Yes,0.0228366,24.31,197.796955338365
5837,LEES LN,26629,,S15,SWMS,2,S,0.018444737747121877,Yes,0.01844474,24.31,159.757286610032
5838,CAMP GROUND RD,22221,,S15,SWMS,2,S,0.32842723592648487,Yes,0.32842724,24.31,2844.6397713771
5839,CAMP GROUND RD,22049,,S15,SWMS,2,S,0.1068757014945627,Yes,0.1068757,24.31,925.693198335881
5840,CAMP GROUND RD,22034,,S15,SWMS,2,S,0.046867829122140117,Yes,0.04686783,24.31,406.06442717289
5841,CAMP GROUND RD,26625,,S15,SWMS,2,S,0.063384646756744267,Yes,0.06338465,24.31,549.472331827011
5842,LEES LN,26762,,S15,SWMS,2,S,0.0245560902462471,Yes,0.02455609,24.31,212.690045724474
5843,LEES LN,41291,,S15,SWMS,2,S,0.177993591229042,Yes,0.17799359,24.31,1541.6735299666
5844,LEES LN,26777,,S15,SWMS,2,S,0.06810465692054085,Yes,0.06810466,24.31,589.881814998056
5845,LEES LN,26682,,S15,SWMS,2,S,0.1894935915904694,Yes,0.18949359,24.31,1641.27954343589
5846,LEES LN,26711,,S15,SWMS,2,S,0.081529197752619048,Yes,0.0815292,24.31,706.157264936272
5847,BELLS LN,22235,,S15,SWMS,3,S,0.1668581321535247,Yes,0.16685813,24.31,1445.22495899625
5848,BELLS LN,22232,,S15,SWMS,3,S,0.518864391015955,Yes,0.51886439,24.31,4494.09216457721
5849,MILLERS LN,18687,,S16,SWMS,1,S,0,No,0,22.04,1915.63113929264
5850,MILLERS LN,18681,,S16,SWMS,1,S,0,No,0,22.04,1483.89898764745
5851,MILLERS LN,18755,,S16,SWMS,1,S,0,No,0,22.04,511.383973409646
5852,MILLERS LN,32756,,S16,SWMS,1,S,0,No,0,22.04,825.761099030502
5853,MILLERS LN,18723,,S16,SWMS,1,S,0,No,0,22.04,1694.87928109986
5854,RALPH AVE,21999,,S15,SWMS,2,S,0,No,0,24.31,333.267958595726
5855,RALPH AVE,19418,,S16,SWMS,2,S,0,No,0,22.04,302.618039234496
5856,DOVER RD,30051,,S16,SWMS,2,S,0,No,0,22.04,1507.26114174487
5857,DOVER RD,26800,,S16,SWMS,2,S,0,No,0,22.04,316.973014796922
5858,RALPH AVE,22003,,S15,SWMS,2,S,0,No,0,24.31,468.143898989345
5859,RALPH AVE,19406,,S16,SWMS,2,S,0,No,0,22.04,170.958734213596
5860,DOVER RD,26771,,S16,SWMS,2,S,0,No,0,22.04,109.975408892818
5861,RALPH AVE,22012,,S15,SWMS,2,S,0,No,0,24.31,286.887297190138
5862,RALPH AVE,22015,,S16,SWMS,2,S,0,No,0,22.04,463.395055583314
5863,RALPH AVE,19407,,S16,SWMS,2,S,0,No,0,22.04,40.2234481521662
5864,DOVER RD,26801,,S16,SWMS,2,S,0,No,0,22.04,826.933940643419
5865,DOVER RD,26758,,S16,SWMS,2,S,0,No,0,22.04,1095.85501932923
5866,DOVER RD,26783,,S16,SWMS,2,S,0,No,0,22.04,491.972858077324
5867,RALPH AVE,19458,,S16,SWMS,2,S,0,No,0,22.04,660.160515554957
5868,RALPH AVE,19401,,S16,SWMS,2,S,0,No,0,22.04,1655.23538044867
5869,RALPH AVE,19451,,S16,SWMS,2,S,0,No,0,22.04,307.697120256369
5870,DOVER RD,26796,,S16,SWMS,2,S,0,No,0,22.04,1326.47305713402
5871,DOVER RD,26774,,S16,SWMS,2,S,0,No,0,22.04,725.819499011083
5872,RALPH AVE,29882,,S16,SWMS,2,S,0,No,0,22.04,411.828467024273
5873,S CRUMS LN,31945,,S16,SWMS,2,S,0,No,0,22.04,262.773951171083
5874,DOVER RD,26768,,S16,SWMS,2,S,0,No,0,22.04,267.64218074523
5875,RALPH AVE,21073,,S16,SWMS,2,S,0,No,0,22.04,445.937701806204
5876,S CRUMS LN,22201,,S16,SWMS,2,S,0,No,0,22.04,82.7938009549175
5877,S CRUMS LN,31344,,S16,SWMS,2,S,0,No,0,22.04,402.657597252306
5878,OLD MILLERS LN,18649,,S16,SWMS,2,S,0,No,0,22.04,1788.26917891295
5879,S CRUMS LN,22185,,S16,SWMS,2,S,0,No,0,22.04,356.040206867497
5880,RALPH AVE,21997,,S15,SWMS,2,S,0,No,0,24.31,269.765763831617
5881,RALPH AVE,22017,,S16,SWMS,2,S,0,No,0,22.04,339.90187003016
5882,DOVER RD,26872,,S16,SWMS,2,S,0,No,0,22.04,1122.00700777872
5883,S CRUMS LN,22202,,S16,SWMS,2,S,0,No,0,22.04,422.618696344589
5884,DOVER RD,26798,,S16,SWMS,2,S,0,No,0,22.04,458.112480654555
5885,RALPH AVE,19442,,S16,SWMS,2,S,0,No,0,22.04,1270.98366844492
5886,RALPH AVE,22022,,S16,SWMS,2,S,0,No,0,22.04,352.753157376461
5887,RALPH AVE,22000,,S15,SWMS,2,S,0,No,0,24.31,239.36379029236
5888,RALPH AVE,19360,,S16,SWMS,2,S,0,No,0,22.04,1098.93633317758
5889,S CRUMS LN,29968,,S16,SWMS,2,S,0,No,0,22.04,695.467991743015
5890,RALPH AVE,22025,,S16,SWMS,2,S,0,No,0,22.04,382.915658500668
5891,RALPH AVE,22008,,S15,SWMS,2,S,0,No,0,24.31,108.843960914334
5892,RALPH AVE,19447,,S16,SWMS,2,S,0,No,0,22.04,298.393767314518
5893,S CRUMS LN,22194,,S16,SWMS,2,S,0,No,0,22.04,373.292215462632
5894,DOVER RD,26686,,S16,SWMS,2,S,0,No,0,22.04,736.730033294728
5895,DOVER RD,26819,,S16,SWMS,2,S,0,No,0,22.04,1573.01205550488
5896,S CRUMS LN,22199,,S16,SWMS,2,S,0,No,0,22.04,646.598748379743
5897,S CRUMS LN,31352,,S16,SWMS,2,S,0,No,0,22.04,623.072440959798
5898,RALPH AVE,22247,,S15,SWMS,2,S,0,No,0,24.31,2589.21421034227
5899,KRAMERS LN,22064,,S15,SWMS,2,S,0,No,0,24.31,853.614716500695
5900,KRAMERS LN,22046,,S15,SWMS,2,S,0,No,0,24.31,1697.68763130637
5901,KRAMERS LN,22079,,S15,SWMS,2,S,0,No,0,24.31,986.610714751754
5902,KRAMERS LN,22093,,S15,SWMS,2,S,0,No,0,24.31,970.062498075355
5903,MAE AVE,22203,,S16,SWMS,2,S,0,No,0,22.04,654.036155832546
5904,S CRUMS LN,22204,,S16,SWMS,2,S,0,No,0,22.04,327.762929207201
5905,POPLAR VIEW DR,26779,,S16,SWMS,3,S,0,No,0,22.04,585.231067447264
5906,LEES LN,22193,,S15,SWMS,3,S,0,No,0,24.31,695.121530129783
5907,CAMP GROUND RD,22043,,S15,SWMS,3,S,0,No,0,24.31,401.423100048958
5908,LAKE DREAMLAND RD,22010,,S15,SWMS,3,S,0,No,0,24.31,142.070137350438
5909,POPLAR VIEW DR,26764,,S16,SWMS,3,S,0,No,0,22.04,396.127597226245
5910,LAKE DREAMLAND RD,22006,,S15,SWMS,3,S,0,No,0,24.31,211.70693125901
5911,LEES LN,26620,,S15,SWMS,3,S,0,No,0,24.31,248.657399618496
5912,LEES LN,22215,,S15,SWMS,3,S,0,No,0,24.31,243.483551270024
5913,LEES LN,26626,,S15,SWMS,3,S,0,No,0,24.31,157.618622615833
5914,LEES LN,26610,,S15,SWMS,3,S,0,No,0,24.31,248.285922705297
5915,CLARION CT,26781,,S16,SWMS,3,S,0,No,0,22.04,548.194997881162
5916,LEES LN,26608,,S15,SWMS,3,S,0,No,0,24.31,252.315672963231
5917,LAKE DREAMLAND RD,22002,,S15,SWMS,3,S,0,No,0,24.31,817.898791830862
5918,BRAMERS LN,22255,,S15,SWMS,3,S,0,No,0,24.31,313.117210268721
5919,LEES LN,26618,,S15,SWMS,3,S,0,No,0,24.31,249.535745667079
5920,BRAMERS LN,37521,,S15,SWMS,3,S,0,No,0,24.31,1080.69539712303
5921,LAKE DREAMLAND RD,22044,,S15,SWMS,3,S,0,No,0,24.31,2278.16791208521
5922,BRAMERS LN,22253,,S15,SWMS,3,S,0,No,0,24.31,1927.69332955924
5923,LEES LN,26606,,S15,SWMS,3,S,0,No,0,24.31,248.930941223882
5924,BRAMERS LN,22252,,S15,SWMS,3,S,0,No,0,24.31,824.193804798374
5925,LEES LN,22208,,S15,SWMS,3,S,0,No,0,24.31,303.40943665285
5926,LEES LN,29919,,S15,SWMS,3,S,0,No,0,24.31,255.141627336662
5927,CLARION CT,26784,,S16,SWMS,3,S,0,No,0,22.04,340.549679843441
5928,CLARION CT,26787,,S16,SWMS,3,S,0,No,0,22.04,68.3939378553156
5929,LEES LN,26612,,S15,SWMS,3,S,0,No,0,24.31,252.189265563832
5930,CAMP GROUND RD,22047,,S15,SWMS,3,S,0,No,0,24.31,411.852637505658
5931,S 22ND ST,17197,,S13,SWMS,1,S,0.06390116477713799,Yes,0.06390116,18.29,276.736843518886
5932,DR W J HODGE ST,16880,,S13,SWMS,1,S,0.03984937494944051,Yes,0.03984937,18.29,345.151167121338
5933,DR W J HODGE ST,15707,,S13,SWMS,1,S,0.022932214682816438,Yes,0.02293221,18.29,198.625157331593
5934,S 22ND ST,15495,,S13,SWMS,1,S,0.02908121974187833,Yes,0.02908122,18.29,251.884144998375
5935,N 22ND ST CONNECTOR,14931,,S13,SWMS,1,S,0.028525045226822,Yes,0.02852505,18.29,247.066817501248
5936,S 22ND ST,15680,,S13,SWMS,1,S,0.02329497800785937,Yes,0.02329498,18.29,201.767200646543
5937,S 22ND ST,17865,,S13,SWMS,1,S,0.086074715408145125,Yes,0.08607472,18.29,372.763788395476
5938,N 22ND ST,14973,,S13,SWMS,1,S,0.027524072512190488,Yes,0.02752407,18.29,238.397154188132
5939,N 22ND ST,14859,,S13,SWMS,1,S,0.02786618703767693,Yes,0.02786619,18.29,241.360351061885
5940,S 22ND ST,15194,,S13,SWMS,1,S,0.0295259000929496,Yes,0.0295259,18.29,255.735667367817
5941,S 22ND ST,18279,,S13,SWMS,1,S,0.037411448174670237,Yes,0.03741145,18.29,162.017740687193
5942,S 22ND ST,17970,,S13,SWMS,1,S,0.09057862757011817,Yes,0.09057863,18.29,392.26886899916
5943,S 22ND ST,17699,,S13,SWMS,1,S,0.038473182408888217,Yes,0.03847318,18.29,333.231607987963
5944,S 22ND ST,16711,,S13,SWMS,1,S,0.039840062619388057,Yes,0.03984006,18.29,345.070922284463
5945,DR W J HODGE ST,17115,,S13,SWMS,1,S,0.0438049338032249,Yes,0.04380493,18.29,379.412036094189
5946,N 22ND ST,14464,,S13,SWMS,1,S,0.003875690251061834,Yes,0.00387569,18.29,33.5689591124986
5947,N 22ND ST,15033,,S13,SWMS,1,S,0.02973334839742024,Yes,0.02973335,18.29,257.532461852506
5948,S 22ND ST,18236,,S13,SWMS,1,S,0.086435905462179885,Yes,0.08643591,18.29,374.328257571663
5949,DR W J HODGE ST,16483,,S13,SWMS,1,S,0.06550728339663951,Yes,0.06550728,18.29,567.384783628836
5950,S 22ND ST,15967,,S13,SWMS,1,S,0.021642843467359625,Yes,0.02164284,18.29,187.457232522514
5951,S 22ND ST,17159,,S13,SWMS,1,S,0.01891740106465236,Yes,0.0189174,18.29,327.702309724485
5952,S 22ND ST,16784,,S13,SWMS,1,S,0.03987233246477911,Yes,0.03987233,18.29,345.350212830546
5953,DR W J HODGE ST,16257,,S13,SWMS,1,S,0.061291741031563478,Yes,0.06129174,18.29,530.872323486123
5954,N 21ST ST,15049,,S13,SWMS,1,S,0.05855625505197449,Yes,0.05855626,18.29,253.589594915514
5955,DR W J HODGE ST,16093,,S13,SWMS,1,S,0.0674016549149311,Yes,0.06740165,18.29,583.792675323809
5956,S 22ND ST,16243,,S13,SWMS,1,S,0.05657241188506435,Yes,0.05657241,18.29,489.99629579821
5957,N 22ND ST,14734,,S13,SWMS,1,S,0.01998097164518755,Yes,0.01998097,18.29,173.097339015583
5958,N 22ND ST CONNECTOR,14873,,S13,SWMS,1,S,0.02960665984183179,Yes,0.02960666,18.29,256.434993600586
5959,S 22ND ST,17023,,S13,SWMS,1,S,0.039842670756921356,Yes,0.03984267,18.29,345.093299264019
5960,S 22ND ST,16937,,S13,SWMS,1,S,0.0397972810927848,Yes,0.03979728,18.29,344.699886140912
5961,N 22ND ST,14528,,S13,SWMS,1,S,0.023948869747941148,Yes,0.02394887,18.29,207.452436327722
5962,DR W J HODGE ST,16556,,S13,SWMS,1,S,0.042294582827945,Yes,0.04229458,18.29,366.330045561718
5963,S 22ND ST,16143,,S13,SWMS,1,S,0.057549655588619845,Yes,0.05754966,18.29,249.230304713523
5964,S 22ND ST,17329,,S13,SWMS,1,S,0.072260482912876137,Yes,0.07226048,18.29,312.938314203425
5965,DR W J HODGE ST,16645,,S13,SWMS,1,S,0.039812858246933536,Yes,0.03981286,18.29,344.835293662704
5966,BERNHEIM LN,18328,,S13,SWMS,1,S,0.1529071222585204,Yes,0.15290712,18.29,662.194958555497
5967,N 22ND ST,14701,,S13,SWMS,1,S,0.00556807821954045,Yes,0.00556808,18.29,48.2274273786452
5968,DR W J HODGE ST,16725,,S13,SWMS,1,S,0.03989815535709605,Yes,0.03989816,18.29,345.573713419076
5969,N 22ND ST CONNECTOR,14813,,S13,SWMS,1,S,0.035339293146678115,Yes,0.03533929,18.29,306.312015568217
5970,DR W J HODGE ST,15364,,S13,SWMS,1,S,0.029613824406232836,Yes,0.02961382,18.29,256.49720545505
5971,DR W J HODGE ST,15516,,S13,SWMS,1,S,0.029159107601703885,Yes,0.02915911,18.29,252.558712108842
5972,S 22ND ST,17561,,S13,SWMS,1,S,0.077183409628473587,Yes,0.07718341,18.29,334.258133782859
5973,N 22ND ST,14608,,S13,SWMS,1,S,0.02726478465319035,Yes,0.02726478,18.29,236.15116079357
5974,S 22ND ST,16086,,S13,SWMS,1,S,0.05122089393882976,Yes,0.05122089,18.29,443.644433966056
5975,S 22ND ST,17271,,S13,SWMS,1,S,0.0530686138216581,Yes,0.05306861,18.29,459.648438902436
5976,S 22ND ST,15341,,S13,SWMS,1,S,0.02947108645032325,Yes,0.02947109,18.29,255.260954101998
5977,S 22ND ST,18134,,S13,SWMS,1,S,0.15755356806076865,Yes,0.15755357,18.29,682.317148045254
5978,DR W J HODGE ST,15105,,S13,SWMS,1,S,0.0600603868104516,Yes,0.06006039,18.29,260.103349947337
5979,S 22ND ST,17775,,S13,SWMS,1,S,0.077635363813934,Yes,0.07763536,18.29,336.215570960433
5980,DR W J HODGE ST,16960,,S13,SWMS,1,S,0.03982709591497412,Yes,0.0398271,18.29,344.958491290314
5981,S 22ND ST,15904,,S13,SWMS,1,S,0.0271072476124995,Yes,0.02710725,18.29,234.787002461806
5982,S 22ND ST,17627,,S13,SWMS,1,S,0.077609116545862888,Yes,0.07760912,18.29,336.101647846499
5983,N 22ND ST,14504,,S13,SWMS,1,S,0.041044923766003355,Yes,0.04104492,18.29,355.50633903778
5984,S 22ND ST,15085,,S13,SWMS,1,S,0.029488279490377245,Yes,0.02948828,18.29,255.409807440747
5985,DR W J HODGE ST,15215,,S13,SWMS,1,S,0.029445933814827078,Yes,0.02944593,18.29,255.043211419753
5986,DR W J HODGE ST,17036,,S13,SWMS,1,S,0.03985326533686424,Yes,0.03985327,18.29,345.18505291359
5987,N 22ND ST,14650,,S13,SWMS,1,S,0.027782343727254428,Yes,0.02778234,18.29,240.633883565359
5988,DR W J HODGE ST,15439,,S13,SWMS,1,S,0.027523121117288,Yes,0.02752312,18.29,238.388862994897
5989,S 22ND ST,17511,,S13,SWMS,1,S,0.0808485795414651,Yes,0.08084858,18.29,350.13117817524
5990,S 22ND ST,15271,,S13,SWMS,1,S,0.02967034235677371,Yes,0.02967034,18.29,256.986608065479
5991,N 22ND ST,14803,,S13,SWMS,1,S,0.02648030063730548,Yes,0.0264803,18.29,229.356608737035
5992,S 22ND ST,16374,,S13,SWMS,1,S,0.066313226560846816,Yes,0.06631323,18.29,574.365668196207
5993,DR W J HODGE ST,16800,,S13,SWMS,1,S,0.03984541352029755,Yes,0.03984541,18.29,345.117267886525
5994,DR W J HODGE ST,16392,,S13,SWMS,1,S,0.066546186023667867,Yes,0.06654619,18.29,576.383122627649
5995,DR W J HODGE ST,15157,,S13,SWMS,1,S,0.0290119192132928,Yes,0.02901192,18.29,251.283842908025
5996,N 21ST ST,14985,,S13,SWMS,1,S,0.0277194023667917,Yes,0.0277194,18.29,240.088988304673
5997,N 22ND ST CONNECTOR,14738,,S13,SWMS,1,S,0.02210789815200723,Yes,0.0221079,18.29,191.572171466633
5998,S 22ND ST,15414,,S13,SWMS,1,S,0.02767838931804826,Yes,0.02767839,18.29,239.733493852421
5999,N 22ND ST,14559,,S13,SWMS,1,S,0.02871639831926276,Yes,0.0287164,18.29,248.792874981327
6000,S 22ND ST,17434,,S13,SWMS,1,S,0.117402098299924,Yes,0.1174021,18.29,508.433246572041
6001,DR W J HODGE ST,15294,,S13,SWMS,1,S,0.02973929803368217,Yes,0.0297393,18.29,257.583813130813
6002,S 22ND ST,16626,,S13,SWMS,1,S,0.039718219886080347,Yes,0.03971822,18.29,344.015266966817
6003,S 22ND ST,16856,,S13,SWMS,1,S,0.03985702836980921,Yes,0.03985703,18.29,345.217707577407
6004,N 22ND ST,14691,,S13,SWMS,1,S,0.0257805277152415,Yes,0.02578053,18.29,223.295527290209
6005,S 22ND ST,16470,,S13,SWMS,1,S,0.0662025065841082,Yes,0.06620251,18.29,573.406178768686
6006,S 22ND ST,15147,,S13,SWMS,1,S,0.029482584487046288,Yes,0.02948258,18.29,255.360309687284
6007,S 22ND ST,17106,,S13,SWMS,1,S,0.0399411477509171,Yes,0.03994115,18.29,345.946521589254
6008,S 22ND ST,16546,,S13,SWMS,1,S,0.042665855704449467,Yes,0.04266586,18.29,369.546144363681
6009,DR W J HODGE ST,15926,,S13,SWMS,1,S,0.027147189654544376,Yes,0.02714719,18.29,235.132571592617
6010,DR W J HODGE ST,16151,,S13,SWMS,1,S,0.02870704603000571,Yes,0.02870705,18.29,248.643381673432
6011,N 22ND ST,14914,,S13,SWMS,1,S,0.02754747482631763,Yes,0.02754747,18.29,238.59947461937
6012,N 22ND ST,14457,,S13,SWMS,1,S,0.0390422349605035,Yes,0.03904223,18.29,338.1603028151
6013,DR W J HODGE ST,15878,,S13,SWMS,1,S,0.02832609790448351,Yes,0.0283261,18.29,245.34375
6014,S 22ND ST,15855,,S13,SWMS,1,S,0.02835125196968667,Yes,0.02835125,18.29,245.561458343959
6015,S 22ND ST,15561,,S13,SWMS,1,S,0.029056084225989685,Yes,0.02905608,18.29,251.66638519766
6016,DR W J HODGE ST,15813,,S13,SWMS,1,S,0.04635083244979074,Yes,0.04635083,18.29,401.46288207446
6017,DR W J HODGE ST,15646,,S13,SWMS,1,S,0.035318199400972125,Yes,0.0353182,18.29,203.936623624713
6018,DR W J HODGE ST,15583,,S13,SWMS,1,S,0.028798008068896926,Yes,0.02879801,18.29,249.431081150184
6019,S 22ND ST,15794,,S13,SWMS,1,S,0.04641846785096528,Yes,0.04641847,18.29,402.048698853758
6020,S 22ND ST,15618,,S13,SWMS,1,S,0.02298208734443204,Yes,0.02298209,18.29,199.057124881141
6021,DIXDALE AVE,18267,,S13,SWMS,3,S,0,No,0,18.29,733.578500376465
6022,BERNHEIM LN,18354,,S13,SWMS,3,S,0,No,0,18.29,778.353458849783
6023,S 23RD ST,18213,,S13,SWMS,3,S,0,No,0,18.29,370.385840313918
6024,N 22ND ST,14420,,S13,SWMS,3,S,0.164348137676351,Yes,0.16434814,18.29,474.494923539114
6025,BERNHEIM LN,18488,,S13,SWMS,3,S,0,No,0,18.29,441.322988904777
6026,BERNHEIM LN,18415,,S13,SWMS,3,S,0,No,0,18.29,321.836411818125
6027,BERNHEIM LN,18475,,S13,SWMS,3,S,0,No,0,18.29,1230.57620073407
6028,BERNHEIM LN,18373,,S13,SWMS,3,S,0,No,0,18.29,425.662272848853
6029,BERNHEIM LN,18404,,S13,SWMS,3,S,0,No,0,18.29,1105.37422782302
6030,BERNHEIM LN,18359,,S13,SWMS,3,S,0,No,0,18.29,199.275855329481
6031,DIXDALE AVE,18237,,S13,SWMS,3,S,0,No,0,18.29,689.654852987798
6032,N 22ND ST,14422,,S13,SWMS,3,S,0.01119907288009568,Yes,0.01119907,18.29,96.9998803431471
6033,SOUTHERN AVE,17344,,S14,SWMS,2,S,0,No,0,35.82,244.84084499553
6034,SOUTHERN AVE,17382,,S14,SWMS,2,S,0,No,0,35.82,343.856330145673
6035,SOUTHERN AVE,17371,,S14,SWMS,2,S,0,No,0,35.82,213.156375989554
6036,SOUTHERN AVE,17350,,S14,SWMS,2,S,0,No,0,35.82,264.85869847489
6037,SOUTHERN AVE,20267,,S14,SWMS,2,S,0,No,0,35.82,373.832044255098
6038,SOUTHERN AVE,17334,,S14,SWMS,2,S,0,No,0,35.82,654.018375462614
6039,SOUTHERN AVE,20269,,S14,SWMS,2,S,0,No,0,35.82,153.596722377139
6040,SOUTHERN AVE,20258,,S14,SWMS,2,S,0,No,0,35.82,190.546459229764
6041,SOUTHERN AVE,17333,,S14,SWMS,2,S,0,No,0,35.82,275.850800368718
6042,SOUTHERN AVE,17359,,S14,SWMS,2,S,0,No,0,35.82,244.025389304064
6043,SOUTHERN AVE,20261,,S14,SWMS,2,S,0,No,0,35.82,219.572599045424
6044,SOUTHERN AVE,17326,,S14,SWMS,2,S,0,No,0,35.82,503.926451145465
6045,SOUTHERN AVE,20265,,S14,SWMS,2,S,0,No,0,35.82,429.680946532754
6046,SOUTHERN AVE,20259,,S14,SWMS,2,S,0,No,0,35.82,156.73969314699
6047,SOUTHERN AVE,17362,,S14,SWMS,2,S,0,No,0,35.82,206.234024002467
6048,SOUTHERN AVE,17376,,S14,SWMS,2,S,0,No,0,35.82,271.751789610023
6049,S 23RD ST,20198,,S14,SWMS,3,S,0,No,0,35.82,313.087527148959
6050,N 29TH ST,14169,,S14,SWMS,3,S,0,No,0,35.82,409.037263030204
6051,S 23RD ST,16689,,S14,SWMS,3,S,0,No,0,35.82,345.174972615792
6052,CYPRESS ST,20189,,S14,SWMS,3,S,0,No,0,35.82,489.472316239897
6053,S 28TH ST,16494,,S14,SWMS,3,S,0,No,0,35.82,500.059884152018
6054,N 33RD ST,14191,,S14,SWMS,3,S,0,No,0,35.82,262.601701412911
6055,YOUNG AVE,29829,,S14,SWMS,3,S,0,No,0,35.82,342.978001301195
6056,MAPLE ST,16228,,S14,SWMS,3,S,0,No,0,35.82,235.519671418334
6057,N 29TH ST,14339,,S14,SWMS,3,S,0,No,0,35.82,256.633538047534
6058,S 32ND ST,16670,,S14,SWMS,3,S,0,No,0,35.82,520.258664632315
6059,S 28TH ST,16312,,S14,SWMS,3,S,0,No,0,35.82,1242.09464019776
6060,N 28TH ST,14911,,S14,SWMS,3,S,0,No,0,35.82,254.234398249197
6061,NORTHWESTERN PKY,14164,,S14,SWMS,3,S,0,No,0,35.82,485.439434426227
6062,LOUIS COLEMAN JR DR,15529,,S14,SWMS,3,S,0,No,0,35.82,403.397488716517
6063,RUSSELL LEE DR,30873,,S14,SWMS,3,S,0,No,0,35.82,250.85547577552
6064,MAPLE ST,16231,,S14,SWMS,3,S,0,No,0,35.82,64.0738404596603
6065,MAPLE ST,16244,,S14,SWMS,3,S,0,No,0,35.82,416.439632358935
6066,S 23RD ST,17007,,S14,SWMS,3,S,0,No,0,35.82,344.453422332033
6067,S 28TH ST,16550,,S14,SWMS,3,S,0,No,0,35.82,252.495478381545
6068,N 35TH ST,14166,,S14,SWMS,3,S,0,No,0,35.82,262.299677944903
6069,N 29TH ST,14449,,S14,SWMS,3,S,0,No,0,35.82,455.387902494164
6070,S 28TH ST,20285,,S14,SWMS,3,S,0,No,0,35.82,622.092050689501
6071,BOHNE AVE,17658,,S14,SWMS,3,S,0,No,0,35.82,296.895264662807
6072,S 28TH ST,15933,,S14,SWMS,3,S,0,No,0,35.82,138.050662194818
6073,CATALPA ST,20213,,S14,SWMS,3,S,0,No,0,35.82,986.556641982293
6074,BOHNE AVE,31119,,S14,SWMS,3,S,0,No,0,35.82,476.203265156234
6075,S 23RD ST,16765,,S14,SWMS,3,S,0,No,0,35.82,344.391673825021
6076,NORTHWESTERN PKY,14129,,S14,SWMS,3,S,0,No,0,35.82,565.549000219279
6077,S 38TH ST,20156,,S14,SWMS,3,S,0,No,0,35.82,260.858127751585
6078,S 38TH ST,17502,,S14,SWMS,3,S,0,No,0,35.82,253.956635385355
6079,S 23RD ST,16604,,S14,SWMS,3,S,0,No,0,35.82,345.32680739817
6080,CYPRESS ST,18100,,S14,SWMS,3,S,0,No,0,35.82,376.815554162481
6081,LOUIS COLEMAN JR DR,16757,,S14,SWMS,3,S,0,No,0,35.82,520.707331425245
6082,DUVALLE DR,31127,,S14,SWMS,3,S,0,No,0,35.82,482.676458792177
6083,S 28TH ST,14970,,S14,SWMS,3,S,0,No,0,35.82,234.954744883837
6084,S 32ND ST,17280,,S14,SWMS,3,S,0,No,0,35.82,488.608183549201
6085,MONTGOMERY ST,14170,,S14,SWMS,3,S,0,No,0,35.82,372.613489423021
6086,S 38TH ST,30869,,S14,SWMS,3,S,0,No,0,35.82,253.683367559961
6087,HUMLER ST,16370,,S14,SWMS,3,S,0,No,0,35.82,91.5029826187376
6088,CYPRESS ST,20344,,S14,SWMS,3,S,0,No,0,35.82,246.823872556838
6089,RUSSELL LEE DR,30867,,S14,SWMS,3,S,0,No,0,35.82,393.856593954656
6090,MAPLE ST,16258,,S14,SWMS,3,S,0,No,0,35.82,479.977358268741
6091,LOUIS COLEMAN JR DR,17349,,S14,SWMS,3,S,0,No,0,35.82,494.859075372021
6092,LOUIS COLEMAN JR DR,16522,,S14,SWMS,3,S,0,No,0,35.82,492.622593403155
6093,S 28TH ST,16411,,S14,SWMS,3,S,0,No,0,35.82,449.404299836715
6094,LOUIS COLEMAN JR DR,17258,,S14,SWMS,3,S,0,No,0,35.82,979.861774770426
6095,NORTHWESTERN PKY,14172,,S14,SWMS,3,S,0,No,0,35.82,135.395838116643
6096,S 28TH ST,15895,,S14,SWMS,3,S,0,No,0,35.82,412.009870365884
6097,CYPRESS ST,20251,,S14,SWMS,3,S,0,No,0,35.82,214.637430506254
6098,LOUIS COLEMAN JR DR,16329,,S14,SWMS,3,S,0,No,0,35.82,1520.91478251328
6099,S 28TH ST,15092,,S14,SWMS,3,S,0,No,0,35.82,277.581016892479
6100,DR WILLIAM G WEATHERS DR,17727,,S14,SWMS,3,S,0,No,0,35.82,597.443481957999
6101,N 34TH ST,14444,,S14,SWMS,3,S,0,No,0,35.82,534.383191713701
6102,S 23RD ST,16529,,S14,SWMS,3,S,0,No,0,35.82,368.379592400374
6103,N 33RD ST,14160,,S14,SWMS,3,S,0,No,0,35.82,263.281081040892
6104,NORTHWESTERN PKY,14342,,S14,SWMS,3,S,0,No,0,35.82,649.178758744945
6105,S 32ND ST,16900,,S14,SWMS,3,S,0,No,0,35.82,490.531471977079
6106,N 29TH ST,14409,,S14,SWMS,3,S,0,No,0,35.82,210.488457225093
6107,S 23RD ST,20202,,S14,SWMS,3,S,0,No,0,35.82,275.240624051256
6108,CYPRESS ST,20315,,S14,SWMS,3,S,0,No,0,35.82,428.602161100478
6109,RUSSELL LEE DR,20171,,S14,SWMS,3,S,0,No,0,35.82,341.236975677217
6110,S 28TH ST,16048,,S14,SWMS,3,S,0,No,0,35.82,277.88002025132
6111,S 38TH ST,20154,,S14,SWMS,3,S,0,No,0,35.82,244.139440497127
6112,S 32ND ST,17375,,S14,SWMS,3,S,0,No,0,35.82,492.907217303368
6113,N 35TH ST,14234,,S14,SWMS,3,S,0,No,0,35.82,576.402388557653
6114,NORTHWESTERN PKY,14133,,S14,SWMS,3,S,0,No,0,35.82,510.628932054934
6115,S 28TH ST,17072,,S14,SWMS,3,S,0,No,0,35.82,491.746901473544
6116,S 28TH ST,16728,,S14,SWMS,3,S,0,No,0,35.82,520.450785943771
6117,LOUIS COLEMAN JR DR,16987,,S14,SWMS,3,S,0,No,0,35.82,491.358834159161
6118,S 28TH ST,15282,,S14,SWMS,3,S,0,No,0,35.82,243.345520816724
6119,NORTHWESTERN PKY,14146,,S14,SWMS,3,S,0,No,0,35.82,471.440506701789
6120,NORTHWESTERN PKY,14236,,S14,SWMS,3,S,0,No,0,35.82,482.715026735631
6121,S 32ND ST,16447,,S14,SWMS,3,S,0,No,0,35.82,249.635304306602
6122,LOUIS COLEMAN JR DR,15671,,S14,SWMS,3,S,0,No,0,35.82,479.765425266609
6123,LOUIS COLEMAN JR DR,17433,,S14,SWMS,3,S,0,No,0,35.82,100.345652621327
6124,RUSSELL LEE DR,30874,,S14,SWMS,3,S,0,No,0,35.82,328.147404967068
6125,YOUNG AVE,31145,,S14,SWMS,3,S,0,No,0,35.82,225.78332214274
6126,RUSSELL LEE DR,20161,,S14,SWMS,3,S,0,No,0,35.82,462.285308427248
6127,N 29TH ST,14281,,S14,SWMS,3,S,0,No,0,35.82,345.317617577399
6128,S 32ND ST,17532,,S14,SWMS,3,S,0,No,0,35.82,770.586222971065
6129,S 23RD ST,16921,,S14,SWMS,3,S,0,No,0,35.82,345.795118080488
6130,RUSSELL LEE DR,30868,,S14,SWMS,3,S,0,No,0,35.82,256.092926325704
6131,S 32ND ST,16544,,S14,SWMS,3,S,0,No,0,35.82,490.262381919111
6132,LOUIS COLEMAN JR DR,16640,,S14,SWMS,3,S,0,No,0,35.82,519.81036205524
6133,LOUIS COLEMAN JR DR,31121,,S14,SWMS,3,S,0,No,0,35.82,374.965251725493
6134,S 32ND ST,17124,,S14,SWMS,3,S,0,No,0,35.82,478.970657373706
6135,N 34TH ST,14508,,S14,SWMS,3,S,0,No,0,35.82,493.400779957534
6136,BOHNE AVE,17653,,S14,SWMS,3,S,0,No,0,35.82,272.579978603021
6137,N 29TH ST,14496,,S14,SWMS,3,S,0,No,0,35.82,401.662113131174
6138,S 32ND ST,16413,,S14,SWMS,3,S,0,No,0,35.82,266.471944827444
6139,CYPRESS ST,20228,,S14,SWMS,3,S,0,No,0,35.82,986.20402301023
6140,LOUIS COLEMAN JR DR,17517,,S14,SWMS,3,S,0,No,0,35.82,204.82617211385
6141,NORTHWESTERN PKY,14188,,S14,SWMS,3,S,0,No,0,35.82,345.905960596821
6142,LOUIS COLEMAN JR DR,17478,,S14,SWMS,3,S,0,No,0,35.82,169.797903770924
6143,N 29TH ST,14550,,S14,SWMS,3,S,0,No,0,35.82,389.29603934538
6144,RUSSELL LEE DR,20164,,S14,SWMS,3,S,0,No,0,35.82,392.372306335646
6145,DUVALLE DR,31126,,S14,SWMS,3,S,0,No,0,35.82,485.588297038049
6146,S 32ND ST,17189,,S14,SWMS,3,S,0,No,0,35.82,491.045874416281
6147,S 23RD ST,16840,,S14,SWMS,3,S,0,No,0,35.82,344.622114159821
6148,N 29TH ST,14323,,S14,SWMS,3,S,0,No,0,35.82,345.4213496671
6149,LOUIS COLEMAN JR DR,17411,,S14,SWMS,3,S,0,No,0,35.82,285.444725658489
6150,S 28TH ST,16602,,S14,SWMS,3,S,0,No,0,35.82,238.91443240131
6151,N 33RD ST,14222,,S14,SWMS,3,S,0,No,0,35.82,314.304244308772
6152,S 28TH ST,15206,,S14,SWMS,3,S,0,No,0,35.82,253.738115485238
6153,NORTHWESTERN PKY,14283,,S14,SWMS,3,S,0,No,0,35.82,485.330841787144
6154,S 28TH ST,20254,,S14,SWMS,3,S,0,No,0,35.82,663.078190212302
6155,CATALPA ST,20266,,S14,SWMS,3,S,0,No,0,35.82,826.505702370355
6156,NORTHWESTERN PKY,14197,,S14,SWMS,3,S,0,No,0,35.82,248.392522891856
6157,LOUIS COLEMAN JR DR,15005,,S14,SWMS,3,S,0,No,0,35.82,373.861832025883
6158,LOUIS COLEMAN JR DR,31134,,S14,SWMS,3,S,0,No,0,35.82,360.867759766736
6159,RUSSELL LEE DR,20167,,S14,SWMS,3,S,0,No,0,35.82,243.57481985092
6160,DR WILLIAM G WEATHERS DR,31133,,S14,SWMS,3,S,0,No,0,35.82,243.386040605211
6161,LOUIS COLEMAN JR DR,16425,,S14,SWMS,3,S,0,No,0,35.82,519.981402376272
6162,NORTHWESTERN PKY,14151,,S14,SWMS,3,S,0,No,0,35.82,483.46374344735
6163,HUMLER ST,16456,,S14,SWMS,3,S,0,No,0,35.82,493.697178090806
6164,LOUIS COLEMAN JR DR,16864,,S14,SWMS,3,S,0,No,0,35.82,490.154667075863
6165,CYPRESS ST,20352,,S14,SWMS,3,S,0,No,0,35.82,658.078813477901
6166,N 34TH ST,14809,,S14,SWMS,3,S,0,No,0,35.82,467.604404284487
6167,LOUIS COLEMAN JR DR,17097,,S14,SWMS,3,S,0,No,0,35.82,477.896595771512
6168,CATALPA ST,17058,,S14,SWMS,3,S,0,No,0,35.82,489.521819495334
6169,S 32ND ST,16787,,S14,SWMS,3,S,0,No,0,35.82,520.258923668062
6170,S 32ND ST,17015,,S14,SWMS,3,S,0,No,0,35.82,491.11178478657
6171,S 28TH ST,15541,,S14,SWMS,3,S,0,No,0,35.82,197.081488936049
6172,S 28TH ST,16842,,S14,SWMS,3,S,0,No,0,35.82,521.366189088821
6173,CYPRESS ST,20335,,S14,SWMS,3,S,0,No,0,35.82,752.106407997682
6174,S 28TH ST,15358,,S14,SWMS,3,S,0,No,0,35.82,280.412511584496
6175,LOUIS COLEMAN JR DR,16006,,S14,SWMS,3,S,0,No,0,35.82,1195.63992825146
6176,N 28TH ST,14851,,S14,SWMS,3,S,0,No,0,35.82,240.865829158579
6177,HUMLER ST,16344,,S14,SWMS,3,S,0,No,0,35.82,573.742583200973
6178,DUVALLE DR,31072,,S14,SWMS,3,S,0,No,0,35.82,209.844587838412
6179,BOHNE AVE,17636,,S14,SWMS,3,S,0,No,0,35.82,202.594898581504
6180,NORTHWESTERN PKY,14354,,S14,SWMS,3,S,0,No,0,35.82,404.873277673106
6181,CYPRESS ST,20290,,S14,SWMS,3,S,0,No,0,35.82,342.444258011888
6182,S 28TH ST,15153,,S14,SWMS,3,S,0,No,0,35.82,293.309299485334
6183,NORTHWESTERN PKY,14131,,S14,SWMS,3,S,0,No,0,35.82,87.8397863388937
6184,BOHNE AVE,20159,,S14,SWMS,3,S,0,No,0,35.82,398.813886354003
6185,S 28TH ST,15965,,S14,SWMS,3,S,0,No,0,35.82,82.3662270935424
6186,S 23RD ST,20186,,S14,SWMS,3,S,0,No,0,35.82,358.775770886209
6187,S 28TH ST,20217,,S14,SWMS,3,S,0,No,0,35.82,985.122730153507
6188,S 28TH ST,16955,,S14,SWMS,3,S,0,No,0,35.82,488.769133257206
6189,S 38TH ST,30870,,S14,SWMS,3,S,0,No,0,35.82,257.137231190006
6190,N 29TH ST,14382,,S14,SWMS,3,S,0,No,0,35.82,209.69618227855
6191,RUSSELL LEE DR,30865,,S14,SWMS,3,S,0,No,0,35.82,261.409827007804
6192,S 28TH ST,15020,,S14,SWMS,3,S,0,No,0,35.82,219.95350267894
6193,N 34TH ST,14687,,S14,SWMS,3,S,0,No,0,35.82,492.3316019209
6194,N 35TH ST,14385,,S14,SWMS,3,S,0,No,0,35.82,1363.64357835404
6195,S 32ND ST,21327,,S14,SWMS,3,S,0,No,0,35.82,758.784737459553
6196,N 29TH ST,14355,,S14,SWMS,3,S,0,No,0,35.82,233.268768430712
6197,CYPRESS ST,20276,,S14,SWMS,3,S,0,No,0,35.82,397.749612863184
6198,N 28TH ST,14789,,S14,SWMS,3,S,0,No,0,35.82,480.066069759697
6199,N 34TH ST,14587,,S14,SWMS,3,S,0,No,0,35.82,496.523927672534
6200,NORTHWESTERN PKY,14201,,S14,SWMS,3,S,0,No,0,35.82,232.316895528086
6201,S 34TH ST,14923,,S14,SWMS,3,S,0,No,0,35.82,475.054446176063
6202,LOUIS COLEMAN JR DR,15172,,S14,SWMS,3,S,0,No,0,35.82,416.645820183717
6203,LOUIS COLEMAN JR DR,15087,,S14,SWMS,3,S,0,No,0,35.82,364.880810697994
6204,S 35TH ST,17873,,S14,SWMS,3,S,0,No,0,35.82,116.745733895558
6205,S 35TH ST,17798,,S14,SWMS,3,S,0,No,0,35.82,83.8364816547665
6206,S 35TH ST,17893,,S14,SWMS,3,S,0,No,0,35.82,69.6019154280254
6207,S 35TH ST,17969,,S14,SWMS,3,S,0,No,0,35.82,284.237624327808
6208,S 35TH ST,17834,,S14,SWMS,3,S,0,No,0,35.82,166.592320623206
6209,LOUIS COLEMAN JR DR,15411,,S14,SWMS,3,S,0,No,0,35.82,445.754694838376
6210,S 28TH ST,15431,,S14,SWMS,3,S,0,No,0,35.82,219.344157992212
6211,S 28TH ST,15796,,S14,SWMS,3,S,0,No,0,35.82,480.127688908117
6212,S 28TH ST,15662,,S14,SWMS,3,S,0,No,0,35.82,402.177204607931
6213,LOUIS COLEMAN JR DR,15291,,S14,SWMS,3,S,0,No,0,35.82,400.181311446762
6214,S 28TH ST,15493,,S14,SWMS,3,S,0,No,0,35.82,203.693927703945
6215,CHEROKEE PKY,20441,,S17,SWMS,1,S,0.13474489146961566,Yes,0.13474489,22.47,1167.07942249697
6216,WILLOW AVE,20575,,S17,SWMS,1,S,0.03262733605199997,Yes,0.03262734,22.47,282.59842856695
6217,WILLOW AVE,20598,,S17,SWMS,1,S,0.03907860957041341,Yes,0.03907861,22.47,338.475339636658
6218,CHEROKEE PKY,20541,,S17,SWMS,1,S,0,No,0,22.47,490.202757121008
6219,CHEROKEE PKY,20590,,S17,SWMS,1,S,0,No,0,22.47,495.313365845922
6220,CHEROKEE PKY,20571,,S17,SWMS,1,S,0,No,0,22.47,491.309475307538
6221,WILLOW AVE,20532,,S17,SWMS,1,S,0.05269812062543108,Yes,0.05269812,22.47,456.439315239029
6222,CHEROKEE PKY,20527,,S17,SWMS,1,S,0.1905129607276585,Yes,0.19051296,22.47,1650.10885634668
6223,WILLOW AVE,20614,,S17,SWMS,1,S,0.05547731233497073,Yes,0.05547731,22.47,480.511514786395
6224,BARRET AVE,20678,,S17,SWMS,2,S,0,No,0,22.47,348.916036371667
6225,BARRET AVE,20661,,S17,SWMS,2,S,0,No,0,22.47,148.365250744157
6226,BARRET AVE,20701,,S17,SWMS,2,S,0,No,0,22.47,370.283941251417
6227,BARRET AVE,20688,,S17,SWMS,2,S,0,No,0,22.47,386.139686311032
6228,HEPBURN AVE,20523,,S17,SWMS,2,S,0,No,0,22.47,567.455931137223
6229,BARRET AVE,20715,,S17,SWMS,2,S,0,No,0,22.47,680.335835055266
6230,CHEROKEE RD,20555,,S17,SWMS,2,S,0,No,0,22.47,1587.47705484088
6231,CHEROKEE RD,20421,,S17,SWMS,2,S,0,No,0,22.47,723.218741980795
6232,CHEROKEE RD,20540,,S17,SWMS,2,S,0,No,0,22.47,1257.23133890568
6233,CHEROKEE RD,20492,,S17,SWMS,2,S,0,No,0,22.47,656.352117930993
6234,CHEROKEE RD,20466,,S17,SWMS,2,S,0,No,0,22.47,1176.1125359845
6235,CHEROKEE RD,20383,,S17,SWMS,2,S,0,No,0,22.47,830.883131148151
6236,CHEROKEE RD,20572,,S17,SWMS,2,S,0,No,0,22.47,581.641173848915
6237,CHEROKEE RD,20568,,S17,SWMS,2,S,0,No,0,22.47,356.986610113244
6238,MORTON AVE,20472,,S17,SWMS,3,S,0,No,0,22.47,559.573459349005
6239,EDWARD ST,20557,,S17,SWMS,3,S,0,No,0,22.47,403.51683824602
6240,HAWTHORN HL,20709,,S17,SWMS,3,S,0,No,0,22.47,1033.70713961374
6241,TYLER PARK DR,20636,,S17,SWMS,3,S,0,No,0,22.47,520.453338710092
6242,TYLER PARK DR,20648,,S17,SWMS,3,S,0,No,0,22.47,572.505731412359
6243,ROSEWOOD AVE,20601,,S17,SWMS,3,S,0,No,0,22.47,354.617001759235
6244,EVERETT AVE,20520,,S17,SWMS,3,S,0,No,0,22.47,819.28714654219
6245,EDGELAND AVE,20652,,S17,SWMS,3,S,0,No,0,22.47,1375.60574352691
6246,LUCIA AVE,20551,,S17,SWMS,3,S,0,No,0,22.47,801.87897866511
6247,CROSS RD,20707,,S17,SWMS,3,S,0,No,0,22.47,480.922318330675
6248,EDWARD ST,20530,,S17,SWMS,3,S,0,No,0,22.47,414.883273533427
6249,TYLER PARK DR,20657,,S17,SWMS,3,S,0,No,0,22.47,176.598302126783
6250,CROSS RD,20693,,S17,SWMS,3,S,0,No,0,22.47,402.91513242852
6251,ELLISON AVE,20645,,S17,SWMS,3,S,0,No,0,22.47,986.072028404065
6252,VALLEY RD,20708,,S17,SWMS,3,S,0,No,0,22.47,2081.89087189454
6253,ROSEWOOD AVE,20589,,S17,SWMS,3,S,0,No,0,22.47,385.476006951709
6254,BARRET AVE,20716,,S17,SWMS,3,S,0,No,0,22.47,311.838146979625
6255,RUFER AVE,20556,,S17,SWMS,3,S,0,No,0,22.47,561.317291119501
6256,HILLIARD AVE,20463,,S17,SWMS,3,S,0,No,0,22.47,661.350263691361
6257,ELLISON AVE,20623,,S17,SWMS,3,S,0,No,0,22.47,355.823514193775
6258,EVERETT AVE,20448,,S17,SWMS,3,S,0,No,0,22.47,317.638612359211
6259,TYLER PKY,20635,,S17,SWMS,3,S,0,No,0,22.47,1337.68785692712
6260,TYLER PARK DR,20663,,S17,SWMS,3,S,0,No,0,22.47,436.05179517764
6261,GODDARD AVE,20637,,S17,SWMS,3,S,0,No,0,22.47,1842.72770152207
6262,EDENSIDE AVE,20654,,S17,SWMS,3,S,0,No,0,22.47,448.278337593602
6263,TYLER PARK DR,20653,,S17,SWMS,3,S,0,No,0,22.47,304.823236343086
6264,GLENMARY AVE,20444,,S17,SWMS,3,S,0,No,0,22.47,874.323660237979
6265,GLENMARY AVE,20470,,S17,SWMS,3,S,0,No,0,22.47,514.705037396724
6266,EVERETT AVE,20476,,S17,SWMS,3,S,0,No,0,22.47,659.733563172712
6267,EVERETT AVE,20433,,S17,SWMS,3,S,0,No,0,22.47,871.885314405401
6268,WILLOW AVE,20453,,S17,SWMS,3,S,0,No,0,22.47,360.657329878251
6269,EDENSIDE AVE,20662,,S17,SWMS,3,S,0,No,0,22.47,116.531698557655
6270,GLENMARY AVE,20409,,S17,SWMS,3,S,0,No,0,22.47,942.572929331766
6271,HIGHLAND AVE,20499,,S17,SWMS,3,S,0,No,0,22.47,276.485111175058
6272,ROSEWOOD AVE,20650,,S17,SWMS,3,S,0,No,0,22.47,1273.64620474641
6273,RAY AVE,20410,,S17,SWMS,3,S,0,No,0,22.47,533.915218389622
6274,ROYAL AVE,18142,,S17,SWMS,3,S,0,No,0,22.47,1667.75955206061
6275,ROSEWOOD AVE,20617,,S17,SWMS,3,S,0,No,0,22.47,526.923746856756
6276,HIGHLAND AVE,20507,,S17,SWMS,3,S,0,No,0,22.47,278.538354457455
6277,RUFER AVE,20534,,S17,SWMS,3,S,0,No,0,22.47,563.803711410274
6278,GLENMARY AVE,20489,,S17,SWMS,3,S,0,No,0,22.47,448.49772896829
6279,RAY AVE,20438,,S17,SWMS,3,S,0,No,0,22.47,398.37841005062
6280,CROSS RD,20679,,S17,SWMS,3,S,0,No,0,22.47,339.874252819355
6281,EVERETT AVE,20490,,S17,SWMS,3,S,0,No,0,22.47,431.940452851968
6282,EDENSIDE AVE,20632,,S17,SWMS,3,S,0,No,0,22.47,623.186825930944
6283,MERCY WAY,20373,,S17,SWMS,3,S,0,No,0,22.47,1093.84356132687
6284,ST ANTHONY PL,20379,,S17,SWMS,3,S,0,No,0,22.47,314.246143902426
6285,ST ANTHONY PL,20396,,S17,SWMS,3,S,0,No,0,22.47,563.107937728472
6286,MORTON AVE,20445,,S17,SWMS,3,S,0,No,0,22.47,565.142183708003
6287,MORTON AVE,20423,,S17,SWMS,3,S,0,No,0,22.47,554.483703575903
6288,BARINGER AVE,20597,,S17,SWMS,3,S,0,No,0,22.47,1466.43970808346
6289,BARINGER AVE,20620,,S17,SWMS,3,S,0,No,0,22.47,894.409931731094
6290,CHEROKEE RD,20554,,S17,SWMS,3,S,0,No,0,22.47,703.680779124012
6291,EVERETT AVE,20545,,S17,SWMS,3,S,0,No,0,22.47,547.811679823956
6292,PATTERSON AVE,20491,,S17,SWMS,3,S,0,No,0,22.47,495.101694252365
6293,PATTERSON AVE,20509,,S17,SWMS,3,S,0,No,0,22.47,497.422452564804
6294,BASHFORD MANOR LN,5482,,V01,VACANT LOT,2,V,0,No,0,18,293.71142453095
6295,GOLDSMITH LN,4878,,V01,VACANT LOT,2,V,0,No,0,18,573.266696684994
6296,GOLDSMITH LN,4952,,V01,VACANT LOT,2,V,0,No,0,18,474.918050916373
6297,MEADOW DR,5244,,V01,VACANT LOT,2,V,0,No,0,18,626.1239245524
6298,BASHFORD MANOR LN,5380,,V01,VACANT LOT,2,V,0,No,0,18,1058.76353020871
6299,BASHFORD MANOR LN,21285,,V01,VACANT LOT,2,V,0,No,0,18,375.900798054653
6300,MEADOW DR,5189,,V01,VACANT LOT,2,V,0,No,0,18,389.991491952533
6301,BASHFORD MANOR LN,5460,,V01,VACANT LOT,2,V,0,No,0,18,498.956703990381
6302,BASHFORD MANOR LN,5534,,V01,VACANT LOT,2,V,0,No,0,18,299.965103764692
6303,BASHFORD MANOR LN,5509,,V01,VACANT LOT,2,V,0,No,0,18,292.243347393902
6304,GOLDSMITH LN,5175,,V01,VACANT LOT,2,V,0,No,0,18,854.652933748641
6305,BASHFORD MANOR LN,5560,,V01,VACANT LOT,2,V,0,No,0,18,297.735830897123
6306,GOLDSMITH LN,5075,,V01,VACANT LOT,2,V,0,No,0,18,956.125359201668
6307,BASHFORD MANOR LN,21282,,V01,VACANT LOT,2,V,0,No,0,18,320.161287444508
6308,BASHFORD MANOR LN,5417,,V01,VACANT LOT,2,V,0,No,0,18,432.117417412501
6309,MEADOW DR,5144,,V01,VACANT LOT,2,V,0,No,0,18,288.646913286509
6310,BASHFORD MANOR LN,29938,,V01,VACANT LOT,2,V,0,No,0,18,557.315036592859
6311,BASHFORD MANOR LN,29901,,V01,VACANT LOT,2,V,0,No,0,18,615.03796964217
6312,GOLDSMITH LN,4907,,V01,VACANT LOT,2,V,0,No,0,18,342.012542761589
6313,GOLDSMITH LN,4829,,V01,VACANT LOT,2,V,0,No,0,18,297.260611934734
6314,GOLDSMITH LN,4918,,V01,VACANT LOT,2,V,0,No,0,18,272.904499053711
6315,GOLDSMITH LN,4986,,V01,VACANT LOT,2,V,0,No,0,18,1136.08575907906
6316,GOLDSMITH LN,4884,,V01,VACANT LOT,2,V,0,No,0,18,547.511842955539
6317,GOLDSMITH LN,5047,,V01,VACANT LOT,2,V,0,No,0,18,146.939638113464
6318,GOLDSMITH LN,19661,,V01,VACANT LOT,2,V,0,No,0,18,144.694362725307
6319,GOLDSMITH LN,21119,,V01,VACANT LOT,2,V,0,No,0,18,328.529066683985
6320,GOLDSMITH LN,34131,,V01,VACANT LOT,2,V,0,No,0,18,391.268334217156
6321,GOLDSMITH LN,19677,,V01,VACANT LOT,2,V,0,No,0,18,227.814510810987
6322,GOLDSMITH LN,19598,,V01,VACANT LOT,2,V,0,No,0,18,536.942462068731
6323,GOLDSMITH LN,34130,,V01,VACANT LOT,2,V,0,No,0,18,257.320094754269
6324,GOLDSMITH LN,4818,,V01,VACANT LOT,2,V,0,No,0,18,1109.35981145782
6325,GOLDSMITH LN,4862,,V01,VACANT LOT,2,V,0,No,0,18,284.877344141312
6326,GOLDSMITH LN,4901,,V01,VACANT LOT,2,V,0,No,0,18,292.156511666962
6327,GOLDSMITH LN,34885,,V01,VACANT LOT,2,V,0,No,0,18,320.478441905863
6328,GOLDSMITH LN,5118,,V01,VACANT LOT,2,V,0,No,0,18,470.303691646625
6329,GOLDSMITH LN,21122,,V01,VACANT LOT,2,V,0,No,0,18,1213.84147100628
6330,GOLDSMITH LN,5032,,V01,VACANT LOT,2,V,0,No,0,18,454.784952926286
6331,GOLDSMITH LN,4845,,V01,VACANT LOT,2,V,0,No,0,18,353.300757852559
6332,GOLDSMITH LN,34887,,V01,VACANT LOT,2,V,0,No,0,18,459.727111768832
6333,GOLDSMITH LN,19662,,V01,VACANT LOT,2,V,0,No,0,18,198.465443943737
6334,GOLDSMITH LN,4797,,V01,VACANT LOT,2,V,0,No,0,18,288.231162596356
6335,GOLDSMITH LN,29889,,V01,VACANT LOT,2,V,0,No,0,18,421.51337698757
6336,MIDLAND AVE,1328,,V01,VACANT LOT,3,V,0,No,0,18,371.89553169496
6337,KELLY WAY,4853,,V01,VACANT LOT,3,V,0,No,0,18,1851.17215982166
6338,JOHNSTON WAY,4873,,V01,VACANT LOT,3,V,0,No,0,18,1542.25041224947
6339,STANTON BLVD,4920,,V01,VACANT LOT,3,V,0,No,0,18,1409.30488796503
6340,ALLISON WAY,4666,,V01,VACANT LOT,3,V,0,No,0,18,337.198935594819
6341,PEABODY LN,5287,,V01,VACANT LOT,3,V,0,No,0,18,33.0777965559981
6342,RIO RITA AVE,4905,,V01,VACANT LOT,3,V,0,No,0,18,259.182779762465
6343,STANTON BLVD,4750,,V01,VACANT LOT,3,V,0,No,0,18,310.654019671769
6344,STANTON BLVD,4703,,V01,VACANT LOT,3,V,0,No,0,18,310.892339921155
6345,STANTON BLVD,4726,,V01,VACANT LOT,3,V,0,No,0,18,313.781447232243
6346,RIO RITA AVE,4951,,V01,VACANT LOT,3,V,0,No,0,18,836.918569912837
6347,RADIANCE RD,4872,,V01,VACANT LOT,3,V,0,No,0,18,299.41862780647
6348,STANTON BLVD,4950,,V01,VACANT LOT,3,V,0,No,0,18,329.428984924601
6349,ALLISON WAY,4708,,V01,VACANT LOT,3,V,0,No,0,18,370.858494865919
6350,KERRY DR,5320,,V01,VACANT LOT,3,V,0,No,0,18,260.384328718638
6351,STANTON BLVD,4662,,V01,VACANT LOT,3,V,0,No,0,18,312.832218556984
6352,TALISMAN RD,4822,,V01,VACANT LOT,3,V,0,No,0,18,336.006230875437
6353,MELBOURNE AVE,8246,,V01,VACANT LOT,3,V,0,No,0,18,437.816517996949
6354,STANTON BLVD,4640,,V01,VACANT LOT,3,V,0,No,0,18,551.866242696557
6355,MEDFORD LN,5208,,V01,VACANT LOT,3,V,0,No,0,18,566.593523775137
6356,BASHFORD MANOR LN,5306,,V01,VACANT LOT,3,V,0,No,0,18,1104.02319785764
6357,KERRY DR,5354,,V01,VACANT LOT,3,V,0,No,0,18,303.541221334078
6358,JOHNSTON WAY,4897,,V01,VACANT LOT,3,V,0,No,0,18,317.43185957037
6359,ALLISON WAY,4677,,V01,VACANT LOT,3,V,0,No,0,18,419.361831732656
6360,RADIANCE RD,4898,,V01,VACANT LOT,3,V,0,No,0,18,352.444458186293
6361,KERRY DR,5483,,V01,VACANT LOT,3,V,0,No,0,18,1013.15321698734
6362,TERRIER LN,5206,,V01,VACANT LOT,3,V,0,No,0,18,917.646234795253
6363,STANTON BLVD,4667,,V01,VACANT LOT,3,V,0,No,0,18,1063.61757296191
6364,STANTON BLVD,4687,,V01,VACANT LOT,3,V,0,No,0,18,322.770631197419
6365,STANTON BLVD,4781,,V01,VACANT LOT,3,V,0,No,0,18,371.373033923115
6366,RADIANCE RD,4854,,V01,VACANT LOT,3,V,0,No,0,18,480.263738390186
6367,TERRIER LN,5139,,V01,VACANT LOT,3,V,0,No,0,18,617.928115710624
6368,BOAIRES LN,4975,,V01,VACANT LOT,3,V,0,No,0,18,667.706975788652
6369,PEABODY LN,29893,,V01,VACANT LOT,3,V,0,No,0,18,461.42932429674
6370,TERRIL LN,19574,,V01,VACANT LOT,3,V,0,No,0,18,690.390574426075
6371,BISHOP LN,21289,,V01,VACANT LOT,3,V,0,No,0,18,1339.18101490591
6372,STANTON BLVD,4673,,V01,VACANT LOT,3,V,0,No,0,18,309.565331171339
6373,BOAIRES LN,4911,,V01,VACANT LOT,3,V,0,No,0,18,346.652387132434
6374,RIO RITA AVE,4882,,V01,VACANT LOT,3,V,0,No,0,18,639.639712312305
6375,PEABODY LN,19625,,V01,VACANT LOT,3,V,0,No,0,18,463.540468163245
6376,PEABODY LN,19599,,V01,VACANT LOT,3,V,0,No,0,18,362.543644726052
6377,DUKEHART DR,19556,,V01,VACANT LOT,3,V,0,No,0,18,310.127015764813
6378,LEITH LN,21120,,V01,VACANT LOT,3,V,0,No,0,18,489.770914155337
6379,GARDINER LN,21033,,V02,VACANT LOT,2,V,0,No,0,22.24,58.5616995676355
6380,GARDINER LN,21032,,V02,VACANT LOT,2,V,0,No,0,22.24,322.093372525732
6381,GARDINER LN,21275,,V02,VACANT LOT,2,V,0,No,0,22.24,330.790747591844
6382,GARDINER LN,21274,,V02,VACANT LOT,2,V,0,No,0,22.24,1386.17695743296
6383,GARDINER LN,21036,,V02,VACANT LOT,2,V,0,No,0,22.24,211.773659672892
6384,GARDINER LN,21034,,V02,VACANT LOT,2,V,0,No,0,22.24,234.725681696501
6385,GARDINER LN,21277,,V02,VACANT LOT,2,V,0,No,0,22.24,737.900626998363
6386,GARDINER LN,29875,,V02,VACANT LOT,2,V,0,No,0,22.24,348.008015442892
6387,GARDINER LN,7333,,V02,VACANT LOT,2,V,0,No,0,22.24,607.059619503101
6388,GARDINER LN,21031,,V02,VACANT LOT,2,V,0,No,0,22.24,374.120398388548
6389,GARDINER LN,21030,,V02,VACANT LOT,2,V,0,No,0,22.24,374.25576212431
6390,GARDINER LN,21037,,V02,VACANT LOT,2,V,0,No,0,22.24,980.579348129852
6391,GARDINER LN,21035,,V02,VACANT LOT,2,V,0,No,0,22.24,140.293686329709
6392,GARDINER LN,21276,,V02,VACANT LOT,2,V,0,No,0,22.24,317.322251372871
6393,SCHUFF LN,21233,,V02,VACANT LOT,3,V,0,No,0,22.24,393.526059173767
6394,FALMOUTH DR,19352,,V02,VACANT LOT,3,V,0,No,0,22.24,639.008465131626
6395,BETTY LN,4468,,V02,VACANT LOT,3,V,0,No,0,22.24,53.4016418433226
6396,LAKESIDE DR,21161,,V02,VACANT LOT,3,V,0,No,0,22.24,339.476852489146
6397,FALMOUTH DR,19234,,V02,VACANT LOT,3,V,0,No,0,22.24,752.098460265597
6398,DUNDEE RD,21165,,V02,VACANT LOT,3,V,0,No,0,22.24,1072.21897573888
6399,EMERSON AVE,21157,,V02,VACANT LOT,3,V,0,No,0,22.24,912.006392048676
6400,DILLON DR,19166,,V02,VACANT LOT,3,V,0,No,0,22.24,443.893820150883
6401,DUNBARTON WYNDE,21225,,V02,VACANT LOT,3,V,0,No,0,22.24,289.05351388988
6402,DUNDEE RD,21144,,V02,VACANT LOT,3,V,0,No,0,22.24,167.557541816359
6403,DUNDEE RD,21141,,V02,VACANT LOT,3,V,0,No,0,22.24,587.841606028076
6404,KENSINGTON PLACE LN,21253,,V02,VACANT LOT,3,V,0,No,0,22.24,864.552181036023
6405,FOREST HILL DR,21179,,V02,VACANT LOT,3,V,0,No,0,22.24,815.201624739146
6406,KENSINGTON PLACE LN,21251,,V02,VACANT LOT,3,V,0,No,0,22.24,918.937504566695
6407,FRASER DR,21209,,V02,VACANT LOT,3,V,0,No,0,22.24,356.152221301571
6408,FOREST HILL DR,21175,,V02,VACANT LOT,3,V,0,No,0,22.24,310.514185885722
6409,TYLER LN,18807,,V02,VACANT LOT,3,V,0,No,0,22.24,352.843364623654
6410,LAKESIDE DR,21154,,V02,VACANT LOT,3,V,0,No,0,22.24,341.22014274389
6411,SCHUFF LN,21252,,V02,VACANT LOT,3,V,0,No,0,22.24,375.917734094651
6412,FLEMING RD,21156,,V02,VACANT LOT,3,V,0,No,0,22.24,226.937163976695
6413,BON AIR AVE,8769,,V02,VACANT LOT,3,V,0,No,0,22.24,170.001762352997
6414,BON AIR AVE,4448,,V02,VACANT LOT,3,V,0,No,0,22.24,438.33178289072
6415,BON AIR AVE,4660,,V02,VACANT LOT,3,V,0,No,0,22.24,352.886595959156
6416,BON AIR AVE,4493,,V02,VACANT LOT,3,V,0,No,0,22.24,490.16338924574
6417,BON AIR AVE,8771,,V02,VACANT LOT,3,V,0,No,0,22.24,316.182811520726
6418,BON AIR AVE,4533,,V02,VACANT LOT,3,V,0,No,0,22.24,416.356595662294
6419,HAWTHORNE AVE,4475,,V02,VACANT LOT,3,V,0,No,0,22.24,546.054277803784
6420,BON AIR AVE,4580,,V02,VACANT LOT,3,V,0,No,0,22.24,147.495367962226
6421,BON AIR AVE,4560,,V02,VACANT LOT,3,V,0,No,0,22.24,320.332577968293
6422,TYLER LN,18853,,V02,VACANT LOT,3,V,0,No,0,22.24,341.818497877457
6423,SCHUFF LN,21247,,V02,VACANT LOT,3,V,0,No,0,22.24,1105.60274019007
6424,HAWTHORNE AVE,4586,,V02,VACANT LOT,3,V,0,No,0,22.24,1249.23838966613
6425,SUTHERLAND DR,21230,,V02,VACANT LOT,3,V,0,No,0,22.24,1404.64440304931
6426,TYLER LN,18727,,V02,VACANT LOT,3,V,0,No,0,22.24,824.101966874727
6427,HAWTHORNE AVE,29866,,V02,VACANT LOT,3,V,0,No,0,22.24,681.452803048047
6428,HAWTHORNE AVE,4510,,V02,VACANT LOT,3,V,0,No,0,22.24,552.652230866075
6429,BETTY LN,4464,,V02,VACANT LOT,3,V,0,No,0,22.24,364.985920543151
6430,FORDYCE LN,21185,,V02,VACANT LOT,3,V,0,No,0,22.24,365.35357318943
6431,FORDYCE LN,21194,,V02,VACANT LOT,3,V,0,No,0,22.24,505.706161177284
6432,PAISLEY RD,21195,,V02,VACANT LOT,3,V,0,No,0,22.24,384.457742581398
6433,DUNDEE RD,21145,,V02,VACANT LOT,3,V,0,No,0,22.24,60.394874496285
6434,DILLON DR,21202,,V02,VACANT LOT,3,V,0,No,0,22.24,391.090319944256
6435,GARDINER LN,7330,,V02,VACANT LOT,3,V,0,No,0,22.24,1355.2464025425
6436,GARDINER LN,7329,,V02,VACANT LOT,3,V,0,No,0,22.24,882.089178055946
6437,SUTHERLAND DR,21217,,V02,VACANT LOT,3,V,0,No,0,22.24,676.590819447739
6438,FRASER DR,21206,,V02,VACANT LOT,3,V,0,No,0,22.24,439.441132428434
6439,BON AIR AVE,4413,,V02,VACANT LOT,3,V,0,No,0,22.24,124.024841416996
6440,BETTY LN,4495,,V02,VACANT LOT,3,V,0,No,0,22.24,315.004046496811
6441,DUNDEE RD,21190,,V02,VACANT LOT,3,V,0,No,0,22.24,869.358662137808
6442,WICKLAND RD,21208,,V02,VACANT LOT,3,V,0,No,0,22.24,552.863587610663
6443,SYLVAN WYNDE,21215,,V02,VACANT LOT,3,V,0,No,0,22.24,560.75736940957
6444,THACKERAY DR,19070,,V02,VACANT LOT,3,V,0,No,0,22.24,1050.64904834587
6445,SUTHERLAND DR,21205,,V02,VACANT LOT,3,V,0,No,0,22.24,267.718313473453
6446,DUNDEE RD,21178,,V02,VACANT LOT,3,V,0,No,0,22.24,107.826527077755
6447,CLAYTON RD,21169,,V02,VACANT LOT,3,V,0,No,0,22.24,1319.12211327505
6448,SYLVAN WAY,21234,,V02,VACANT LOT,3,V,0,No,0,22.24,1362.16585584423
6449,BETTY LN,4532,,V02,VACANT LOT,3,V,0,No,0,22.24,344.517434400568
6450,FORDYCE LN,21200,,V02,VACANT LOT,3,V,0,No,0,22.24,283.076254458517
6451,DUNBARTON WYNDE,21219,,V02,VACANT LOT,3,V,0,No,0,22.24,990.514544026029
6452,COLONIAL HILL RD,21249,,V02,VACANT LOT,3,V,0,No,0,22.24,1756.49522463915
6453,FLEMING RD,21150,,V02,VACANT LOT,3,V,0,No,0,22.24,658.383147613788
6454,LAKESIDE DR,21166,,V02,VACANT LOT,3,V,0,No,0,22.24,435.828406531781
6455,FLEMING RD,21142,,V02,VACANT LOT,3,V,0,No,0,22.24,360.635706815297
6456,SYLVAN WAY,21192,,V02,VACANT LOT,3,V,0,No,0,22.24,532.044688459314
6457,FALMOUTH DR,19097,,V02,VACANT LOT,3,V,0,No,0,22.24,298.333026388788
6458,DUNDEE RD,21182,,V02,VACANT LOT,3,V,0,No,0,22.24,448.088768660717
6459,SYLVAN WAY,21218,,V02,VACANT LOT,3,V,0,No,0,22.24,1953.93841915992
6460,FLEMING RD,21162,,V02,VACANT LOT,3,V,0,No,0,22.24,674.845580595192
6461,DUNDEE RD,21158,,V02,VACANT LOT,3,V,0,No,0,22.24,310.024268363213
6462,TYLER LN,18773,,V02,VACANT LOT,3,V,0,No,0,22.24,351.531899180629
6463,DUNDEE RD,21153,,V02,VACANT LOT,3,V,0,No,0,22.24,353.346700030459
6464,DUNBARTON WYNDE,21226,,V02,VACANT LOT,3,V,0,No,0,22.24,327.651474711463
6465,TYLER LN,18903,,V02,VACANT LOT,3,V,0,No,0,22.24,370.760023345902
6466,DUNDEE RD,18422,,V02,VACANT LOT,3,V,0,No,0,22.24,160.650944454079
6467,WOODBOURNE AVE,18421,,V02,VACANT LOT,3,V,0,No,0,22.24,426.0279805304
6468,DUNDEE RD,35970,,V02,VACANT LOT,3,V,0,No,0,22.24,870.286515872441
6469,PAGE AVE,18447,,V02,VACANT LOT,3,V,0,No,0,22.24,464.040809930819
6470,WROCKLAGE AVE,18459,,V02,VACANT LOT,3,V,0,No,0,22.24,432.876395689708
6471,WROCKLAGE AVE,18361,,V02,VACANT LOT,3,V,0,No,0,22.24,537.581043230344
6472,SILS AVE,18349,,V02,VACANT LOT,3,V,0,No,0,22.24,537.22611675625
6473,DUNDEE RD,18319,,V02,VACANT LOT,3,V,0,No,0,22.24,391.68916274302
6474,PAGE AVE,18460,,V02,VACANT LOT,3,V,0,No,0,22.24,344.286422648806
6475,DUNDEE RD,18392,,V02,VACANT LOT,3,V,0,No,0,22.24,386.336423866881
6476,WOODBOURNE AVE,18332,,V02,VACANT LOT,3,V,0,No,0,22.24,536.657104574816
6477,DUNDEE RD,21131,,V02,VACANT LOT,3,V,0,No,0,22.24,227.689568907015
6478,SILS AVE,18446,,V02,VACANT LOT,3,V,0,No,0,22.24,433.681280579414
6479,DUNDEE RD,18234,,V02,VACANT LOT,3,V,0,No,0,22.24,373.118077824373
6480,TAYLOR BLVD,29922,,V03,VACANT LOT,1,V,0.09325988370124716,Yes,0.09325988,21.02,403.880649575543
6481,TAYLOR BLVD,23190,,V03,VACANT LOT,1,V,0.02758032675721181,Yes,0.02758033,21.02,119.442213983374
6482,TAYLOR BLVD,25788,,V03,VACANT LOT,1,V,0.14896363446180025,Yes,0.14896363,21.02,645.116762674459
6483,TAYLOR BLVD,19596,,V03,VACANT LOT,1,V,0.01349943851072866,Yes,0.01349944,21.02,116.923983477838
6484,NEW CUT RD,26066,,V03,VACANT LOT,1,V,0.1027668342014827,Yes,0.10276683,21.02,445.052444857937
6485,NEW CUT RD,24168,,V03,VACANT LOT,1,V,0.198353856133835,Yes,0.19835386,21.02,859.011176434169
6486,TAYLOR BLVD,25779,,V03,VACANT LOT,1,V,0.06998060080852035,Yes,0.0699806,21.02,303.064875095832
6487,TAYLOR BLVD,25773,,V03,VACANT LOT,1,V,0.244336987566548,Yes,0.24433699,21.02,604.657096352672
6488,TAYLOR BLVD,25752,,V03,VACANT LOT,1,V,0.0460906348454585,Yes,0.04609063,21.02,199.604866020502
6489,TAYLOR BLVD,25730,,V03,VACANT LOT,1,V,0.06086548854394733,Yes,0.06086549,21.02,263.590418053552
6490,NEW CUT RD,24205,,V03,VACANT LOT,1,V,0.05536141837823024,Yes,0.05536142,21.02,479.507511126848
6491,TAYLOR BLVD,23288,,V03,VACANT LOT,1,V,0.05945540494167623,Yes,0.0594554,21.02,257.52193123755
6492,TAYLOR BLVD,19663,,V03,VACANT LOT,1,V,0.0554100062032175,Yes,0.05541001,21.02,239.964066594282
6493,TAYLOR BLVD,25732,,V03,VACANT LOT,1,V,0.01115599778269291,Yes,0.011156,21.02,48.3132321419298
6494,NEW CUT RD,26063,,V03,VACANT LOT,1,V,0.09866519477283675,Yes,0.09866519,21.02,427.289320167615
6495,TAYLOR BLVD,25796,,V03,VACANT LOT,1,V,0.0506618806183165,Yes,0.05066188,21.02,219.401600264918
6496,TAYLOR BLVD,19589,,V03,VACANT LOT,1,V,0.02720236711783335,Yes,0.02720237,21.02,235.610768283731
6497,TAYLOR BLVD,25843,,V03,VACANT LOT,1,V,0.0226771283232097,Yes,0.02267713,21.02,98.2078802563348
6498,TAYLOR BLVD,19708,,V03,VACANT LOT,1,V,0.06776903890514596,Yes,0.06776904,21.02,293.487334888954
6499,TAYLOR BLVD,23170,,V03,VACANT LOT,1,V,0.10477569193268,Yes,0.10477569,21.02,453.790001312377
6500,NEW CUT RD,24295,,V03,VACANT LOT,1,V,0.225009177639675,Yes,0.22500918,21.02,974.447279731727
6501,TAYLOR BLVD,19805,,V03,VACANT LOT,1,V,0.0961661441196997,Yes,0.09616614,21.02,416.466572788261
6502,TAYLOR BLVD,25738,,V03,VACANT LOT,1,V,0.0707790138333602,Yes,0.07077901,21.02,306.522633748309
6503,TAYLOR BLVD,21079,,V03,VACANT LOT,1,V,0.0428261752885865,Yes,0.04282618,21.02,185.46727931703
6504,TAYLOR BLVD,23335,,V03,VACANT LOT,1,V,0.06399666142850274,Yes,0.06399666,21.02,277.179205175218
6505,TAYLOR BLVD,25776,,V03,VACANT LOT,1,V,0.0357850323633017,Yes,0.03578503,21.02,154.974438700995
6506,NEW CUT RD,24133,,V03,VACANT LOT,1,V,0.033419298651469448,Yes,0.0334193,21.02,144.728842110927
6507,NEW CUT RD,24234,,V03,VACANT LOT,1,V,0.089237920549791475,Yes,0.08923792,21.02,386.462605388198
6508,TAYLOR BLVD,25823,,V03,VACANT LOT,1,V,0.07430341633167725,Yes,0.07430342,21.02,321.785795480433
6509,TAYLOR BLVD,23391,,V03,VACANT LOT,1,V,0.07729446656834256,Yes,0.07729447,21.02,334.739096632082
6510,TAYLOR BLVD,25808,,V03,VACANT LOT,1,V,0.0579459964371427,Yes,0.057946,21.02,250.946974703213
6511,TAYLOR BLVD,19859,,V03,VACANT LOT,1,V,0.070909340772572715,Yes,0.07090934,21.02,307.087288143066
6512,TAYLOR BLVD,25816,,V03,VACANT LOT,1,V,0.087091157051422,Yes,0.08709116,21.02,377.165621512234
6513,TAYLOR BLVD,19874,,V03,VACANT LOT,1,V,0.0198257265796821,Yes,0.01982573,21.02,85.8592825863925
6514,TAYLOR BLVD,25830,,V03,VACANT LOT,1,V,0.038796492200801558,Yes,0.03879649,21.02,336.03173378971
6515,TAYLOR BLVD,25763,,V03,VACANT LOT,1,V,0.13211927908792886,Yes,0.13211928,21.02,572.168849687031
6516,NEW CUT RD,24179,,V03,VACANT LOT,1,V,0.069311113681751177,Yes,0.06931111,21.02,300.165433500367
6517,TAYLOR BLVD,19531,,V03,VACANT LOT,1,V,0.00884326459209135,Yes,0.00884326,21.02,76.5949229816344
6518,TAYLOR BLVD,19526,,V03,VACANT LOT,1,V,0.0462630721842428,Yes,0.04626307,21.02,400.703011096882
6519,TAYLOR BLVD,25720,,V03,VACANT LOT,1,V,0.068094973566156125,Yes,0.06809497,21.02,294.898771901945
6520,TAYLOR BLVD,25840,,V03,VACANT LOT,1,V,0.0445673628773849,Yes,0.04456736,21.02,386.015885773713
6521,NEW CUT RD,24124,,V03,VACANT LOT,1,V,0.13758116287955147,Yes,0.13758116,21.02,595.822740019629
6522,TAYLOR BLVD,25803,,V03,VACANT LOT,1,V,0.0850415275272318,Yes,0.08504153,21.02,368.289149385191
6523,NEW CUT RD,26104,,V03,VACANT LOT,1,V,0.2857754327270625,Yes,0.28577543,21.02,1237.60783311891
6524,NEW CUT RD,26095,,V03,VACANT LOT,1,V,0.026596087158663847,Yes,0.02659609,21.02,115.179601284721
6525,TAYLOR BLVD,19751,,V03,VACANT LOT,1,V,0.07169704385373278,Yes,0.07169704,21.02,310.498519325468
6526,TAYLOR BLVD,19565,,V03,VACANT LOT,1,V,0.0280796898119678,Yes,0.02807969,21.02,243.209283996388
6527,TAYLOR BLVD,25791,,V03,VACANT LOT,1,V,0.015003806745474876,Yes,0.01500381,21.02,64.976946645041
6528,TAYLOR BLVD,21098,,V03,VACANT LOT,1,V,0.02882385067481764,Yes,0.02882385,21.02,124.827208697663
6529,TAYLOR BLVD,19484,,V03,VACANT LOT,1,V,0.0422809578943479,Yes,0.04228096,21.02,366.212328881266
6530,TAYLOR BLVD,19448,,V03,VACANT LOT,1,V,0.04347585317554608,Yes,0.04347585,21.02,376.561734724326
6531,TAYLOR BLVD,23529,,V03,VACANT LOT,1,V,0.07217140813282577,Yes,0.07217141,21.02,312.552657368522
6532,TAYLOR BLVD,23245,,V03,VACANT LOT,1,V,0.06712345627479388,Yes,0.06712346,21.02,290.691381303372
6533,NEW CUT RD,26061,,V03,VACANT LOT,1,V,0.12241609179338177,Yes,0.12241609,21.02,530.147317296467
6534,TAYLOR BLVD,23451,,V03,VACANT LOT,1,V,0.07735614756003023,Yes,0.07735615,21.02,335.006454725596
6535,TAYLOR BLVD,23500,,V03,VACANT LOT,1,V,0.078188579333434038,Yes,0.07818858,21.02,338.611264904628
6536,TAYLOR BLVD,23256,,V03,VACANT LOT,1,V,0.01268375315559826,Yes,0.01268375,21.02,54.9296090607106
6537,TAYLOR BLVD,23561,,V03,VACANT LOT,1,V,0.08293243441835432,Yes,0.08293243,21.02,359.155533530565
6538,NEW CUT RD,26057,,V03,VACANT LOT,1,V,0.1917727386533381,Yes,0.19177274,21.02,830.510169704629
6539,NEW CUT RD,26091,,V03,VACANT LOT,1,V,0.089651020067346876,Yes,0.08965102,21.02,776.503188809454
6540,NEW CUT RD,26072,,V03,VACANT LOT,1,V,0.18677693515053465,Yes,0.18677694,21.02,808.874987134909
6541,TAYLOR BLVD,21096,,V03,VACANT LOT,1,V,0.05446345454816234,Yes,0.05446345,21.02,235.864923135584
6542,TAYLOR BLVD,21087,,V03,VACANT LOT,1,V,0.00480629409254842,Yes,0.00480629,21.02,20.8146496262248
6543,TAYLOR BLVD,21085,,V03,VACANT LOT,1,V,0.0575761443313576,Yes,0.05757614,21.02,249.345016245444
6544,TAYLOR BLVD,19640,,V03,VACANT LOT,1,V,0.03390710327858774,Yes,0.0339071,21.02,146.841611066484
6545,TAYLOR BLVD,19626,,V03,VACANT LOT,1,V,0.060455216343623025,Yes,0.06045522,21.02,349.084539366899
6546,ARCADE AVE,19497,,V03,VACANT LOT,2,V,0,No,0,21.02,707.420676003731
6547,ARCADE AVE,19627,,V03,VACANT LOT,2,V,0,No,0,21.02,1063.00106752965
6548,ARCADE AVE,19409,,V03,VACANT LOT,2,V,0,No,0,21.02,662.521219078468
6549,ARCADE AVE,19302,,V03,VACANT LOT,2,V,0,No,0,21.02,735.449315970221
6550,LINDBERGH DR,18951,,V03,VACANT LOT,3,V,0,No,0,21.02,360.529325480258
6551,LARCHMONT AVE,19210,,V03,VACANT LOT,3,V,0,No,0,21.02,464.625391419362
6552,THORNBERRY AVE,19527,,V03,VACANT LOT,3,V,0,No,0,21.02,802.018190856927
6553,LARCHMONT AVE,19117,,V03,VACANT LOT,3,V,0,No,0,21.02,869.64681231784
6554,UTAH AVE,19282,,V03,VACANT LOT,3,V,0,No,0,21.02,349.289838474228
6555,UTAH AVE,19241,,V03,VACANT LOT,3,V,0,No,0,21.02,362.124107690154
6556,LARCHMONT AVE,19449,,V03,VACANT LOT,3,V,0,No,0,21.02,610.010184219346
6557,THORNBERRY AVE,19433,,V03,VACANT LOT,3,V,0,No,0,21.02,891.788506562252
6558,LARCHMONT AVE,19366,,V03,VACANT LOT,3,V,0,No,0,21.02,902.626112747721
6559,HIKES LN,33680,,V04,VACANT LOT,1,V,0,No,0,23.14,2302.23701942843
6560,PRODUCE RD,22949,,V04,VACANT LOT,1,V,0,No,0,23.14,930.029032538358
6561,HIKES LN,9943,,V04,VACANT LOT,1,V,0,No,0,23.14,576.365318419334
6562,PRODUCE RD,23128,,V04,VACANT LOT,1,V,0,No,0,23.14,1207.75026371386
6563,PRODUCE RD,30073,,V04,VACANT LOT,1,V,0,No,0,23.14,2461.29095245359
6564,HIKES LN,9772,,V04,VACANT LOT,1,V,0,No,0,23.14,396.92451999904
6565,PRODUCE RD,23038,,V04,VACANT LOT,1,V,0,No,0,23.14,2239.37604886683
6566,HIKES LN,5557,,V04,VACANT LOT,1,V,0,No,0,23.14,384.246026380316
6567,HIKES LN,29973,,V04,VACANT LOT,1,V,0,No,0,23.14,931.526488578196
6568,HIKES LN,5572,,V04,VACANT LOT,1,V,0.05434966970440441,Yes,0.05434967,23.14,235.372206090374
6569,HIKES LN,5614,,V04,VACANT LOT,1,V,0.1390305177189628,Yes,0.13903052,23.14,602.099488716358
6570,GARDINER LN,26357,,V04,VACANT LOT,2,V,0,No,0,23.14,306.504501682006
6571,BISHOP LN,22909,,V04,VACANT LOT,2,V,0,No,0,23.14,1691.99380174213
6572,GARDINER LN,21044,,V04,VACANT LOT,2,V,0,No,0,23.14,801.123587834429
6573,BISHOP LN,22661,,V04,VACANT LOT,2,V,0,No,0,23.14,992.473364044493
6574,GARDINER LN,21301,,V04,VACANT LOT,2,V,0,No,0,23.14,949.561389499969
6575,BISHOP LN,26146,,V04,VACANT LOT,2,V,0,No,0,23.14,913.084804159176
6576,JENNINGS LN,22950,,V04,VACANT LOT,2,V,0,No,0,23.14,2074.09198811014
6577,ROBARDS LN,22779,,V04,VACANT LOT,2,V,0,No,0,23.14,1272.66846257185
6578,BISHOP LN,22752,,V04,VACANT LOT,2,V,0,No,0,23.14,361.671566306227
6579,BISHOP LN,21293,,V04,VACANT LOT,2,V,0,No,0,23.14,325.522077177937
6580,ROBARDS LN,30052,,V04,VACANT LOT,2,V,0,No,0,23.14,2444.95309337184
6581,GARDINER LN,21300,,V04,VACANT LOT,2,V,0,No,0,23.14,761.167155119028
6582,GARDINER LN,21052,,V04,VACANT LOT,2,V,0,No,0,23.14,414.800140100678
6583,GARDINER LN,26356,,V04,VACANT LOT,2,V,0,No,0,23.14,779.355395312974
6584,CHAMPIONS TRACE LN,30803,,V04,VACANT LOT,2,V,0,No,0,23.14,1395.67409723425
6585,GARDINER LN,21040,,V04,VACANT LOT,2,V,0,No,0,23.14,473.051332531814
6586,BISHOP LN,22778,,V04,VACANT LOT,2,V,0,No,0,23.14,177.907190931649
6587,GARDINER LN,21053,,V04,VACANT LOT,2,V,0,No,0,23.14,1512.80700439386
6588,GARDINER LN,21038,,V04,VACANT LOT,2,V,0,No,0,23.14,310.137093765326
6589,BISHOP LN,21295,,V04,VACANT LOT,2,V,0,No,0,23.14,256.375673905136
6590,JENNINGS LN,22741,,V04,VACANT LOT,2,V,0,No,0,23.14,1053.95245395349
6591,BISHOP LN,22936,,V04,VACANT LOT,2,V,0,No,0,23.14,510.3269061253
6592,BISHOP LN,21298,,V04,VACANT LOT,2,V,0,No,0,23.14,362.07059722526
6593,CHAMPIONS TRACE LN,30030,,V04,VACANT LOT,2,V,0,No,0,23.14,3013.97997537711
6594,GARDINER LN,29955,,V04,VACANT LOT,2,V,0,No,0,23.14,680.563903263121
6595,GARDINER LN,21039,,V04,VACANT LOT,2,V,0,No,0,23.14,390.531047438506
6596,BISHOP LN,22565,,V04,VACANT LOT,2,V,0,No,0,23.14,334.37709365464
6597,BISHOP LN,29927,,V04,VACANT LOT,2,V,0,No,0,23.14,550.852435704121
6598,BISHOP LN,21297,,V04,VACANT LOT,2,V,0,No,0,23.14,502.682902056477
6599,BISHOP LN,22727,,V04,VACANT LOT,2,V,0,No,0,23.14,620.501031312851
6600,BISHOP LN,22786,,V04,VACANT LOT,2,V,0,No,0,23.14,175.113382039322
6601,GARDINER LN,21043,,V04,VACANT LOT,2,V,0,No,0,23.14,370.263761697342
6602,CHAMPIONS TRACE LN,30802,,V04,VACANT LOT,2,V,0,No,0,23.14,306.313214139139
6603,EASTMOOR RD,26145,,V04,VACANT LOT,3,V,0,No,0,23.14,1116.56815662454
6604,PINEWOOD RD,23039,,V04,VACANT LOT,3,V,0,No,0,23.14,1941.46070944695
6605,PINEWOOD RD,22902,,V04,VACANT LOT,3,V,0,No,0,23.14,1092.98338105495
6606,BARRET AVE,20630,,V05,VACANT LOT,1,V,0,No,0,22.95,502.781461348406
6607,BAXTER AVE,17993,,V05,VACANT LOT,1,V,0.060940756025155848,Yes,0.06094076,22.95,263.916209477554
6608,GRINSTEAD DR,20945,,V05,VACANT LOT,1,V,0,No,0,22.95,479.133221685646
6609,CASTLEWOOD AVE,20672,,V05,VACANT LOT,1,V,0,No,0,22.95,877.98659067207
6610,GRINSTEAD DR,20830,,V05,VACANT LOT,1,V,0,No,0,22.95,433.027170860126
6611,BAXTER AVE,20626,,V05,VACANT LOT,1,V,0.03986895830956176,Yes,0.03986896,22.95,345.320955778823
6612,NEWBURG RD,19032,,V05,VACANT LOT,1,V,0.05105722503219441,Yes,0.05105723,22.95,442.227128538416
6613,BAXTER AVE,20983,,V05,VACANT LOT,1,V,0.094466289328260247,Yes,0.09446629,22.95,545.473508180335
6614,GRINSTEAD DR,20981,,V05,VACANT LOT,1,V,0.045734442945976575,Yes,0.04573444,22.95,396.124345432163
6615,GRINSTEAD DR,20385,,V05,VACANT LOT,1,V,0.1364270145143483,Yes,0.13642701,22.95,1181.6488983262
6616,BAXTER AVE,16103,,V05,VACANT LOT,1,V,0.146652467346699,Yes,0.14665247,22.95,635.107983117165
6617,GRINSTEAD DR,20933,,V05,VACANT LOT,1,V,0,No,0,22.95,457.518689024951
6618,WINTER AVE,20549,,V05,VACANT LOT,1,V,0,No,0,22.95,562.232495420044
6619,BARRET AVE,20431,,V05,VACANT LOT,1,V,0,No,0,22.95,380.029093135936
6620,BAXTER AVE,16432,,V05,VACANT LOT,1,V,0.04048039171687633,Yes,0.04048039,22.95,350.616975641516
6621,BAXTER AVE,20552,,V05,VACANT LOT,1,V,0.04934722196300257,Yes,0.04934722,22.95,427.415979169683
6622,BARRET AVE,20450,,V05,VACANT LOT,1,V,0,No,0,22.95,265.060992232512
6623,GRINSTEAD DR,20447,,V05,VACANT LOT,1,V,0.038542940312589175,Yes,0.03854294,22.95,333.836068619211
6624,NEWBURG RD,21240,,V05,VACANT LOT,1,V,0.1960915663458247,Yes,0.19609157,22.95,849.21398577595
6625,BARRET AVE,20531,,V05,VACANT LOT,1,V,0,No,0,22.95,80.5106990172735
6626,BARRET AVE,20577,,V05,VACANT LOT,1,V,0,No,0,22.95,403.116576913946
6627,NEWBURG RD,21187,,V05,VACANT LOT,1,V,0.088939577424717475,Yes,0.08893958,22.95,770.341312149254
6628,NEWBURG RD,18386,,V05,VACANT LOT,1,V,0.04831560878156218,Yes,0.04831561,22.95,418.480622980308
6629,GRINSTEAD DR,20434,,V05,VACANT LOT,1,V,0.06526307910563704,Yes,0.06526308,22.95,565.269507546094
6630,CASTLEWOOD AVE,20651,,V05,VACANT LOT,1,V,0,No,0,22.95,564.651589347537
6631,NEWBURG RD,21317,,V05,VACANT LOT,1,V,0.162452052884556,Yes,0.16245205,22.95,1407.27796688804
6632,BAXTER AVE,20690,,V05,VACANT LOT,1,V,0.078896544510021,Yes,0.07889654,22.95,341.677073647399
6633,BARRET AVE,20644,,V05,VACANT LOT,1,V,0,No,0,22.95,94.5922366292175
6634,BARRET AVE,20640,,V05,VACANT LOT,1,V,0,No,0,22.95,174.025759871988
6635,CASTLEWOOD AVE,20660,,V05,VACANT LOT,1,V,0,No,0,22.95,139.614500701933
6636,BARRET AVE,20473,,V05,VACANT LOT,1,V,0,No,0,22.95,283.715472181256
6637,BAXTER AVE,20984,,V05,VACANT LOT,1,V,0.03240703552350225,Yes,0.03240704,22.95,280.690176253255
6638,BAXTER AVE,15830,,V05,VACANT LOT,1,V,0.08850028118225851,Yes,0.08850028,22.95,511.024194040174
6639,NEWBURG RD,18501,,V05,VACANT LOT,1,V,0.062342945277432588,Yes,0.06234295,22.95,540.026247589991
6640,ZORN AVE,14573,,V05,VACANT LOT,1,V,0,No,0,22.95,192.673402521112
6641,GRINSTEAD DR,20429,,V05,VACANT LOT,1,V,0.06784433079955218,Yes,0.06784433,22.95,587.626973616826
6642,NEWBURG RD,18177,,V05,VACANT LOT,1,V,0.048858177424233568,Yes,0.04885818,22.95,423.180195891944
6643,ZORN AVE,14203,,V05,VACANT LOT,1,V,0,No,0,22.95,423.745683477524
6644,BARRET AVE,20550,,V05,VACANT LOT,1,V,0,No,0,22.95,333.365052710756
6645,NEWBURG RD,21318,,V05,VACANT LOT,1,V,0.267975545650747,Yes,0.26797555,22.95,2321.1871845171
6646,E MAIN ST,15705,,V05,VACANT LOT,1,V,0.06648946475148655,Yes,0.06648946,22.95,287.945778264198
6647,BARRET AVE,20612,,V05,VACANT LOT,1,V,0,No,0,22.95,842.569810146418
6648,BAXTER AVE,20363,,V05,VACANT LOT,1,V,0.08300618693611397,Yes,0.08300619,22.95,718.949761842931
6649,NEWBURG RD,21227,,V05,VACANT LOT,1,V,0.092182467863252987,Yes,0.09218247,22.95,798.429330024228
6650,NEWBURG RD,40217,,V05,VACANT LOT,1,V,0.070924931569996658,Yes,0.07092493,22.95,614.30924303561
6651,ZORN AVE,14152,,V05,VACANT LOT,1,V,0,No,0,22.95,691.247976940982
6652,BARRET AVE,20488,,V05,VACANT LOT,1,V,0,No,0,22.95,170.454448252719
6653,NEWBURG RD,21231,,V05,VACANT LOT,1,V,0.02201751669284973,Yes,0.02201752,22.95,190.702324756442
6654,BAXTER AVE,20603,,V05,VACANT LOT,1,V,0.054025232149532615,Yes,0.05402523,22.95,467.933951230366
6655,NEWBURG RD,18987,,V05,VACANT LOT,1,V,0.048367885659663837,Yes,0.04836789,22.95,418.933641942444
6656,ZORN AVE,14168,,V05,VACANT LOT,1,V,0,No,0,22.95,165.159236413402
6657,GRINSTEAD DR,20979,,V05,VACANT LOT,1,V,0.1642781881087216,Yes,0.16427819,22.95,948.585963345794
6658,NEWBURG RD,21191,,V05,VACANT LOT,1,V,0.0531036528700912,Yes,0.05310365,22.95,459.951892321758
6659,BAXTER AVE,20579,,V05,VACANT LOT,1,V,0.053046739307341127,Yes,0.05304674,22.95,459.459061031625
6660,NEWBURG RD,18083,,V05,VACANT LOT,1,V,0.04590909571849673,Yes,0.0459091,22.95,397.636793880174
6661,BAXTER AVE,20522,,V05,VACANT LOT,1,V,0.021380699393653467,Yes,0.0213807,22.95,185.186967687459
6662,BAXTER AVE,20618,,V05,VACANT LOT,1,V,0.04421830212318243,Yes,0.0442183,22.95,382.99245611247
6663,GRINSTEAD DR,20911,,V05,VACANT LOT,1,V,0,No,0,22.95,310.332820509494
6664,BAXTER AVE,20712,,V05,VACANT LOT,1,V,0.07626041933564327,Yes,0.07626042,22.95,330.261048312576
6665,ZORN AVE,14754,,V05,VACANT LOT,1,V,0,No,0,22.95,996.140403319231
6666,GRINSTEAD DR,20923,,V05,VACANT LOT,1,V,0,No,0,22.95,1001.8726394662
6667,NEWBURG RD,21245,,V05,VACANT LOT,1,V,0.0869917411424178,Yes,0.08699174,22.95,376.910241899226
6668,GRINSTEAD DR,20843,,V05,VACANT LOT,1,V,0,No,0,22.95,197.64124611433
6669,BARRET AVE,20495,,V05,VACANT LOT,1,V,0,No,0,22.95,103.963778621982
6670,STILZ AVE,20814,,V05,VACANT LOT,1,V,0,No,0,22.95,571.215659017642
6671,GRINSTEAD DR,20876,,V05,VACANT LOT,1,V,0,No,0,22.95,402.171975096763
6672,BAXTER AVE,20683,,V05,VACANT LOT,1,V,0.025896907779116546,Yes,0.02589691,22.95,224.303618520188
6673,BAXTER AVE,20629,,V05,VACANT LOT,1,V,0.0085243571558145086,Yes,0.00852436,22.95,73.8330117765081
6674,BAXTER AVE,20671,,V05,VACANT LOT,1,V,0.076376890314369,Yes,0.07637689,22.95,661.53065877554
6675,NEWBURG RD,21198,,V05,VACANT LOT,1,V,0.03244921277183362,Yes,0.03244921,22.95,281.055467039342
6676,ZORN AVE,14541,,V05,VACANT LOT,1,V,0,No,0,22.95,1599.90675997853
6677,ZORN AVE,14224,,V05,VACANT LOT,1,V,0,No,0,22.95,162.0690048223
6678,BARRET AVE,20524,,V05,VACANT LOT,1,V,0,No,0,22.95,474.747244949441
6679,NEWBURG RD,18288,,V05,VACANT LOT,1,V,0.050082983816333887,Yes,0.05008298,22.95,433.788872088527
6680,CASTLEWOOD AVE,20658,,V05,VACANT LOT,1,V,0,No,0,22.95,654.320349042784
6681,BAXTER AVE,20987,,V05,VACANT LOT,1,V,0.024093563094691128,Yes,0.02409356,22.95,208.684295110884
6682,GRINSTEAD DR,20498,,V05,VACANT LOT,1,V,0,No,0,22.95,464.110259594132
6683,BAXTER AVE,20511,,V05,VACANT LOT,1,V,0.056126482280834347,Yes,0.05612648,22.95,243.066991794443
6684,WINTER AVE,20529,,V05,VACANT LOT,1,V,0,No,0,22.95,561.43985165933
6685,BAXTER AVE,20496,,V05,VACANT LOT,1,V,0.066412990620422468,Yes,0.06641299,22.95,575.229442881736
6686,WINTER AVE,20505,,V05,VACANT LOT,1,V,0,No,0,22.95,630.309728204899
6687,GRINSTEAD DR,20381,,V05,VACANT LOT,1,V,0.070339708690013547,Yes,0.07033971,22.95,609.240436939913
6688,GRINSTEAD DR,20913,,V05,VACANT LOT,1,V,0,No,0,22.95,328.823102106844
6689,GRINSTEAD DR,20415,,V05,VACANT LOT,1,V,0.104154086184148,Yes,0.10415409,22.95,902.120227845896
6690,BAXTER AVE,17935,,V05,VACANT LOT,1,V,0.07050526667429961,Yes,0.07050527,22.95,305.337199829551
6691,BAXTER AVE,20705,,V05,VACANT LOT,1,V,0.09069034083247604,Yes,0.09069034,22.95,392.781397033464
6692,BARRET AVE,20479,,V05,VACANT LOT,1,V,0,No,0,22.95,231.962245877441
6693,BAXTER AVE,20440,,V05,VACANT LOT,1,V,0.00585375425087288,Yes,0.00585375,22.95,50.7016780417572
6694,BAXTER AVE,20467,,V05,VACANT LOT,1,V,0.0496488399692245,Yes,0.04964884,22.95,430.028592815026
6695,BARRET AVE,20408,,V05,VACANT LOT,1,V,0,No,0,22.95,300.693253429159
6696,BARRET AVE,20365,,V05,VACANT LOT,1,V,0,No,0,22.95,331.024798048552
6697,BAXTER AVE,20436,,V05,VACANT LOT,1,V,0.05808088734738412,Yes,0.05808089,22.95,503.061888326666
6698,BAXTER AVE,20988,,V05,VACANT LOT,1,V,0.02130950645059058,Yes,0.02130951,22.95,184.569880537325
6699,BAXTER AVE,20994,,V05,VACANT LOT,1,V,0.03367716437643951,Yes,0.03367716,22.95,291.691440976698
6700,BAXTER AVE,20390,,V05,VACANT LOT,1,V,0.0326401794256103,Yes,0.03264018,22.95,282.709767252566
6701,BAXTER AVE,20400,,V05,VACANT LOT,1,V,0.032833471421717636,Yes,0.03283347,22.95,284.383540336044
6702,GRINSTEAD DR,20907,,V05,VACANT LOT,1,V,0,No,0,22.95,161.182927864539
6703,GRINSTEAD DR,20909,,V05,VACANT LOT,1,V,0,No,0,22.95,701.958660329309
6704,GRINSTEAD DR,20859,,V05,VACANT LOT,1,V,0,No,0,22.95,382.276200659903
6705,GRINSTEAD DR,20906,,V05,VACANT LOT,1,V,0,No,0,22.95,1100.01250981943
6706,GRINSTEAD DR,20849,,V05,VACANT LOT,1,V,0,No,0,22.95,165.719292163926
6707,HILLCREST AVE,15015,,V05,VACANT LOT,1,V,0,No,0,22.95,562.188179087489
6708,HILLCREST AVE,20721,,V05,VACANT LOT,1,V,0,No,0,22.95,937.918357178484
6709,HILLCREST AVE,20741,,V05,VACANT LOT,1,V,0,No,0,22.95,620.866385646334
6710,HILLCREST AVE,15079,,V05,VACANT LOT,1,V,0,No,0,22.95,361.543596886219
6711,ZORN AVE,14376,,V05,VACANT LOT,1,V,0,No,0,22.95,1221.0909185028
6712,ZORN AVE,14242,,V05,VACANT LOT,1,V,0,No,0,22.95,165.545169440247
6713,HILLCREST AVE,20757,,V05,VACANT LOT,1,V,0,No,0,22.95,595.536672098421
6714,HILLCREST AVE,20776,,V05,VACANT LOT,1,V,0,No,0,22.95,98.2922046248067
6715,ZORN AVE,14901,,V05,VACANT LOT,1,V,0,No,0,22.95,677.869333797543
6716,BAXTER AVE,15958,,V05,VACANT LOT,1,V,0.120141104891716,Yes,0.1201411,22.95,520.294991997842
6717,BARRET AVE,20371,,V05,VACANT LOT,1,V,0,No,0,22.95,122.183805393025
6718,BARRET AVE,20397,,V05,VACANT LOT,1,V,0,No,0,22.95,548.797277719936
6719,BAXTER AVE,20380,,V05,VACANT LOT,1,V,0.033722844263649125,Yes,0.03372284,22.95,292.08711083179
6720,BAXTER AVE,20366,,V05,VACANT LOT,1,V,0.0146859090852226,Yes,0.01468591,22.95,127.200423796709
6721,GRINSTEAD DR,20465,,V05,VACANT LOT,1,V,0.0567538748730738,Yes,0.05675387,22.95,491.567832444324
6722,GRINSTEAD DR,20480,,V05,VACANT LOT,1,V,0.114981112444372,Yes,0.11498111,22.95,497.948913452191
6723,S JOHNSON ST,15836,,V05,VACANT LOT,3,V,0,No,0,22.95,507.823455309725
6724,E MARKET ST,31365,,V05,VACANT LOT,3,V,0,No,0,22.95,298.166293085687
6725,BARRET AVE,20998,,V05,VACANT LOT,3,V,0,No,0,22.95,1089.12690981964
6726,BARRET AVE,20992,,V05,VACANT LOT,3,V,0,No,0,22.95,134.020353382388
6727,BARRET AVE,20989,,V05,VACANT LOT,3,V,0,No,0,22.95,464.340465743147
6728,SPEED AVE,17698,,V06,VACANT LOT,2,V,0,No,0,25.85,686.313592795779
6729,CHEROKEE RD,17198,,V06,VACANT LOT,2,V,0,No,0,25.85,102.504209656984
6730,PARK BOUNDARY RD,17498,,V06,VACANT LOT,2,V,0,No,0,25.85,1072.48711133865
6731,PARK BOUNDARY RD,17374,,V06,VACANT LOT,2,V,0,No,0,25.85,602.183429503413
6732,PARK BOUNDARY RD,17264,,V06,VACANT LOT,2,V,0,No,0,25.85,364.574129839489
6733,BARRET HILL RD,17255,,V06,VACANT LOT,2,V,0,No,0,25.85,1301.52189930609
6734,SPEED AVE,17711,,V06,VACANT LOT,2,V,0,No,0,25.85,116.474782497382
6735,PARK BOUNDARY RD,17476,,V06,VACANT LOT,2,V,0,No,0,25.85,394.451669638808
6736,SPEED AVE,17758,,V06,VACANT LOT,2,V,0,No,0,25.85,409.483644970633
6737,PARK BOUNDARY RD,17390,,V06,VACANT LOT,2,V,0,No,0,25.85,571.355923447879
6738,CHEROKEE RD,17261,,V06,VACANT LOT,2,V,0,No,0,25.85,51.997557991238
6739,SPEED AVE,17609,,V06,VACANT LOT,2,V,0,No,0,25.85,161.794989014152
6740,PARK BOUNDARY RD,17388,,V06,VACANT LOT,2,V,0,No,0,25.85,187.099353769636
6741,PARK BOUNDARY RD,17372,,V06,VACANT LOT,2,V,0,No,0,25.85,281.368140914355
6742,NORRIS PL,18081,,V06,VACANT LOT,2,V,0,No,0,25.85,371.820613501083
6743,DOUGLASS BLVD,18428,,V06,VACANT LOT,2,V,0,No,0,25.85,285.72821575975
6744,NORRIS PL,20700,,V06,VACANT LOT,2,V,0,No,0,25.85,316.182702801801
6745,DOUGLASS BLVD,18458,,V06,VACANT LOT,2,V,0,No,0,25.85,318.01222161036
6746,NORRIS PL,20677,,V06,VACANT LOT,2,V,0,No,0,25.85,241.211614519813
6747,DOUGLASS BLVD,18393,,V06,VACANT LOT,2,V,0,No,0,25.85,276.430378045268
6748,DOUGLASS BLVD,18363,,V06,VACANT LOT,2,V,0,No,0,25.85,834.525937087739
6749,DOUGLASS BLVD,18481,,V06,VACANT LOT,2,V,0,No,0,25.85,322.451319416324
6750,NORRIS PL,17997,,V06,VACANT LOT,2,V,0,No,0,25.85,458.135531940672
6751,NORRIS PL,17900,,V06,VACANT LOT,2,V,0,No,0,25.85,401.111444146138
6752,NORRIS PL,17804,,V06,VACANT LOT,2,V,0,No,0,25.85,289.670042450088
6753,DOUGLASS BLVD,18493,,V06,VACANT LOT,2,V,0,No,0,25.85,217.821731234549
6754,NORRIS PL,20687,,V06,VACANT LOT,2,V,0,No,0,25.85,404.879463462997
6755,NORRIS PL,18151,,V06,VACANT LOT,2,V,0,No,0,25.85,352.943692392993
6756,NORRIS PL,18330,,V06,VACANT LOT,2,V,0,No,0,25.85,324.929709947013
6757,NORRIS PL,18263,,V06,VACANT LOT,2,V,0,No,0,25.85,434.879742716305
6758,NORRIS PL,18453,,V06,VACANT LOT,2,V,0,No,0,25.85,268.590919487703
6759,NORRIS PL,18398,,V06,VACANT LOT,2,V,0,No,0,25.85,356.366646170704
6760,NORRIS PL,18492,,V06,VACANT LOT,2,V,0,No,0,25.85,223.549933123986
6761,DOUGLASS BLVD,18246,,V06,VACANT LOT,2,V,0,No,0,25.85,736.771728698331
6762,CHEROKEE RD,20566,,V06,VACANT LOT,2,V,0,No,0,25.85,769.262577581553
6763,DEER PARK AVE,17880,,V06,VACANT LOT,3,V,0,No,0,25.85,1113.03327808516
6764,GRAY FOX RD,17290,,V06,VACANT LOT,3,V,0,No,0,25.85,630.469180268789
6765,ELLERBE AVE,17697,,V06,VACANT LOT,3,V,0,No,0,25.85,264.714069488645
6766,ROSEDALE AVE,18323,,V06,VACANT LOT,3,V,0,No,0,25.85,372.791150270916
6767,DOUGLASS BLVD,17588,,V06,VACANT LOT,3,V,0,No,0,25.85,191.312405891173
6768,PRINCETON DR,18383,,V06,VACANT LOT,3,V,0,No,0,25.85,463.420731950213
6769,ALFRESCO PL,18244,,V06,VACANT LOT,3,V,0,No,0,25.85,896.230150234337
6770,HAMPDEN CT,17795,,V06,VACANT LOT,3,V,0,No,0,25.85,109.046663664002
6771,SPRING DR,17868,,V06,VACANT LOT,3,V,0,No,0,25.85,311.17025496657
6772,DEERWOOD AVE,18059,,V06,VACANT LOT,3,V,0,No,0,25.85,453.766173563525
6773,WALLACE AVE,18129,,V06,VACANT LOT,3,V,0,No,0,25.85,129.594389453628
6774,VILLAGE DR,17682,,V06,VACANT LOT,3,V,0,No,0,25.85,1538.28001373069
6775,ALFRESCO PL,18108,,V06,VACANT LOT,3,V,0,No,0,25.85,946.04428080825
6776,SPEED AVE,17539,,V06,VACANT LOT,3,V,0,No,0,25.85,630.940252011632
6777,VILLAGE DR,17785,,V06,VACANT LOT,3,V,0,No,0,25.85,690.492433099425
6778,DOUGLASS BLVD,17654,,V06,VACANT LOT,3,V,0,No,0,25.85,611.602766412855
6779,VILLAGE DR,17867,,V06,VACANT LOT,3,V,0,No,0,25.85,769.184613006622
6780,SPEED AVE,18004,,V06,VACANT LOT,3,V,0,No,0,25.85,423.421673367143
6781,ELEANOR AVE,17791,,V06,VACANT LOT,3,V,0,No,0,25.85,203.21635306117
6782,GRASMERE DR,17819,,V06,VACANT LOT,3,V,0,No,0,25.85,388.054204785185
6783,DEERWOOD AVE,18082,,V06,VACANT LOT,3,V,0,No,0,25.85,155.323947056899
6784,GRASMERE DR,17940,,V06,VACANT LOT,3,V,0,No,0,25.85,442.102872983268
6785,DEER LN,18084,,V06,VACANT LOT,3,V,0,No,0,25.85,502.783468049149
6786,SPEED AVE,18287,,V06,VACANT LOT,3,V,0,No,0,25.85,374.148640841528
6787,RUTHERFORD AVE,18198,,V06,VACANT LOT,3,V,0,No,0,25.85,1130.93558507326
6788,SPEED AVE,18225,,V06,VACANT LOT,3,V,0,No,0,25.85,239.882460804375
6789,WALLACE AVE,18106,,V06,VACANT LOT,3,V,0,No,0,25.85,422.719971520751
6790,ALTA AVE,17321,,V06,VACANT LOT,3,V,0,No,0,25.85,645.861512169584
6791,COWLING AVE,17415,,V06,VACANT LOT,3,V,0,No,0,25.85,78.2442305232693
6792,RICHMOND DR,40250,,V06,VACANT LOT,3,V,0,No,0,25.85,242.029146649995
6793,DEERWOOD AVE,17977,,V06,VACANT LOT,3,V,0,No,0,25.85,616.237273950584
6794,GRASMERE DR,17839,,V06,VACANT LOT,3,V,0,No,0,25.85,226.108779151419
6795,SPEED AVE,17492,,V06,VACANT LOT,3,V,0,No,0,25.85,449.043577003089
6796,INGLESIDE DR,17525,,V06,VACANT LOT,3,V,0,No,0,25.85,384.575207995867
6797,WALLACE AVE,18272,,V06,VACANT LOT,3,V,0,No,0,25.85,562.365154468951
6798,VALLEY VISTA RD,18767,,V06,VACANT LOT,3,V,0,No,0,25.85,1529.86945682849
6799,COWLING AVE,17535,,V06,VACANT LOT,3,V,0,No,0,25.85,424.96827959875
6800,COWLING AVE,17481,,V06,VACANT LOT,3,V,0,No,0,25.85,359.485143684905
6801,ELEANOR AVE,17802,,V06,VACANT LOT,3,V,0,No,0,25.85,79.9070842519487
6802,HAMPDEN CT,17771,,V06,VACANT LOT,3,V,0,No,0,25.85,187.048686901968
6803,HAMPDEN CT,36099,,V06,VACANT LOT,3,V,0,No,0,25.85,225.616102122476
6804,DUKER AVE,17734,,V06,VACANT LOT,3,V,0,No,0,25.85,966.997180685594
6805,SPEED AVE,17591,,V06,VACANT LOT,3,V,0,No,0,25.85,683.639816572386
6806,BARNEY AVE,17246,,V06,VACANT LOT,3,V,0,No,0,25.85,378.04705799621
6807,HAMPDEN CT,17840,,V06,VACANT LOT,3,V,0,No,0,25.85,321.166077075495
6808,ROSEDALE AVE,18384,,V06,VACANT LOT,3,V,0,No,0,25.85,277.68783057599
6809,SHADY LN,17992,,V06,VACANT LOT,3,V,0,No,0,25.85,541.758037180806
6810,SPRING DR,17818,,V06,VACANT LOT,3,V,0,No,0,25.85,980.926548913881
6811,VILLAGE DR,17696,,V06,VACANT LOT,3,V,0,No,0,25.85,465.742488344773
6812,SPEED AVE,17552,,V06,VACANT LOT,3,V,0,No,0,25.85,137.021155716511
6813,BROOKSIDE DR,17526,,V06,VACANT LOT,3,V,0,No,0,25.85,646.328004217887
6814,ELEANOR AVE,17738,,V06,VACANT LOT,3,V,0,No,0,25.85,314.490747969362
6815,RUTHERFORD AVE,18322,,V06,VACANT LOT,3,V,0,No,0,25.85,815.627301241964
6816,DEER LN,18041,,V06,VACANT LOT,3,V,0,No,0,25.85,675.267393481824
6817,CHEROKEE RD,20638,,V06,VACANT LOT,3,V,0,No,0,25.85,435.542745549284
6818,SHERWOOD AVE,36154,,V06,VACANT LOT,3,V,0,No,0,25.85,2115.05684016142
6819,COWLING AVE,17403,,V06,VACANT LOT,3,V,0,No,0,25.85,442.760665967659
6820,SPEED AVE,17932,,V06,VACANT LOT,3,V,0,No,0,25.85,1158.35476740788
6821,SULGRAVE RD,17452,,V06,VACANT LOT,3,V,0,No,0,25.85,1048.41476326798
6822,ROSEDALE AVE,18245,,V06,VACANT LOT,3,V,0,No,0,25.85,349.534441929994
6823,VILLAGE DR,17695,,V06,VACANT LOT,3,V,0,No,0,25.85,106.515064709775
6824,DEER PARK AVE,18176,,V06,VACANT LOT,3,V,0,No,0,25.85,587.896382083153
6825,SPEED AVE,18182,,V06,VACANT LOT,3,V,0,No,0,25.85,245.12480603001
6826,COWLING AVE,17610,,V06,VACANT LOT,3,V,0,No,0,25.85,558.52316088586
6827,VALLETTA LN,17670,,V06,VACANT LOT,3,V,0,No,0,25.85,1208.4487882441
6828,INGLESIDE DR,17573,,V06,VACANT LOT,3,V,0,No,0,25.85,250.30468638056
6829,WOODBOURNE AVE,17751,,V06,VACANT LOT,3,V,0,No,0,25.85,340.428473879793
6830,ELEANOR AVE,17876,,V06,VACANT LOT,3,V,0,No,0,25.85,302.364535784209
6831,WOODBOURNE AVE,17713,,V06,VACANT LOT,3,V,0,No,0,25.85,331.073959321214
6832,ELLERBE AVE,17754,,V06,VACANT LOT,3,V,0,No,0,25.85,298.516158869583
6833,TALBOTT AVE,18210,,V06,VACANT LOT,3,V,0,No,0,25.85,619.030299380864
6834,DOUGLASS BLVD,17875,,V06,VACANT LOT,3,V,0,No,0,25.85,826.137537909112
6835,CHEROSEN RD,17572,,V06,VACANT LOT,3,V,0,No,0,25.85,1193.29138188378
6836,DOUGLASS BLVD,17753,,V06,VACANT LOT,3,V,0,No,0,25.85,432.888636202163
6837,WOODBOURNE AVE,17919,,V06,VACANT LOT,3,V,0,No,0,25.85,206.217800516832
6838,WOODBOURNE AVE,17669,,V06,VACANT LOT,3,V,0,No,0,25.85,422.476225891261
6839,INGLESIDE DR,17618,,V06,VACANT LOT,3,V,0,No,0,25.85,278.602433163148
6840,DOUGLASS BLVD,17680,,V06,VACANT LOT,3,V,0,No,0,25.85,446.37549854092
6841,WALLACE AVE,18015,,V06,VACANT LOT,3,V,0,No,0,25.85,399.533028202926
6842,DOUGLASS BLVD,17987,,V06,VACANT LOT,3,V,0,No,0,25.85,798.50894494442
6843,WOODBOURNE AVE,17756,,V06,VACANT LOT,3,V,0,No,0,25.85,67.2853409230049
6844,TALBOTT AVE,18235,,V06,VACANT LOT,3,V,0,No,0,25.85,79.1877579999943
6845,CAROLINA AVE,17800,,V06,VACANT LOT,3,V,0,No,0,25.85,740.193972877632
6846,WOODBOURNE AVE,17799,,V06,VACANT LOT,3,V,0,No,0,25.85,273.02010869131
6847,WOODBOURNE AVE,18007,,V06,VACANT LOT,3,V,0,No,0,25.85,608.734173789399
6848,WOODBOURNE AVE,17617,,V06,VACANT LOT,3,V,0,No,0,25.85,1239.33620973302
6849,ELEANOR AVE,18008,,V06,VACANT LOT,3,V,0,No,0,25.85,582.237941825816
6850,WOODBOURNE AVE,17891,,V06,VACANT LOT,3,V,0,No,0,25.85,237.84338513308
6851,TALBOTT AVE,18072,,V06,VACANT LOT,3,V,0,No,0,25.85,980.473300199004
6852,WOODBOURNE AVE,17851,,V06,VACANT LOT,3,V,0,No,0,25.85,381.986357014635
6853,SHADY LN,17916,,V06,VACANT LOT,3,V,0,No,0,25.85,741.909735648482
6854,ALFRESCO PL,18329,,V06,VACANT LOT,3,V,0,No,0,25.85,555.966570067673
6855,DEERWOOD AVE,17923,,V06,VACANT LOT,3,V,0,No,0,25.85,174.842765215024
6856,SPEED AVE,18080,,V06,VACANT LOT,3,V,0,No,0,25.85,458.008834859193
6857,SPEED AVE,18136,,V06,VACANT LOT,3,V,0,No,0,25.85,505.536081563976
6858,SHEFFIELD BLVD,18568,,V06,VACANT LOT,3,V,0,No,0,25.85,637.598442271869
6859,VALLEY VISTA RD,18567,,V06,VACANT LOT,3,V,0,No,0,25.85,789.761722785296
6860,SARATOGA DR,18394,,V06,VACANT LOT,3,V,0,No,0,25.85,314.152919068976
6861,DEER PARK AVE,18110,,V06,VACANT LOT,3,V,0,No,0,25.85,741.835180246658
6862,RUTHERFORD AVE,18397,,V06,VACANT LOT,3,V,0,No,0,25.85,588.868953614682
6863,RICHMOND DR,18262,,V06,VACANT LOT,3,V,0,No,0,25.85,532.548018023837
6864,RICHMOND DR,18500,,V06,VACANT LOT,3,V,0,No,0,25.85,1466.89812134529
6865,DOUGLASS BLVD,18138,,V06,VACANT LOT,3,V,0,No,0,25.85,1123.89452630129
6866,TERRY RD,40382,,V07,VACANT LOT,1,V,0.06445993895072381,Yes,0.06445994,43.3,558.31344438819
6867,TERRY RD,29101,,V07,VACANT LOT,1,V,0.1741110607090016,Yes,0.17411106,43.3,1508.0454487327
6868,TERRY RD,29103,,V07,VACANT LOT,1,V,0.04561155963639897,Yes,0.04561156,43.3,395.059812025206
6869,TERRY RD,29095,,V07,VACANT LOT,1,V,0.019057571523351635,Yes,0.01905757,43.3,165.065208851123
6870,GREENWOOD RD,29377,,V07,VACANT LOT,1,V,0.099780683494387845,Yes,0.09978068,43.3,864.24033279414
6871,TERRY RD,29128,,V07,VACANT LOT,1,V,0.046180500998756785,Yes,0.0461805,43.3,399.987786816157
6872,TERRY RD,29097,,V07,VACANT LOT,1,V,0.038999130503562476,Yes,0.03899913,43.3,337.787063460445
6873,GREENWOOD RD,29376,,V07,VACANT LOT,1,V,0.1063861294945789,Yes,0.10638613,43.3,921.452868678216
6874,TERRY RD,33238,,V07,VACANT LOT,1,V,0.01589471938404945,Yes,0.01589472,43.3,137.670301676337
6875,GREENWOOD RD,27600,,V07,VACANT LOT,1,V,0.02294814826068758,Yes,0.02294815,43.3,198.762936799879
6876,TERRY RD,29127,,V07,VACANT LOT,1,V,0.055904553040802836,Yes,0.05590455,43.3,484.211625449706
6877,TERRY RD,29100,,V07,VACANT LOT,1,V,0.15762933793167055,Yes,0.15762934,43.3,1365.2907059261
6878,TERRY RD,29125,,V07,VACANT LOT,1,V,0.02811685801192275,Yes,0.02811686,43.3,243.531538954793
6879,TERRY RD,33481,,V07,VACANT LOT,1,V,0.045425244978422985,Yes,0.04542524,43.3,393.44615878739
6880,TERRY RD,29099,,V07,VACANT LOT,1,V,0.02739455380709035,Yes,0.02739455,43.3,237.275108909805
6881,TERRY RD,33606,,V07,VACANT LOT,1,V,0.0731559704012899,Yes,0.07315597,43.3,633.633050292458
6882,GREENWOOD RD,28997,,V07,VACANT LOT,1,V,0.1287890127328401,Yes,0.12878901,43.3,1115.49340077021
6883,TERRY RD,29126,,V07,VACANT LOT,1,V,0.043665910185730648,Yes,0.04366591,43.3,378.207605726832
6884,TERRY RD,29121,,V07,VACANT LOT,1,V,0.04654022824251494,Yes,0.04654023,43.3,403.103547288859
6885,GREENWOOD RD,28994,,V07,VACANT LOT,1,V,0.01938862123679527,Yes,0.01938862,43.3,167.932611898531
6886,GREENWOOD RD,27593,,V07,VACANT LOT,1,V,0.041228682076061,Yes,0.04122868,43.3,357.098234497526
6887,GREENWOOD RD,28995,,V07,VACANT LOT,1,V,0.0059839980653985736,Yes,0.005984,43.3,51.8296069708132
6888,GREENWOOD RD,27604,,V07,VACANT LOT,1,V,0.0396443681722223,Yes,0.03964437,43.3,343.375899789502
6889,TERRY RD,29096,,V07,VACANT LOT,1,V,0.098137222059432275,Yes,0.09813722,43.3,850.177181325609
6890,GREENWOOD RD,27599,,V07,VACANT LOT,1,V,0.055565745012692527,Yes,0.05556575,43.3,481.277118757024
6891,GREENWOOD RD,27595,,V07,VACANT LOT,1,V,0.0132581521091223,Yes,0.01325815,43.3,114.834300543217
6892,TERRY RD,29102,,V07,VACANT LOT,1,V,0.030831228984683,Yes,0.03083123,43.3,267.041887005812
6893,GREENWOOD RD,29374,,V07,VACANT LOT,1,V,0.0392725535173802,Yes,0.03927255,43.3,340.155252481312
6894,GREENWOOD RD,31165,,V07,VACANT LOT,1,V,0.024058909842118448,Yes,0.02405891,43.3,208.535822315631
6895,GREENWOOD RD,27579,,V07,VACANT LOT,1,V,0.022987052616131015,Yes,0.02298705,43.3,199.146924571414
6896,GREENWOOD RD,28801,,V07,VACANT LOT,1,V,0.03089640102354247,Yes,0.0308964,43.3,267.606361754654
6897,GREENWOOD RD,27510,,V07,VACANT LOT,1,V,0.0173063093019617,Yes,0.01730631,43.3,149.896992725421
6898,GREENWOOD RD,27577,,V07,VACANT LOT,1,V,0.17002037959971536,Yes,0.17002038,43.3,1472.61849995244
6899,GREENWOOD RD,27586,,V07,VACANT LOT,1,V,0.16081488789193726,Yes,0.16081489,43.3,1392.88206400241
6900,GREENWOOD RD,33503,,V07,VACANT LOT,1,V,0.037923387290966275,Yes,0.03792339,43.3,328.469429613511
6901,GREENWOOD RD,27508,,V07,VACANT LOT,1,V,0.0153224788454776,Yes,0.01532248,43.3,132.71398876555
6902,GREENWOOD RD,33035,,V07,VACANT LOT,1,V,0.05977410323130982,Yes,0.0597741,43.3,518.072291673963
6903,GREENWOOD RD,27511,,V07,VACANT LOT,1,V,0.022084162249649156,Yes,0.02208416,43.3,191.291245582151
6904,GREENWOOD RD,31164,,V07,VACANT LOT,1,V,0.0429173645117465,Yes,0.04291736,43.3,371.747595527109
6905,GREENWOOD RD,28802,,V07,VACANT LOT,1,V,0.07973645267732915,Yes,0.07973645,43.3,690.629149516946
6906,GREENWOOD RD,27566,,V07,VACANT LOT,1,V,0.07977043375215764,Yes,0.07977043,43.3,691.077219953981
6907,GREENWOOD RD,27571,,V07,VACANT LOT,1,V,0.05633120830857847,Yes,0.05633121,43.3,488.224298771004
6908,GREENWOOD RD,27507,,V07,VACANT LOT,1,V,0.2072736033021538,Yes,0.2072736,43.3,1795.27963859612
6909,TERRY RD,29129,,V07,VACANT LOT,1,V,0.1437778376057715,Yes,0.14377784,43.3,1245.31729733053
6910,TERRY RD,29131,,V07,VACANT LOT,1,V,0.08412684606815687,Yes,0.08412685,43.3,728.656457595394
6911,GREENWOOD RD,28800,,V07,VACANT LOT,1,V,0.1058389957290456,Yes,0.105839,43.3,916.797615529829
6912,TERRY RD,29104,,V07,VACANT LOT,1,V,0.0413999986329388,Yes,0.0414,43.3,358.58209098152
6913,TERRY RD,29124,,V07,VACANT LOT,1,V,0.020418446454691128,Yes,0.02041845,43.3,176.852249231468
6914,TERRY RD,29094,,V07,VACANT LOT,1,V,0.045115745892121,Yes,0.04511575,43.3,390.792526811228
6915,GREENWOOD RD,27582,,V07,VACANT LOT,1,V,0.1190129420915955,Yes,0.11901294,43.3,1030.82748798399
6916,TERRY RD,29122,,V07,VACANT LOT,1,V,0.031840025793092655,Yes,0.03184003,43.3,275.779108759393
6917,TERRY RD,32126,,V07,VACANT LOT,1,V,0.04106062830184542,Yes,0.04106063,43.3,355.642633968604
6918,TERRY RD,29123,,V07,VACANT LOT,1,V,0.03881604275416772,Yes,0.03881604,43.3,336.201294835861
6919,TERRY RD,29098,,V07,VACANT LOT,1,V,0.04826071647601586,Yes,0.04826072,43.3,418.005504156681
6920,GREENWOOD RD,27610,,V07,VACANT LOT,1,V,0.03859965122023545,Yes,0.03859965,43.3,334.32693536817
6921,GREENWOOD RD,28992,,V07,VACANT LOT,1,V,0.00805743039812906,Yes,0.00805743,43.3,69.7888453322771
6922,GREENWOOD RD,27612,,V07,VACANT LOT,1,V,0.01166706164911885,Yes,0.01166706,43.3,101.053138651157
6923,GREENWOOD RD,28990,,V07,VACANT LOT,1,V,0.0275110113124174,Yes,0.02751101,43.3,238.28361933904
6924,UPPER HUNTERS TRCE,27167,,V07,VACANT LOT,2,V,0,No,0,43.3,572.974459019875
6925,CANE RUN RD,29656,,V07,VACANT LOT,2,V,0.048466396946721238,Yes,0.0484664,43.3,419.786892549362
6926,CANE RUN RD,29633,,V07,VACANT LOT,2,V,0.08782169762685425,Yes,0.0878217,43.3,760.659061183301
6927,UPPER HUNTERS TRCE,27172,,V07,VACANT LOT,2,V,0,No,0,43.3,412.281917779181
6928,FLINTLOCK DR,27354,,V07,VACANT LOT,2,V,0,No,0,43.3,338.778928113619
6929,LOWER HUNTERS TRCE,27419,,V07,VACANT LOT,2,V,0,No,0,43.3,417.521705002555
6930,FLINTLOCK DR,27341,,V07,VACANT LOT,2,V,0,No,0,43.3,209.583633492598
6931,UPPER HUNTERS TRCE,27269,,V07,VACANT LOT,2,V,0,No,0,43.3,828.008546270982
6932,GRASTON AVE,26975,,V07,VACANT LOT,2,V,0,No,0,43.3,288.451023856846
6933,SYLVANIA RD,37575,,V07,VACANT LOT,2,V,0,No,0,43.3,481.032936284643
6934,RUTLEDGE RD,29566,,V07,VACANT LOT,2,V,0,No,0,43.3,1973.25873708441
6935,GRASTON AVE,27146,,V07,VACANT LOT,2,V,0,No,0,43.3,295.972025911632
6936,RUTLEDGE RD,29715,,V07,VACANT LOT,2,V,0,No,0,43.3,1243.59460817602
6937,LOWER HUNTERS TRCE,29704,,V07,VACANT LOT,2,V,0,No,0,43.3,370.246260324921
6938,SKY BLUE AVE,27426,,V07,VACANT LOT,2,V,0,No,0,43.3,390.110883125347
6939,SKY BLUE AVE,27422,,V07,VACANT LOT,2,V,0,No,0,43.3,340.647852970798
6940,FLINTLOCK DR,27330,,V07,VACANT LOT,2,V,0,No,0,43.3,302.387894092932
6941,SYLVANIA RD,29574,,V07,VACANT LOT,2,V,0,No,0,43.3,597.375170832001
6942,SKY BLUE AVE,27411,,V07,VACANT LOT,2,V,0,No,0,43.3,656.591906353504
6943,SKY BLUE AVE,27519,,V07,VACANT LOT,2,V,0,No,0,43.3,664.593231180735
6944,LOWER HUNTERS TRCE,29701,,V07,VACANT LOT,2,V,0,No,0,43.3,320.483405625393
6945,LOWER HUNTERS TRCE,27413,,V07,VACANT LOT,2,V,0,No,0,43.3,346.01887608275
6946,FLINTLOCK DR,27352,,V07,VACANT LOT,2,V,0,No,0,43.3,506.174189774667
6947,RUTLEDGE RD,29710,,V07,VACANT LOT,2,V,0,No,0,43.3,420.376775513561
6948,GRASTON AVE,27076,,V07,VACANT LOT,2,V,0,No,0,43.3,314.341026991387
6949,RUTLEDGE RD,29717,,V07,VACANT LOT,2,V,0,No,0,43.3,554.085171285644
6950,CANE RUN RD,29632,,V07,VACANT LOT,2,V,0.1869388874146034,Yes,0.18693889,43.3,1619.15241017575
6951,LOWER HUNTERS TRCE,29696,,V07,VACANT LOT,2,V,0,No,0,43.3,695.241385938182
6952,LOWER HUNTERS TRCE,29706,,V07,VACANT LOT,2,V,0,No,0,43.3,340.00833724467
6953,UPPER HUNTERS TRCE,27310,,V07,VACANT LOT,2,V,0,No,0,43.3,697.251281412212
6954,UPPER HUNTERS TRCE,27174,,V07,VACANT LOT,2,V,0,No,0,43.3,473.897902100913
6955,UPPER HUNTERS TRCE,27401,,V07,VACANT LOT,2,V,0,No,0,43.3,518.936359130411
6956,LOWER HUNTERS TRCE,27410,,V07,VACANT LOT,2,V,0,No,0,43.3,958.623465035374
6957,UPPER HUNTERS TRCE,27376,,V07,VACANT LOT,2,V,0,No,0,43.3,694.60848968962
6958,LOWER HUNTERS TRCE,26948,,V07,VACANT LOT,2,V,0,No,0,43.3,305.428480807091
6959,SKY BLUE AVE,27592,,V07,VACANT LOT,2,V,0,No,0,43.3,626.502654735497
6960,UPPER HUNTERS TRCE,27346,,V07,VACANT LOT,2,V,0,No,0,43.3,421.074361331623
6961,UPPER HUNTERS TRCE,27279,,V07,VACANT LOT,2,V,0,No,0,43.3,285.056756634553
6962,LOWER HUNTERS TRCE,27425,,V07,VACANT LOT,2,V,0,No,0,43.3,1194.68507361383
6963,LOWER HUNTERS TRCE,27414,,V07,VACANT LOT,2,V,0,No,0,43.3,321.376146489093
6964,GRASTON AVE,27162,,V07,VACANT LOT,2,V,0,No,0,43.3,300.11418680947
6965,UPPER HUNTERS TRCE,27196,,V07,VACANT LOT,2,V,0,No,0,43.3,496.773441004926
6966,SKY BLUE AVE,27473,,V07,VACANT LOT,2,V,0,No,0,43.3,799.668089340653
6967,DISTRIBUTION DR,27470,,V07,VACANT LOT,2,V,0,No,0,43.3,2772.30804602757
6968,SKY BLUE AVE,27493,,V07,VACANT LOT,2,V,0,No,0,43.3,655.644323824967
6969,CANE RUN RD,29634,,V07,VACANT LOT,2,V,0.1802616192328927,Yes,0.18026162,43.3,1561.31785181635
6970,GRASTON AVE,27049,,V07,VACANT LOT,2,V,0,No,0,43.3,288.683129006805
6971,FLINTLOCK DR,27367,,V07,VACANT LOT,2,V,0,No,0,43.3,653.567689889045
6972,SKY BLUE AVE,27560,,V07,VACANT LOT,2,V,0,No,0,43.3,579.776546159434
6973,MEMORY LN,29571,,V07,VACANT LOT,2,V,0,No,0,43.3,671.6735129282
6974,LOWER HUNTERS TRCE,27290,,V07,VACANT LOT,2,V,0,No,0,43.3,780.665592148026
6975,SKY BLUE AVE,27447,,V07,VACANT LOT,2,V,0,No,0,43.3,320.389966271955
6976,FLINTLOCK DR,27338,,V07,VACANT LOT,2,V,0,No,0,43.3,310.782530030539
6977,UPPER HUNTERS TRCE,27206,,V07,VACANT LOT,2,V,0,No,0,43.3,280.255443572515
6978,UPPER HUNTERS TRCE,35106,,V07,VACANT LOT,2,V,0,No,0,43.3,74.8834276347004
6979,UPPER HUNTERS TRCE,27213,,V07,VACANT LOT,2,V,0,No,0,43.3,351.428340790004
6980,GRASTON AVE,27102,,V07,VACANT LOT,2,V,0,No,0,43.3,156.928374883792
6981,CANE RUN RD,29631,,V07,VACANT LOT,2,V,0.0221552282972702,Yes,0.02215523,43.3,191.895342887
6982,FLINTLOCK DR,27324,,V07,VACANT LOT,2,V,0,No,0,43.3,403.180143004833
6983,LOWER HUNTERS TRCE,28831,,V07,VACANT LOT,2,V,0,No,0,43.3,871.49827550903
6984,GRASTON AVE,27178,,V07,VACANT LOT,2,V,0,No,0,43.3,159.704206913436
6985,UPPER HUNTERS TRCE,27204,,V07,VACANT LOT,2,V,0,No,0,43.3,540.43628232168
6986,LOWER HUNTERS TRCE,29703,,V07,VACANT LOT,2,V,0,No,0,43.3,766.685893176885
6987,LOWER HUNTERS TRCE,27417,,V07,VACANT LOT,2,V,0,No,0,43.3,601.006609298564
6988,UPPER HUNTERS TRCE,27319,,V07,VACANT LOT,2,V,0,No,0,43.3,493.340313492605
6989,GRASTON AVE,27128,,V07,VACANT LOT,2,V,0,No,0,43.3,302.469289100324
6990,GRASTON AVE,27088,,V07,VACANT LOT,2,V,0,No,0,43.3,143.165110247315
6991,LOWER HUNTERS TRCE,34243,,V07,VACANT LOT,2,V,0,No,0,43.3,840.710696042864
6992,SYLVANIA RD,29576,,V07,VACANT LOT,2,V,0,No,0,43.3,715.937805543366
6993,SKY BLUE AVE,27437,,V07,VACANT LOT,2,V,0,No,0,43.3,409.838126157269
6994,LOWER HUNTERS TRCE,27268,,V07,VACANT LOT,2,V,0,No,0,43.3,312.093059260673
6995,LOWER HUNTERS TRCE,27251,,V07,VACANT LOT,2,V,0,No,0,43.3,453.116129391008
6996,FLINTLOCK DR,27356,,V07,VACANT LOT,2,V,0,No,0,43.3,167.823607227526
6997,GRASTON AVE,27029,,V07,VACANT LOT,2,V,0,No,0,43.3,290.912386469814
6998,GRASTON AVE,27003,,V07,VACANT LOT,2,V,0,No,0,43.3,289.756565429163
6999,FLINTLOCK DR,27349,,V07,VACANT LOT,2,V,0,No,0,43.3,436.179050798344
7000,UPPER HUNTERS TRCE,27177,,V07,VACANT LOT,2,V,0,No,0,43.3,533.384623464781
7001,LOWER HUNTERS TRCE,27291,,V07,VACANT LOT,2,V,0,No,0,43.3,823.263452497972
7002,LOWER HUNTERS TRCE,27402,,V07,VACANT LOT,2,V,0,No,0,43.3,558.115768624054
7003,FLINTLOCK DR,27334,,V07,VACANT LOT,2,V,0,No,0,43.3,305.62793352581
7004,RIVERPORT DR,28785,,V07,VACANT LOT,2,V,0,No,0,43.3,1850.5888325571
7005,RUTLEDGE RD,27565,,V07,VACANT LOT,2,V,0,No,0,43.3,1004.28274523829
7006,CANE RUN RD,29635,,V07,VACANT LOT,2,V,0.1490855924904219,Yes,0.14908559,43.3,1291.34711041458
7007,LOWER HUNTERS TRCE,26988,,V07,VACANT LOT,2,V,0,No,0,43.3,510.289018517518
7008,LOWER HUNTERS TRCE,28822,,V07,VACANT LOT,2,V,0,No,0,43.3,1890.17030978183
7009,INTERMODAL DR,28860,,V07,VACANT LOT,2,V,0,No,0,43.3,2901.76781583958
7010,CANE RUN RD,29650,,V07,VACANT LOT,2,V,0.33042421799330157,Yes,0.33042422,43.3,2861.99846968624
7011,CANE RUN RD,29653,,V07,VACANT LOT,2,V,0.035038023111783,Yes,0.03503802,43.3,303.478385730972
7012,CANE RUN RD,29655,,V07,VACANT LOT,2,V,0.11516549440997,Yes,0.11516549,43.3,997.494633362292
7013,CANE RUN RD,29654,,V07,VACANT LOT,2,V,0.069489740462022678,Yes,0.06948974,43.3,601.87847219822
7014,CANE RUN RD,29649,,V07,VACANT LOT,2,V,0.1995665252930145,Yes,0.19956653,43.3,1728.52557851371
7015,RIVERPORT DR,29651,,V07,VACANT LOT,2,V,0,No,0,43.3,1997.45173463502
7016,LOWER HUNTERS TRCE,28823,,V07,VACANT LOT,2,V,0,No,0,43.3,296.945785595353
7017,LOWER HUNTERS TRCE,28827,,V07,VACANT LOT,2,V,0,No,0,43.3,510.852261340888
7018,LOWER HUNTERS TRCE,28825,,V07,VACANT LOT,2,V,0,No,0,43.3,309.647206387233
7019,CANE RUN RD,29630,,V07,VACANT LOT,2,V,0.08975188958625457,Yes,0.08975189,43.3,777.376912701693
7020,CANE RUN RD,29629,,V07,VACANT LOT,2,V,0.0847866242282987,Yes,0.08478662,43.3,734.371013287051
7021,CANE RUN RD,29628,,V07,VACANT LOT,2,V,0.04664701985770715,Yes,0.04664702,43.3,404.028328988204
7022,LOWER HUNTERS TRCE,29708,,V07,VACANT LOT,2,V,0,No,0,43.3,279.797045989218
7023,LOWER HUNTERS TRCE,29699,,V07,VACANT LOT,2,V,0,No,0,43.3,954.165661313298
7024,CANE RUN RD,30891,,V07,VACANT LOT,2,V,0.1510680940752772,Yes,0.15106809,43.3,1308.46136616126
7025,CANE RUN RD,30892,,V07,VACANT LOT,2,V,0.0977180135381728,Yes,0.09771801,43.3,846.374513732198
7026,GABRIEL DR,27407,,V07,VACANT LOT,3,V,0,No,0,43.3,595.563543784222
7027,FEYHURST DR,29333,,V07,VACANT LOT,3,V,0,No,0,43.3,299.336236108536
7028,LEWISTON DR,27059,,V07,VACANT LOT,3,V,0,No,0,43.3,372.886262035978
7029,SYLVANIA RD,29573,,V07,VACANT LOT,3,V,0,No,0,43.3,119.361481603677
7030,RUTLEDGE RD,37576,,V07,VACANT LOT,3,V,0,No,0,43.3,115.112470884457
7031,LEWISTON DR,27107,,V07,VACANT LOT,3,V,0,No,0,43.3,427.313459759599
7032,BOSSIER LN,26979,,V07,VACANT LOT,3,V,0,No,0,43.3,720.697310141075
7033,GABRIEL DR,27455,,V07,VACANT LOT,3,V,0,No,0,43.3,366.367728107577
7034,URANUS DR,27472,,V07,VACANT LOT,3,V,0,No,0,43.3,614.853772583746
7035,ARID LN,27006,,V07,VACANT LOT,3,V,0,No,0,43.3,1008.03975083343
7036,GABRIEL DR,27432,,V07,VACANT LOT,3,V,0,No,0,43.3,1045.30623581136
7037,LEWISTON DR,27062,,V07,VACANT LOT,3,V,0,No,0,43.3,49.771099632497
7038,DENVER LN,27031,,V07,VACANT LOT,3,V,0,No,0,43.3,138.192503338114
7039,FEYHURST DR,29373,,V07,VACANT LOT,3,V,0,No,0,43.3,363.956297857289
7040,FEYHURST DR,29356,,V07,VACANT LOT,3,V,0,No,0,43.3,294.805387200825
7041,DENVER LN,27007,,V07,VACANT LOT,3,V,0,No,0,43.3,331.635029816036
7042,MARIEMONT RD,26977,,V07,VACANT LOT,3,V,0,No,0,43.3,381.786386842615
7043,WOOD RD,29713,,V07,VACANT LOT,3,V,0,No,0,43.3,619.1041825877
7044,LEWISTON DR,27081,,V07,VACANT LOT,3,V,0,No,0,43.3,572.094573160007
7045,GABRIEL DR,27444,,V07,VACANT LOT,3,V,0,No,0,43.3,319.526223271766
7046,MEMORY LN,29719,,V07,VACANT LOT,3,V,0,No,0,43.3,2192.5009479838
7047,URANUS DR,27464,,V07,VACANT LOT,3,V,0,No,0,43.3,628.694169527999
7048,PORT RD,28859,,V07,VACANT LOT,3,V,0,No,0,43.3,966.535981259309
7049,WOOD RD,29714,,V07,VACANT LOT,3,V,0,No,0,43.3,730.209330935706
7050,GABRIEL DR,29702,,V07,VACANT LOT,3,V,0,No,0,43.3,410.689689738488
7051,WOOD RD,29712,,V07,VACANT LOT,3,V,0,No,0,43.3,266.904762260843
7052,MARIEMONT RD,27022,,V07,VACANT LOT,3,V,0,No,0,43.3,699.183666738986
7053,FEYHURST DR,29327,,V07,VACANT LOT,3,V,0,No,0,43.3,338.509413104692
7054,URANUS DR,27456,,V07,VACANT LOT,3,V,0,No,0,43.3,337.354705855168
7055,PORT RD,28858,,V07,VACANT LOT,3,V,0,No,0,43.3,1228.08455628018
7056,FEYHURST DR,29348,,V07,VACANT LOT,3,V,0,No,0,43.3,304.42409245294
7057,COLUMBIA AVE,27474,,V07,VACANT LOT,3,V,0,No,0,43.3,334.965472836851
7058,URANUS DR,27462,,V07,VACANT LOT,3,V,0,No,0,43.3,330.644587565641
7059,DENVER LN,27023,,V07,VACANT LOT,3,V,0,No,0,43.3,350.311505155703
7060,GABRIEL DR,27381,,V07,VACANT LOT,3,V,0,No,0,43.3,310.165652386222
7061,INTERNATIONAL DR,28805,,V07,VACANT LOT,3,V,0,No,0,43.3,1579.7403228577
7062,FEYHURST DR,27503,,V07,VACANT LOT,3,V,0,No,0,43.3,925.357631183651
7063,URANUS DR,27467,,V07,VACANT LOT,3,V,0,No,0,43.3,366.897503692278
7064,WOOD RD,29716,,V07,VACANT LOT,3,V,0,No,0,43.3,772.939548283574
7065,PORT RD,36646,,V07,VACANT LOT,3,V,0,No,0,43.3,1121.10965554389
7066,CANE RUN RD,29627,,V07,VACANT LOT,3,V,0.14306125269069,Yes,0.14306125,43.3,1239.11089769355
7067,STILZ AVE,20902,,V08,VACANT LOT,2,V,0,No,0,14.33,353.817933822856
7068,SENECA PARK RD,17418,,V08,VACANT LOT,2,V,0,No,0,14.33,1721.85004665342
7069,STILZ AVE,20886,,V08,VACANT LOT,2,V,0,No,0,14.33,287.463412869401
7070,STILZ AVE,20916,,V08,VACANT LOT,2,V,0,No,0,14.33,187.943220319496
7071,STILZ AVE,20875,,V08,VACANT LOT,2,V,0,No,0,14.33,298.179241144051
7072,STILZ AVE,20855,,V08,VACANT LOT,2,V,0,No,0,14.33,876.830769599029
7073,CHEROKEE GARDENS RD,3780,,V08,VACANT LOT,2,V,0,No,0,14.33,546.243554521364
7074,S PETERSON AVE,20873,,V08,VACANT LOT,3,V,0,No,0,14.33,1543.0015621451
7075,FRANCK AVE,20883,,V08,VACANT LOT,3,V,0,No,0,14.33,549.585901062022
7076,ALTA VISTA RD,16650,,V08,VACANT LOT,3,V,0,No,0,14.33,172.541459804875
7077,LEXINGTON PL,20974,,V08,VACANT LOT,3,V,0,No,0,14.33,639.783753113522
7078,BEARGRASS RD,17399,,V08,VACANT LOT,3,V,0,No,0,14.33,101.178718538243
7079,ALTA VISTA RD,16835,,V08,VACANT LOT,3,V,0,No,0,14.33,833.582009541098
7080,PLEASANTVIEW AVE,20922,,V08,VACANT LOT,3,V,0,No,0,14.33,509.045225936474
7081,ALBANY AVE,20878,,V08,VACANT LOT,3,V,0,No,0,14.33,775.12895272318
7082,FEHR RD,16656,,V08,VACANT LOT,3,V,0,No,0,14.33,231.485214613119
7083,FRANCK AVE,20889,,V08,VACANT LOT,3,V,0,No,0,14.33,205.172270497867
7084,UPLAND RD,20931,,V08,VACANT LOT,3,V,0,No,0,14.33,268.804028604748
7085,S GALT AVE,20852,,V08,VACANT LOT,3,V,0,No,0,14.33,764.157105032409
7086,S BIRCHWOOD AVE,20877,,V08,VACANT LOT,3,V,0,No,0,14.33,1263.67744670057
7087,UPLAND RD,20932,,V08,VACANT LOT,3,V,0,No,0,14.33,772.110698206101
7088,PLEASANTVIEW AVE,20898,,V08,VACANT LOT,3,V,0,No,0,14.33,578.020086181446
7089,DANESHALL DR,16817,,V08,VACANT LOT,3,V,0,No,0,14.33,221.352213009759
7090,ALTA VISTA RD,32790,,V08,VACANT LOT,3,V,0,No,0,14.33,789.492917933365
7091,S BAYLY AVE,34961,,V08,VACANT LOT,3,V,0,No,0,14.33,22.4690231902724
7092,S GALT AVE,20818,,V08,VACANT LOT,3,V,0,No,0,14.33,448.236450553916
7093,FRANCK AVE,20850,,V08,VACANT LOT,3,V,0,No,0,14.33,599.516482598447
7094,BEARGRASS RD,17398,,V08,VACANT LOT,3,V,0,No,0,14.33,980.068541731073
7095,S HITE AVE,20879,,V08,VACANT LOT,3,V,0,No,0,14.33,306.463350429134
7096,UPLAND RD,20960,,V08,VACANT LOT,3,V,0,No,0,14.33,1501.62523252855
7097,S HITE AVE,20858,,V08,VACANT LOT,3,V,0,No,0,14.33,327.704758621767
7098,CROSS HILL RD,20956,,V08,VACANT LOT,3,V,0,No,0,14.33,373.623601761407
7099,JUNIPER HILL RD,16786,,V08,VACANT LOT,3,V,0,No,0,14.33,567.712174832337
7100,CRESCENT CT,37553,,V08,VACANT LOT,3,V,0,No,0,14.33,92.8287229570615
7101,CRESCENT CT,37554,,V08,VACANT LOT,3,V,0,No,0,14.33,185.249254739294
7102,SAUNDERS AVE,20863,,V08,VACANT LOT,3,V,0,No,0,14.33,966.697856216807
7103,S GALT AVE,20910,,V08,VACANT LOT,3,V,0,No,0,14.33,1024.35761660624
7104,FRANCK AVE,20813,,V08,VACANT LOT,3,V,0,No,0,14.33,442.155488605694
7105,KENNEDY AVE,20860,,V08,VACANT LOT,3,V,0,No,0,14.33,375.945773699498
7106,COCHRAN HILL RD,20953,,V08,VACANT LOT,3,V,0,No,0,14.33,608.830239903995
7107,TOP HILL RD,20950,,V08,VACANT LOT,3,V,0,No,0,14.33,629.482956519191
7108,TOP HILL RD,35286,,V08,VACANT LOT,3,V,0,No,0,14.33,1389.71996880097
7109,CROSS HILL RD,20943,,V08,VACANT LOT,3,V,0,No,0,14.33,1067.82295696072
7110,ALTA VISTA RD,16598,,V08,VACANT LOT,3,V,0,No,0,14.33,239.356813900418
7111,ALTA VISTA RD,20971,,V08,VACANT LOT,3,V,0,No,0,14.33,399.439316862673
7112,ALTA VISTA RD,32783,,V08,VACANT LOT,3,V,0,No,0,14.33,634.780749630474
7113,FEHR RD,16597,,V08,VACANT LOT,3,V,0,No,0,14.33,434.252090879514
7114,SAUNDERS AVE,20894,,V08,VACANT LOT,3,V,0,No,0,14.33,213.039433178608
7115,CRESCENT CT,20844,,V08,VACANT LOT,3,V,0,No,0,14.33,698.114555447825
7116,S BAYLY AVE,20869,,V08,VACANT LOT,3,V,0,No,0,14.33,580.785903438055
7117,CHEROKEE WOODS RD,16739,,V08,VACANT LOT,3,V,0,No,0,14.33,444.278999386024
7118,ALTA VISTA RD,17327,,V08,VACANT LOT,3,V,0,No,0,14.33,1201.05802102702
7119,ALTA VISTA RD,17183,,V08,VACANT LOT,3,V,0,No,0,14.33,217.187896284462
7120,UPLAND RD,20920,,V08,VACANT LOT,3,V,0,No,0,14.33,181.942998952355
7121,DANESHALL DR,16781,,V08,VACANT LOT,3,V,0,No,0,14.33,725.391113567393
7122,ALTA VISTA RD,32789,,V08,VACANT LOT,3,V,0,No,0,14.33,468.54305636339
7123,MILLVALE RD,40427,,V08,VACANT LOT,3,V,0,No,0,14.33,449.143502246183
7124,MILLVALE RD,17589,,V08,VACANT LOT,3,V,0,No,0,14.33,781.181852436069
7125,JUNIPER HILL RD,16783,,V08,VACANT LOT,3,V,0,No,0,14.33,652.084788485905
7126,KENNEDY AVE,20840,,V08,VACANT LOT,3,V,0,No,0,14.33,401.616040319826
7127,MILLVALE RD,17757,,V08,VACANT LOT,3,V,0,No,0,14.33,925.851274154604
7128,AVON CT,20839,,V08,VACANT LOT,3,V,0,No,0,14.33,172.435401226894
7129,S BAYLY AVE,20895,,V08,VACANT LOT,3,V,0,No,0,14.33,180.327510154143
7130,PLEASANTVIEW AVE,20871,,V08,VACANT LOT,3,V,0,No,0,14.33,251.282649007206
7131,S BAYLY AVE,20908,,V08,VACANT LOT,3,V,0,No,0,14.33,200.42408736574
7132,S HITE AVE,20896,,V08,VACANT LOT,3,V,0,No,0,14.33,453.937761487325
7133,PLEASANTVIEW AVE,20856,,V08,VACANT LOT,3,V,0,No,0,14.33,539.823412428778
7134,S BAYLY AVE,20892,,V08,VACANT LOT,3,V,0,No,0,14.33,523.455425007116
7135,ALTA VISTA RD,17162,,V08,VACANT LOT,3,V,0,No,0,14.33,213.481216398507
7136,ALTA VISTA RD,16889,,V08,VACANT LOT,3,V,0,No,0,14.33,444.950205953752
7137,BERRY BLVD,19916,,V09,VACANT LOT,1,V,0.20735705535089,Yes,0.20735706,17.17,898.001055828307
7138,7TH STREET RD,18898,,V09,VACANT LOT,1,V,0.038713479958323575,Yes,0.03871348,17.17,167.656749596261
7139,7TH STREET RD,18810,,V09,VACANT LOT,1,V,0.08293814071647601,Yes,0.08293814,17.17,359.180213935705
7140,7TH STREET RD,20057,,V09,VACANT LOT,1,V,0.13894416383119887,Yes,0.13894416,17.17,601.725463257947
7141,7TH STREET RD,29949,,V09,VACANT LOT,1,V,0.13861704386090137,Yes,0.13861704,17.17,600.308986685434
7142,7TH STREET RD,19058,,V09,VACANT LOT,1,V,0.18651497318372168,Yes,0.18651497,17.17,807.740334217088
7143,7TH STREET RD,31782,,V09,VACANT LOT,1,V,1.178768547635524,Yes,1.17876855,17.17,5104.89300029826
7144,BERRY BLVD,19924,,V09,VACANT LOT,1,V,0.17372786484478245,Yes,0.17372786,17.17,752.363248488918
7145,7TH STREET RD,18866,,V09,VACANT LOT,1,V,0.08489250793206404,Yes,0.08489251,17.17,367.643848870152
7146,BERRY BLVD,19928,,V09,VACANT LOT,1,V,0.16936484870225915,Yes,0.16936485,17.17,733.468348849535
7147,BERRY BLVD,21084,,V09,VACANT LOT,1,V,0.1707202280091926,Yes,0.17072023,17.17,739.337927668439
7148,BERRY BLVD,21082,,V09,VACANT LOT,1,V,0.038267012885606577,Yes,0.03826701,17.17,165.722969256113
7149,7TH STREET RD,22429,,V09,VACANT LOT,1,V,0.111329820693874,Yes,0.11132982,17.17,964.271985150035
7150,7TH STREET RD,19994,,V09,VACANT LOT,1,V,0.2197370646539237,Yes,0.21973706,17.17,951.838549447408
7151,BERRY BLVD,21083,,V09,VACANT LOT,1,V,0.13290158101567015,Yes,0.13290158,17.17,575.55704081052
7152,BERRY BLVD,21086,,V09,VACANT LOT,1,V,0.1776513590286785,Yes,0.17765136,17.17,769.354632650802
7153,7TH STREET RD,19312,,V09,VACANT LOT,1,V,0.184389291626238,Yes,0.18438929,17.17,798.534600912384
7154,7TH STREET RD,19161,,V09,VACANT LOT,1,V,0.125477063373287,Yes,0.12547706,17.17,543.403424228782
7155,CRUMS LN,22656,,V09,VACANT LOT,2,V,0,No,0,17.17,2316.68615065118
7156,CRAIG AVE,22495,,V09,VACANT LOT,3,V,0,No,0,17.17,549.265957195861
7157,W SOUTHERN HEIGHTS AVE,22617,,V09,VACANT LOT,3,V,0,No,0,17.17,369.300225087936
7158,STRADER AVE,25747,,V09,VACANT LOT,3,V,0,No,0,17.17,371.186012214984
7159,WHEELER AVE,25744,,V09,VACANT LOT,3,V,0,No,0,17.17,550.786262044873
7160,POWELL AVE,19989,,V09,VACANT LOT,3,V,0,No,0,17.17,256.605249179065
7161,POWELL AVE,30009,,V09,VACANT LOT,3,V,0,No,0,17.17,549.159349349645
7162,WHEELER AVE,30018,,V09,VACANT LOT,3,V,0,No,0,17.17,548.74107427963
7163,W SOUTHERN HEIGHTS AVE,25755,,V09,VACANT LOT,3,V,0,No,0,17.17,370.592689358884
7164,WHEELER AVE,21103,,V09,VACANT LOT,3,V,0,No,0,17.17,506.501605351716
7165,POWELL AVE,20082,,V09,VACANT LOT,3,V,0,No,0,17.17,490.105203350834
7166,CAMDEN AVE,25725,,V09,VACANT LOT,3,V,0,No,0,17.17,369.787968758464
7167,WHEELER AVE,25754,,V09,VACANT LOT,3,V,0,No,0,17.17,550.588296875487
7168,STRADER AVE,25753,,V09,VACANT LOT,3,V,0,No,0,17.17,404.550034885367
7169,STRADER AVE,25751,,V09,VACANT LOT,3,V,0,No,0,17.17,370.906338417295
7170,WHEELER AVE,21090,,V09,VACANT LOT,3,V,0,No,0,17.17,255.306037632412
7171,POWELL AVE,22488,,V09,VACANT LOT,3,V,0,No,0,17.17,549.62488289232
7172,POWELL AVE,22608,,V09,VACANT LOT,3,V,0,No,0,17.17,550.803971732741
7173,STRADER AVE,25749,,V09,VACANT LOT,3,V,0,No,0,17.17,369.709531258155
7174,STRADER AVE,25745,,V09,VACANT LOT,3,V,0,No,0,17.17,368.769799521412
7175,MANSLICK RD,22930,,V10,VACANT LOT,1,V,0.72963330347025446,Yes,0.7296333,22.85,2106.54851610251
7176,MANSLICK RD,26412,,V10,VACANT LOT,1,V,0.06952183353003706,Yes,0.06952183,22.85,602.156400123992
7177,MANSLICK RD,22655,,V10,VACANT LOT,1,V,0.015099519611052,Yes,0.01509952,22.85,130.783161575038
7178,MANSLICK RD,23081,,V10,VACANT LOT,1,V,0.09832363967868274,Yes,0.09832364,22.85,851.620388215585
7179,MANSLICK RD,30039,,V10,VACANT LOT,1,V,0.2135827679748,Yes,0.21358277,22.85,924.96283896004
7180,MANSLICK RD,20015,,V10,VACANT LOT,1,V,0.07154035303407116,Yes,0.07154035,22.85,309.819977753639
7181,MANSLICK RD,22967,,V10,VACANT LOT,1,V,0.0785772671161826,Yes,0.07857727,22.85,453.726273484355
7182,MANSLICK RD,34150,,V10,VACANT LOT,1,V,0.0526293523030647,Yes,0.05262935,22.85,455.898170419535
7183,MANSLICK RD,23302,,V10,VACANT LOT,1,V,0.031210712245946026,Yes,0.03121071,22.85,270.366970970127
7184,MANSLICK RD,23387,,V10,VACANT LOT,1,V,0.055363918399624686,Yes,0.05536392,22.85,479.62083201539
7185,MANSLICK RD,19965,,V10,VACANT LOT,1,V,0.055175010034899725,Yes,0.05517501,22.85,238.96492275296
7186,MANSLICK RD,22636,,V10,VACANT LOT,1,V,0.1780704097794662,Yes,0.17807041,22.85,771.169359138919
7187,MANSLICK RD,22997,,V10,VACANT LOT,1,V,0.076695068308369266,Yes,0.07669507,22.85,442.857494863191
7188,MANSLICK RD,23267,,V10,VACANT LOT,1,V,0.103428540785185,Yes,0.10342854,22.85,895.885369362755
7189,MANSLICK RD,25933,,V10,VACANT LOT,1,V,0.0555986149252864,Yes,0.05559861,22.85,481.562057106443
7190,MANSLICK RD,20089,,V10,VACANT LOT,1,V,0.13530020912043456,Yes,0.13530021,22.85,585.944640118667
7191,BLUEGRASS AVE,25833,,V10,VACANT LOT,2,V,0,No,0,22.85,188.183407712998
7192,HAZELWOOD AVE,23131,,V10,VACANT LOT,2,V,0,No,0,22.85,743.804376895406
7193,HAZELWOOD AVE,23181,,V10,VACANT LOT,2,V,0,No,0,22.85,484.37492181293
7194,BLUEGRASS AVE,25834,,V10,VACANT LOT,2,V,0,No,0,22.85,348.167861678312
7195,HAZELWOOD AVE,23265,,V10,VACANT LOT,2,V,0,No,0,22.85,384.628648158106
7196,HAZELWOOD AVE,23402,,V10,VACANT LOT,2,V,0,No,0,22.85,118.051620131301
7197,BLUEGRASS AVE,23048,,V10,VACANT LOT,2,V,0,No,0,22.85,95.3910296704794
7198,BLUEGRASS AVE,23047,,V10,VACANT LOT,2,V,0,No,0,22.85,212.486173627568
7199,BLUEGRASS AVE,23069,,V10,VACANT LOT,2,V,0,No,0,22.85,434.068069679672
7200,BLUEGRASS AVE,23053,,V10,VACANT LOT,2,V,0,No,0,22.85,238.726287467729
7201,HAZELWOOD AVE,26411,,V10,VACANT LOT,2,V,0,No,0,22.85,1390.72603031065
7202,BLUEGRASS AVE,40277,,V10,VACANT LOT,2,V,0,No,0,22.85,1472.26710688917
7203,BLUEGRASS AVE,23080,,V10,VACANT LOT,2,V,0,No,0,22.85,330.422944988302
7204,BLUEGRASS AVE,23059,,V10,VACANT LOT,2,V,0,No,0,22.85,247.983664184391
7205,HAZELWOOD AVE,23389,,V10,VACANT LOT,2,V,0,No,0,22.85,308.638561837642
7206,BLUEGRASS AVE,25832,,V10,VACANT LOT,2,V,0,No,0,22.85,903.240640379068
7207,HAZELWOOD AVE,23346,,V10,VACANT LOT,2,V,0,No,0,22.85,588.789028754115
7208,HAZELWOOD AVE,23215,,V10,VACANT LOT,2,V,0,No,0,22.85,290.681357320472
7209,BLUEGRASS AVE,23050,,V10,VACANT LOT,2,V,0,No,0,22.85,30.3843115614374
7210,HOBART DR,23112,,V10,VACANT LOT,3,V,0,No,0,22.85,291.510657415086
7211,LANCE DR,22940,,V10,VACANT LOT,3,V,0,No,0,22.85,150.754573417359
7212,S WHEATMORE DR,22711,,V10,VACANT LOT,3,V,0,No,0,22.85,578.519338274586
7213,ESTATE DR,22955,,V10,VACANT LOT,3,V,0,No,0,22.85,406.58562479471
7214,W WHEATMORE DR,22601,,V10,VACANT LOT,3,V,0,No,0,22.85,705.270674498774
7215,RHONDA WAY,22898,,V10,VACANT LOT,3,V,0,No,0,22.85,302.707635966728
7216,HOBART DR,23144,,V10,VACANT LOT,3,V,0,No,0,22.85,843.598871764372
7217,ANNA LN,23056,,V10,VACANT LOT,3,V,0,No,0,22.85,301.478626709243
7218,NANEEN DR,22938,,V10,VACANT LOT,3,V,0,No,0,22.85,457.784666389395
7219,ESTATE DR,23152,,V10,VACANT LOT,3,V,0,No,0,22.85,822.266641858991
7220,CHURCHMAN AVE,23204,,V10,VACANT LOT,3,V,0,No,0,22.85,608.447086739941
7221,CLOVERHILLS DR,23102,,V10,VACANT LOT,3,V,0,No,0,22.85,716.424640274
7222,LANCE DR,22939,,V10,VACANT LOT,3,V,0,No,0,22.85,301.495161199095
7223,CHURCHMAN AVE,23118,,V10,VACANT LOT,3,V,0,No,0,22.85,589.823748507234
7224,W WHEATMORE DR,22698,,V10,VACANT LOT,3,V,0,No,0,22.85,275.256116841169
7225,BICKNELL AVE,41559,,V10,VACANT LOT,3,V,0,No,0,22.85,353.96413105458
7226,BICKNELL AVE,25799,,V10,VACANT LOT,3,V,0,No,0,22.85,458.383787305891
7227,ESTATE DR,23055,,V10,VACANT LOT,3,V,0,No,0,22.85,1225.29917457432
7228,RONDEAN DR,23145,,V10,VACANT LOT,3,V,0,No,0,22.85,442.413933926853
7229,HOBART DR,23154,,V10,VACANT LOT,3,V,0,No,0,22.85,375.213547226039
7230,W WHEATMORE DR,22658,,V10,VACANT LOT,3,V,0,No,0,22.85,259.173483193449
7231,LANCE DR,22942,,V10,VACANT LOT,3,V,0,No,0,22.85,478.849044283144
7232,E WHEATMORE DR,22662,,V10,VACANT LOT,3,V,0,No,0,22.85,1160.00528833481
7233,MARCH BLVD,22457,,V10,VACANT LOT,3,V,0,No,0,22.85,637.958589599663
7234,ST JUDE AVE,23120,,V10,VACANT LOT,3,V,0,No,0,22.85,238.519689258691
7235,LANCE DR,22935,,V10,VACANT LOT,3,V,0,No,0,22.85,164.537246817473
7236,CHURCHMAN AVE,23266,,V10,VACANT LOT,3,V,0,No,0,22.85,381.316627795394
7237,HOBART DR,23097,,V10,VACANT LOT,3,V,0,No,0,22.85,473.372188810275
7238,BICKNELL AVE,25804,,V10,VACANT LOT,3,V,0,No,0,22.85,368.091552943148
7239,HAZELWOOD AVE,25809,,V10,VACANT LOT,3,V,0,No,0,22.85,1071.52601958362
7240,MARCH BLVD,22469,,V10,VACANT LOT,3,V,0,No,0,22.85,402.292799311152
7241,ESTATE DR,22921,,V10,VACANT LOT,3,V,0,No,0,22.85,288.414747206605
7242,LA SALLE AVE,23119,,V10,VACANT LOT,3,V,0,No,0,22.85,590.972285719082
7243,ESTATE DR,23202,,V10,VACANT LOT,3,V,0,No,0,22.85,320.198881519513
7244,FRIDEN WAY,25934,,V10,VACANT LOT,3,V,0,No,0,22.85,498.495767601998
7245,NANEEN DR,23113,,V10,VACANT LOT,3,V,0,No,0,22.85,385.895839458581
7246,ROLLING RIDGE RD,23430,,V10,VACANT LOT,3,V,0,No,0,22.85,481.960818053187
7247,HAZELWOOD AVE,25831,,V10,VACANT LOT,3,V,0,No,0,22.85,445.580054141216
7248,E WHEATMORE DR,22708,,V10,VACANT LOT,3,V,0,No,0,22.85,278.477726208755
7249,ESTATE DR,23415,,V10,VACANT LOT,3,V,0,No,0,22.85,641.74797705084
7250,ESTATE DR,23305,,V10,VACANT LOT,3,V,0,No,0,22.85,636.546551833324
7251,ANNA LN,23066,,V10,VACANT LOT,3,V,0,No,0,22.85,779.310642791753
7252,YOLANDA DR,26452,,V10,VACANT LOT,3,V,0,No,0,22.85,227.642851115651
7253,FRIDEN WAY,23429,,V10,VACANT LOT,3,V,0,No,0,22.85,512.374942935962
7254,VALLEY STATION RD,32823,,V11,VACANT LOT,1,V,0.1232844513820191,Yes,0.12328445,19.59,1067.81591777842
7255,3RD STREET RD,24862,,V11,VACANT LOT,1,V,0.13890330772192178,Yes,0.13890331,19.59,1203.0968726536
7256,3RD STREET RD,25643,,V11,VACANT LOT,1,V,0.014234726765408686,Yes,0.01423473,19.59,123.2928175625
7257,3RD STREET RD,30926,,V11,VACANT LOT,1,V,0.03561259533878714,Yes,0.0356126,19.59,308.454903875743
7258,VALLEY STATION RD,28370,,V11,VACANT LOT,1,V,0.20780964818032155,Yes,0.20780965,19.59,1799.922476485
7259,3RD STREET RD,25641,,V11,VACANT LOT,1,V,0.060832403717254187,Yes,0.0608324,19.59,526.893645917098
7260,VALLEY STATION RD,28359,,V11,VACANT LOT,1,V,0.073389434320633176,Yes,0.07338943,19.59,635.655076318657
7261,3RD STREET RD,25057,,V11,VACANT LOT,1,V,0.01783261618109864,Yes,0.01783262,19.59,154.455306675839
7262,3RD STREET RD,32637,,V11,VACANT LOT,1,V,0.033262894871782966,Yes,0.03326289,19.59,288.225892469695
7263,3RD STREET RD,26177,,V11,VACANT LOT,1,V,0.065579692679946525,Yes,0.06557969,19.59,568.012056274659
7264,VALLEY STATION RD,28368,,V11,VACANT LOT,1,V,0.050008312744538728,Yes,0.05000831,19.59,433.142069606616
7265,3RD STREET RD,26178,,V11,VACANT LOT,1,V,0.3065095303576276,Yes,0.30650953,19.59,2655.333303166
7266,3RD STREET RD,28346,,V11,VACANT LOT,1,V,0.1131782647269048,Yes,0.11317826,19.59,980.282348107602
7267,3RD STREET RD,25197,,V11,VACANT LOT,1,V,0.1803104918600896,Yes,0.18031049,19.59,1561.74111179198
7268,3RD STREET RD,25174,,V11,VACANT LOT,1,V,0.1822559395579653,Yes,0.18225594,19.59,1578.59157330706
7269,3RD STREET RD,25206,,V11,VACANT LOT,1,V,0.057807026496113065,Yes,0.05780703,19.59,500.857639581873
7270,3RD STREET RD,25203,,V11,VACANT LOT,1,V,0.08701546242079261,Yes,0.08701546,19.59,753.746649819915
7271,3RD STREET RD,25647,,V11,VACANT LOT,1,V,0.1048425190601704,Yes,0.10484252,19.59,908.083034574069
7272,VALLEY STATION RD,28379,,V11,VACANT LOT,1,V,0.065516455517617186,Yes,0.06551646,19.59,567.464440258429
7273,VALLEY STATION RD,28371,,V11,VACANT LOT,1,V,0.117015262733983,Yes,0.11701526,19.59,1013.51603828701
7274,VALLEY STATION RD,28373,,V11,VACANT LOT,1,V,0.047707288345239227,Yes,0.04770729,19.59,413.211726193803
7275,3RD STREET RD,28171,,V11,VACANT LOT,1,V,0.10327817931870838,Yes,0.10327818,19.59,894.53371051564
7276,3RD STREET RD,41201,,V11,VACANT LOT,1,V,0.24493103838192365,Yes,0.24493104,19.59,2121.44547337968
7277,3RD STREET RD,28174,,V11,VACANT LOT,1,V,0.04205695369087927,Yes,0.04205695,19.59,364.272251173763
7278,3RD STREET RD,41200,,V11,VACANT LOT,1,V,0.076707482215648118,Yes,0.07670748,19.59,664.394062301074
7279,3RD STREET RD,30898,,V11,VACANT LOT,1,V,0.13266517486919518,Yes,0.13266517,19.59,1149.46351755532
7280,VALLEY STATION RD,29234,,V11,VACANT LOT,1,V,0.1953328335304796,Yes,0.19533283,19.59,1691.92475405448
7281,3RD STREET RD,28317,,V11,VACANT LOT,1,V,0.1696853252720895,Yes,0.16968533,19.59,1469.71253979213
7282,3RD STREET RD,28229,,V11,VACANT LOT,1,V,0.1112640647611805,Yes,0.11126406,19.59,963.753690482647
7283,3RD STREET RD,24544,,V11,VACANT LOT,1,V,0.037933673580070375,Yes,0.03793367,19.59,328.55879871655
7284,3RD STREET RD,24747,,V11,VACANT LOT,1,V,0.07460108108224547,Yes,0.07460108,19.59,646.149982586678
7285,3RD STREET RD,41775,,V11,VACANT LOT,1,V,0.16705731640453578,Yes,0.16705732,19.59,1446.95003045702
7286,3RD STREET RD,24696,,V11,VACANT LOT,1,V,0.09873035986275237,Yes,0.09873036,19.59,855.143192038027
7287,ASHBY LN,28374,,V11,VACANT LOT,2,V,0,No,0,19.59,762.273310013064
7288,BETHANY LN,29596,,V11,VACANT LOT,2,V,0,No,0,19.59,806.472437554037
7289,ASHBY LN,28294,,V11,VACANT LOT,2,V,0,No,0,19.59,321.61689298226
7290,ASHBY LN,30895,,V11,VACANT LOT,2,V,0,No,0,19.59,857.808256127936
7291,BETHANY LN,29597,,V11,VACANT LOT,2,V,0,No,0,19.59,3150.14159567168
7292,ASHBY LN,28325,,V11,VACANT LOT,2,V,0,No,0,19.59,1409.10370640739
7293,ASHBY LN,29246,,V11,VACANT LOT,2,V,0,No,0,19.59,531.67370456565
7294,ASHBY LN,28358,,V11,VACANT LOT,2,V,0,No,0,19.59,1979.24422473474
7295,ASHBY LN,29242,,V11,VACANT LOT,2,V,0,No,0,19.59,298.955295835034
7296,ASHBY LN,30896,,V11,VACANT LOT,2,V,0,No,0,19.59,579.583607059244
7297,ASHBY LN,29244,,V11,VACANT LOT,2,V,0,No,0,19.59,382.941739388866
7298,ASHBY LN,29237,,V11,VACANT LOT,2,V,0,No,0,19.59,272.181599921397
7299,ASHBY LN,29240,,V11,VACANT LOT,2,V,0,No,0,19.59,366.580568631463
7300,BLEVINS GAP RD,26440,,W16,WEST,2,W,0,No,0,21.82,2200.51743586097
7301,BETHANY LN,29598,,V11,VACANT LOT,2,V,0,No,0,19.59,804.612050787772
7302,BETHANY LN,29600,,V11,VACANT LOT,2,V,0,No,0,19.59,445.976605161291
7303,BETHANY LN,29599,,V11,VACANT LOT,2,V,0,No,0,19.59,1187.40934128476
7304,LAMBORNE BLVD,25276,,V11,VACANT LOT,3,V,0,No,0,19.59,431.095185014995
7305,LAMBORNE BLVD,25280,,V11,VACANT LOT,3,V,0,No,0,19.59,1008.33952186517
7306,RANCHO DR,29235,,V11,VACANT LOT,3,V,0,No,0,19.59,1297.19221032494
7307,CASA LANDA DR,29236,,V11,VACANT LOT,3,V,0,No,0,19.59,1050.37028453199
7308,LAMBORNE BLVD,25270,,V11,VACANT LOT,3,V,0,No,0,19.59,224.415994900545
7309,LAMBORNE BLVD,25258,,V11,VACANT LOT,3,V,0,No,0,19.59,1131.15680154502
7310,LAMBORNE BLVD,25275,,V11,VACANT LOT,3,V,0,No,0,19.59,1490.74710168354
7311,DIXIE HWY,18530,,W01,WEST,1,W,0.03597921368581434,Yes,0.03597921,46.44,155.815070780034
7312,DIXIE HWY,18631,,W01,WEST,1,W,0.14011190238116,Yes,0.1401119,46.44,606.78288629427
7313,DIXIE HWY,27124,,W01,WEST,1,W,0.09434533253154667,Yes,0.09434533,46.44,272.387574118099
7314,DIXIE HWY,27424,,W01,WEST,1,W,0.0158107958675755,Yes,0.0158108,46.44,136.943750545918
7315,DIXIE HWY,27366,,W01,WEST,1,W,0.053263946102440285,Yes,0.05326395,46.44,461.340304757863
7316,DIXIE HWY,22627,,W01,WEST,1,W,0.24080968435089475,Yes,0.24080968,46.44,1042.87461163478
7317,DIXIE HWY,28982,,W01,WEST,1,W,0.081378058055177838,Yes,0.08137806,46.44,234.949355194003
7318,DIXIE HWY,18549,,W01,WEST,1,W,0.0412289351829164,Yes,0.04122894,46.44,178.549942422738
7319,DIXIE HWY,18437,,W01,WEST,1,W,0.08044607737639672,Yes,0.08044608,46.44,348.387811866947
7320,DIXIE HWY,19681,,W01,WEST,1,W,0.03453979454490926,Yes,0.03453979,46.44,149.581499524507
7321,DIXIE HWY,21074,,W01,WEST,1,W,0.108903004643946,Yes,0.108903,46.44,471.626132613137
7322,DIXIE HWY,18646,,W01,WEST,1,W,0.02893045458111,Yes,0.02893045,46.44,125.288899318538
7323,DIXIE HWY,18504,,W01,WEST,1,W,0.0763868566494858,Yes,0.07638686,46.44,330.808757248078
7324,DIXIE HWY,26973,,W01,WEST,1,W,0.065559493393860718,Yes,0.06555949,46.44,189.278860166024
7325,DIXIE HWY,21056,,W01,WEST,1,W,0.08508636248091071,Yes,0.08508636,46.44,368.483405198521
7326,DIXIE HWY,19660,,W01,WEST,1,W,0.056835623271291977,Yes,0.05683562,46.44,246.137938571409
7327,DIXIE HWY,27052,,W01,WEST,1,W,0.17391986104562587,Yes,0.17391986,46.44,502.129719366884
7328,DIXIE HWY,27487,,W01,WEST,1,W,0.07102582223719603,Yes,0.07102582,46.44,205.061024548944
7329,DIXIE HWY,18714,,W01,WEST,1,W,0.046293573771755678,Yes,0.04629357,46.44,200.483828182776
7330,DIXIE HWY,30085,,W01,WEST,1,W,0.077187938989339885,Yes,0.07718794,46.44,222.851984407772
7331,DIXIE HWY,19763,,W01,WEST,1,W,0.056748010220665,Yes,0.05674801,46.44,245.758369200481
7332,DIXIE HWY,23092,,W01,WEST,1,W,0.1401285488301111,Yes,0.14012855,46.44,404.569686750881
7333,DIXIE HWY,27012,,W01,WEST,1,W,0.022886982824991877,Yes,0.02288698,46.44,198.233369613002
7334,DIXIE HWY,21072,,W01,WEST,1,W,0.0822736083489244,Yes,0.08227361,46.44,356.302526752673
7335,DIXIE HWY,22944,,W01,WEST,1,W,0.175625287850708,Yes,0.17562529,46.44,760.580490105309
7336,DIXIE HWY,19731,,W01,WEST,1,W,0.0535155460401924,Yes,0.05351555,46.44,231.759649542905
7337,DIXIE HWY,19631,,W01,WEST,1,W,0.14499285836937678,Yes,0.14499286,46.44,627.920648400019
7338,DIXIE HWY,23024,,W01,WEST,1,W,0.10918152794298268,Yes,0.10918153,46.44,315.221631022619
7339,DIXIE HWY,22999,,W01,WEST,1,W,0.14969208026627767,Yes,0.14969208,46.44,432.18074989848
7340,DIXIE HWY,26958,,W01,WEST,1,W,0.347528579248228,Yes,0.34752858,46.44,1003.3614205217
7341,DIXIE HWY,21063,,W01,WEST,1,W,0.09683660561034493,Yes,0.09683661,46.44,419.370340523897
7342,DIXIE HWY,27021,,W01,WEST,1,W,0.01969935937136066,Yes,0.01969936,46.44,170.624087108364
7343,DIXIE HWY,19736,,W01,WEST,1,W,0.012455520289300028,Yes,0.01245552,46.44,53.9412295929561
7344,DIXIE HWY,18921,,W01,WEST,1,W,0.08256388251779695,Yes,0.08256388,46.44,357.559656043319
7345,DIXIE HWY,19832,,W01,WEST,1,W,0.1153721562316323,Yes,0.11537216,46.44,499.642106600115
7346,DIXIE HWY,30008,,W01,WEST,1,W,0.1633161141912878,Yes,0.16331611,46.44,707.273072755318
7347,DIXIE HWY,18988,,W01,WEST,1,W,0.071513132557634515,Yes,0.07151313,46.44,309.701666955864
7348,DIXIE HWY,28988,,W01,WEST,1,W,0.080622776588404,Yes,0.08062278,46.44,232.768677127886
7349,DIXIE HWY,28984,,W01,WEST,1,W,0.040985021442763378,Yes,0.04098502,46.44,118.329380073102
7350,DIXIE HWY,22637,,W01,WEST,1,W,0.01632910834425354,Yes,0.01632911,46.44,70.7165405090103
7351,DIXIE HWY,22756,,W01,WEST,1,W,0.2046065757665818,Yes,0.20460658,46.44,886.089420929055
7352,DIXIE HWY,27318,,W01,WEST,1,W,0.388576809411376,Yes,0.38857681,46.44,1121.8731329881
7353,DIXIE HWY,28996,,W01,WEST,1,W,0.098491688128937466,Yes,0.09849169,46.44,426.537999525321
7354,DIXIE HWY,19059,,W01,WEST,1,W,0.07774245498702828,Yes,0.07774245,46.44,336.679389579546
7355,DIXIE HWY,23052,,W01,WEST,1,W,0.1712041739296823,Yes,0.17120417,46.44,494.289341504548
7356,DIXIE HWY,27173,,W01,WEST,1,W,0.099542191204101418,Yes,0.09954219,46.44,862.174809646326
7357,DIXIE HWY,28978,,W01,WEST,1,W,0.140251114805212,Yes,0.14025111,46.44,404.923444763812
7358,DIXIE HWY,22877,,W01,WEST,1,W,0.34930279547044046,Yes,0.3493028,46.44,1008.4839190728
7359,DIXIE HWY,26998,,W01,WEST,1,W,0.1252177997491296,Yes,0.1252178,46.44,361.520381189809
7360,DIXIE HWY,27106,,W01,WEST,1,W,0.26813051885442918,Yes,0.26813052,46.44,774.128794744247
7361,DIXIE HWY,18266,,W01,WEST,1,W,0,No,0,46.44,380.611188534512
7362,DIXIE HWY,18754,,W01,WEST,1,W,0.0422293729484007,Yes,0.04222937,46.44,182.882540509087
7363,DIXIE HWY,22972,,W01,WEST,1,W,0.15741885584943277,Yes,0.15741886,46.44,454.489294132477
7364,DIXIE HWY,18848,,W01,WEST,1,W,0.1141305656320993,Yes,0.11413057,46.44,494.265187022426
7365,DIXIE HWY,19522,,W01,WEST,1,W,0.0809972770950944,Yes,0.08099728,46.44,350.774817130466
7366,DIXIE HWY,27339,,W01,WEST,1,W,0.1114356939510248,Yes,0.11143569,46.44,321.729636159741
7367,DIXIE HWY,27421,,W01,WEST,1,W,0.1183789881453631,Yes,0.11837899,46.44,341.775870816406
7368,DIXIE HWY,21066,,W01,WEST,1,W,0.080158775858484188,Yes,0.08015878,46.44,347.143434624963
7369,DIXIE HWY,21060,,W01,WEST,1,W,0.07364241829546078,Yes,0.07364242,46.44,318.923288082498
7370,DIXIE HWY,18365,,W01,WEST,1,W,0.034653602242858468,Yes,0.0346536,46.44,150.074501752777
7371,DIXIE HWY,18327,,W01,WEST,1,W,0,No,0,46.44,289.899069640332
7372,DIXIE HWY,19702,,W01,WEST,1,W,0.031169653677477635,Yes,0.03116965,46.44,134.986689158598
7373,DIXIE HWY,18682,,W01,WEST,1,W,0.06889788875853846,Yes,0.06889789,46.44,298.376110901985
7374,DIXIE HWY,28969,,W01,WEST,1,W,0.3112197589361841,Yes,0.31121976,46.44,898.533012792588
7375,DIXIE HWY,27406,,W01,WEST,1,W,0.1207800485798142,Yes,0.12078005,46.44,1046.12433687574
7376,DIXIE HWY,19560,,W01,WEST,1,W,0.053356144322135736,Yes,0.05335614,46.44,231.069475940656
7377,DIXIE HWY,28986,,W01,WEST,1,W,0.06490964918111826,Yes,0.06490965,46.44,187.402719058349
7378,DIXIE HWY,22430,,W01,WEST,1,W,0.034837231539070458,Yes,0.03483723,46.44,301.739275051732
7379,DIXIE HWY,19894,,W01,WEST,1,W,0.017916058751546917,Yes,0.01791606,46.44,77.5890869017673
7380,DIXIE HWY,19979,,W01,WEST,1,W,0.0978203109651827,Yes,0.09782031,46.44,423.630606176039
7381,DIXIE HWY,19882,,W01,WEST,1,W,0.08121614390742138,Yes,0.08121614,46.44,351.722923178263
7382,DIXIE HWY,19914,,W01,WEST,1,W,0.03167945551253504,Yes,0.03167946,46.44,137.194205416993
7383,DIXIE HWY,20068,,W01,WEST,1,W,0.0986858031526102,Yes,0.0986858,46.44,427.378350891685
7384,DIXIE HWY,27215,,W01,WEST,1,W,0.07267477554715845,Yes,0.07267478,46.44,629.465176097475
7385,DIXIE HWY,27277,,W01,WEST,1,W,0.274209637721064,Yes,0.27420964,46.44,791.679816315771
7386,DIXIE HWY,27445,,W01,WEST,1,W,0.122760275814153,Yes,0.12276028,46.44,1063.2756010592
7387,DIXIE HWY,27482,,W01,WEST,1,W,0.366527764304564,Yes,0.36652776,46.44,1058.21467409088
7388,DIXIE HWY,29181,,W02,WEST,1,W,0.07438395398155158,Yes,0.07438395,48.54,322.134315046992
7389,DIXIE HWY,29424,,W02,WEST,1,W,0.302986466914581,Yes,0.30298647,48.54,1312.5025589652
7390,DIXIE HWY,28752,,W02,WEST,1,W,0.08204756094338837,Yes,0.08204756,48.54,355.323182361796
7391,DIXIE HWY,29245,,W02,WEST,1,W,0.27443091834168726,Yes,0.27443092,48.54,1188.47808116686
7392,DIXIE HWY,29482,,W02,WEST,1,W,0.1481390783773197,Yes,0.14813908,48.54,1283.09164233514
7393,DIXIE HWY,30907,,W02,WEST,1,W,0.154520691718597,Yes,0.15452069,48.54,669.18298619263
7394,DIXIE HWY,30908,,W02,WEST,1,W,0.059079834315816177,Yes,0.05907983,48.54,255.856825070925
7395,DIXIE HWY,29463,,W02,WEST,1,W,0.28844096075588138,Yes,0.28844096,48.54,1249.15134560067
7396,DIXIE HWY,28749,,W02,WEST,1,W,0.087448138345134846,Yes,0.08744814,48.54,378.711811197677
7397,DIXIE HWY,26596,,W02,WEST,1,W,0.1635086475316618,Yes,0.16350865,48.54,708.106987081326
7398,DIXIE HWY,29296,,W02,WEST,1,W,0.163060395892261,Yes,0.1630604,48.54,706.165673772001
7399,DIXIE HWY,28733,,W02,WEST,1,W,0.09602882031750151,Yes,0.09602882,48.54,415.871970530734
7400,DIXIE HWY,38248,,W02,WEST,1,W,0.14695807723613,Yes,0.14695808,48.54,1272.86289785709
7401,DIXIE HWY,28744,,W02,WEST,1,W,0.07885259949834941,Yes,0.0788526,48.54,341.486884141956
7402,DIXIE HWY,29294,,W02,WEST,1,W,0.1407517715719153,Yes,0.14075177,48.54,1219.10725811474
7403,DIXIE HWY,34909,,W02,WEST,1,W,0.107816001814832,Yes,0.107816,48.54,466.918592535236
7404,DIXIE HWY,30920,,W02,WEST,1,W,0.123831167907708,Yes,0.12383117,48.54,536.275540119312
7405,DIXIE HWY,29392,,W02,WEST,1,W,0.075720389497298576,Yes,0.07572039,48.54,327.922052072838
7406,DIXIE HWY,29389,,W02,WEST,1,W,0.08365826757959338,Yes,0.08365827,48.54,362.299087248619
7407,DIXIE HWY,30921,,W02,WEST,1,W,0.2182109510774906,Yes,0.21821095,48.54,1890.01259548673
7408,DIXIE HWY,29250,,W02,WEST,1,W,0.104192649863409,Yes,0.10419265,48.54,902.45428646691
7409,DIXIE HWY,29256,,W02,WEST,1,W,0.1346299228824477,Yes,0.13462992,48.54,583.041918095303
7410,DIXIE HWY,29260,,W02,WEST,1,W,0.1564708609804511,Yes,0.15647086,48.54,1355.25663392055
7411,DIXIE HWY,29252,,W02,WEST,1,W,0.021056108318570115,Yes,0.02105611,48.54,91.1874892760272
7412,DIXIE HWY,29268,,W02,WEST,1,W,0.175788794547892,Yes,0.17578879,48.54,761.288636016224
7413,DIXIE HWY,39704,,W02,WEST,1,W,0.14961689665023947,Yes,0.1496169,48.54,647.945786250574
7414,DIXIE HWY,29307,,W02,WEST,1,W,0.1427833941137237,Yes,0.14278339,48.54,618.474491290323
7415,DIXIE HWY,29298,,W02,WEST,1,W,0.3089958448384821,Yes,0.30899584,48.54,1338.60880904052
7416,DIXIE HWY,29233,,W02,WEST,1,W,0.0824652104371294,Yes,0.08246521,48.54,714.264060225483
7417,DIXIE HWY,28772,,W02,WEST,1,W,0.78083166861163666,Yes,0.78083167,48.54,3381.54767443814
7418,DIXIE HWY,28755,,W02,WEST,1,W,0.09388630998706182,Yes,0.09388631,48.54,406.593410124833
7419,DIXIE HWY,29004,,W02,WEST,1,W,0.12232551420862456,Yes,0.12232551,48.54,529.754888939693
7420,DIXIE HWY,27818,,W02,WEST,1,W,0.17420547940059866,Yes,0.17420548,48.54,754.431461902363
7421,DIXIE HWY,28206,,W02,WEST,1,W,0.2297975086422733,Yes,0.22979751,48.54,995.184226231836
7422,DIXIE HWY,28101,,W02,WEST,1,W,0.069123521226106335,Yes,0.06912352,48.54,299.353031928858
7423,DIXIE HWY,29227,,W02,WEST,1,W,0.3928156209758364,Yes,0.39281562,48.54,1701.16640026811
7424,DIXIE HWY,28770,,W02,WEST,1,W,0.595349891426849,Yes,0.59534989,48.54,2578.28166842182
7425,DIXIE HWY,27742,,W02,WEST,1,W,0.11254582747566,Yes,0.11254583,48.54,487.402314817095
7426,DIXIE HWY,28132,,W02,WEST,1,W,0.0230478829757068,Yes,0.02304788,48.54,99.8132600237188
7427,DIXIE HWY,27768,,W02,WEST,1,W,0.12958058718172086,Yes,0.12958059,48.54,561.174839386752
7428,DIXIE HWY,28126,,W02,WEST,1,W,0.11812962930057065,Yes,0.11812963,48.54,511.584169125668
7429,DIXIE HWY,29231,,W02,WEST,1,W,0.1580623291263965,Yes,0.15806233,48.54,684.520654120816
7430,DIXIE HWY,27833,,W02,WEST,1,W,0.1004639699051547,Yes,0.10046397,48.54,435.079260747754
7431,DIXIE HWY,28942,,W02,WEST,1,W,0.1372833045416252,Yes,0.1372833,48.54,1189.06563454937
7432,DIXIE HWY,28767,,W02,WEST,1,W,0.1854571680268154,Yes,0.18545717,48.54,1606.31868029959
7433,DIXIE HWY,28094,,W02,WEST,1,W,0.17065185878442285,Yes,0.17065186,48.54,739.042233469483
7434,DIXIE HWY,28931,,W02,WEST,1,W,0.063588954449007,Yes,0.06358895,48.54,550.769375274829
7435,DIXIE HWY,28954,,W02,WEST,1,W,0.13282136390550836,Yes,0.13282136,48.54,575.209640899895
7436,DIXIE HWY,27864,,W02,WEST,1,W,0.1371075086226417,Yes,0.13710751,48.54,593.771716900212
7437,DIXIE HWY,27875,,W02,WEST,1,W,0.03342977841877935,Yes,0.03342978,48.54,144.77417658633
7438,DIXIE HWY,27901,,W02,WEST,1,W,0.11489654912492,Yes,0.11489655,48.54,497.58243084846
7439,DIXIE HWY,28961,,W02,WEST,1,W,0.382765173146188,Yes,0.38276517,48.54,1657.64105309339
7440,DIXIE HWY,28774,,W02,WEST,1,W,0.102763184763418,Yes,0.10276318,48.54,445.036493704518
7441,DIXIE HWY,28764,,W02,WEST,1,W,1.257700594752491,Yes,1.25770059,48.54,5446.72408171068
7442,DIXIE HWY,28757,,W02,WEST,1,W,1.4846112512047986,Yes,1.48461125,48.54,6429.40592894473
7443,DIXIE HWY,29002,,W02,WEST,1,W,0.196210475717582,Yes,0.19621048,48.54,849.831199799714
7444,DIXIE HWY,28775,,W02,WEST,1,W,0.5513702806238,Yes,0.55137028,48.54,2387.81932349315
7445,DIXIE HWY,29179,,W02,WEST,1,W,0.016444869897984837,Yes,0.01644487,48.54,71.2180217822436
7446,DIXIE HWY,29178,,W02,WEST,1,W,0.14452808183238158,Yes,0.14452808,48.54,625.907745068886
7447,DIXIE HWY,28074,,W02,WEST,1,W,0.19335628203606,Yes,0.19335628,48.54,837.367892595778
7448,DIXIE HWY,28965,,W02,WEST,1,W,0.064026198696859,Yes,0.0640262,48.54,554.55663548589
7449,KATHERINE STATION RD,28776,,W02,WEST,2,W,0,No,0,48.54,2639.57557710449
7450,STITES STATION RD,40451,,W02,WEST,3,W,0.340453017340244,Yes,0.34045302,48.54,2948.79954395049
7451,GRADE LN,26179,,W03,WEST,1,W,0,No,0,26.94,851.36141466896
7452,FERN VALLEY RD,26369,,W03,WEST,1,W,0.1651301187956334,Yes,0.16513012,26.94,715.129120168079
7453,FERN VALLEY RD,26363,,W03,WEST,1,W,0.1579837151904328,Yes,0.15798372,26.94,684.180128684838
7454,FERN VALLEY RD,26365,,W03,WEST,1,W,0.53788710450663768,Yes,0.5378871,26.94,931.770961561374
7455,FERN VALLEY RD,31452,,W03,WEST,1,W,0.1342236374218076,Yes,0.13422364,26.94,581.282322849483
7456,FERN VALLEY RD,26364,,W03,WEST,1,W,0.1300272143155627,Yes,0.13002721,26.94,563.108985396367
7457,GRADE LN,31966,,W03,WEST,1,W,0,No,0,26.94,1528.13174501792
7458,FERN VALLEY RD,26362,,W03,WEST,1,W,0.087416951385426128,Yes,0.08741695,26.94,378.576366982456
7459,FERN VALLEY RD,26361,,W03,WEST,1,W,0.20733145575802,Yes,0.20733146,26.94,1796.31229480166
7460,FERN VALLEY RD,31453,,W03,WEST,1,W,0.2899404784389404,Yes,0.28994048,26.94,1255.64524444192
7461,FERN VALLEY RD,26407,,W03,WEST,1,W,0.74241075196754458,Yes,0.74241075,26.94,3215.66628530886
7462,GRADE LN,26180,,W03,WEST,1,W,0,No,0,26.94,648.164738070727
7463,GRADE LN,24311,,W03,WEST,1,W,0,No,0,26.94,1279.28749388327
7464,GRADE LN,24798,,W03,WEST,1,W,0,No,0,26.94,4365.34989473898
7465,GRADE LN,31967,,W03,WEST,1,W,0,No,0,26.94,1638.02830316624
7466,MINOR LN,25002,,W03,WEST,2,W,0,No,0,26.94,2577.39852756131
7467,MINOR LN,40229,,W03,WEST,2,W,0.36662429755105735,Yes,0.3666243,26.94,1588.28413742214
7468,MINOR LN,26275,,W03,WEST,2,W,0,No,0,26.94,2159.08831565969
7469,MINOR LN,24790,,W03,WEST,2,W,0,No,0,26.94,762.825756044924
7470,MINOR LN,24786,,W03,WEST,2,W,0,No,0,26.94,1605.40780059056
7471,AIR COMMERCE DR,33763,,W03,WEST,3,W,0,No,0,26.94,493.555434268153
7472,AIR COMMERCE DR,33760,,W03,WEST,3,W,0,No,0,26.94,627.23133560086
7473,AIR COMMERCE DR,33759,,W03,WEST,3,W,0,No,0,26.94,1108.18268518667
7474,EXPORT DR,35891,,W03,WEST,3,W,0,No,0,26.94,1637.79635529841
7475,AIR COMMERCE DR,35890,,W03,WEST,3,W,0,No,0,26.94,2687.96439432571
7476,TRANSGLOBAL DR,33761,,W03,WEST,3,W,0,No,0,26.94,1676.89529095929
7477,AIR COMMERCE DR,33758,,W03,WEST,3,W,0,No,0,26.94,2435.07068795592
7478,ULRICH AVE,22328,,W03,WEST,3,W,0,No,0,26.94,3406.56527035629
7479,INDUSTRIAL BLVD,22337,,W03,WEST,3,W,0,No,0,26.94,5355.52684406661
7480,CRITTENDEN DRIVE CONNECTOR,35068,,W03,WEST,3,W,0,No,0,26.94,1567.42988235284
7481,CRITTENDEN DR,35066,,W03,WEST,3,W,0,No,0,26.94,821.577488639892
7482,CRITTENDEN DR,31969,,W03,WEST,3,W,0,No,0,26.94,4367.60079407935
7483,CRITTENDEN DR,31968,,W03,WEST,3,W,0,No,0,26.94,5101.5442052279
7484,S SHELBY ST,18357,,W04,WEST,1,W,0,No,0,16.98,211.820812939664
7485,S SHELBY ST,18917,,W04,WEST,1,W,0.03025986357182224,Yes,0.03025986,16.98,131.046476963385
7486,PRESTON HWY,29941,,W04,WEST,1,W,0.0812807219804926,Yes,0.08128072,16.98,352.002244162836
7487,PRESTON HWY,19000,,W04,WEST,1,W,0.07160079343052826,Yes,0.07160079,16.98,310.081701163771
7488,PRESTON HWY,22520,,W04,WEST,1,W,0.093187516253003158,Yes,0.09318752,16.98,403.567172485097
7489,PRESTON HWY,22452,,W04,WEST,1,W,0.020563106841328567,Yes,0.02056311,16.98,89.052786540484
7490,PRESTON HWY,19105,,W04,WEST,1,W,0.0583980635372496,Yes,0.05839806,16.98,252.904573483878
7491,S SHELBY ST,17577,,W04,WEST,1,W,0,No,0,16.98,236.868329012265
7492,S SHELBY ST,18418,,W04,WEST,1,W,0,No,0,16.98,78.3239990460284
7493,S PRESTON ST,18918,,W04,WEST,1,W,0.023700488614450017,Yes,0.02370049,16.98,136.852987806899
7494,S PRESTON ST,35633,,W04,WEST,1,W,0.020151653439197025,Yes,0.02015165,16.98,87.2705778305768
7495,S PRESTON ST,18892,,W04,WEST,1,W,0.094792506371263255,Yes,0.09479251,16.98,410.518041840505
7496,S SHELBY ST,17590,,W04,WEST,1,W,0,No,0,16.98,96.9572411958617
7497,PRESTON HWY,22382,,W04,WEST,1,W,0.011494832200140238,Yes,0.01149483,16.98,49.7807693793497
7498,PRESTON HWY,19932,,W04,WEST,1,W,0.037532559224657515,Yes,0.03753256,16.98,162.542020052701
7499,PRESTON HWY,22435,,W04,WEST,1,W,0.059612079897382667,Yes,0.05961208,16.98,258.161937489392
7500,S SHELBY ST,18222,,W04,WEST,1,W,0,No,0,16.98,208.11064673922
7501,PRESTON HWY,19249,,W04,WEST,1,W,0.098566116881533855,Yes,0.09856612,16.98,426.859993575909
7502,S SHELBY ST,18461,,W04,WEST,1,W,0,No,0,16.98,152.924098175969
7503,PRESTON HWY,19906,,W04,WEST,1,W,0.063598625958988547,Yes,0.06359863,16.98,275.426797219447
7504,PRESTON HWY,19311,,W04,WEST,1,W,0.07150498732766315,Yes,0.07150499,16.98,309.666928996402
7505,PRESTON HWY,19168,,W04,WEST,1,W,0.06442711623247517,Yes,0.06442712,16.98,279.014517011436
7506,S SHELBY ST,18642,,W04,WEST,1,W,0.04160183159462316,Yes,0.04160183,16.98,360.552795646447
7507,S SHELBY ST,18792,,W04,WEST,1,W,0.04482854431729452,Yes,0.04482854,16.98,388.278007844721
7508,PRESTON HWY,19410,,W04,WEST,1,W,0.04483596394047396,Yes,0.04483596,16.98,194.171128671457
7509,LYNN ST,18627,,W04,WEST,1,W,0.047443915518565138,Yes,0.04744392,16.98,410.930758996041
7510,S SHELBY ST,18884,,W04,WEST,1,W,0.04640809036518304,Yes,0.04640809,16.98,200.979322358171
7511,S SHELBY ST,18406,,W04,WEST,1,W,0,No,0,16.98,219.777630870956
7512,S SHELBY ST,17972,,W04,WEST,1,W,0,No,0,16.98,417.228622206765
7513,S SHELBY ST,17856,,W04,WEST,1,W,0,No,0,16.98,533.029407368726
7514,S PRESTON ST,18938,,W04,WEST,1,W,0.02726944464485782,Yes,0.02726944,16.98,118.09580279493
7515,S SHELBY ST,17703,,W04,WEST,1,W,0,No,0,16.98,282.273424584325
7516,S SHELBY ST,17647,,W04,WEST,1,W,0,No,0,16.98,181.399310696074
7517,PRESTON HWY,23293,,W04,WEST,1,W,0.0452183652001804,Yes,0.04521837,16.98,195.827373856574
7518,S SHELBY ST,17722,,W04,WEST,1,W,0,No,0,16.98,86.9729101976658
7519,S PRESTON ST,18656,,W04,WEST,1,W,0.0266463565728981,Yes,0.02664636,16.98,230.794760735188
7520,S SHELBY ST,18719,,W04,WEST,1,W,0.064429307075907757,Yes,0.06442931,16.98,558.047871098734
7521,S SHELBY ST,18596,,W04,WEST,1,W,0,No,0,16.98,571.069930409814
7522,PRESTON HWY,23313,,W04,WEST,1,W,0.035193269951010527,Yes,0.03519327,16.98,152.411401645554
7523,PRESTON HWY,22797,,W04,WEST,1,W,0.5853050409035115,Yes,0.58530504,16.98,1689.85357856415
7524,PRESTON HWY,20062,,W04,WEST,1,W,0.080188917488770148,Yes,0.08018892,16.98,347.274107149719
7525,S SHELBY ST,18310,,W04,WEST,1,W,0,No,0,16.98,334.238164820032
7526,PRESTON HWY,19066,,W04,WEST,1,W,0.07367461246431975,Yes,0.07367461,16.98,319.062538729185
7527,PRESTON HWY,22377,,W04,WEST,1,W,0.086288664228405185,Yes,0.08628866,16.98,373.690404867775
7528,PRESTON HWY,19999,,W04,WEST,1,W,0.08066351378130401,Yes,0.08066351,16.98,349.329737676311
7529,S SHELBY ST,18512,,W04,WEST,1,W,0,No,0,16.98,265.062489708155
7530,PRESTON HWY,19376,,W04,WEST,1,W,0.0930381834856981,Yes,0.09303818,16.98,402.920311363008
7531,S SHELBY ST,18852,,W04,WEST,1,W,0.071404000293351588,Yes,0.071404,16.98,309.229305648156
7532,PRESTON HWY,19864,,W04,WEST,1,W,0.016175424255471447,Yes,0.01617542,16.98,70.0509022515057
7533,LYNN ST,40049,,W04,WEST,1,W,0.02155202629697491,Yes,0.02155203,16.98,186.687461298391
7534,PRESTON HWY,22860,,W04,WEST,1,W,0.13100956478439055,Yes,0.13100956,16.98,567.362972951019
7535,PRESTON HWY,23125,,W04,WEST,1,W,0.1293279340618901,Yes,0.12932793,16.98,560.080683521814
7536,PRESTON HWY,23076,,W04,WEST,1,W,0.2536573303624184,Yes,0.25365733,16.98,1098.51378445234
7537,PRESTON HWY,22990,,W04,WEST,1,W,0.395639320510642,Yes,0.39563932,16.98,1713.39528105107
7538,PRESTON HWY,23134,,W04,WEST,1,W,0.01255402712558,Yes,0.01255403,16.98,54.3677078443629
7539,PRESTON HWY,23270,,W04,WEST,1,W,0.0813982399213998,Yes,0.08139824,16.98,352.511209238887
7540,PRESTON HWY,23357,,W04,WEST,1,W,0.10226286409132046,Yes,0.10226286,16.98,442.8698125049
7541,PRESTON HWY,23225,,W04,WEST,1,W,0.1882045463707064,Yes,0.18820455,16.98,815.057417141134
7542,S SHELBY ST,18163,,W04,WEST,1,W,0,No,0,16.98,408.180815478876
7543,S SHELBY ST,18060,,W04,WEST,1,W,0,No,0,16.98,392.908783943551
7544,PRESTON HWY,19472,,W04,WEST,1,W,0.12151811104606235,Yes,0.12151811,16.98,526.25842722617
7545,PRESTON HWY,19508,,W04,WEST,1,W,0.030877430930313275,Yes,0.03087743,16.98,267.441707319675
7546,PRESTON HWY,19800,,W04,WEST,1,W,0.326838642566114,Yes,0.32683864,16.98,1415.4402382389
7547,PRESTON HWY,19568,,W04,WEST,1,W,0.083977610028801455,Yes,0.08397761,16.98,363.681809989068
7548,PRESTON HWY,19855,,W04,WEST,1,W,0.0821291342964959,Yes,0.08212913,16.98,355.676546407073
7549,PRESTON HWY,19588,,W04,WEST,1,W,0.1155666900981215,Yes,0.11556669,16.98,500.484691741198
7550,GRADE LN,23235,,W04,WEST,2,W,0,No,0,16.98,732.490061131218
7551,GRADE LN,38427,,W04,WEST,2,W,0,No,0,16.98,2908.98434640916
7552,GRADE LN,24070,,W04,WEST,2,W,0,No,0,16.98,272.159639966257
7553,GRADE LN,24026,,W04,WEST,2,W,0,No,0,16.98,1574.97752834371
7554,GRADE LN,25716,,W04,WEST,2,W,0,No,0,16.98,1825.61785535141
7555,GRADE LN,36619,,W04,WEST,2,W,0,No,0,16.98,2171.36643325289
7556,GRADE LN,24047,,W04,WEST,2,W,0,No,0,16.98,396.380087513783
7557,GRADE LN,22325,,W04,WEST,2,W,0,No,0,16.98,224.563574464638
7558,GRADE LN,23171,,W04,WEST,2,W,0,No,0,16.98,1013.02059735478
7559,LOTUS AVE,23626,,W04,WEST,3,W,0,No,0,16.98,899.204991574073
7560,LOTUS AVE,23943,,W04,WEST,3,W,0,No,0,16.98,2087.02284918589
7561,HINDMAN RICHARDSON CONNECTOR,34381,,W04,WEST,3,W,0,No,0,16.98,1805.52071093355
7562,LOTUS AVE,34379,,W04,WEST,3,W,0,No,0,16.98,593.782245551322
7563,LOTUS AVE,37594,,W04,WEST,3,W,0,No,0,16.98,434.971035638465
7564,ALDER AVE,23516,,W04,WEST,3,W,0,No,0,16.98,649.137324274782
7565,WORLDPORT WAY,22340,,W04,WEST,3,W,0,No,0,16.98,503.257470332547
7566,ALDER AVE,23467,,W04,WEST,3,W,0,No,0,16.98,756.129069615461
7567,ALDER AVE,34235,,W04,WEST,3,W,0,No,0,16.98,195.738232432666
7568,OUTER LOOP,24581,,W05,WEST,1,W,0.1790192357626972,Yes,0.17901924,42.5,775.278490741571
7569,OUTER LOOP,33757,,W05,WEST,1,W,0.4154074881170041,Yes,0.41540749,42.5,1799.00525236253
7570,OUTER LOOP,24551,,W05,WEST,1,W,0.1104351948834449,Yes,0.11043519,42.5,478.261665406624
7571,OUTER LOOP,11629,,W05,WEST,1,W,0.2031329785568421,Yes,0.20313298,42.5,1759.41599699658
7572,OUTER LOOP,30125,,W05,WEST,1,W,0.2847956330249681,Yes,0.28479563,42.5,1233.36460891205
7573,OUTER LOOP,11587,,W05,WEST,1,W,0.1010962371289664,Yes,0.10109624,42.5,875.63504174058
7574,OUTER LOOP,24892,,W05,WEST,1,W,0.14672164655468517,Yes,0.14672165,42.5,1270.81475724707
7575,OUTER LOOP,24567,,W05,WEST,1,W,0.420261193081975,Yes,0.42026119,42.5,728.01020425104
7576,OUTER LOOP,11603,,W05,WEST,1,W,0.14665121757618335,Yes,0.14665122,42.5,1270.20476001112
7577,OUTER LOOP,24903,,W05,WEST,1,W,0.14717153643492745,Yes,0.14717154,42.5,1274.71143530566
7578,OUTER LOOP,11634,,W05,WEST,1,W,0.128216450426019,Yes,0.12821645,42.5,1110.65803625897
7579,OUTER LOOP,11630,,W05,WEST,1,W,0.2134023857009762,Yes,0.21340239,42.5,1848.36351089491
7580,OUTER LOOP,24546,,W05,WEST,1,W,0.24227587958977537,Yes,0.24227588,42.5,1049.22429036365
7581,OUTER LOOP,11589,,W05,WEST,1,W,0.36166728223445627,Yes,0.36166728,42.5,1566.86721923618
7582,OUTER LOOP,24595,,W05,WEST,1,W,0.1833596885583178,Yes,0.18335969,42.5,794.076051252152
7583,OUTER LOOP,24548,,W05,WEST,1,W,0.195933258444278,Yes,0.19593326,42.5,849.081950209549
7584,OUTER LOOP,35250,,W05,WEST,1,W,0.06462077248984524,Yes,0.06462077,42.5,559.706308490455
7585,OUTER LOOP,11592,,W05,WEST,1,W,0.1164460025058492,Yes,0.116446,42.5,1008.58544071754
7586,OUTER LOOP,24601,,W05,WEST,1,W,0.5267097347396157,Yes,0.52670973,42.5,2281.56200478696
7587,OUTER LOOP,24585,,W05,WEST,1,W,0.06632277307947322,Yes,0.06632277,42.5,287.224005392816
7588,OUTER LOOP,11635,,W05,WEST,1,W,0.04402505696247815,Yes,0.04402506,42.5,381.318653351196
7589,OUTER LOOP,24535,,W05,WEST,1,W,0.2874050862692088,Yes,0.28740509,42.5,1244.66539392478
7590,OUTER LOOP,24599,,W05,WEST,1,W,0.16468828242034225,Yes,0.16468828,42.5,713.215266297818
7591,OUTER LOOP,11586,,W05,WEST,1,W,0.160674981370007,Yes,0.16067498,42.5,1391.670115723
7592,OUTER LOOP,24554,,W05,WEST,1,W,0.093121272760961785,Yes,0.09312127,42.5,403.280118129414
7593,OUTER LOOP,11601,,W05,WEST,1,W,0.170637689856934,Yes,0.17063769,42.5,738.980454554323
7594,OUTER LOOP,11613,,W05,WEST,1,W,0.2355536564932066,Yes,0.23555366,42.5,2040.2244920376
7595,OUTER LOOP,24568,,W05,WEST,1,W,0.130127564069728,Yes,0.13012756,42.5,563.543256353341
7596,OUTER LOOP,24529,,W05,WEST,1,W,0.1301721541210007,Yes,0.13017215,42.5,563.837941216981
7597,OUTER LOOP,24574,,W05,WEST,1,W,0.202192548033542,Yes,0.20219255,42.5,875.635312636078
7598,OUTER LOOP,11599,,W05,WEST,1,W,0.1069754810112318,Yes,0.10697548,42.5,463.278910817029
7599,OUTER LOOP,11595,,W05,WEST,1,W,0.1576337349632155,Yes,0.15763373,42.5,682.664383511858
7600,OUTER LOOP,24797,,W05,WEST,1,W,0.6274079928016838,Yes,0.62740799,42.5,5434.23143072567
7601,OUTER LOOP,24914,,W05,WEST,1,W,0.3295680895207473,Yes,0.32956809,42.5,2854.65773778988
7602,OUTER LOOP,25942,,W05,WEST,1,W,0.41337120243679515,Yes,0.4133712,42.5,3580.37361707598
7603,OUTER LOOP,24942,,W05,WEST,1,W,0.07234429639001413,Yes,0.0723443,42.5,626.602839011269
7604,OUTER LOOP,24944,,W05,WEST,1,W,0.472266083031487,Yes,0.47226608,42.5,4090.48546303711
7605,OUTER LOOP,24936,,W05,WEST,1,W,0.18033437760557486,Yes,0.18033438,42.5,1561.94819354093
7606,OUTER LOOP,24921,,W05,WEST,1,W,0.12083422272811557,Yes,0.12083422,42.5,523.296829135064
7607,OUTER LOOP,24922,,W05,WEST,1,W,0.2485382479348077,Yes,0.24853825,42.5,1076.3444509052
7608,E BROADWAY,16462,,W06,WEST,1,W,0.2030053134154262,Yes,0.20300531,16.76,586.103275492864
7609,W BROADWAY,16278,,W06,WEST,1,W,0.10886569493239466,Yes,0.10886569,16.76,471.464610449448
7610,W BROADWAY,16307,,W06,WEST,1,W,0.049872852462814886,Yes,0.04987285,16.76,431.968590618867
7611,E BROADWAY,16480,,W06,WEST,1,W,0.0440312008347275,Yes,0.0440312,16.76,381.371630494518
7612,E BROADWAY,16474,,W06,WEST,1,W,0.2025341475368185,Yes,0.20253415,16.76,584.743261139651
7613,W BROADWAY,16326,,W06,WEST,1,W,0.0556046246698871,Yes,0.05560462,16.76,481.61405892387
7614,W RIVER RD,21521,,W06,WEST,1,W,0.024834667608152165,Yes,0.02483467,16.76,215.102947063218
7615,W BROADWAY,16398,,W06,WEST,1,W,0.1944853563125783,Yes,0.19448536,16.76,481.290123653667
7616,W WASHINGTON ST,21523,,W06,WEST,1,W,0,No,0,16.76,486.336180183028
7617,E BROADWAY,20356,,W06,WEST,1,W,0.1992083373212733,Yes,0.19920834,16.76,575.141190411259
7618,W BROADWAY,31210,,W06,WEST,1,W,0.027816600066263745,Yes,0.0278166,16.76,481.861693233909
7619,W BROADWAY,16337,,W06,WEST,1,W,0.1931125299139917,Yes,0.19311253,16.76,477.892567885948
7620,E BROADWAY,20354,,W06,WEST,1,W,0.035346927161853135,Yes,0.03534693,16.76,204.102652311204
7621,W BROADWAY,16293,,W06,WEST,1,W,0.1827766549757081,Yes,0.18277665,16.76,527.700630889536
7622,N PRESTON ST,21340,,W06,WEST,1,W,0,No,0,16.76,557.864145939672
7623,W BROADWAY,16183,,W06,WEST,1,W,0.05564175634201846,Yes,0.05564176,16.76,481.935557705851
7624,E BROADWAY,20357,,W06,WEST,1,W,0.1275753227983265,Yes,0.12757532,16.76,441.992215701391
7625,E BROADWAY,20358,,W06,WEST,1,W,0.1394393282308628,Yes,0.13943933,16.76,1207.73982635807
7626,E BROADWAY,20360,,W06,WEST,1,W,0.0181896726547225,Yes,0.01818967,16.76,78.7739568718622
7627,E BROADWAY,20362,,W06,WEST,1,W,0.053840266109611068,Yes,0.05384027,16.76,233.166241559804
7628,E BROADWAY,20364,,W06,WEST,1,W,0.11222308766534556,Yes,0.11222309,16.76,486.004444010329
7629,W BROADWAY,16213,,W06,WEST,1,W,0.1108287262339054,Yes,0.11082873,16.76,959.932021929971
7630,W BROADWAY,16235,,W06,WEST,1,W,0.0550901130329386,Yes,0.05509011,16.76,477.157563345498
7631,W BROADWAY,16254,,W06,WEST,1,W,0.0568145871039258,Yes,0.05681459,16.76,492.093820449922
7632,E GRAY ST,16300,,W06,WEST,1,W,0,No,0,16.76,479.966445710542
7633,W BROADWAY,16401,,W06,WEST,1,W,0.05554955083095625,Yes,0.05554955,16.76,481.136856644373
7634,E BROADWAY,16450,,W06,WEST,1,W,0.2026262608059293,Yes,0.20262626,16.76,585.009205527299
7635,E BROADWAY,16437,,W06,WEST,1,W,0.0662427373118299,Yes,0.06624274,16.76,573.75465129299
7636,E GRAY ST,16322,,W06,WEST,1,W,0,No,0,16.76,585.09454599194
7637,E BROADWAY,16428,,W06,WEST,1,W,0.20934924051098786,Yes,0.20934924,16.76,604.419401161147
7638,W BROADWAY,16369,,W06,WEST,1,W,0.1942534285028467,Yes,0.19425343,16.76,480.716185270737
7639,W BROADWAY,16382,,W06,WEST,1,W,0.0553997768474887,Yes,0.05539978,16.76,479.839572800118
7640,N PRESTON ST,20114,,W06,WEST,1,W,0,No,0,16.76,284.408563110031
7641,E BROADWAY,16422,,W06,WEST,1,W,0.0677506943220021,Yes,0.06775069,16.76,586.815736754579
7642,E BROADWAY,16410,,W06,WEST,1,W,0.0554439287778329,Yes,0.05544393,16.76,480.222003331769
7643,W WASHINGTON ST,15348,,W06,WEST,2,W,0,No,0,16.76,493.42410526468
7644,E WASHINGTON ST,15371,,W06,WEST,2,W,0,No,0,16.76,478.059637142308
7645,E WASHINGTON ST,15391,,W06,WEST,2,W,0,No,0,16.76,585.733249936565
7646,E WASHINGTON ST,20113,,W06,WEST,2,W,0,No,0,16.76,585.13417775995
7647,CONGRESS ALY,21564,,W06,WEST,3,W,0,No,0,16.76,476.984559007155
7648,S 4TH ST,21604,,W06,WEST,3,W,0,No,0,16.76,281.996599325683
7649,CONGRESS ALY,21568,,W06,WEST,3,W,0,No,0,16.76,482.637895613605
7650,CONGRESS ALY,21572,,W06,WEST,3,W,0,No,0,16.76,479.20904885029
7651,CEDAR ST,21610,,W06,WEST,3,W,0,No,0,16.76,478.269154218169
7652,ABRAHAM FLEXNER WAY,32112,,W06,WEST,3,W,0,No,0,16.76,298.250137520924
7653,GUTHRIE ST,21652,,W06,WEST,3,W,0,No,0,16.76,460.25725037581
7654,S 4TH ST,21663,,W06,WEST,3,W,0,No,0,16.76,391.451219934672
7655,S 4TH ST,36502,,W06,WEST,3,W,0,No,0,16.76,412.805034179748
7656,ABRAHAM FLEXNER WAY,16157,,W06,WEST,3,W,0,No,0,16.76,356.26852184661
7657,S 4TH ST,21586,,W06,WEST,3,W,0,No,0,16.76,511.918063727743
7658,GUTHRIE ST,21649,,W06,WEST,3,W,0,No,0,16.76,480.365671781728
7659,N 4TH ST,21540,,W06,WEST,3,W,0,No,0,16.76,758.910428208665
7660,S 4TH ST,21565,,W06,WEST,3,W,0,No,0,16.76,511.680946694118
7661,S 4TH ST,16368,,W06,WEST,3,W,0,No,0,16.76,1053.68209821302
7662,S 6TH ST,21655,,W07,WEST,1,W,0,No,0,24.04,804.105027988643
7663,S 2ND ST,15982,,W07,WEST,1,W,0.08182924759648165,Yes,0.08182925,24.04,708.756048895043
7664,S 6TH ST,21665,,W07,WEST,1,W,0,No,0,24.04,169.947751621638
7665,S 5TH ST,21576,,W07,WEST,1,W,0,No,0,24.04,262.427480997727
7666,S 2ND ST,16085,,W07,WEST,1,W,0.04589903985673094,Yes,0.04589904,24.04,397.549763423083
7667,N 7TH ST,21530,,W07,WEST,1,W,0,No,0,24.04,241.729598741678
7668,S 6TH ST,21571,,W07,WEST,1,W,0,No,0,24.04,244.764714828343
7669,S 7TH ST,21653,,W07,WEST,1,W,0,No,0,24.04,804.245937288354
7670,S PRESTON ST,16289,,W07,WEST,1,W,0.02749394722367667,Yes,0.02749395,24.04,238.136073564701
7671,S 2ND ST,16397,,W07,WEST,1,W,0.291188180361199,Yes,0.29118818,24.04,1008.83884337308
7672,S 5TH ST,21614,,W07,WEST,1,W,0,No,0,24.04,384.27879604083
7673,ROY WILKINS AVE,21560,,W07,WEST,1,W,0,No,0,24.04,273.761887941076
7674,S 3RD ST,21648,,W07,WEST,1,W,0,No,0,24.04,407.408827991
7675,S BROOK ST,16111,,W07,WEST,1,W,0,No,0,24.04,810.988789348625
7676,S 6TH ST,21558,,W07,WEST,1,W,0,No,0,24.04,512.253370535519
7677,S PRESTON ST,16241,,W07,WEST,1,W,0.0927628663571595,Yes,0.09276287,24.04,803.456378929362
7678,N 1ST ST,15436,,W07,WEST,1,W,0,No,0,24.04,271.579624894454
7679,ROY WILKINS AVE,39004,,W07,WEST,1,W,0,No,0,24.04,272.194815205259
7680,N 1ST ST,15347,,W07,WEST,1,W,0,No,0,24.04,336.264985725544
7681,S 2ND ST,15717,,W07,WEST,1,W,0.11779938389727887,Yes,0.11779938,24.04,510.153947010116
7682,S BROOK ST,15761,,W07,WEST,1,W,0,No,0,24.04,260.051483345342
7683,S 3RD ST,21607,,W07,WEST,1,W,0,No,0,24.04,283.452742148052
7684,S PRESTON ST,15740,,W07,WEST,1,W,0.08827004021861556,Yes,0.08827004,24.04,509.694858289778
7685,S JACKSON ST,15888,,W07,WEST,1,W,0.02833645849359987,Yes,0.02833646,24.04,245.433568634029
7686,S 7TH ST,21673,,W07,WEST,1,W,0,No,0,24.04,310.021798628742
7687,S 6TH ST,21626,,W07,WEST,1,W,0,No,0,24.04,484.100187604109
7688,N 7TH ST,21524,,W07,WEST,1,W,0,No,0,24.04,293.012810282273
7689,ROY WILKINS AVE,21573,,W07,WEST,1,W,0,No,0,24.04,258.739877294739
7690,S 3RD ST,21638,,W07,WEST,1,W,0,No,0,24.04,520.692392413012
7691,S BROOK ST,16299,,W07,WEST,1,W,0,No,0,24.04,514.406503401872
7692,S 6TH ST,21609,,W07,WEST,1,W,0,No,0,24.04,225.996301131235
7693,S 5TH ST,21561,,W07,WEST,1,W,0,No,0,24.04,511.682411877719
7694,S 5TH ST,21630,,W07,WEST,1,W,0,No,0,24.04,324.225677636831
7695,S 7TH ST,21606,,W07,WEST,1,W,0,No,0,24.04,225.120260503275
7696,S 7TH ST,21588,,W07,WEST,1,W,0,No,0,24.04,285.31553941426
7697,ROY WILKINS AVE,21595,,W07,WEST,1,W,0,No,0,24.04,494.779440764392
7698,S 3RD ST,21612,,W07,WEST,1,W,0,No,0,24.04,189.301913820282
7699,S 6TH ST,21675,,W07,WEST,1,W,0,No,0,24.04,928.079503895361
7700,ROY WILKINS AVE,16237,,W07,WEST,1,W,0,No,0,24.04,336.638215333649
7701,S 5TH ST,21660,,W07,WEST,1,W,0,No,0,24.04,805.504519332475
7702,S 7TH ST,21580,,W07,WEST,1,W,0,No,0,24.04,265.810295664502
7703,S 7TH ST,16325,,W07,WEST,1,W,0,No,0,24.04,642.436280630438
7704,S 7TH ST,21662,,W07,WEST,1,W,0,No,0,24.04,169.263443428432
7705,S 7TH ST,21542,,W07,WEST,1,W,0,No,0,24.04,254.509681565882
7706,S 3RD ST,21667,,W07,WEST,1,W,0,No,0,24.04,397.150086750903
7707,S 7TH ST,21555,,W07,WEST,1,W,0,No,0,24.04,256.504379184334
7708,S 3RD ST,21678,,W07,WEST,1,W,0,No,0,24.04,1031.50909306631
7709,S 7TH ST,21567,,W07,WEST,1,W,0,No,0,24.04,244.984310722136
7710,S 5TH ST,21584,,W07,WEST,1,W,0,No,0,24.04,248.674960983836
7711,S 6TH ST,21582,,W07,WEST,1,W,0,No,0,24.04,265.289060699364
7712,S PRESTON ST,16396,,W07,WEST,1,W,0.022322652433565546,Yes,0.02232265,24.04,193.345596099963
7713,S 2ND ST,16181,,W07,WEST,1,W,0.09416975887119207,Yes,0.09416976,24.04,407.821216898886
7714,S BROOK ST,15832,,W07,WEST,1,W,0,No,0,24.04,284.165231499199
7715,S PRESTON ST,16343,,W07,WEST,1,W,0.0278203757840309,Yes,0.02782038,24.04,240.963236303798
7716,S 6TH ST,21597,,W07,WEST,1,W,0,No,0,24.04,283.796195158093
7717,S BROOK ST,16016,,W07,WEST,1,W,0,No,0,24.04,747.863693942217
7718,S 5TH ST,21602,,W07,WEST,1,W,0,No,0,24.04,283.69368947129
7719,S 7TH ST,21623,,W07,WEST,1,W,0,No,0,24.04,482.037669496962
7720,ROY WILKINS AVE,16292,,W07,WEST,1,W,0,No,0,24.04,276.841854680836
7721,S 2ND ST,15793,,W07,WEST,1,W,0.0329594584269413,Yes,0.03295946,24.04,285.474853463099
7722,S PRESTON ST,16427,,W07,WEST,1,W,0.028761074296658938,Yes,0.02876107,24.04,249.111180753413
7723,S PRESTON ST,16073,,W07,WEST,1,W,0.05745387736687223,Yes,0.05745388,24.04,497.631030699076
7724,S JACKSON ST,16261,,W07,WEST,1,W,0.092542794483321658,Yes,0.09254279,24.04,801.550466127365
7725,S JACKSON ST,16405,,W07,WEST,1,W,0.0222552019061445,Yes,0.0222552,24.04,192.761004067375
7726,S JACKSON ST,16089,,W07,WEST,1,W,0.0292552636353275,Yes,0.02925526,24.04,253.391277307695
7727,S JACKSON ST,15950,,W07,WEST,1,W,0.02868249772917762,Yes,0.0286825,24.04,248.430435820354
7728,S 1ST ST,16197,,W07,WEST,1,W,0,No,0,24.04,37.9550577369143
7729,S JACKSON ST,16032,,W07,WEST,1,W,0.0282957828376792,Yes,0.02829578,24.04,245.081331365852
7730,S JACKSON ST,16436,,W07,WEST,1,W,0.025919523967110187,Yes,0.02591952,24.04,224.499427704305
7731,S 1ST ST,15872,,W07,WEST,1,W,0,No,0,24.04,232.93990641365
7732,S 1ST ST,16400,,W07,WEST,1,W,0,No,0,24.04,508.965141856493
7733,S 1ST ST,16008,,W07,WEST,1,W,0,No,0,24.04,477.222461031513
7734,S 1ST ST,16191,,W07,WEST,1,W,0,No,0,24.04,805.540278710506
7735,S 1ST ST,15809,,W07,WEST,1,W,0,No,0,24.04,282.19096066538
7736,S 1ST ST,16286,,W07,WEST,1,W,0,No,0,24.04,440.700467770867
7737,S JACKSON ST,16304,,W07,WEST,1,W,0.027609702842071357,Yes,0.0276097,24.04,239.138460154363
7738,S JACKSON ST,16364,,W07,WEST,1,W,0.02772433260918,Yes,0.02772433,24.04,240.131689502797
7739,S 2ND ST,15563,,W07,WEST,1,W,0.17859329658970455,Yes,0.1785933,24.04,515.622588167693
7740,S 3RD ST,21569,,W07,WEST,1,W,0,No,0,24.04,513.730449680508
7741,S 1ST ST,15585,,W07,WEST,1,W,0,No,0,24.04,512.138432214926
7742,N 3RD ST,21532,,W07,WEST,1,W,0,No,0,24.04,766.005229677938
7743,S BROOK ST,16358,,W07,WEST,1,W,0,No,0,24.04,240.936194873249
7744,S PRESTON ST,20118,,W07,WEST,1,W,0.116892095284821,Yes,0.1168921,24.04,506.224682638549
7745,ROY WILKINS AVE,21670,,W07,WEST,1,W,0,No,0,24.04,480.660045744842
7746,ROY WILKINS AVE,21646,,W07,WEST,1,W,0,No,0,24.04,803.578385478128
7747,ROY WILKINS AVE,21616,,W07,WEST,1,W,0,No,0,24.04,225.399212942975
7748,S 5TH ST,21677,,W07,WEST,1,W,0,No,0,24.04,1076.02245400565
7749,S JACKSON ST,20119,,W07,WEST,1,W,0.05948395347909322,Yes,0.05948395,24.04,515.214532913401
7750,S BROOK ST,16409,,W07,WEST,1,W,0,No,0,24.04,248.70891620527
7751,S BROOK ST,15682,,W07,WEST,1,W,0,No,0,24.04,251.857108771577
7752,S 1ST ST,15743,,W07,WEST,1,W,0,No,0,24.04,511.517378316164
7753,S BROOK ST,15603,,W07,WEST,1,W,0,No,0,24.04,510.699677429141
7754,S PRESTON ST,15921,,W07,WEST,1,W,0.11444636570511645,Yes,0.11444637,24.04,495.632782693228
7755,S JACKSON ST,15825,,W07,WEST,1,W,0.0874784186572109,Yes,0.08747842,24.04,505.123540991763
7756,S FLOYD ST,16219,,W07,WEST,2,W,0,No,0,24.04,404.413804605284
7757,S FLOYD ST,16135,,W07,WEST,2,W,0,No,0,24.04,400.870634525653
7758,S FLOYD ST,35057,,W07,WEST,2,W,0,No,0,24.04,192.294606906467
7759,S FLOYD ST,16054,,W07,WEST,2,W,0,No,0,24.04,715.438580997416
7760,N 2ND ST,15330,,W07,WEST,2,W,0,No,0,24.04,333.859226787274
7761,N 2ND ST,15234,,W07,WEST,2,W,0,No,0,24.04,297.545652025135
7762,N 2ND ST,15407,,W07,WEST,2,W,0,No,0,24.04,272.8285290251
7763,S FLOYD ST,16274,,W07,WEST,2,W,0,No,0,24.04,236.914706434615
7764,N FLOYD ST,15392,,W07,WEST,2,W,0,No,0,24.04,470.740470962039
7765,S FLOYD ST,16383,,W07,WEST,2,W,0,No,0,24.04,464.544474001135
7766,S FLOYD ST,16321,,W07,WEST,2,W,0,No,0,24.04,241.866214310722
7767,S FLOYD ST,15709,,W07,WEST,2,W,0,No,0,24.04,247.84863051889
7768,S FLOYD ST,15631,,W07,WEST,2,W,0,No,0,24.04,511.043093905862
7769,N FLOYD ST,15489,,W07,WEST,2,W,0,No,0,24.04,281.981080847139
7770,N BROOK ST,15464,,W07,WEST,2,W,0,No,0,24.04,277.038946946093
7771,S FLOYD ST,15847,,W07,WEST,2,W,0,No,0,24.04,276.831631010257
7772,S FLOYD ST,15780,,W07,WEST,2,W,0,No,0,24.04,69.4234884371661
7773,S 8TH ST,21672,,W07,WEST,3,W,0,No,0,24.04,480.130943685399
7774,S HANCOCK ST,16327,,W07,WEST,3,W,0,No,0,24.04,237.370597645459
7775,S HANCOCK ST,32767,,W07,WEST,3,W,0,No,0,24.04,238.957412993666
7776,S 8TH ST,21594,,W07,WEST,3,W,0,No,0,24.04,415.125028866673
7777,S 8TH ST,21650,,W07,WEST,3,W,0,No,0,24.04,520.09499434902
7778,S 8TH ST,21553,,W07,WEST,3,W,0,No,0,24.04,256.145760696085
7779,S 8TH ST,21563,,W07,WEST,3,W,0,No,0,24.04,257.731418442637
7780,S HANCOCK ST,16056,,W07,WEST,3,W,0,No,0,24.04,246.432024970883
7781,S HANCOCK ST,16582,,W07,WEST,3,W,0,No,0,24.04,236.029648564672
7782,N BROOK ST,33205,,W07,WEST,3,W,0,No,0,24.04,351.177429391558
7783,S HANCOCK ST,16535,,W07,WEST,3,W,0,No,0,24.04,44.0399321638896
7784,N 6TH ST,21533,,W07,WEST,3,W,0,No,0,24.04,239.946983009389
7785,ROY WILKINS AVE,21550,,W07,WEST,3,W,0,No,0,24.04,513.593298794629
7786,S HANCOCK ST,15845,,W07,WEST,3,W,0,No,0,24.04,254.568313872865
7787,S HANCOCK ST,16281,,W07,WEST,3,W,0,No,0,24.04,401.548545969317
7788,S 8TH ST,21578,,W07,WEST,3,W,0,No,0,24.04,253.070673182414
7789,S HANCOCK ST,16109,,W07,WEST,3,W,0,No,0,24.04,252.299097026711
7790,S HANCOCK ST,16528,,W07,WEST,3,W,0,No,0,24.04,380.406043926965
7791,S 8TH ST,21539,,W07,WEST,3,W,0,No,0,24.04,254.82103136347
7792,ARMORY PL,21628,,W07,WEST,3,W,0,No,0,24.04,710.308046511556
7793,S 8TH ST,21634,,W07,WEST,3,W,0,No,0,24.04,283.706115824545
7794,S 8TH ST,21619,,W07,WEST,3,W,0,No,0,24.04,578.836130200077
7795,S HANCOCK ST,16195,,W07,WEST,3,W,0,No,0,24.04,401.644276692697
7796,S HANCOCK ST,16449,,W07,WEST,3,W,0,No,0,24.04,394.05194370639
7797,N 6TH ST,21679,,W07,WEST,3,W,0,No,0,24.04,407.975451098886
7798,S HANCOCK ST,16389,,W07,WEST,3,W,0,No,0,24.04,238.939771441597
7799,S HANCOCK ST,35167,,W07,WEST,3,W,0,No,0,24.04,271.239869688717
7800,S HANCOCK ST,16704,,W07,WEST,3,W,0,No,0,24.04,256.593405294495
7801,ARMORY PL,31209,,W07,WEST,3,W,0,No,0,24.04,804.734865110864
7802,S 8TH ST,16306,,W07,WEST,3,W,0,No,0,24.04,625.245796399377
7803,E WASHINGTON ST,15510,,W07,WEST,3,W,0,No,0,24.04,527.603038310152
7804,S HANCOCK ST,15718,,W07,WEST,3,W,0,No,0,24.04,256.122783981756
7805,S HANCOCK ST,15786,,W07,WEST,3,W,0,No,0,24.04,255.710415130573
7806,N HANCOCK ST,15564,,W07,WEST,3,W,0,No,0,24.04,299.924427037108
7807,S HANCOCK ST,15638,,W07,WEST,3,W,0,No,0,24.04,253.083818188106
7808,S HANCOCK ST,15988,,W07,WEST,3,W,0,No,0,24.04,255.470651751331
7809,W MARKET ST,21554,,W08,WEST,1,W,0.05488091943125276,Yes,0.05488092,22.04,475.34554164381
7810,W CHESTNUT ST,21668,,W08,WEST,1,W,0,No,0,22.04,478.492106820021
7811,W MUHAMMAD ALI BLVD,21629,,W08,WEST,1,W,0,No,0,22.04,263.01171908598
7812,W CHESTNUT ST,21671,,W08,WEST,1,W,0,No,0,22.04,480.2452539133
7813,E MUHAMMAD ALI BLVD,16122,,W08,WEST,1,W,0,No,0,22.04,586.000604901282
7814,E JEFFERSON ST,35056,,W08,WEST,1,W,0,No,0,22.04,253.848228179826
7815,W JEFFERSON ST,21590,,W08,WEST,1,W,0,No,0,22.04,476.363668562751
7816,W MUHAMMAD ALI BLVD,21631,,W08,WEST,1,W,0,No,0,22.04,215.74268527577
7817,W JEFFERSON ST,21583,,W08,WEST,1,W,0,No,0,22.04,479.759562990932
7818,W MUHAMMAD ALI BLVD,21633,,W08,WEST,1,W,0,No,0,22.04,275.966301026145
7819,W MARKET ST,21575,,W08,WEST,1,W,0.079491926294123286,Yes,0.07949193,22.04,459.007748739033
7820,W JEFFERSON ST,21581,,W08,WEST,1,W,0,No,0,22.04,479.275313201438
7821,W MARKET ST,21556,,W08,WEST,1,W,0.0553787434343722,Yes,0.05537874,22.04,479.657386112271
7822,W MAIN ST,21527,,W08,WEST,1,W,0.02765970734756303,Yes,0.02765971,22.04,479.143560777493
7823,W JEFFERSON ST,21587,,W08,WEST,1,W,0,No,0,22.04,480.582110610728
7824,W MUHAMMAD ALI BLVD,21639,,W08,WEST,1,W,0,No,0,22.04,477.935468970446
7825,W MUHAMMAD ALI BLVD,21640,,W08,WEST,1,W,0,No,0,22.04,454.777526799683
7826,W MARKET ST,21566,,W08,WEST,1,W,0.109628950367093,Yes,0.10962895,22.04,474.770047134663
7827,E LIBERTY ST,16013,,W08,WEST,1,W,0,No,0,22.04,109.315490761018
7828,E MARKET ST,15791,,W08,WEST,1,W,0.13479465331213678,Yes,0.13479465,22.04,583.75507330097
7829,E MAIN ST,15643,,W08,WEST,1,W,0.1351461570406544,Yes,0.13514616,22.04,585.277635106835
7830,E MUHAMMAD ALI BLVD,16074,,W08,WEST,1,W,0,No,0,22.04,170.321140507102
7831,W CHESTNUT ST,21656,,W08,WEST,1,W,0,No,0,22.04,479.32504628905
7832,E CHESTNUT ST,16220,,W08,WEST,1,W,0,No,0,22.04,752.353344966073
7833,W MUHAMMAD ALI BLVD,21635,,W08,WEST,1,W,0,No,0,22.04,206.284458447351
7834,W MAIN ST,21534,,W08,WEST,1,W,0.11067720603128728,Yes,0.11067721,22.04,479.309740533006
7835,E MUHAMMAD ALI BLVD,16061,,W08,WEST,1,W,0,No,0,22.04,274.84340001399
7836,W LIBERTY ST,21605,,W08,WEST,1,W,0,No,0,22.04,479.185312250451
7837,W LIBERTY ST,21601,,W08,WEST,1,W,0,No,0,22.04,262.346140030805
7838,E MUHAMMAD ALI BLVD,16154,,W08,WEST,1,W,0,No,0,22.04,584.622673597288
7839,W MAIN ST,21538,,W08,WEST,1,W,0.055384312371833035,Yes,0.05538431,22.04,479.705619003553
7840,W LIBERTY ST,21598,,W08,WEST,1,W,0,No,0,22.04,479.779820106317
7841,W MARKET ST,21570,,W08,WEST,1,W,0.055770179251957645,Yes,0.05577018,22.04,483.047885826615
7842,E MUHAMMAD ALI BLVD,16055,,W08,WEST,1,W,0,No,0,22.04,783.868468407067
7843,E LIBERTY ST,16080,,W08,WEST,1,W,0,No,0,22.04,585.422878862969
7844,W JEFFERSON ST,21599,,W08,WEST,1,W,0,No,0,22.04,455.082765491812
7845,E MUHAMMAD ALI BLVD,16068,,W08,WEST,1,W,0,No,0,22.04,147.501184611137
7846,W CHESTNUT ST,21654,,W08,WEST,1,W,0,No,0,22.04,479.865101486866
7847,W CHESTNUT ST,21661,,W08,WEST,1,W,0,No,0,22.04,221.043697956422
7848,W LIBERTY ST,21600,,W08,WEST,1,W,0,No,0,22.04,446.167140644279
7849,W MARKET ST,21559,,W08,WEST,1,W,0.05544772305459593,Yes,0.05544772,22.04,480.254896513299
7850,E JEFFERSON ST,15781,,W08,WEST,1,W,0,No,0,22.04,336.819394476211
7851,W MAIN ST,21531,,W08,WEST,1,W,0.0556720242475847,Yes,0.05567202,22.04,482.197656237517
7852,E LIBERTY ST,15848,,W08,WEST,1,W,0,No,0,22.04,613.801369087863
7853,E LIBERTY ST,15915,,W08,WEST,1,W,0,No,0,22.04,525.172242021039
7854,W LIBERTY ST,21593,,W08,WEST,1,W,0,No,0,22.04,500.147605339291
7855,W LIBERTY ST,21608,,W08,WEST,1,W,0,No,0,22.04,480.133153121676
7856,W MUHAMMAD ALI BLVD,21627,,W08,WEST,1,W,0,No,0,22.04,479.601367675867
7857,W MAIN ST,21529,,W08,WEST,1,W,0.05524373385586978,Yes,0.05524373,22.04,478.488316655779
7858,W LIBERTY ST,21603,,W08,WEST,1,W,0,No,0,22.04,219.071556714987
7859,E LIBERTY ST,33872,,W08,WEST,1,W,0,No,0,22.04,376.351855256812
7860,E CHESTNUT ST,16242,,W08,WEST,1,W,0,No,0,22.04,590.66881834943
7861,E CHESTNUT ST,16316,,W08,WEST,1,W,0,No,0,22.04,583.777974973416
7862,W MARKET ST,21562,,W08,WEST,1,W,0.05543222636030921,Yes,0.05543223,22.04,480.120622864713
7863,W JEFFERSON ST,21585,,W08,WEST,1,W,0,No,0,22.04,478.259817777606
7864,W LIBERTY ST,21611,,W08,WEST,1,W,0,No,0,22.04,456.726302193803
7865,W MARKET ST,21551,,W08,WEST,1,W,0.010805702128434647,Yes,0.0108057,22.04,93.5927065885077
7866,E CHESTNUT ST,16297,,W08,WEST,1,W,0,No,0,22.04,584.816976556123
7867,W JEFFERSON ST,21579,,W08,WEST,1,W,0,No,0,22.04,432.142447263125
7868,W MUHAMMAD ALI BLVD,21624,,W08,WEST,1,W,0,No,0,22.04,479.921451211543
7869,E LIBERTY ST,32770,,W08,WEST,1,W,0,No,0,22.04,475.877690281213
7870,W CHESTNUT ST,21659,,W08,WEST,1,W,0,No,0,22.04,260.580991488251
7871,E LIBERTY ST,16063,,W08,WEST,1,W,0,No,0,22.04,583.904641780437
7872,W CHESTNUT ST,21664,,W08,WEST,1,W,0,No,0,22.04,479.518729471605
7873,E LIBERTY ST,16037,,W08,WEST,1,W,0,No,0,22.04,583.614745622369
7874,E MAIN ST,15611,,W08,WEST,1,W,0.13465132324502047,Yes,0.13465132,22.04,583.134491898779
7875,E MARKET ST,15773,,W08,WEST,1,W,0.135584554842911,Yes,0.13558455,22.04,587.176214702622
7876,E MUHAMMAD ALI BLVD,16199,,W08,WEST,1,W,0,No,0,22.04,320.458390144153
7877,E LIBERTY ST,16092,,W08,WEST,1,W,0,No,0,22.04,376.547517565155
7878,E LIBERTY ST,16106,,W08,WEST,1,W,0,No,0,22.04,429.40737418023
7879,E CHESTNUT ST,16265,,W08,WEST,1,W,0.1041277815588246,Yes,0.10412778,22.04,450.946104089046
7880,E CHESTNUT ST,16346,,W08,WEST,1,W,0.124896089737461,Yes,0.12489609,22.04,540.887567991655
7881,E CHESTNUT ST,16198,,W08,WEST,1,W,0.058312482048263725,Yes,0.05831248,22.04,505.067752100011
7882,CHESTNUT STREET CONNECTOR,16416,,W08,WEST,1,W,0.1158167109084516,Yes,0.11581671,22.04,501.567593210762
7883,E LIBERTY ST,41062,,W08,WEST,1,W,0,No,0,22.04,280.221427400505
7884,E LIBERTY ST,15922,,W08,WEST,1,W,0,No,0,22.04,115.986711051759
7885,E CHESTNUT ST,16262,,W08,WEST,1,W,0,No,0,22.04,584.686295988357
7886,E LIBERTY ST,15833,,W08,WEST,1,W,0,No,0,22.04,454.498985834952
7887,E CHESTNUT ST,16202,,W08,WEST,1,W,0,No,0,22.04,315.793766763799
7888,E CHESTNUT ST,16282,,W08,WEST,1,W,0,No,0,22.04,585.136836724982
7889,W LIBERTY ST,15810,,W08,WEST,1,W,0,No,0,22.04,499.862449633022
7890,E MUHAMMAD ALI BLVD,16017,,W08,WEST,1,W,0,No,0,22.04,281.392578061614
7891,E MUHAMMAD ALI BLVD,16110,,W08,WEST,1,W,0,No,0,22.04,583.383496805445
7892,E MUHAMMAD ALI BLVD,16090,,W08,WEST,1,W,0,No,0,22.04,584.208170914801
7893,E LIBERTY ST,15989,,W08,WEST,1,W,0,No,0,22.04,209.149025909906
7894,E LIBERTY ST,15951,,W08,WEST,1,W,0,No,0,22.04,303.765691819472
7895,W JEFFERSON ST,15744,,W08,WEST,1,W,0,No,0,22.04,508.03180849142
7896,E JEFFERSON ST,15762,,W08,WEST,1,W,0,No,0,22.04,478.715011776318
7897,W CHESTNUT ST,16192,,W08,WEST,1,W,0,No,0,22.04,478.144133604084
7898,W MUHAMMAD ALI BLVD,16009,,W08,WEST,1,W,0,No,0,22.04,506.250582182919
7899,E MUHAMMAD ALI BLVD,16189,,W08,WEST,1,W,0,No,0,22.04,584.754905885467
7900,E MUHAMMAD ALI BLVD,16180,,W08,WEST,1,W,0,No,0,22.04,583.452798542061
7901,E CHESTNUT ST,16347,,W08,WEST,1,W,0,No,0,22.04,321.667334459143
7902,E CHESTNUT ST,16336,,W08,WEST,1,W,0,No,0,22.04,586.622146598327
7903,W MAIN ST,15437,,W08,WEST,1,W,0.02978940035978286,Yes,0.0297894,22.04,516.036143547947
7904,W MAIN ST,21552,,W08,WEST,1,W,0.061292724473090456,Yes,0.06129272,22.04,265.440361772306
7905,W MAIN ST,34265,,W08,WEST,1,W,0.04087774006665222,Yes,0.04087774,22.04,177.02915641304
7906,W MAIN ST,21547,,W08,WEST,1,W,0.05686093241805337,Yes,0.05686093,22.04,492.495353406063
7907,W MAIN ST,21541,,W08,WEST,1,W,0.054009316063686238,Yes,0.05400932,22.04,467.796166383194
7908,E MAIN ST,15465,,W08,WEST,1,W,0.05531931516166144,Yes,0.05531932,22.04,479.142389978178
7909,E MARKET ST,15747,,W08,WEST,1,W,0.1341127628291918,Yes,0.13411276,22.04,580.801949138298
7910,E MARKET ST,15657,,W08,WEST,1,W,0.13597139849930137,Yes,0.1359714,22.04,588.851490721557
7911,E MARKET ST,15719,,W08,WEST,1,W,0.1351805146697894,Yes,0.13518051,22.04,585.42643135615
7912,E MARKET ST,15632,,W08,WEST,1,W,0.067452528095315,Yes,0.06745253,22.04,584.233168945726
7913,E MARKET ST,15691,,W08,WEST,1,W,0.0675535237697009,Yes,0.06755352,22.04,585.107939427632
7914,W MUHAMMAD ALI BLVD,21620,,W08,WEST,1,W,0,No,0,22.04,431.533101751499
7915,W CHESTNUT ST,21651,,W08,WEST,1,W,0,No,0,22.04,431.541180003789
7916,E MAIN ST,15490,,W08,WEST,1,W,0.067635614629928578,Yes,0.06763561,22.04,585.819311413511
7917,E MAIN ST,20117,,W08,WEST,1,W,0.13537939707786678,Yes,0.1353794,22.04,586.287428543908
7918,E MAIN ST,20116,,W08,WEST,1,W,0.0677329497700458,Yes,0.06773295,22.04,586.662263838829
7919,E MAIN ST,20115,,W08,WEST,1,W,0.06767248352355333,Yes,0.06767248,22.04,586.138330995764
7920,E MAIN ST,15593,,W08,WEST,1,W,0.13513733020551216,Yes,0.13513733,22.04,585.239221475394
7921,W MARKET ST,15586,,W08,WEST,1,W,0.11598114910103928,Yes,0.11598115,22.04,502.279555580627
7922,E MARKET ST,15604,,W08,WEST,1,W,0.055496990680804825,Yes,0.05549699,22.04,480.681648969721
7923,E JEFFERSON ST,15846,,W08,WEST,1,W,0,No,0,22.04,584.260764235457
7924,E JEFFERSON ST,15802,,W08,WEST,1,W,0,No,0,22.04,590.390704058814
7925,E JEFFERSON ST,15893,,W08,WEST,1,W,0,No,0,22.04,585.530523181044
7926,E JEFFERSON ST,15826,,W08,WEST,1,W,0,No,0,22.04,584.037168540915
7927,E JEFFERSON ST,15907,,W08,WEST,1,W,0,No,0,22.04,585.91041463615
7928,E CHESTNUT ST,16091,,W08,WEST,1,W,0.11282253959388547,Yes,0.11282254,22.04,488.600739774111
7929,E JEFFERSON ST,15877,,W08,WEST,1,W,0,No,0,22.04,581.589600097309
7930,E MAIN ST,15686,,W08,WEST,1,W,0.07395396990805575,Yes,0.07395397,22.04,320.272424322248
7931,E MAIN ST,15669,,W08,WEST,1,W,0.1348828918747898,Yes,0.13488289,22.04,584.137210978722
7932,E MARKET ST,15812,,W08,WEST,1,W,0.1346920983364837,Yes,0.1346921,22.04,583.311212444858
7933,E JEFFERSON ST,15937,,W08,WEST,1,W,0,No,0,22.04,585.070105306514
7934,E JEFFERSON ST,15959,,W08,WEST,1,W,0,No,0,22.04,379.71097485654
7935,E MARKET ST,15831,,W08,WEST,1,W,0.097411803510259687,Yes,0.0974118,22.04,421.861143608947
7936,MAGAZINE ST,16194,,W08,WEST,3,W,0,No,0,22.04,479.613319827864
7937,MAGAZINE ST,16184,,W08,WEST,3,W,0,No,0,22.04,431.077433770605
7938,MITCHELL HILL RD,25582,,W09,WEST,2,W,0,No,0,25.51,736.496500559202
7939,TOP HILL RD,26332,,W09,WEST,2,W,0,No,0,25.51,2436.99561795185
7940,HOLSCLAW HILL RD,25922,,W09,WEST,2,W,0,No,0,25.51,1470.46433336668
7941,KEYS FERRY RD,25451,,W09,WEST,2,W,0,No,0,25.51,1077.23081550177
7942,JEFFERSON HILL RD,25598,,W09,WEST,2,W,0,No,0,25.51,5276.36455491621
7943,KEYS FERRY RD,25379,,W09,WEST,2,W,0,No,0,25.51,2446.34207816537
7944,JEFFERSON HILL RD,25443,,W09,WEST,2,W,0,No,0,25.51,1066.46486657285
7945,KEYS FERRY RD,25407,,W09,WEST,2,W,0,No,0,25.51,736.708741652062
7946,MITCHELL HILL RD,38741,,W09,WEST,2,W,0,No,0,25.51,973.11502702128
7947,MITCHELL HILL RD,25519,,W09,WEST,2,W,0,No,0,25.51,250.094589675535
7948,MITCHELL HILL RD,25570,,W09,WEST,2,W,0,No,0,25.51,819.771874925019
7949,JEFFERSON HILL RD,26152,,W09,WEST,2,W,0,No,0,25.51,5958.09787749348
7950,MITCHELL HILL RD,25554,,W09,WEST,2,W,0,No,0,25.51,533.667045576592
7951,MITCHELL HILL RD,25505,,W09,WEST,2,W,0,No,0,25.51,723.50556972626
7952,KEYS FERRY RD,25530,,W09,WEST,2,W,0,No,0,25.51,1825.6447832152
7953,KEYS FERRY RD,25583,,W09,WEST,2,W,0,No,0,25.51,2431.83278034813
7954,MITCHELL HILL RD,25633,,W09,WEST,2,W,0,No,0,25.51,1196.33613347824
7955,MITCHELL HILL RD,25923,,W09,WEST,2,W,0,No,0,25.51,3243.44534527482
7956,MITCHELL HILL RD,25634,,W09,WEST,2,W,0,No,0,25.51,646.031398329283
7957,HOLSCLAW HILL RD,25919,,W09,WEST,2,W,0,No,0,25.51,1504.41168835933
7958,MITCHELL HILL RD,25917,,W09,WEST,2,W,0,No,0,25.51,765.891823055684
7959,TOP HILL RD,26329,,W09,WEST,2,W,0,No,0,25.51,7476.73933021103
7960,MITCHELL HILL RD,25637,,W09,WEST,2,W,0,No,0,25.51,3246.31746772913
7961,MITCHELL HILL RD,36313,,W09,WEST,2,W,0,No,0,25.51,741.470931381999
7962,MITCHELL HILL RD,25958,,W09,WEST,2,W,0,No,0,25.51,1785.66514227879
7963,KNOB CREEK RD,25959,,W09,WEST,2,W,0,No,0,25.51,1531.98368160073
7964,HOLSCLAW HILL RD,26333,,W09,WEST,2,W,0,No,0,25.51,7592.66304590907
7965,VIEW CREST DR,26224,,W09,WEST,3,W,0,No,0,25.51,833.513282029842
7966,SNAWDER LN,26153,,W09,WEST,3,W,0,No,0,25.51,1266.85696240216
7967,HARRISON LN,26245,,W09,WEST,3,W,0,No,0,25.51,3406.09082240692
7968,GOFF LN,26330,,W09,WEST,3,W,0,No,0,25.51,2950.49788004987
7969,SUGARTREE LN,26331,,W09,WEST,3,W,0,No,0,25.51,3410.74567807217
7970,BLUE LICK RD,26389,,W10,WEST,1,W,0.086167698313023275,Yes,0.0861677,24.51,746.332991381938
7971,BLUE LICK RD,26386,,W10,WEST,1,W,0.047038375231806366,Yes,0.04703838,24.51,407.417883017654
7972,BLUE LICK RD,26384,,W10,WEST,1,W,0.124323407515561,Yes,0.12432341,24.51,1076.81475805619
7973,BLUE LICK RD,26397,,W10,WEST,1,W,0.010732257819372586,Yes,0.01073226,24.51,92.9564638210572
7974,FEGENBUSH LN,13859,,W10,WEST,1,W,0.02901640032119617,Yes,0.0290164,24.51,251.322497741516
7975,BEULAH CHURCH RD,11870,,W10,WEST,1,W,0.03484278440192364,Yes,0.03484278,24.51,301.787467554077
7976,BLUE LICK RD,26378,,W10,WEST,1,W,0.0580482336679445,Yes,0.05804823,24.51,502.778828641226
7977,FEGENBUSH LN,13865,,W10,WEST,1,W,0.05851572974780843,Yes,0.05851573,24.51,506.828028222496
7978,FEGENBUSH LN,13861,,W10,WEST,1,W,0.027943294806246438,Yes,0.02794329,24.51,242.02790248435
7979,BLUE LICK RD,26379,,W10,WEST,1,W,0.07790106865702767,Yes,0.07790107,24.51,674.732272038203
7980,BEULAH CHURCH RD,11982,,W10,WEST,1,W,0.1177901044280372,Yes,0.1177901,24.51,1020.22704401372
7981,BEULAH CHURCH RD,11836,,W10,WEST,1,W,0.039311509134934475,Yes,0.03931151,24.51,340.492472675082
7982,BLUE LICK RD,26375,,W10,WEST,1,W,0.05055092776534325,Yes,0.05055093,24.51,437.841950202619
7983,BLUE LICK RD,26376,,W10,WEST,1,W,0.054051063912513388,Yes,0.05405106,24.51,468.157925197022
7984,BLUE LICK RD,26383,,W10,WEST,1,W,0.07094895040931598,Yes,0.07094895,24.51,614.517282623131
7985,FEGENBUSH LN,39683,,W10,WEST,1,W,0.036415630720225765,Yes,0.03641563,24.51,315.410449555177
7986,FEGENBUSH LN,13864,,W10,WEST,1,W,0.099774633728842765,Yes,0.09977463,24.51,864.188037051369
7987,BLUE LICK RD,26380,,W10,WEST,1,W,0.07959935420416826,Yes,0.07959935,24.51,689.441749349759
7988,BLUE LICK RD,26390,,W10,WEST,1,W,0.069302184167427935,Yes,0.06930218,24.51,600.253855648577
7989,BEULAH CHURCH RD,33469,,W10,WEST,1,W,0.1020938105642418,Yes,0.10209381,24.51,884.275261848507
7990,BLUE LICK RD,26373,,W10,WEST,1,W,0.08599498250740767,Yes,0.08599498,24.51,372.418674647589
7991,BLUE LICK RD,26391,,W10,WEST,1,W,0.1136545181967943,Yes,0.11365452,24.51,984.407083133467
7992,BEULAH CHURCH RD,11803,,W10,WEST,1,W,0.10834871117265667,Yes,0.10834871,24.51,938.451700042454
7993,BLUE LICK RD,26385,,W10,WEST,1,W,0.24583617686293,Yes,0.24583618,24.51,709.762038081988
7994,BLUE LICK RD,26395,,W10,WEST,1,W,0.16306836263150445,Yes,0.16306836,24.51,1412.40026124192
7995,FEGENBUSH LN,13860,,W10,WEST,1,W,0.0289854607046578,Yes,0.02898546,24.51,251.054821648398
7996,BLUE LICK RD,26396,,W10,WEST,1,W,0.04057011346369435,Yes,0.04057011,24.51,351.394065941999
7997,BLUE LICK RD,26388,,W10,WEST,1,W,0.079136903879802,Yes,0.0791369,24.51,685.436553707051
7998,BLUE LICK RD,26387,,W10,WEST,1,W,0.11184792476045656,Yes,0.11184792,24.51,968.759636362991
7999,BLUE LICK RD,26381,,W10,WEST,1,W,0.0479083332512736,Yes,0.04790833,24.51,414.953411449197
8000,BLUE LICK RD,40126,,W10,WEST,1,W,0.01448338525462232,Yes,0.01448339,24.51,125.44633810031
8001,FEGENBUSH LN,13862,,W10,WEST,1,W,0.1319219471734923,Yes,0.13192195,24.51,1142.62865089863
8002,BLUE LICK RD,26377,,W10,WEST,1,W,0.07887566060230261,Yes,0.07887566,24.51,683.173703573186
8003,BLUE LICK RD,26374,,W10,WEST,1,W,0.1216320138821665,Yes,0.12163201,24.51,1053.50322839309
8004,BLUE LICK RD,26382,,W10,WEST,1,W,0.048945329925711378,Yes,0.04894533,24.51,423.935165839686
8005,BLUE LICK RD,32694,,W10,WEST,1,W,0.0680097166646298,Yes,0.06800972,24.51,589.059163565913
8006,BEULAH CHURCH RD,12056,,W10,WEST,1,W,0.06976367969751698,Yes,0.06976368,24.51,604.251167712386
8007,BEULAH CHURCH RD,12087,,W10,WEST,1,W,0.02706455100985337,Yes,0.02706455,24.51,234.416798356181
8008,BEULAH CHURCH RD,12145,,W10,WEST,1,W,0.18016676935925438,Yes,0.18016677,24.51,780.248316680374
8009,BLUE LICK RD,26392,,W10,WEST,1,W,0.08970334898345522,Yes,0.08970335,24.51,776.956817266007
8010,BLUE LICK RD,41252,,W10,WEST,1,W,0.050953462890756855,Yes,0.05095346,24.51,441.328271208292
8011,BLUE LICK RD,26398,,W10,WEST,1,W,0.04561880261492653,Yes,0.0456188,24.51,395.122565702406
8012,BLUE LICK RD,26393,,W10,WEST,1,W,0.084574292644465,Yes,0.08457429,24.51,732.531815023186
8013,FEGENBUSH LN,13858,,W10,WEST,1,W,0.07213301676313667,Yes,0.07213302,24.51,624.827050214181
8014,FEGENBUSH LN,13855,,W10,WEST,1,W,0.018208321416146266,Yes,0.01820832,24.51,157.709782442216
8015,FEGENBUSH LN,13856,,W10,WEST,1,W,0.0225594754829526,Yes,0.02255948,24.51,195.396630151613
8016,FEGENBUSH LN,13854,,W10,WEST,1,W,0.0794564065285513,Yes,0.07945641,24.51,688.203546026528
8017,FEGENBUSH LN,13853,,W10,WEST,1,W,0.047373740870567956,Yes,0.04737374,24.51,410.323126749441
8018,FEGENBUSH LN,13857,,W10,WEST,1,W,0.05686356827032277,Yes,0.05686357,24.51,492.517837391394
8019,BLUE LICK RD,26394,,W10,WEST,1,W,0.12892543350427,Yes,0.12892543,24.51,1116.67453507014
8020,E MANSLICK RD,13920,,W10,WEST,2,W,0.067934426195269515,Yes,0.06793443,24.51,588.407101153868
8021,E MANSLICK RD,12219,,W10,WEST,2,W,0.07244942336924978,Yes,0.07244942,24.51,627.513376737431
8022,E MANSLICK RD,12084,,W10,WEST,2,W,0.05483057821955046,Yes,0.05483058,24.51,474.909478967807
8023,E MANSLICK RD,13916,,W10,WEST,2,W,0.112704355924511,Yes,0.11270436,24.51,976.177715578912
8024,E MANSLICK RD,12222,,W10,WEST,2,W,0.01602202261865588,Yes,0.01602202,24.51,138.773083606249
8025,E MANSLICK RD,13722,,W10,WEST,2,W,0.1598371490127866,Yes,0.15983715,24.51,1384.48143570131
8026,E MANSLICK RD,13918,,W10,WEST,2,W,0.18171999736948066,Yes,0.18172,24.51,1574.06966735039
8027,E MANSLICK RD,40333,,W10,WEST,2,W,0.13469976333878,Yes,0.13469976,24.51,1166.68852303637
8028,E MANSLICK RD,35529,,W10,WEST,2,W,0.19187460221995287,Yes,0.1918746,24.51,1661.90256328789
8029,E MANSLICK RD,12178,,W10,WEST,2,W,0.014091205428766546,Yes,0.01409121,24.51,122.049834304406
8030,BEULAH CHURCH RD,12381,,W10,WEST,2,W,0.07087267016509878,Yes,0.07087267,24.51,613.85640396518
8031,E MANSLICK RD,32631,,W10,WEST,2,W,0.311078502227591,Yes,0.3110785,24.51,2694.37523401276
8032,E MANSLICK RD,12215,,W10,WEST,2,W,0.02740467304894608,Yes,0.02740467,24.51,237.362820120573
8033,E MANSLICK RD,13789,,W10,WEST,2,W,0.0347781814025116,Yes,0.03477818,24.51,301.227448713038
8034,BEULAH CHURCH RD,41617,,W10,WEST,2,W,0.1095350926025145,Yes,0.10953509,24.51,948.727064440678
8035,BEULAH CHURCH RD,32684,,W10,WEST,2,W,0.23244599723835338,Yes,0.232446,24.51,2013.30795998925
8036,E MANSLICK RD,12238,,W10,WEST,2,W,0.2018956560510113,Yes,0.20189566,24.51,1748.69918802574
8037,BEULAH CHURCH RD,12164,,W10,WEST,2,W,0.035717185495891715,Yes,0.03571719,24.51,309.360771897573
8038,E MANSLICK RD,13787,,W10,WEST,2,W,0.16795434237361,Yes,0.16795434,24.51,1454.71957883412
8039,E MANSLICK RD,13791,,W10,WEST,2,W,0.0742504897369261,Yes,0.07425049,24.51,643.113353171815
8040,BEULAH CHURCH RD,12191,,W10,WEST,2,W,0.04975573008178915,Yes,0.04975573,24.51,430.95430804226
8041,BEULAH CHURCH RD,32933,,W10,WEST,2,W,0.0364967726851493,Yes,0.03649677,24.51,316.11337917298
8042,BEULAH CHURCH RD,12258,,W10,WEST,2,W,0.0765456890710025,Yes,0.07654569,24.51,662.992809630902
8043,NORMIE LN,25470,,W10,WEST,3,W,0,No,0,24.51,731.01933802457
8044,KURTZ AVE,25403,,W10,WEST,3,W,0,No,0,24.51,705.272294956667
8045,CAVEN AVE,25565,,W10,WEST,3,W,0,No,0,24.51,288.554763188552
8046,NORMIE LN,25484,,W10,WEST,3,W,0,No,0,24.51,272.693236671726
8047,NORMIE LN,25511,,W10,WEST,3,W,0,No,0,24.51,299.369240898517
8048,CARBINE LN,25569,,W10,WEST,3,W,0,No,0,24.51,294.002785481388
8049,CAVEN AVE,25462,,W10,WEST,3,W,0,No,0,24.51,325.098295024776
8050,CAVEN AVE,25447,,W10,WEST,3,W,0,No,0,24.51,361.6170558937
8051,NORMIE LN,26313,,W10,WEST,3,W,0,No,0,24.51,646.072283461964
8052,NORMIE LN,25496,,W10,WEST,3,W,0,No,0,24.51,299.483526352995
8053,CAVEN AVE,25507,,W10,WEST,3,W,0,No,0,24.51,299.70136392593
8054,CAVEN AVE,25433,,W10,WEST,3,W,0,No,0,24.51,360.015826758383
8055,CAVEN AVE,25495,,W10,WEST,3,W,0,No,0,24.51,301.293349642939
8056,NORMIE LN,26315,,W10,WEST,3,W,0,No,0,24.51,670.497232120173
8057,KURTZ AVE,25430,,W10,WEST,3,W,0,No,0,24.51,1161.04634856178
8058,CAVEN AVE,25560,,W10,WEST,3,W,0,No,0,24.51,417.650351795538
8059,CARBINE LN,25567,,W10,WEST,3,W,0,No,0,24.51,302.178961739233
8060,KURTZ AVE,25413,,W10,WEST,3,W,0,No,0,24.51,468.451266648328
8061,CARBINE LN,26316,,W10,WEST,3,W,0,No,0,24.51,516.470427025482
8062,CARBINE LN,25568,,W10,WEST,3,W,0,No,0,24.51,572.175422983939
8063,CAVEN AVE,25527,,W10,WEST,3,W,0,No,0,24.51,330.464936188668
8064,CAVEN AVE,25548,,W10,WEST,3,W,0,No,0,24.51,398.768299701982
8065,CAVEN AVE,25482,,W10,WEST,3,W,0,No,0,24.51,295.422654926629
8066,BARRICKS RD,25908,,W10,WEST,3,W,0.2138407161669067,Yes,0.21384072,24.51,1852.15991905168
8067,HUTCHERSON DR,25609,,W10,WEST,3,W,0.328789725691325,Yes,0.32878973,24.51,949.259682258253
8068,NEW CUT RD,24393,,W11,WEST,1,W,0.15681068727847886,Yes,0.15681069,17.88,1358.20022674438
8069,NEW CUT RD,25123,,W11,WEST,1,W,0.1981885904622953,Yes,0.19818859,17.88,858.50042604287
8070,NEW CUT RD,24421,,W11,WEST,1,W,0.10192479293364735,Yes,0.10192479,17.88,441.405649390085
8071,NEW CUT RD,24565,,W11,WEST,1,W,0.2406650017659313,Yes,0.240665,17.88,1042.24809500565
8072,NEW CUT RD,24702,,W11,WEST,1,W,0.1184191201845641,Yes,0.11841912,17.88,513.179853751306
8073,NEW CUT RD,24649,,W11,WEST,1,W,0.245231969185075,Yes,0.24523197,17.88,1062.12325042929
8074,NEW CUT RD,24781,,W11,WEST,1,W,0.21082286258263475,Yes,0.21082286,17.88,913.304985201405
8075,NEW CUT RD,25686,,W11,WEST,1,W,0.096199428388267935,Yes,0.09619943,17.88,416.610864463545
8076,NEW CUT RD,25689,,W11,WEST,1,W,0.055057604134578185,Yes,0.0550576,17.88,238.43777537992
8077,NEW CUT RD,25962,,W11,WEST,1,W,0.10839520727027546,Yes,0.10839521,17.88,938.854130376493
8078,NEW CUT RD,24816,,W11,WEST,1,W,0.0934253517576295,Yes,0.09342535,17.88,404.597235937327
8079,NEW CUT RD,24913,,W11,WEST,1,W,0.1180853181822252,Yes,0.11808532,17.88,1022.92084300887
8080,NEW CUT RD,25960,,W11,WEST,1,W,0.1841414745565431,Yes,0.18414147,17.88,797.46129111387
8081,MOUNT HOLLY RD,26231,,W11,WEST,2,W,0.03968343663364347,Yes,0.03968344,17.88,343.714117623764
8082,MOUNT HOLLY RD,26225,,W11,WEST,2,W,0.1383305667585738,Yes,0.13833057,17.88,1198.13626806993
8083,W MANSLICK RD,26435,,W11,WEST,2,W,0.2057217297174562,Yes,0.20572173,17.88,1782.1434861194
8084,MOUNT HOLLY RD,26230,,W11,WEST,2,W,0.0559546529319715,Yes,0.05595465,17.88,484.645715600844
8085,MOUNT HOLLY RD,25510,,W11,WEST,2,W,0.10236364755227086,Yes,0.10236365,17.88,886.612408321957
8086,MOUNT HOLLY RD,25479,,W11,WEST,2,W,0.051439842922476477,Yes,0.05143984,17.88,445.540969175138
8087,MITCHELL HILL RD,25476,,W11,WEST,2,W,0.015672904532948,Yes,0.0156729,17.88,135.749641948608
8088,W MANSLICK RD,38742,,W11,WEST,2,W,0.0248625193514609,Yes,0.02486252,17.88,215.398125724303
8089,FAIRDALE RD,38743,,W11,WEST,2,W,0.0089278118634952656,Yes,0.00892781,17.88,77.3273474361068
8090,MOUNT HOLLY RD,25456,,W11,WEST,2,W,0.00965660165358402,Yes,0.0096566,17.88,83.6396415307707
8091,W MANSLICK RD,26426,,W11,WEST,2,W,0.070147683839682118,Yes,0.07014768,17.88,607.730498429443
8092,MOUNT HOLLY RD,25523,,W11,WEST,2,W,0.06683593885069845,Yes,0.06683594,17.88,578.892983514001
8093,W MANSLICK RD,26430,,W11,WEST,2,W,0.1897248673626951,Yes,0.18972487,17.88,1643.28297597793
8094,MOUNT HOLLY RD,26219,,W11,WEST,2,W,0.089645493625267747,Yes,0.08964549,17.88,776.455630159103
8095,MOUNT HOLLY RD,25494,,W11,WEST,2,W,0.078013656734693376,Yes,0.07801366,17.88,675.707550374051
8096,W MANSLICK RD,26431,,W11,WEST,2,W,0.38014280241235687,Yes,0.3801428,17.88,3292.68556001888
8097,W MANSLICK RD,38733,,W11,WEST,2,W,0.00919352007393416,Yes,0.00919352,17.88,79.628699339227
8098,MOUNT HOLLY RD,38744,,W11,WEST,2,W,0.0625355473428307,Yes,0.06253555,17.88,541.824654320597
8099,W MANSLICK RD,26437,,W11,WEST,2,W,0.01964904484453645,Yes,0.01964904,17.88,170.188232705297
8100,W MANSLICK RD,26436,,W11,WEST,2,W,0.0423714500350025,Yes,0.04237145,17.88,366.996166681622
8101,W MANSLICK RD,26438,,W11,WEST,2,W,0.1489938386743344,Yes,0.14899384,17.88,1290.49492787806
8102,W MANSLICK RD,26428,,W11,WEST,2,W,0.05194134179118141,Yes,0.05194134,17.88,449.884650850691
8103,W MANSLICK RD,26429,,W11,WEST,2,W,0.540704560715186,Yes,0.54070456,17.88,2341.62923352656
8104,W MANSLICK RD,26427,,W11,WEST,2,W,0.06126874310410711,Yes,0.06126874,17.88,531.101136574991
8105,MOUNT HOLLY RD,26252,,W11,WEST,2,W,0.139249004539547,Yes,0.139249,17.88,1206.09113551007
8106,W MANSLICK RD,26433,,W11,WEST,2,W,0.07364813828418293,Yes,0.07364814,17.88,637.895940425072
8107,NEW CUT RD,25159,,W11,WEST,2,W,0.05864919977847553,Yes,0.0586492,17.88,508.261703174842
8108,NEW CUT RD,31494,,W11,WEST,2,W,0.0762926654838694,Yes,0.07629267,17.88,660.801348269157
8109,NEW CUT RD,31495,,W11,WEST,2,W,0.08494717710157393,Yes,0.08494718,17.88,735.761389029213
8110,NEW CUT RD,25177,,W11,WEST,2,W,0.037271236737395,Yes,0.03727124,17.88,322.821097546664
8111,W MANSLICK RD,26432,,W11,WEST,2,W,0.0998396872907755,Yes,0.09983969,17.88,864.819535824309
8112,NEW CUT RD,25257,,W11,WEST,2,W,0.22054819218394137,Yes,0.22054819,17.88,1910.25630499645
8113,CANE RUN RD,30884,,W12,WEST,1,W,0.0438778240352716,Yes,0.04387782,41.9,190.021719564501
8114,CANE RUN RD,21458,,W12,WEST,1,W,0.1407364993736652,Yes,0.1407365,41.9,1218.97499205275
8115,CANE RUN RD,29617,,W12,WEST,1,W,0.0640560003848473,Yes,0.064056,41.9,277.407268904169
8116,CANE RUN RD,21459,,W12,WEST,1,W,0.159142149052562,Yes,0.15914215,41.9,1378.39375041801
8117,CANE RUN RD,29615,,W12,WEST,1,W,0.072241666673162827,Yes,0.07224167,41.9,312.856827528584
8118,CANE RUN RD,22286,,W12,WEST,1,W,0.051164005219356788,Yes,0.05116401,41.9,221.576159967894
8119,CANE RUN RD,22285,,W12,WEST,1,W,0.12851277359843488,Yes,0.12851277,41.9,556.550284993694
8120,GREENBELT HWY,27953,,W12,WEST,1,W,0.3107468610997477,Yes,0.31074686,41.9,2691.502857729
8121,CANE RUN RD,21457,,W12,WEST,1,W,0.08272224110430787,Yes,0.08272224,41.9,358.245465733067
8122,CANE RUN RD,22296,,W12,WEST,1,W,0.04552485408613841,Yes,0.04552485,41.9,394.309250464103
8123,CANE RUN RD,21456,,W12,WEST,1,W,0.08645047410711033,Yes,0.08645047,41.9,374.390888320036
8124,CANE RUN RD,21454,,W12,WEST,1,W,0.04826085466556131,Yes,0.04826085,41.9,418.006681370517
8125,CANE RUN RD,22289,,W12,WEST,1,W,0.005487507098138334,Yes,0.00548751,41.9,95.0591774109465
8126,GREENBELT HWY,28787,,W12,WEST,1,W,0.27967704444951785,Yes,0.27967704,41.9,2422.39484181962
8127,CANE RUN RD,29619,,W12,WEST,1,W,0.1091288281757943,Yes,0.10912883,41.9,472.604048770281
8128,CANE RUN RD,32187,,W12,WEST,1,W,0.040512246346596725,Yes,0.04051225,41.9,175.44641191294
8129,CANE RUN RD,29616,,W12,WEST,1,W,0.1791494933813934,Yes,0.17914949,41.9,775.843014249263
8130,CANE RUN RD,29614,,W12,WEST,1,W,0.0796687719133039,Yes,0.07966877,41.9,345.021653532427
8131,CANE RUN RD,30012,,W12,WEST,1,W,0.27204957505913147,Yes,0.27204958,41.9,1178.16500066908
8132,CANE RUN RD,21460,,W12,WEST,1,W,0.066430485453155566,Yes,0.06643049,41.9,575.381232314715
8133,CANE RUN RD,29870,,W12,WEST,1,W,0.17016474721283048,Yes,0.17016475,41.9,1473.86486311723
8134,CANE RUN RD,29624,,W12,WEST,1,W,0.03908393163375495,Yes,0.03908393,41.9,169.261125244697
8135,CANE RUN RD,29613,,W12,WEST,1,W,0.1175913215859134,Yes,0.11759132,41.9,509.252770035728
8136,CANE RUN RD,29612,,W12,WEST,1,W,0.0729663726384346,Yes,0.07296637,41.9,315.995341206263
8137,CANE RUN RD,21455,,W12,WEST,1,W,0.04101368460528668,Yes,0.04101368,41.9,355.236046798157
8138,CANE RUN RD,22295,,W12,WEST,1,W,0.05664385270746482,Yes,0.05664385,41.9,490.614924420428
8139,GREENBELT HWY,28384,,W12,WEST,1,W,0.5554353887595905,Yes,0.55543539,41.9,2405.4238950196
8140,CANE RUN RD,22287,,W12,WEST,1,W,0.16439898280426,Yes,0.16439898,41.9,474.641701889664
8141,CANE RUN RD,29623,,W12,WEST,1,W,0.096352261255412755,Yes,0.09635226,41.9,417.272591221572
8142,CANE RUN RD,22291,,W12,WEST,1,W,0.115086554427459,Yes,0.11508655,41.9,498.405410409036
8143,CANE RUN RD,22288,,W12,WEST,1,W,0.03726086324116588,Yes,0.03726086,41.9,161.365533716502
8144,CANE RUN RD,22284,,W12,WEST,1,W,0.2866970504100341,Yes,0.28669705,41.9,1241.59867197121
8145,CANE RUN RD,29620,,W12,WEST,1,W,0.03372620278488815,Yes,0.0337262,41.9,292.116131896755
8146,CANE RUN RD,22300,,W12,WEST,1,W,0.07030265822802162,Yes,0.07030266,41.9,304.459804777248
8147,GREENBELT HWY,28503,,W12,WEST,1,W,0.25843183045455065,Yes,0.25843183,41.9,2238.3814624385
8148,CANE RUN RD,22290,,W12,WEST,1,W,0.08046353899871686,Yes,0.08046354,41.9,348.463391737568
8149,CANE RUN RD,30883,,W12,WEST,1,W,0.2106590644764643,Yes,0.21065906,41.9,912.30106778478
8150,CANE RUN RD,29621,,W12,WEST,1,W,0.063336883111952985,Yes,0.06333688,41.9,548.586127388735
8151,CANE RUN RD,22297,,W12,WEST,1,W,0.1287320474321733,Yes,0.12873205,41.9,557.49976965382
8152,CANE RUN RD,29618,,W12,WEST,1,W,0.1451012691661968,Yes,0.14510127,41.9,628.389997725635
8153,CANE RUN RD,22283,,W12,WEST,1,W,0.0086166227118222357,Yes,0.00861662,41.9,74.6320400783069
8154,CANE RUN RD,22299,,W12,WEST,1,W,0.2233991355963815,Yes,0.22339914,41.9,967.474717046911
8155,GREENBELT HWY,27627,,W12,WEST,1,W,0.17539325476028,Yes,0.17539325,41.9,1519.15115069275
8156,GREENBELT HWY,28786,,W12,WEST,1,W,0.20220952472549716,Yes,0.20220952,41.9,1751.99621087378
8157,CANE RUN RD,22292,,W12,WEST,1,W,0.06462457868947613,Yes,0.06462458,41.9,279.869405954032
8158,CANE RUN RD,22294,,W12,WEST,1,W,0.066914792898389155,Yes,0.06691479,41.9,289.787875169601
8159,GREENBELT HWY,27521,,W12,WEST,1,W,0.1545234518476696,Yes,0.15452345,41.9,1338.38946975985
8160,GREENBELT HWY,27871,,W12,WEST,1,W,0.3109435413505426,Yes,0.31094354,41.9,2693.20647426529
8161,GREENBELT HWY,27690,,W12,WEST,1,W,0.139859030419014,Yes,0.13985903,41.9,1211.37470831542
8162,CANE RUN RD,22293,,W12,WEST,1,W,0.0873594729191967,Yes,0.08735947,41.9,378.327819414255
8163,CANE RUN RD,29625,,W12,WEST,1,W,0.096124888417524076,Yes,0.09612489,41.9,416.287698820581
8164,CANE RUN RD,29626,,W12,WEST,1,W,0.154730307498046,Yes,0.15473031,41.9,670.090549949248
8165,GREENBELT HWY,26923,,W12,WEST,1,W,0.2027763481541374,Yes,0.20277635,41.9,878.464147778626
8166,GREENBELT HWY,28828,,W12,WEST,1,W,0.09528495633535261,Yes,0.09528496,41.9,825.301059580028
8167,GREENBELT HWY,33480,,W12,WEST,1,W,0.2533128335827088,Yes,0.25331283,41.9,2194.04386383354
8168,CANE RUN RD,29622,,W12,WEST,1,W,0.30162018705941585,Yes,0.30162019,41.9,1306.2266417774
8169,GREENBELT HWY,26937,,W12,WEST,1,W,0.064780517855327388,Yes,0.06478052,41.9,561.089851942739
8170,GREENBELT HWY,28821,,W12,WEST,1,W,0.1012178506954553,Yes,0.10121785,41.9,876.688455619394
8171,GREENBELT HWY,28778,,W12,WEST,1,W,0.38420285561518,Yes,0.38420286,41.9,3327.73455375934
8172,GREENBELT HWY,28780,,W12,WEST,1,W,0.2404474994734634,Yes,0.2404475,41.9,2082.61220842083
8173,GREENBELT HWY,28803,,W12,WEST,1,W,0.12286328382169925,Yes,0.12286328,41.9,1064.1681175782
8174,GREENBELT HWY,28806,,W12,WEST,1,W,0.20850737056214158,Yes,0.20850737,41.9,1806.29166251182
8175,NATIONAL TPKE,24597,,W13,WEST,1,W,0.32336293306957015,Yes,0.32336293,16.18,1400.38787605989
8176,NATIONAL TPKE,24474,,W13,WEST,1,W,0.143545281290651,Yes,0.14354528,16.18,621.651277761864
8177,NATIONAL TPKE,24807,,W13,WEST,1,W,0.530391839976735,Yes,0.53039184,16.18,2296.96791736929
8178,NATIONAL TPKE,35543,,W13,WEST,1,W,0.1112740402816724,Yes,0.11127404,16.18,481.894537718381
8179,NATIONAL TPKE,24219,,W13,WEST,1,W,0.205355268093062,Yes,0.20535527,16.18,889.331927955862
8180,NATIONAL TPKE,25954,,W13,WEST,1,W,0.117078631328775,Yes,0.11707863,16.18,507.032457239395
8181,NATIONAL TPKE,26257,,W13,WEST,1,W,0.10014618089055867,Yes,0.10014618,16.18,433.703064030136
8182,NATIONAL TPKE,26259,,W13,WEST,1,W,0.2341832505382377,Yes,0.23418325,16.18,1014.17733932408
8183,NATIONAL TPKE,25216,,W13,WEST,1,W,0.21734882413189177,Yes,0.21734882,16.18,941.272386451404
8184,NATIONAL TPKE,33203,,W13,WEST,1,W,0.269004463973,Yes,0.26900446,16.18,1164.97766464485
8185,NATIONAL TPKE,25139,,W13,WEST,1,W,0.09694443446536188,Yes,0.09694443,16.18,419.83720043862
8186,NATIONAL TPKE,25952,,W13,WEST,1,W,0.1532157042403034,Yes,0.1532157,16.18,663.531174606645
8187,NATIONAL TPKE,24166,,W13,WEST,1,W,0.105397304916113,Yes,0.1053973,16.18,456.444329445347
8188,NATIONAL TPKE,25245,,W13,WEST,1,W,0.068404815696684537,Yes,0.06840482,16.18,592.481586644428
8189,NATIONAL TPKE,26255,,W13,WEST,1,W,0.08172814700939626,Yes,0.08172815,16.18,353.940281448164
8190,NATIONAL TPKE,24432,,W13,WEST,1,W,0.13657259892699,Yes,0.1365726,16.18,591.455030294663
8191,NATIONAL TPKE,25950,,W13,WEST,1,W,0.09926581580499681,Yes,0.09926582,16.18,429.890508673334
8192,NATIONAL TPKE,25945,,W13,WEST,1,W,0.1825933329702882,Yes,0.18259333,16.18,790.757155948463
8193,NATIONAL TPKE,25943,,W13,WEST,1,W,0.23035243031818486,Yes,0.23035243,16.18,997.587256493604
8194,NATIONAL TPKE,25293,,W13,WEST,1,W,0.105172260567382,Yes,0.10517226,16.18,910.939119455886
8195,NATIONAL TPKE,26214,,W13,WEST,1,W,0.20202068033447076,Yes,0.20202068,16.18,1749.78170742599
8196,NATIONAL TPKE,25400,,W13,WEST,1,W,0.0222793990552444,Yes,0.0222794,16.18,192.970985270336
8197,NATIONAL TPKE,26251,,W13,WEST,1,W,0.0358065858103133,Yes,0.03580659,16.18,310.135120459482
8198,NATIONAL TPKE,26253,,W13,WEST,1,W,0.0982603667974964,Yes,0.09826037,16.18,851.072555021242
8199,NATIONAL TPKE,25389,,W13,WEST,1,W,0.24730039201736,Yes,0.24730039,16.18,2141.96739649238
8200,NATIONAL TPKE,25604,,W13,WEST,1,W,0.1195680601569616,Yes,0.11956806,16.18,1035.62663010798
8201,NATIONAL TPKE,26235,,W13,WEST,1,W,0.2528267027362295,Yes,0.2528267,16.18,2189.83350074444
8202,NATIONAL TPKE,26222,,W13,WEST,1,W,0.186811604593182,Yes,0.1868116,16.18,1618.05010769278
8203,NATIONAL TPKE,26234,,W13,WEST,1,W,0.0065121296918964847,Yes,0.00651213,16.18,56.4039132205764
8204,NATIONAL TPKE,26229,,W13,WEST,1,W,0.078047196640210675,Yes,0.0780472,16.18,675.997931346592
8205,E MANSLICK RD,30146,,W14,WEST,1,W,0.1848915654453694,Yes,0.18489157,22.16,1601.4196937879
8206,E MANSLICK RD,25195,,W14,WEST,1,W,0.05288238438911469,Yes,0.05288238,22.16,458.035748705006
8207,E MANSLICK RD,25207,,W14,WEST,1,W,0.051253258970231537,Yes,0.05125326,22.16,443.924760351487
8208,SOUTH PARK RD,26227,,W14,WEST,2,W,0,No,0,22.16,775.752090635002
8209,SOUTH PARK RD,25226,,W14,WEST,2,W,0,No,0,22.16,399.539165583856
8210,SOUTH PARK RD,25223,,W14,WEST,2,W,0,No,0,22.16,508.609464534902
8211,SOUTH PARK RD,26300,,W14,WEST,2,W,0,No,0,22.16,2814.79734077742
8212,FAIRDALE RD,25436,,W14,WEST,2,W,0,No,0,22.16,771.798645955947
8213,SOUTH PARK RD,26221,,W14,WEST,2,W,0,No,0,22.16,632.682836246852
8214,SOUTH PARK RD,25213,,W14,WEST,2,W,0,No,0,22.16,544.999117193562
8215,SOUTH PARK RD,26232,,W14,WEST,2,W,0,No,0,22.16,1209.72111344408
8216,SOUTH PARK RD,26304,,W14,WEST,2,W,0,No,0,22.16,1522.32711141678
8217,SOUTH PARK RD,26301,,W14,WEST,2,W,0,No,0,22.16,5948.77099440693
8218,SOUTH PARK RD,25243,,W14,WEST,2,W,0,No,0,22.16,2132.01660972764
8219,SOUTH PARK RD,26215,,W14,WEST,2,W,0,No,0,22.16,1183.44408955531
8220,SOUTH PARK RD,26209,,W14,WEST,2,W,0,No,0,22.16,4298.16528399622
8221,SOUTH PARK RD,25233,,W14,WEST,2,W,0,No,0,22.16,664.146927494136
8222,SOUTH PARK RD,25221,,W14,WEST,2,W,0,No,0,22.16,334.502757950788
8223,SOUTH PARK RD,32334,,W14,WEST,2,W,0,No,0,22.16,470.354174029063
8224,SOUTH PARK RD,25235,,W14,WEST,2,W,0,No,0,22.16,629.991337751266
8225,SOUTH PARK RD,25231,,W14,WEST,2,W,0,No,0,22.16,308.415093385724
8226,SOUTH PARK RD,26298,,W14,WEST,2,W,0,No,0,22.16,2025.2710423051
8227,FAIRDALE RD,25228,,W14,WEST,2,W,0,No,0,22.16,317.451072855907
8228,SOUTH PARK RD,25249,,W14,WEST,2,W,0,No,0,22.16,547.730878826855
8229,FAIRDALE RD,25405,,W14,WEST,2,W,0,No,0,22.16,3418.57133204317
8230,FAIRDALE RD,25292,,W14,WEST,2,W,0,No,0,22.16,3233.065266374
8231,SOUTH PARK RD,30385,,W14,WEST,2,W,0.3859281186982287,Yes,0.38592812,22.16,3342.67769318465
8232,SOUTH PARK RD,25603,,W14,WEST,2,W,0,No,0,22.16,871.075534594764
8233,KIRSCH WAY,25458,,W14,WEST,3,W,0,No,0,22.16,895.73372916666
8234,OLD SOUTH PARK RD,25225,,W14,WEST,3,W,0,No,0,22.16,716.894891951516
8235,COOPER AVE,12181,,W14,WEST,3,W,0,No,0,22.16,442.194653326112
8236,COOPER AVE,25138,,W14,WEST,3,W,0,No,0,22.16,192.319333863856
8237,OLD SOUTH PARK RD,25210,,W14,WEST,3,W,0,No,0,22.16,272.709752013184
8238,TIN DOR WAY,25459,,W14,WEST,3,W,0,No,0,22.16,1421.15435478357
8239,CALLIE DR,25431,,W14,WEST,3,W,0,No,0,22.16,390.009133442656
8240,GRANGER RD,31327,,W14,WEST,3,W,0,No,0,22.16,739.30769100777
8241,COOPER AVE,32724,,W14,WEST,3,W,0,No,0,22.16,412.162944210561
8242,GRANGER RD,26217,,W14,WEST,3,W,0,No,0,22.16,1644.43290643384
8243,KIRSCH WAY,25429,,W14,WEST,3,W,0,No,0,22.16,671.274102273249
8244,TIN DOR WAY,25432,,W14,WEST,3,W,0,No,0,22.16,365.348255555897
8245,GRANGER RD,31328,,W14,WEST,3,W,0,No,0,22.16,1091.35172340885
8246,TIN DOR WAY,25423,,W14,WEST,3,W,0,No,0,22.16,374.366788660112
8247,COOPER AVE,12188,,W14,WEST,3,W,0,No,0,22.16,333.578393019335
8248,COOPER AVE,30145,,W14,WEST,3,W,0,No,0,22.16,1043.29667758731
8249,OLD SOUTH PARK RD,25201,,W14,WEST,3,W,0,No,0,22.16,160.849938007586
8250,OLD SOUTH PARK RD,25218,,W14,WEST,3,W,0,No,0,22.16,170.455902230645
8251,COOPER AVE,12190,,W14,WEST,3,W,0,No,0,22.16,88.6835817484847
8252,COOPER AVE,25141,,W14,WEST,3,W,0,No,0,22.16,448.05793714548
8253,FARMERS LN,26213,,W14,WEST,3,W,0,No,0,22.16,5201.91265463823
8254,SHEPHERDSVILLE RD,12211,,W15,WEST,1,W,0,No,0,35.85,835.44327208835
8255,SHEPHERDSVILLE RD,12124,,W15,WEST,1,W,0,No,0,35.85,448.015123048099
8256,SHEPHERDSVILLE RD,11580,,W15,WEST,1,W,0.119993209329572,Yes,0.11999321,35.85,519.654656651252
8257,SHEPHERDSVILLE RD,11612,,W15,WEST,1,W,0,No,0,35.85,609.802765193784
8258,SHEPHERDSVILLE RD,12176,,W15,WEST,1,W,0,No,0,35.85,220.120094162968
8259,SHEPHERDSVILLE RD,12094,,W15,WEST,1,W,0,No,0,35.85,639.073581332127
8260,SHEPHERDSVILLE RD,11549,,W15,WEST,1,W,0.0873659056381483,Yes,0.08736591,35.85,378.355257480006
8261,SHEPHERDSVILLE RD,12027,,W15,WEST,1,W,0,No,0,35.85,292.63076874029
8262,SHEPHERDSVILLE RD,13377,,W15,WEST,1,W,0.1130399160519117,Yes,0.11303992,35.85,489.542075038041
8263,SHEPHERDSVILLE RD,12167,,W15,WEST,1,W,0,No,0,35.85,726.167891998767
8264,SHEPHERDSVILLE RD,11654,,W15,WEST,1,W,0,No,0,35.85,457.197508293885
8265,SHEPHERDSVILLE RD,40949,,W15,WEST,1,W,0,No,0,35.85,690.043803163063
8266,SHEPHERDSVILLE RD,11906,,W15,WEST,1,W,0,No,0,35.85,786.151280046575
8267,SHEPHERDSVILLE RD,40950,,W15,WEST,1,W,0,No,0,35.85,584.295986108764
8268,SHEPHERDSVILLE RD,11996,,W15,WEST,1,W,0,No,0,35.85,170.001906385583
8269,SHEPHERDSVILLE RD,32523,,W15,WEST,1,W,0,No,0,35.85,359.560727655616
8270,SHEPHERDSVILLE RD,11705,,W15,WEST,1,W,0,No,0,35.85,547.583567890352
8271,SHEPHERDSVILLE RD,33354,,W15,WEST,1,W,0,No,0,35.85,626.931259343603
8272,BRISCOE LN,13383,,W15,WEST,2,W,0,No,0,35.85,204.952318842388
8273,BATES RD,12236,,W15,WEST,2,W,0,No,0,35.85,1949.22992212609
8274,BRISCOE LN,33709,,W15,WEST,2,W,0,No,0,35.85,691.308634887312
8275,VAUGHN MILL RD,12015,,W15,WEST,2,W,0,No,0,35.85,162.52337015261
8276,BRISCOE LN,11494,,W15,WEST,2,W,0,No,0,35.85,358.64689238085
8277,MILES LN,12095,,W15,WEST,2,W,0,No,0,35.85,265.523227205331
8278,COOPER CHAPEL RD,12898,,W15,WEST,2,W,0,No,0,35.85,456.434197518425
8279,BRISCOE LN,33711,,W15,WEST,2,W,0,No,0,35.85,509.610384222847
8280,COOPER CHAPEL RD,14056,,W15,WEST,2,W,0,No,0,35.85,678.951175831308
8281,VAUGHN MILL RD,32860,,W15,WEST,2,W,0,No,0,35.85,448.60272057221
8282,MILES LN,12104,,W15,WEST,2,W,0,No,0,35.85,403.828316933527
8283,MILES LN,25008,,W15,WEST,2,W,0,No,0,35.85,996.082142145198
8284,BRISCOE LN,32204,,W15,WEST,2,W,0,No,0,35.85,433.199399654892
8285,VAUGHN MILL RD,11992,,W15,WEST,2,W,0,No,0,35.85,215.560418429101
8286,VAUGHN MILL RD,30834,,W15,WEST,2,W,0,No,0,35.85,247.784977803337
8287,VAUGHN MILL RD,31778,,W15,WEST,2,W,0,No,0,35.85,280.240666727284
8288,BRISCOE LN,13376,,W15,WEST,2,W,0,No,0,35.85,717.441986348392
8289,COOPER CHAPEL RD,12382,,W15,WEST,2,W,0,No,0,35.85,1966.61164214677
8290,BRISCOE LN,13347,,W15,WEST,2,W,0,No,0,35.85,172.496587552096
8291,VAUGHN MILL RD,11966,,W15,WEST,2,W,0,No,0,35.85,747.038017206647
8292,SHEPHERDSVILLE RD,12230,,W15,WEST,2,W,0.083901012707437217,Yes,0.08390101,35.85,726.700106087486
8293,BRISCOE LN,32200,,W15,WEST,2,W,0,No,0,35.85,731.768362036912
8294,BATES RD,12359,,W15,WEST,2,W,0,No,0,35.85,2716.70365559628
8295,COOPER CHAPEL RD,12783,,W15,WEST,2,W,0,No,0,35.85,658.831609848979
8296,E MANSLICK RD,12241,,W15,WEST,2,W,0.052784394890794985,Yes,0.05278439,35.85,457.186957881499
8297,COOPER CHAPEL RD,12778,,W15,WEST,2,W,0,No,0,35.85,1094.38353903712
8298,BRISCOE LN,31759,,W15,WEST,2,W,0,No,0,35.85,391.990305160258
8299,PENNSYLVANIA RUN RD,12371,,W15,WEST,2,W,0,No,0,35.85,3301.40208104669
8300,COOPER CHAPEL RD,12374,,W15,WEST,2,W,0,No,0,35.85,2865.30707095307
8301,BRISCOE LN,13900,,W15,WEST,2,W,0,No,0,35.85,497.405570742383
8302,COOPER CHAPEL RD,12415,,W15,WEST,2,W,0,No,0,35.85,572.586151268572
8303,VAUGHN MILL RD,30833,,W15,WEST,2,W,0,No,0,35.85,338.7154562179
8304,COOPER CHAPEL RD,12362,,W15,WEST,2,W,0,No,0,35.85,157.40462690014
8305,VAUGHN MILL RD,11538,,W15,WEST,2,W,0,No,0,35.85,275.572905521955
8306,MILES LN,12102,,W15,WEST,2,W,0,No,0,35.85,402.775458806416
8307,MILES LN,30140,,W15,WEST,2,W,0,No,0,35.85,398.988378823044
8308,MILES LN,12111,,W15,WEST,2,W,0,No,0,35.85,399.819276524139
8309,BRISCOE LN,32158,,W15,WEST,2,W,0,No,0,35.85,462.378663278618
8310,COOPER CHAPEL RD,37262,,W15,WEST,2,W,0,No,0,35.85,1118.43303027471
8311,COOPER CHAPEL RD,12899,,W15,WEST,2,W,0,No,0,35.85,1633.03713156413
8312,COOPER CHAPEL RD,12780,,W15,WEST,2,W,0,No,0,35.85,447.115050631936
8313,CHAMBERS WAY,12355,,W15,WEST,2,W,0,No,0,35.85,93.4498782228679
8314,VAUGHN MILL RD,11772,,W15,WEST,2,W,0,No,0,35.85,938.009834298865
8315,COOPER CHAPEL RD,37616,,W15,WEST,2,W,0,No,0,35.85,88.925303662385
8316,COOPER CHAPEL RD,12361,,W15,WEST,2,W,0,No,0,35.85,1050.75933779176
8317,COOPER CHAPEL RD,12417,,W15,WEST,2,W,0,No,0,35.85,1409.56747972671
8318,BRISCOE LN,13312,,W15,WEST,2,W,0,No,0,35.85,584.039101386003
8319,MILES LN,25010,,W15,WEST,2,W,0,No,0,35.85,592.403893430536
8320,COOPER CHAPEL RD,12782,,W15,WEST,2,W,0,No,0,35.85,813.412605509382
8321,PENNSYLVANIA RUN RD,13726,,W15,WEST,2,W,0,No,0,35.85,306.282982872752
8322,PENNSYLVANIA RUN RD,13740,,W15,WEST,2,W,0,No,0,35.85,1753.53094204303
8323,MILES LN,12096,,W15,WEST,2,W,0,No,0,35.85,404.562947892593
8324,PENNSYLVANIA RUN RD,13716,,W15,WEST,2,W,0,No,0,35.85,887.158737519073
8325,COOPER CHAPEL RD,12358,,W15,WEST,2,W,0,No,0,35.85,299.33052648873
8326,SMYRNA CONNECTOR,37617,,W15,WEST,2,W,0,No,0,35.85,89.4650373577078
8327,SMYRNA CONNECTOR,37615,,W15,WEST,2,W,0,No,0,35.85,84.9439751056391
8328,E MANSLICK RD,12240,,W15,WEST,2,W,0.03119794513982602,Yes,0.03119795,35.85,270.217806733772
8329,BRISCOE LN,13899,,W15,WEST,2,W,0,No,0,35.85,970.208093855517
8330,VAUGHN MILL RD,33854,,W15,WEST,2,W,0,No,0,35.85,659.65817652876
8331,VAUGHN MILL RD,11666,,W15,WEST,2,W,0,No,0,35.85,484.321855160475
8332,BRISCOE LN,31760,,W15,WEST,2,W,0,No,0,35.85,527.639801366252
8333,VAUGHN MILL RD,31777,,W15,WEST,2,W,0,No,0,35.85,608.698751770473
8334,PENNSYLVANIA RUN RD,13721,,W15,WEST,2,W,0,No,0,35.85,147.156711944597
8335,COOPER CHAPEL RD,32189,,W15,WEST,2,W,0,No,0,35.85,404.194107569258
8336,BRISCOE LN,31755,,W15,WEST,2,W,0,No,0,35.85,367.674615789626
8337,BRISCOE LN,31757,,W15,WEST,2,W,0,No,0,35.85,354.208333901298
8338,COOPER CHAPEL RD,12364,,W15,WEST,2,W,0,No,0,35.85,461.873492956778
8339,COOPER CHAPEL RD,12368,,W15,WEST,2,W,0,No,0,35.85,552.124406589278
8340,COOPER CHAPEL RD,40410,,W15,WEST,2,W,0,No,0,35.85,678.396782122767
8341,COOPER CHAPEL RD,12372,,W15,WEST,2,W,0,No,0,35.85,1266.99060966118
8342,BRISCOE LN,31499,,W15,WEST,2,W,0,No,0,35.85,1829.87992365863
8343,VAUGHN MILL RD,11891,,W15,WEST,2,W,0,No,0,35.85,515.247074877224
8344,COOPER CHAPEL RD,12366,,W15,WEST,2,W,0,No,0,35.85,214.025419597332
8345,VAUGHN MILL RD,11496,,W15,WEST,2,W,0,No,0,35.85,755.629100716251
8346,WHISPERING HILLS BLVD,13310,,W15,WEST,3,W,0,No,0,35.85,504.838127560996
8347,WHISPERING HILLS BLVD,11347,,W15,WEST,3,W,0,No,0,35.85,341.417940809589
8348,WHISPERING HILLS BLVD,13321,,W15,WEST,3,W,0,No,0,35.85,437.635203085024
8349,WELCHIRE FALLS DR,32207,,W15,WEST,3,W,0,No,0,35.85,213.442528400529
8350,WHISPERING HILLS BLVD,11197,,W15,WEST,3,W,0,No,0,35.85,302.637478569629
8351,ROCKY MOUNTAIN DR,11190,,W15,WEST,3,W,0,No,0,35.85,344.895141223171
8352,OLD BATES RD,12235,,W15,WEST,3,W,0,No,0,35.85,1530.73785757481
8353,WOODROW WAY,13306,,W15,WEST,3,W,0,No,0,35.85,366.093690088296
8354,ROCKY MOUNTAIN DR,11222,,W15,WEST,3,W,0,No,0,35.85,542.047925582388
8355,WHISPERING HILLS BLVD,13327,,W15,WEST,3,W,0,No,0,35.85,376.395740012909
8356,WELCHIRE FALLS DR,32205,,W15,WEST,3,W,0,No,0,35.85,274.310029016403
8357,WHISPERING HILLS BLVD,13333,,W15,WEST,3,W,0,No,0,35.85,941.24587835931
8358,HOOVER WAY,11346,,W15,WEST,3,W,0,No,0,35.85,233.693784270353
8359,WHISPERING HILLS BLVD,13319,,W15,WEST,3,W,0,No,0,35.85,914.486628934246
8360,WOODROW WAY,13311,,W15,WEST,3,W,0,No,0,35.85,1135.28368256054
8361,WHISPERING HILLS BLVD,13325,,W15,WEST,3,W,0,No,0,35.85,823.29748888163
8362,WELCHIRE FALLS DR,32209,,W15,WEST,3,W,0,No,0,35.85,662.225767970877
8363,MILE OF SUNSHINE DR,11123,,W15,WEST,3,W,0,No,0,35.85,740.537370618119
8364,ROCKY MOUNTAIN DR,11159,,W15,WEST,3,W,0,No,0,35.85,959.939565580458
8365,WHISPERING HILLS BLVD,11214,,W15,WEST,3,W,0,No,0,35.85,466.031559920915
8366,WOODROW WAY,13309,,W15,WEST,3,W,0,No,0,35.85,598.648500711139
8367,WHISPERING HILLS BLVD,11343,,W15,WEST,3,W,0,No,0,35.85,409.936216248369
8368,WHISPERING HILLS BLVD,13330,,W15,WEST,3,W,0,No,0,35.85,1012.64811988356
8369,ST ANTHONY CHURCH RD,26041,,W16,WEST,2,W,0,No,0,21.82,2696.50177291873
8370,PENILE RD,25679,,W16,WEST,2,W,0,No,0,21.82,1049.26228345478
8371,PENILE RD,25367,,W16,WEST,2,W,0,No,0,21.82,1684.90629211002
8372,MANSLICK RD,24437,,W16,WEST,2,W,0,No,0,21.82,1543.98238131183
8373,ST ANTHONY CHURCH RD,24480,,W16,WEST,2,W,0,No,0,21.82,1434.3368117427
8374,ST ANTHONY CHURCH RD,24762,,W16,WEST,2,W,0,No,0,21.82,4072.25285629736
8375,OLD NEW CUT RD,40088,,W16,WEST,2,W,0,No,0,21.82,322.605172482212
8376,MANSLICK RD,24504,,W16,WEST,2,W,0,No,0,21.82,114.916275726409
8377,GREYLING DR,25169,,W16,WEST,2,W,0,No,0,21.82,1124.57169973321
8378,PENILE RD,25396,,W16,WEST,2,W,0,No,0,21.82,1152.94923172324
8379,MANSLICK RD,24561,,W16,WEST,2,W,0,No,0,21.82,620.319088909287
8380,GREYLING DR,25279,,W16,WEST,2,W,0,No,0,21.82,2590.64807895046
8381,PENILE RD,34325,,W16,WEST,2,W,0,No,0,21.82,2128.55788456287
8382,ST ANTHONY CHURCH RD,24573,,W16,WEST,2,W,0,No,0,21.82,1151.3719984806
8383,WISERTOWN RD,24748,,W16,WEST,2,W,0,No,0,21.82,1089.87421223016
8384,GREYLING DR,25385,,W16,WEST,2,W,0,No,0,21.82,458.120834947352
8385,GREYLING DR,35531,,W16,WEST,2,W,0,No,0,21.82,1793.63824285002
8386,PENILE RD,25365,,W16,WEST,2,W,0,No,0,21.82,287.691270509202
8387,ST ANTHONY CHURCH RD,30122,,W16,WEST,2,W,0,No,0,21.82,615.111052602296
8388,OLD NEW CUT RD,25229,,W16,WEST,2,W,0,No,0,21.82,2263.29539674198
8389,PENILE RD,25674,,W16,WEST,2,W,0,No,0,21.82,1499.75581216432
8390,MANSLICK RD,24390,,W16,WEST,2,W,0,No,0,21.82,759.728769705948
8391,OLD NEW CUT RD,40083,,W16,WEST,2,W,0,No,0,21.82,443.786547390239
8392,ST ANTHONY CHURCH RD,31740,,W16,WEST,2,W,0,No,0,21.82,712.301011073421
8393,ST ANTHONY CHURCH RD,29051,,W16,WEST,2,W,0,No,0,21.82,372.672566767859
8394,ST ANTHONY CHURCH RD,31741,,W16,WEST,2,W,0,No,0,21.82,644.605140419854
8395,MANSLICK RD,24707,,W16,WEST,2,W,0,No,0,21.82,605.325634678817
8396,MANSLICK RD,24645,,W16,WEST,2,W,0,No,0,21.82,1016.33787346406
8397,MCNAIR RD,24697,,W16,WEST,2,W,0,No,0,21.82,1378.58296806379
8398,HILLCIRCLE RD,24196,,W16,WEST,3,W,0,No,0,21.82,997.111815388314
8399,AUSTINWOOD PL,24287,,W16,WEST,3,W,0,No,0,21.82,466.415776147272
8400,AUSTINWOOD RD,24217,,W16,WEST,3,W,0,No,0,21.82,196.764847565809
8401,WOODED RIDGE DR,33197,,W16,WEST,3,W,0,No,0,21.82,961.789783447372
8402,WHIPPERWILL RD,24572,,W16,WEST,3,W,0,No,0,21.82,886.922670584988
8403,RED STONE HILL RD,24556,,W16,WEST,3,W,0,No,0,21.82,1653.63143200406
8404,VENETIAN WAY,24142,,W16,WEST,3,W,0,No,0,21.82,322.791944012041
8405,HILLCIRCLE RD,24244,,W16,WEST,3,W,0,No,0,21.82,267.529762147654
8406,PARKRIDGE PKY,24391,,W16,WEST,3,W,0,No,0,21.82,388.365331167305
8407,AUSTINWOOD RD,24293,,W16,WEST,3,W,0,No,0,21.82,302.935933305548
8408,GRAND RIDGE RD,24386,,W16,WEST,3,W,0,No,0,21.82,1637.75646817303
8409,RED STONE HILL RD,24485,,W16,WEST,3,W,0,No,0,21.82,396.843459178221
8410,VENETIAN CT,24160,,W16,WEST,3,W,0,No,0,21.82,352.320576925187
8411,CAROL WAY,24533,,W16,WEST,3,W,0,No,0,21.82,360.048349135729
8412,GRAND RIDGE RD,24425,,W16,WEST,3,W,0,No,0,21.82,595.740103090542
8413,CAROL WAY,24519,,W16,WEST,3,W,0,No,0,21.82,358.482316563959
8414,VENETIAN WAY,24151,,W16,WEST,3,W,0,No,0,21.82,253.993811680281
8415,AUSTINWOOD RD,24310,,W16,WEST,3,W,0,No,0,21.82,300.524640143887
8416,RIVA RIDGE RD,24206,,W16,WEST,3,W,0,No,0,21.82,1064.6630519679
8417,HILLCIRCLE CT,24201,,W16,WEST,3,W,0,No,0,21.82,234.156857146605
8418,TIMBERHAVEN TRCE,24258,,W16,WEST,3,W,0,No,0,21.82,573.298145655143
8419,HILLCIRCLE RD,24236,,W16,WEST,3,W,0,No,0,21.82,488.919016768823
8420,CAROL WAY,24553,,W16,WEST,3,W,0,No,0,21.82,328.562270206047
8421,RED STONE HILL RD,24539,,W16,WEST,3,W,0,No,0,21.82,597.751261797329
8422,HILLCIRCLE RD,24215,,W16,WEST,3,W,0,No,0,21.82,423.425006488667
8423,PARKRIDGE PKY,24374,,W16,WEST,3,W,0,No,0,21.82,1115.2131674766
8424,AUSTINWOOD RD,24245,,W16,WEST,3,W,0,No,0,21.82,683.283242384004
8425,CAROL WAY,24508,,W16,WEST,3,W,0,No,0,21.82,386.086436509389
8426,GRAND RIDGE RD,24329,,W16,WEST,3,W,0,No,0,21.82,549.506778855672
8427,RED STONE HILL RD,24562,,W16,WEST,3,W,0,No,0,21.82,406.783296970537
8428,PARKRIDGE PKY,24309,,W16,WEST,3,W,0,No,0,21.82,532.814142659198
8429,STONE HILL RD,24144,,W16,WEST,3,W,0,No,0,21.82,754.496555438462
8430,TIMBERHAVEN WAY,24240,,W16,WEST,3,W,0,No,0,21.82,182.958255698192
8431,AUSTINWOOD RD,24257,,W16,WEST,3,W,0,No,0,21.82,188.998416315699
8432,AUSTINWOOD RD,24275,,W16,WEST,3,W,0,No,0,21.82,323.403369320273
8433,TIMBERHAVEN TRCE,24276,,W16,WEST,3,W,0,No,0,21.82,718.841439920673
8434,PARKRIDGE PKY,24384,,W16,WEST,3,W,0,No,0,21.82,188.842321159094
8435,AUSTINWOOD RD,24223,,W16,WEST,3,W,0,No,0,21.82,371.1535263146
8436,RIVA RIDGE RD,25975,,W16,WEST,3,W,0,No,0,21.82,1016.81893148701
8437,VENETIAN WAY,24159,,W16,WEST,3,W,0,No,0,21.82,244.116531937933
8438,GLIMMER WAY,24742,,W16,WEST,3,W,0,No,0,21.82,356.419009495732
8439,GLIMMER WAY,24714,,W16,WEST,3,W,0,No,0,21.82,666.633565337727
8440,CANDLELIGHT LN,24782,,W16,WEST,3,W,0,No,0,21.82,1773.48459664988
8441,STONESTREET RD,28301,,W17,WEST,1,W,0,No,0,24.36,556.166832913669
8442,STONESTREET RD,28375,,W17,WEST,1,W,0,No,0,24.36,534.230874843297
8443,STONESTREET RD,28364,,W17,WEST,1,W,0,No,0,24.36,317.780463294336
8444,STONESTREET RD,28350,,W17,WEST,1,W,0,No,0,24.36,1069.18630836437
8445,STONESTREET RD,28130,,W17,WEST,1,W,0,No,0,24.36,1242.02952883831
8446,STONESTREET RD,31769,,W17,WEST,1,W,0,No,0,24.36,1364.96726453634
8447,STONESTREET RD,31768,,W17,WEST,1,W,0,No,0,24.36,1203.97773514559
8448,STONESTREET RD,28261,,W17,WEST,1,W,0,No,0,24.36,551.860795200137
8449,STONESTREET RD,28066,,W17,WEST,1,W,0,No,0,24.36,2328.47668379546
8450,STONESTREET RD,28509,,W17,WEST,1,W,0,No,0,24.36,767.351137211058
8451,STONESTREET RD,28376,,W17,WEST,1,W,0,No,0,24.36,539.743761075351
8452,STONESTREET RD,28091,,W17,WEST,1,W,0,No,0,24.36,989.56752227687
8453,STONESTREET RD,28175,,W17,WEST,1,W,0,No,0,24.36,1580.05705221835
8454,BEARCAMP RD,26327,,W17,WEST,2,W,0,No,0,24.36,1405.1493681577
8455,E PAGES LN,29529,,W17,WEST,2,W,0,No,0,24.36,820.60535441143
8456,E PAGES LN,27993,,W17,WEST,2,W,0,No,0,24.36,476.369051731035
8457,E PAGES LN,29541,,W17,WEST,2,W,0,No,0,24.36,890.040673467371
8458,STONESTREET RD,28521,,W17,WEST,2,W,0,No,0,24.36,539.869785609809
8459,E PAGES LN,29530,,W17,WEST,2,W,0,No,0,24.36,95.3587729617166
8460,E PAGES LN,29543,,W17,WEST,2,W,0,No,0,24.36,639.88830507644
8461,E PAGES LN,29539,,W17,WEST,2,W,0,No,0,24.36,437.399862832934
8462,VALLEY STATION RD,28366,,W17,WEST,2,W,0,No,0,24.36,534.715182081172
8463,E PAGES LN,33025,,W17,WEST,2,W,0,No,0,24.36,548.830444586496
8464,E PAGES LN,37914,,W17,WEST,2,W,0,No,0,24.36,1168.32010420233
8465,E PAGES LN,29535,,W17,WEST,2,W,0,No,0,24.36,518.596959622082
8466,VALLEY STATION RD,28367,,W17,WEST,2,W,0,No,0,24.36,216.085330863644
8467,STONESTREET RD,28604,,W17,WEST,2,W,0,No,0,24.36,775.072270877625
8468,VALLEY STATION RD,28361,,W17,WEST,2,W,0,No,0,24.36,958.55302344243
8469,BEARCAMP RD,33478,,W17,WEST,2,W,0,No,0,24.36,3834.33937761615
8470,VALLEY STATION RD,28360,,W17,WEST,2,W,0,No,0,24.36,449.390789021956
8471,E PAGES LN,27972,,W17,WEST,2,W,0,No,0,24.36,439.562647200672
8472,STONESTREET RD,28573,,W17,WEST,2,W,0,No,0,24.36,1279.65387356901
8473,E PAGES LN,28158,,W17,WEST,2,W,0,No,0,24.36,498.602463861563
8474,BEARCAMP RD,30173,,W17,WEST,2,W,0,No,0,24.36,12528.1005637048
8475,E PAGES LN,28933,,W17,WEST,2,W,0,No,0,24.36,324.561632234794
8476,STONELANDING PL,28122,,W17,WEST,3,W,0,No,0,24.36,565.065911336589
8477,VALLEY COLLEGE DR,29531,,W17,WEST,3,W,0,No,0,24.36,964.012225808666
8478,GAYWOOD DR,28426,,W17,WEST,3,W,0,No,0,24.36,1141.31217591643
8479,STONELANDING PL,28111,,W17,WEST,3,W,0,No,0,24.36,498.069184982776
8480,STONE WYNDE DR,29534,,W17,WEST,3,W,0,No,0,24.36,1401.22143653581
8481,HI VIEW LN,28049,,W17,WEST,3,W,0,No,0,24.36,1565.65150180474
8482,HI VIEW LN,28053,,W17,WEST,3,W,0,No,0,24.36,393.767211300012
8483,STANDING OAK DR,27923,,W17,WEST,3,W,0,No,0,24.36,817.997152013403
8484,STANDING OAK DR,31138,,W17,WEST,3,W,0,No,0,24.36,206.167873144879
8485,HI VIEW LN,29538,,W17,WEST,3,W,0,No,0,24.36,2420.95039821745
8486,STONE WYNDE DR,29544,,W17,WEST,3,W,0,No,0,24.36,540.840994589189
8487,VALLEY COLLEGE DR,28076,,W17,WEST,3,W,0,No,0,24.36,256.847432733058
8488,VALLEY COLLEGE DR,28205,,W17,WEST,3,W,0,No,0,24.36,429.031106573577
8489,VALLEY COLLEGE DR,28148,,W17,WEST,3,W,0,No,0,24.36,636.128823046589
8490,VALLEY COLLEGE DR,40154,,W17,WEST,3,W,0,No,0,24.36,268.36535431173
8491,GATECREEK RD,28781,,W17,WEST,3,W,0,No,0,24.36,1114.48952584201
8492,STONE WYNDE DR,29545,,W17,WEST,3,W,0,No,0,24.36,905.87452635003
8493,EPINAY CT,29532,,W17,WEST,3,W,0,No,0,24.36,681.742307250432
8494,STONE WYNDE DR,29546,,W17,WEST,3,W,0,No,0,24.36,150.030360344165
8495,HOLIDAY DR,28143,,W17,WEST,3,W,0,No,0,24.36,1496.09392756517
8496,STONELANDING PL,28117,,W17,WEST,3,W,0,No,0,24.36,147.145401660474
8497,VALLEY COLLEGE DR,28263,,W17,WEST,3,W,0,No,0,24.36,483.082505974786
8498,VALLEY COLLEGE DR,36139,,W17,WEST,3,W,0,No,0,24.36,566.309588077257
8499,STONELANDING CT,29540,,W17,WEST,3,W,0,No,0,24.36,700.093679994805
8500,HOLIDAY DR,28782,,W17,WEST,3,W,0,No,0,24.36,742.794127733679
8501,GAYWOOD DR,28380,,W17,WEST,3,W,0,No,0,24.36,142.462148096542
8502,STANDING OAK DR,31139,,W17,WEST,3,W,0,No,0,24.36,126.257302302819
8503,HOLIDAY DR,28170,,W17,WEST,3,W,0,No,0,24.36,270.103344657772
8504,PARALEE DR,27880,,W17,WEST,3,W,0,No,0,24.36,488.271361428804
8505,VALLEY COLLEGE DR,28116,,W17,WEST,3,W,0,No,0,24.36,808.09316491765
8506,VALLEY COLLEGE DR,28090,,W17,WEST,3,W,0,No,0,24.36,642.220134600598
8507,SMYRNA PKY,12009,,W18,WEST,2,W,0,No,0,28.85,219.255399153162
8508,SMYRNA PKY,11980,,W18,WEST,2,W,0,No,0,28.85,535.078495935409
8509,APPLEGATE LN,12703,,W18,WEST,2,W,0,No,0,28.85,502.34989271028
8510,APPLEGATE LN,13387,,W18,WEST,2,W,0,No,0,28.85,780.739499729009
8511,APPLEGATE LN,11780,,W18,WEST,2,W,0,No,0,28.85,340.251094981544
8512,SMYRNA PKY,11871,,W18,WEST,2,W,0,No,0,28.85,433.475983374512
8513,SMYRNA PKY,13786,,W18,WEST,2,W,0,No,0,28.85,438.659505884244
8514,SMYRNA PKY,11682,,W18,WEST,2,W,0,No,0,28.85,929.603241498528
8515,APPLEGATE LN,11814,,W18,WEST,2,W,0,No,0,28.85,966.849179590346
8516,SMYRNA PKY,11827,,W18,WEST,2,W,0,No,0,28.85,365.643678275039
8517,SMYRNA PKY,39651,,W18,WEST,2,W,0,No,0,28.85,670.683699362542
8518,APPLEGATE LN,13388,,W18,WEST,2,W,0,No,0,28.85,221.061994076322
8519,SMYRNA PKY,11898,,W18,WEST,2,W,0,No,0,28.85,143.286673016239
8520,SMYRNA PKY,11724,,W18,WEST,2,W,0,No,0,28.85,321.629866037982
8521,APPLEGATE LN,11828,,W18,WEST,2,W,0,No,0,28.85,328.314000988586
8522,APPLEGATE LN,11882,,W18,WEST,2,W,0,No,0,28.85,593.338369885864
8523,APPLEGATE LN,13389,,W18,WEST,2,W,0,No,0,28.85,846.06959037049
8524,APPLEGATE LN,12704,,W18,WEST,2,W,0,No,0,28.85,637.141864630225
8525,APPLEGATE LN,32172,,W18,WEST,2,W,0,No,0,28.85,1084.33776052771
8526,APPLEGATE LN,11880,,W18,WEST,2,W,0,No,0,28.85,403.285299006797
8527,APPLEGATE LN,11770,,W18,WEST,2,W,0,No,0,28.85,982.789466296792
8528,SMYRNA PKY,12067,,W18,WEST,2,W,0,No,0,28.85,496.710979919179
8529,SMYRNA PKY,11919,,W18,WEST,2,W,0,No,0,28.85,281.233357343706
8530,SMYRNA RD,11602,,W18,WEST,2,W,0,No,0,28.85,2265.54965805289
8531,ROBBS LN,11675,,W18,WEST,2,W,0,No,0,28.85,1289.24547462521
8532,APPLEGATE LN,12701,,W18,WEST,2,W,0,No,0,28.85,466.6772545832
8533,APPLEGATE LN,12700,,W18,WEST,2,W,0,No,0,28.85,354.388932246799
8534,ROBBS LN,11706,,W18,WEST,2,W,0,No,0,28.85,1018.76931971631
8535,APPLEGATE LN,11712,,W18,WEST,2,W,0,No,0,28.85,358.818875079059
8536,SMYRNA PKY,13788,,W18,WEST,2,W,0,No,0,28.85,755.776886228647
8537,SMYRNA PKY,41214,,W18,WEST,2,W,0,No,0,28.85,490.1939638355
8538,SMYRNA PKY,34198,,W18,WEST,2,W,0,No,0,28.85,933.358526206238
8539,SMYRNA PKY,33446,,W18,WEST,2,W,0,No,0,28.85,678.809563386274
8540,SMYRNA PKY,41450,,W18,WEST,2,W,0,No,0,28.85,523.590156153327
8541,SMYRNA PKY,37614,,W18,WEST,2,W,0,No,0,28.85,657.769266437722
8542,SMYRNA PKY,34197,,W18,WEST,2,W,0,No,0,28.85,823.297212963488
8543,SMYRNA CONNECTOR,37618,,W18,WEST,2,W,0,No,0,28.85,360.169842731264
8544,PARK RD,12416,,W18,WEST,3,W,0,No,0,28.85,3128.21907623281
8545,JOYCE DR,11771,,W18,WEST,3,W,0,No,0,28.85,427.04150690271
8546,MICHAEL RAY DR,12045,,W18,WEST,3,W,0,No,0,28.85,177.748332764854
8547,JOYCE DR,11608,,W18,WEST,3,W,0,No,0,28.85,331.633366706526
8548,FAMOUS WAY,11852,,W18,WEST,3,W,0,No,0,28.85,311.153115342024
8549,JUDGE BLVD,11678,,W18,WEST,3,W,0,No,0,28.85,968.175522343808
8550,PRICE LANE RD,32457,,W18,WEST,3,W,0,No,0,28.85,92.0178014036554
8551,MICHAEL RAY DR,12059,,W18,WEST,3,W,0,No,0,28.85,210.299011755324
8552,FAMOUS WAY,11886,,W18,WEST,3,W,0,No,0,28.85,330.089355416942
8553,MICHAEL RAY DR,11908,,W18,WEST,3,W,0,No,0,28.85,596.59397598659
8554,JOYCE DR,11726,,W18,WEST,3,W,0,No,0,28.85,372.317745052232
8555,ST RITA DR,24887,,W18,WEST,3,W,0,No,0,28.85,747.387841228931
8556,ST RITA DR,24855,,W18,WEST,3,W,0,No,0,28.85,477.476753873811
8557,ST RITA DR,30131,,W18,WEST,3,W,0,No,0,28.85,632.492325162171
8558,MICHAEL RAY DR,12020,,W18,WEST,3,W,0,No,0,28.85,539.962753251608
8559,PRICE LANE RD,13071,,W18,WEST,3,W,0,No,0,28.85,466.654018440748
8560,MICHAEL RAY DR,12075,,W18,WEST,3,W,0,No,0,28.85,1121.58480163587
8561,ANNELLA WAY,11727,,W18,WEST,3,W,0,No,0,28.85,360.482386228856
8562,ANNELLA WAY,11699,,W18,WEST,3,W,0,No,0,28.85,360.864447423215
8563,JOYCE DR,11653,,W18,WEST,3,W,0,No,0,28.85,480.024336801521
8564,MICHAEL RAY DR,12046,,W18,WEST,3,W,0,No,0,28.85,173.293450033203
8565,ANNELLA WAY,11853,,W18,WEST,3,W,0,No,0,28.85,1491.19007804406
8566,ST RITA DR,24827,,W18,WEST,3,W,0,No,0,28.85,444.134935523096
8567,MICHAEL RAY DR,12068,,W18,WEST,3,W,0,No,0,28.85,343.457051008563
8568,JOYCE DR,11679,,W18,WEST,3,W,0,No,0,28.85,337.369547681952
8569,PRICE LANE RD,13068,,W18,WEST,3,W,0,No,0,28.85,816.355747839905
8570,MICHAEL RAY DR,12077,,W18,WEST,3,W,0,No,0,28.85,286.918918885611
8571,PRICE LANE RD,13067,,W18,WEST,3,W,0,No,0,28.85,334.041825833607
8572,MICHAEL RAY DR,12058,,W18,WEST,3,W,0,No,0,28.85,297.216842021868
8573,JOYCE DR,11791,,W18,WEST,3,W,0,No,0,28.85,725.616591766084
8574,ST RITA DR,24813,,W18,WEST,3,W,0,No,0,28.85,408.732795478457
8575,FAMOUS WAY,11863,,W18,WEST,3,W,0,No,0,28.85,367.727126033075
8576,MICHAEL RAY DR,11850,,W18,WEST,3,W,0,No,0,28.85,614.258033843749
8577,MAPLE RD,12226,,W18,WEST,3,W,0,No,0,28.85,1363.80477330859
8578,MICHAEL RAY DR,11949,,W18,WEST,3,W,0,No,0,28.85,487.828588645047
8579,SIESTA WAY,11864,,W18,WEST,3,W,0,No,0,28.85,464.850812706763
8580,MICHAEL RAY DR,12042,,W18,WEST,3,W,0,No,0,28.85,190.900612684039
8581,FAMOUS WAY,30134,,W18,WEST,3,W,0,No,0,28.85,327.749020676333
8582,MICHAEL RAY DR,12047,,W18,WEST,3,W,0,No,0,28.85,239.711611462885
8583,PRICE LANE RD,13066,,W18,WEST,3,W,0,No,0,28.85,1574.27951655026
8584,MICHAEL RAY DR,12073,,W18,WEST,3,W,0,No,0,28.85,202.589969298822
8585,FAMOUS WAY,11840,,W18,WEST,3,W,0,No,0,28.85,358.821172809312
8586,JUDGE BLVD,11763,,W18,WEST,3,W,0,No,0,28.85,848.539321375858
8587,JUDGE BLVD,11832,,W18,WEST,3,W,0,No,0,28.85,819.797044335454
8588,FAMOUS WAY,11834,,W18,WEST,3,W,0,No,0,28.85,408.853787106781
8589,FAMOUS WAY,11907,,W18,WEST,3,W,0,No,0,28.85,1737.69179200808
8590,PENDLETON RD,28724,,W19,WEST,2,W,0,No,0,25.5,342.090518194234
8591,BLEVINS GAP RD,29608,,W19,WEST,2,W,0,No,0,25.5,2832.75817782465
8592,BLEVINS GAP RD,30166,,W19,WEST,2,W,0,No,0,25.5,1769.33967308303
8593,PENDLETON RD,28725,,W19,WEST,2,W,0,No,0,25.5,182.132530836922
8594,BLEVINS GAP RD,29610,,W19,WEST,2,W,0,No,0,25.5,1747.41491150424
8595,BLEVINS GAP RD,29609,,W19,WEST,2,W,0,No,0,25.5,1037.16981261949
8596,BLEVINS GAP RD,29603,,W19,WEST,2,W,0,No,0,25.5,3008.48108041646
8597,PENDLETON RD,28727,,W19,WEST,2,W,0,No,0,25.5,674.445157898214
8598,PENDLETON RD,29437,,W19,WEST,2,W,0,No,0,25.5,450.6410307179
8599,BLEVINS GAP RD,26439,,W19,WEST,2,W,0,No,0,25.5,531.60086938237
8600,PENDLETON RD,29499,,W19,WEST,2,W,0,No,0,25.5,1631.20834863098
8601,BLEVINS GAP RD,40232,,W19,WEST,2,W,0,No,0,25.5,630.590092565444
8602,BLEVINS GAP RD,26442,,W19,WEST,2,W,0,No,0,25.5,927.362911990311
8603,MEDORA RD,29497,,W19,WEST,2,W,0,No,0,25.5,5166.61774649215
8604,SCOTTS GAP RD,29005,,W19,WEST,2,W,0,No,0,25.5,1623.61792296126
8605,BLEVINS GAP RD,29605,,W19,WEST,2,W,0,No,0,25.5,1793.50829549842
8606,PENDLETON RD,28729,,W19,WEST,2,W,0,No,0,25.5,112.586364587842
8607,BLEVINS GAP RD,29607,,W19,WEST,2,W,0,No,0,25.5,5740.99379014544
8608,PENDLETON RD,29430,,W19,WEST,2,W,0,No,0,25.5,344.704071380891
8609,PENDLETON RD,30903,,W19,WEST,2,W,0,No,0,25.5,2133.01423784804
8610,PENDLETON RD,28722,,W19,WEST,2,W,0,No,0,25.5,76.435321759642
8611,BLEVINS GAP RD,26441,,W19,WEST,2,W,0,No,0,25.5,1259.73780954618
8612,PENDLETON RD,29500,,W19,WEST,2,W,0,No,0,25.5,1042.51619373479
8613,PENDLETON RD,26603,,W19,WEST,2,W,0,No,0,25.5,533.688480793103
8614,PENDLETON RD,26604,,W19,WEST,2,W,0,No,0,25.5,1508.63673299365
8615,PENDLETON RD,30904,,W19,WEST,2,W,0,No,0,25.5,1126.19863781146
8616,PAULEYS GAP RD,40452,,W19,WEST,2,W,0,No,0,25.5,3343.83791990319
8617,SCOTTS GAP RD,29006,,W19,WEST,2,W,0,No,0,25.5,796.588046073198
8618,SCOTTS GAP RD,40503,,W19,WEST,2,W,0,No,0,25.5,5831.94400105437
8619,BLEVINS GAP RD,29611,,W19,WEST,2,W,0,No,0,25.5,7125.02086299003
8620,BLEVINS GAP RD,29604,,W19,WEST,2,W,0,No,0,25.5,236.188587394441
8621,BLEVINS GAP RD,29601,,W19,WEST,2,W,0,No,0,25.5,1583.09260986379
8622,BLEVINS GAP RD,29602,,W19,WEST,2,W,0,No,0,25.5,535.17081700828
8623,LONESOME HOLLOW RD,25541,,W19,WEST,3,W,0,No,0,25.5,1299.06701072386
8624,WATSONVILLE RD,29187,,W19,WEST,3,W,0,No,0,25.5,712.553014090302
8625,WATSONVILLE RD,30158,,W19,WEST,3,W,0,No,0,25.5,1191.51906973854
8626,WATSONVILLE RD,29186,,W19,WEST,3,W,0,No,0,25.5,961.366647637697
8627,LONESOME HOLLOW RD,25486,,W19,WEST,3,W,0,No,0,25.5,370.007781059922
8628,SAW MILL RD,28714,,W19,WEST,3,W,0,No,0,25.5,3755.25101755828
8629,JOYNER HILL RD,25488,,W19,WEST,3,W,0,No,0,25.5,1149.5886427095
8630,LONESOME HOLLOW RD,34520,,W19,WEST,3,W,0,No,0,25.5,1321.12183643594
8631,MOUNT WASHINGTON RD,12563,,W20,WEST,2,W,0.03470604739026544,Yes,0.03470605,25.01,300.602800086356
8632,THIXTON LN,12537,,W20,WEST,2,W,0.07962187497849178,Yes,0.07962187,25.01,689.63707813048
8633,THIXTON LN,12553,,W20,WEST,2,W,0.08431163581409931,Yes,0.08431164,25.01,730.256795346896
8634,CEDAR CREEK RD,14011,,W20,WEST,2,W,0.187086804741443,Yes,0.1870868,25.01,1620.43371771284
8635,THIXTON LN,13798,,W20,WEST,2,W,0.1420085310540104,Yes,0.14200853,25.01,1229.9926298108
8636,THIXTON LN,13349,,W20,WEST,2,W,0.092009720124109615,Yes,0.09200972,25.01,796.932745950079
8637,MOUNT WASHINGTON RD,13794,,W20,WEST,2,W,0.128238909811876,Yes,0.12823891,25.01,1110.72856338596
8638,CEDAR CREEK RD,13913,,W20,WEST,2,W,0.07133767485471602,Yes,0.07133767,25.01,617.915369666673
8639,THIXTON LN,12579,,W20,WEST,2,W,0.2497044090874199,Yes,0.24970441,25.01,2162.83279642335
8640,MOUNT WASHINGTON RD,12733,,W20,WEST,2,W,0.06842422400068533,Yes,0.06842422,25.01,592.649752505907
8641,MOUNT WASHINGTON RD,12567,,W20,WEST,2,W,0.03190560541894015,Yes,0.03190561,25.01,276.347201316544
8642,CEDAR CREEK RD,39720,,W20,WEST,2,W,0.27059814900263,Yes,0.27059815,25.01,2343.79340740751
8643,MOUNT WASHINGTON RD,13288,,W20,WEST,2,W,0.0556323623161475,Yes,0.05563236,25.01,481.903454432415
8644,MOUNT WASHINGTON RD,38300,,W20,WEST,2,W,0.08854403139435306,Yes,0.08854403,25.01,767.12428734448
8645,CEDAR CREEK RD,38117,,W20,WEST,2,W,0.067863671727479466,Yes,0.06786367,25.01,587.794451470806
8646,CEDAR CREEK RD,14013,,W20,WEST,2,W,0.091642393573272,Yes,0.09164239,25.01,793.751373962977
8647,CEDAR CREEK RD,32240,,W20,WEST,2,W,0.129743508256361,Yes,0.12974351,25.01,1123.76046397118
8648,CEDAR CREEK RD,40362,,W20,WEST,2,W,0.1517674390792837,Yes,0.15176744,25.01,1314.51855432357
8649,CEDAR CREEK RD,33071,,W20,WEST,2,W,0.06599250336826076,Yes,0.0659925,25.01,571.587412027982
8650,CEDAR CREEK RD,40316,,W20,WEST,2,W,0.089988539472183,Yes,0.08998854,25.01,779.426949652785
8651,THIXTON LN,34645,,W20,WEST,2,W,0.13299051657558,Yes,0.13299052,25.01,1151.90184329774
8652,THIXTON LN,34440,,W20,WEST,2,W,0.051032031803042728,Yes,0.05103203,25.01,442.008849139884
8653,MOUNT WASHINGTON RD,12569,,W20,WEST,2,W,0.01738999722948793,Yes,0.01739,25.01,150.621593260229
8654,MOUNT WASHINGTON RD,12571,,W20,WEST,2,W,0.016168311743384227,Yes,0.01616831,25.01,140.040498433712
8655,MOUNT WASHINGTON RD,14045,,W20,WEST,2,W,0.039610029420613826,Yes,0.03961003,25.01,343.322584408782
8656,THIXTON LN,12590,,W20,WEST,2,W,0.1503507411351847,Yes,0.15035074,25.01,1302.36751200724
8657,THIXTON LN,12584,,W20,WEST,2,W,0.3186803412896855,Yes,0.31868034,25.01,2760.21786465762
8658,THIXTON LN,12645,,W20,WEST,2,W,0.09292740776727423,Yes,0.09292741,25.01,804.881702909802
8659,THIXTON LN,33493,,W20,WEST,2,W,0.067501194909130466,Yes,0.06750119,25.01,584.691771235118
8660,MOUNT WASHINGTON RD,14044,,W20,WEST,2,W,0.02443583465044463,Yes,0.02443583,25.01,211.699266399595
8661,MOUNT WASHINGTON RD,12574,,W20,WEST,2,W,0.03368379261962945,Yes,0.03368379,25.01,291.748588085701
8662,MOUNT WASHINGTON RD,32551,,W20,WEST,2,W,0.04351540615945321,Yes,0.04351541,25.01,376.904500352638
8663,MOUNT WASHINGTON RD,36772,,W20,WEST,2,W,0.28882108972576076,Yes,0.28882109,25.01,2501.59476018126
8664,MOUNT WASHINGTON RD,13799,,W20,WEST,2,W,0.29831933792314447,Yes,0.29831934,25.01,2583.86300262681
8665,CEDAR CREEK RD,14012,,W20,WEST,2,W,0.04741444588458962,Yes,0.04741445,25.01,410.675328630972
8666,MOUNT WASHINGTON RD,12555,,W20,WEST,2,W,0.1490029417674776,Yes,0.14900294,25.01,1290.64000765245
8667,MOUNT WASHINGTON RD,13800,,W20,WEST,2,W,0.09363377488102,Yes,0.09363377,25.01,811.405710220619
8668,THIXTON LN,13796,,W20,WEST,2,W,0.263879374623817,Yes,0.26387937,25.01,2285.73112684146
8669,MOUNT WASHINGTON RD,12732,,W20,WEST,2,W,0.020445453181512845,Yes,0.02044545,25.01,177.110237263628
8670,THIXTON LN,13352,,W20,WEST,2,W,0.31857819819530175,Yes,0.3185782,25.01,2759.33342754516
8671,THIXTON LN,13350,,W20,WEST,2,W,0.03471301737315667,Yes,0.03471302,25.01,300.663277188951
8672,THIXTON LN,35828,,W20,WEST,2,W,0.283020407698196,Yes,0.28302041,25.01,2451.35294271729
8673,THIXTON LN,12684,,W20,WEST,2,W,0.3223465820543015,Yes,0.32234658,25.01,2792.15813341489
8674,MOUNT WASHINGTON RD,12562,,W20,WEST,2,W,0.1384674255512643,Yes,0.13846743,25.01,1199.32185309846
8675,MOUNT WASHINGTON RD,12559,,W20,WEST,2,W,0.0914319660022092,Yes,0.09143197,25.01,791.928969697568
8676,ANTONIA WAY,35647,,W20,WEST,3,W,0,No,0,25.01,472.496374826781
8677,ANTONIA WAY,31715,,W20,WEST,3,W,0,No,0,25.01,779.962511471798
8678,INTERCHANGE DR,31727,,W20,WEST,3,W,0,No,0,25.01,1372.35236862621
8679,PARK LAKE DR,38184,,W20,WEST,3,W,0,No,0,25.01,195.320412162913
8680,PARK LAKE DR,12509,,W20,WEST,3,W,0,No,0,25.01,616.12429236709
8681,WASHINGTON GREEN RD,32550,,W20,WEST,3,W,0,No,0,25.01,1020.43157059246
8682,WASHINGTON GREEN RD,32549,,W20,WEST,3,W,0,No,0,25.01,652.541726098826
8683,REGIMENT RD,32545,,W20,WEST,3,W,0,No,0,25.01,263.200492044563
8684,WASHINGTON GREEN RD,32552,,W20,WEST,3,W,0,No,0,25.01,332.765884063152
8685,OLDSHIRE RD,37113,,W20,WEST,3,W,0,No,0,25.01,206.537721608214
8686,BLACK WALNUT CIR,13281,,W20,WEST,3,W,0,No,0,25.01,1030.04854968834
8687,BLACK WALNUT CIR,13680,,W20,WEST,3,W,0,No,0,25.01,1402.22833947649
8688,INTERCHANGE DR,31728,,W20,WEST,3,W,0,No,0,25.01,334.260560375316
8689,PRESTON CROSSING BLVD,12412,,W20,WEST,3,W,0,No,0,25.01,1906.48959163819
8690,REGIMENT RD,32544,,W20,WEST,3,W,0,No,0,25.01,296.165447453995
8691,COMMERCE CROSSINGS DR,30162,,W20,WEST,3,W,0.0281735024978377,Yes,0.0281735,25.01,122.010868235212
8692,INTERCHANGE DR,31724,,W20,WEST,3,W,0,No,0,25.01,1812.2619614285
8693,COMMERCE CROSSINGS DR,26567,,W20,WEST,3,W,0.115063019157836,Yes,0.11506302,25.01,996.606854461658
8694,COMMERCE CROSSINGS DR,26468,,W20,WEST,3,W,0,No,0,25.01,650.809448666081
8695,COMMERCE CROSSINGS DR,41641,,W20,WEST,3,W,0,No,0,25.01,1647.53019560721
8696,TERRY RD,29113,,W21,WEST,1,W,0.02772028866746971,Yes,0.02772029,31.92,240.096501811082
8697,TRADE PORT DR,27961,,W21,WEST,1,W,0,No,0,31.92,2814.14313231175
8698,TERRY RD,29109,,W21,WEST,1,W,0.049237275647935737,Yes,0.04923728,31.92,426.464055643299
8699,TERRY RD,29110,,W21,WEST,1,W,0.04093814453842226,Yes,0.04093814,31.92,354.58151358547
8700,JOHNSONTOWN RD,28038,,W21,WEST,1,W,0,No,0,31.92,1457.258056436
8701,TERRY RD,29112,,W21,WEST,1,W,0.0432659696518674,Yes,0.04326597,31.92,374.744080399385
8702,JOHNSONTOWN RD,28017,,W21,WEST,1,W,0,No,0,31.92,207.948816242273
8703,JOHNSONTOWN RD,29216,,W21,WEST,1,W,0,No,0,31.92,560.112857709983
8704,TERRY RD,29107,,W21,WEST,1,W,0.0346191518142767,Yes,0.03461915,31.92,299.850344600958
8705,TERRY RD,29108,,W21,WEST,1,W,0.018722511756105117,Yes,0.01872251,31.92,162.163044944436
8706,TRADE PORT DR,27954,,W21,WEST,1,W,0,No,0,31.92,1486.5639896236
8707,TRADE PORT DR,28039,,W21,WEST,1,W,0,No,0,31.92,978.791801957923
8708,JOHNSONTOWN RD,28016,,W21,WEST,1,W,0,No,0,31.92,1185.18610136837
8709,JOHNSONTOWN RD,29206,,W21,WEST,1,W,0,No,0,31.92,1638.62364800796
8710,JOHNSONTOWN RD,29218,,W21,WEST,1,W,0,No,0,31.92,1000.58322954966
8711,JOHNSONTOWN RD,29217,,W21,WEST,1,W,0,No,0,31.92,748.527862174709
8712,TERRY RD,29111,,W21,WEST,1,W,0.006943657497306501,Yes,0.00694366,31.92,60.1416718586521
8713,TERRY RD,29114,,W21,WEST,1,W,0.043214624160112347,Yes,0.04321462,31.92,374.299192443454
8714,JOHNSONTOWN RD,28020,,W21,WEST,1,W,0,No,0,31.92,548.495150229243
8715,JOHNSONTOWN RD,28027,,W21,WEST,1,W,0,No,0,31.92,481.507105152665
8716,JOHNSONTOWN RD,28022,,W21,WEST,1,W,0,No,0,31.92,267.226676499208
8717,JOHNSONTOWN RD,28023,,W21,WEST,1,W,0,No,0,31.92,447.204215393398
8718,JOHNSONTOWN RD,28029,,W21,WEST,1,W,0,No,0,31.92,643.63276040306
8719,JOHNSONTOWN RD,28030,,W21,WEST,1,W,0,No,0,31.92,375.837784741054
8720,JOHNSONTOWN RD,28031,,W21,WEST,1,W,0,No,0,31.92,92.1197829085859
8721,JOHNSONTOWN RD,28033,,W21,WEST,1,W,0,No,0,31.92,370.13761227456
8722,TERRY RD,29118,,W21,WEST,1,W,0.093760240295813646,Yes,0.09376024,31.92,812.094956383065
8723,JOHNSONTOWN RD,28012,,W21,WEST,1,W,0,No,0,31.92,75.7960055438997
8724,TERRY RD,29119,,W21,WEST,1,W,0.057821767003930567,Yes,0.05782177,31.92,500.817512196869
8725,TERRY RD,29115,,W21,WEST,1,W,0.06807190730290574,Yes,0.06807191,31.92,589.597819672444
8726,TERRY RD,29117,,W21,WEST,1,W,0.0973783222945969,Yes,0.09737832,31.92,843.533745298263
8727,TERRY RD,29120,,W21,WEST,1,W,0.1421291660099063,Yes,0.14212917,31.92,1231.15362723935
8728,TERRY RD,29116,,W21,WEST,1,W,0.138007348741523,Yes,0.13800735,31.92,1195.33690836687
8729,JOHNSONTOWN RD,28014,,W21,WEST,1,W,0,No,0,31.92,396.664912749099
8730,TERRY RD,29106,,W21,WEST,1,W,0.04166154593637882,Yes,0.04166155,31.92,360.847395698489
8731,TERRY RD,29105,,W21,WEST,1,W,0.06895204549282367,Yes,0.06895205,31.92,597.221083439306
8732,JOHNSONTOWN RD,28779,,W21,WEST,1,W,0,No,0,31.92,331.767469589147
8733,JOHNSONTOWN RD,29214,,W21,WEST,1,W,0,No,0,31.92,980.217257823889
8734,JOHNSONTOWN RD,28037,,W21,WEST,1,W,0,No,0,31.92,860.452072721626
8735,WINSTEAD DR,27872,,W21,WEST,2,W,0,No,0,31.92,2432.29619516741
8736,CANE RUN RD,29642,,W21,WEST,2,W,0.25577558766954867,Yes,0.25577559,31.92,2215.37475634696
8737,CANE RUN RD,29641,,W21,WEST,2,W,0.027099839236196657,Yes,0.02709984,31.92,234.722444552204
8738,THOMPSON LN,27979,,W21,WEST,2,W,0,No,0,31.92,752.729840348822
8739,GLOBAL DR,36330,,W21,WEST,2,W,0,No,0,31.92,1495.38243723608
8740,CANE RUN RD,29639,,W21,WEST,2,W,0.1182361522604486,Yes,0.11823615,31.92,1024.09094116463
8741,CANE RUN RD,29638,,W21,WEST,2,W,0.030990688228765686,Yes,0.03099069,31.92,268.422474332092
8742,CANE RUN RD,29640,,W21,WEST,2,W,0.28762120044783257,Yes,0.2876212,31.92,2491.20204771403
8743,CANE RUN RD,29637,,W21,WEST,2,W,0.0699418247509578,Yes,0.06994182,31.92,605.794307113603
8744,CANE RUN RD,29636,,W21,WEST,2,W,0.10658624485658336,Yes,0.10658624,31.92,923.186022780084
8745,GLOBAL DR,27691,,W21,WEST,2,W,0,No,0,31.92,1317.5571583901
8746,THOMPSON LN,28004,,W21,WEST,2,W,0,No,0,31.92,741.041145877078
8747,W PAGES LN,28920,,W21,WEST,2,W,0,No,0,31.92,519.584472055856
8748,THOMPSON LN,27940,,W21,WEST,2,W,0,No,0,31.92,320.488140595717
8749,W PAGES LN,27915,,W21,WEST,2,W,0,No,0,31.92,188.791121513963
8750,THOMPSON LN,28026,,W21,WEST,2,W,0,No,0,31.92,428.979435033021
8751,W PAGES LN,27916,,W21,WEST,2,W,0,No,0,31.92,134.216154747901
8752,THOMPSON LN,27933,,W21,WEST,2,W,0,No,0,31.92,702.998727800458
8753,W PAGES LN,28930,,W21,WEST,2,W,0,No,0,31.92,754.909936768122
8754,W PAGES LN,28928,,W21,WEST,2,W,0,No,0,31.92,393.824828857958
8755,W PAGES LN,28922,,W21,WEST,2,W,0,No,0,31.92,36.5901614166978
8756,W PAGES LN,27912,,W21,WEST,2,W,0,No,0,31.92,891.274923334896
8757,W PAGES LN,27908,,W21,WEST,2,W,0,No,0,31.92,315.797439886809
8758,THOMPSON LN,27946,,W21,WEST,2,W,0,No,0,31.92,134.530769581024
8759,W PAGES LN,27913,,W21,WEST,2,W,0,No,0,31.92,338.925473726342
8760,W PAGES LN,28925,,W21,WEST,2,W,0,No,0,31.92,361.537596007058
8761,W PAGES LN,28927,,W21,WEST,2,W,0,No,0,31.92,373.258799833473
8762,THOMPSON LN,27939,,W21,WEST,2,W,0,No,0,31.92,281.348328839226
8763,W PAGES LN,28923,,W21,WEST,2,W,0,No,0,31.92,323.210284127261
8764,W PAGES LN,27904,,W21,WEST,2,W,0,No,0,31.92,611.699482054148
8765,W PAGES LN,27906,,W21,WEST,2,W,0,No,0,31.92,1043.81364292944
8766,CANE RUN RD,29645,,W21,WEST,2,W,0.1704313140452217,Yes,0.17043131,31.92,1476.17399444891
8767,W PAGES LN,28932,,W21,WEST,2,W,0,No,0,31.92,1317.87440384525
8768,CANE RUN RD,29648,,W21,WEST,2,W,0.04085514605833415,Yes,0.04085515,31.92,353.862635803361
8769,CANE RUN RD,29647,,W21,WEST,2,W,0.2397662774710238,Yes,0.23976628,31.92,2076.71165655543
8770,MARYMAN RD,27849,,W21,WEST,3,W,0,No,0,31.92,111.452774303738
8771,NANCY LN,27741,,W21,WEST,3,W,0,No,0,31.92,357.554359191106
8772,MARYMAN RD,27846,,W21,WEST,3,W,0,No,0,31.92,693.491613342991
8773,NANCY LN,27646,,W21,WEST,3,W,0,No,0,31.92,457.42263796734
8774,MARYMAN RD,27848,,W21,WEST,3,W,0,No,0,31.92,501.188457277113
8775,MARYMAN RD,27852,,W21,WEST,3,W,0,No,0,31.92,508.91059387922
8776,NANCY LN,27850,,W21,WEST,3,W,0,No,0,31.92,1219.81510559376
8777,NANCY LN,27707,,W21,WEST,3,W,0,No,0,31.92,1082.14283804745
8778,NANCY LN,27773,,W21,WEST,3,W,0,No,0,31.92,616.250502343019
8779,MARYMAN RD,27843,,W21,WEST,3,W,0,No,0,31.92,444.928036932704
8780,MARYMAN RD,27854,,W21,WEST,3,W,0,No,0,31.92,149.579287976113
8781,MARYMAN RD,27851,,W21,WEST,3,W,0,No,0,31.92,253.015691104944
8782,DEVONSHIRE DR,27905,,W21,WEST,3,W,0,No,0,31.92,331.186286318308
8783,COLUMBINE DR,27613,,W21,WEST,3,W,0,No,0,31.92,394.224705355334
8784,COLUMBINE DR,27798,,W21,WEST,3,W,0,No,0,31.92,1417.32604581049
8785,DAFFODIL DR,27815,,W21,WEST,3,W,0,No,0,31.92,1361.42393598405
8786,MORNING GLORY LN,27799,,W21,WEST,3,W,0,No,0,31.92,348.135099036638
8787,DAFFODIL DR,27629,,W21,WEST,3,W,0,No,0,31.92,440.191730749582
8788,DAFFODIL DR,27656,,W21,WEST,3,W,0,No,0,31.92,299.517437931417
8789,COLUMBINE DR,27710,,W21,WEST,3,W,0,No,0,31.92,1438.59387790756
8790,DAFFODIL DR,27724,,W21,WEST,3,W,0,No,0,31.92,1139.82812704646
8791,MORNING GLORY LN,27809,,W21,WEST,3,W,0,No,0,31.92,350.758758466022
8792,MORNING GLORY LN,27797,,W21,WEST,3,W,0,No,0,31.92,349.095923290165
8793,MORNING GLORY LN,27804,,W21,WEST,3,W,0,No,0,31.92,348.201710949002
8794,MORNING GLORY LN,27816,,W21,WEST,3,W,0,No,0,31.92,349.601670655333
8795,MANSE DR,27931,,W21,WEST,3,W,0,No,0,31.92,354.678833640735
8796,MARYMAN RD,27839,,W21,WEST,3,W,0,No,0,31.92,891.713312647695
8797,MORNING GLORY LN,27812,,W21,WEST,3,W,0,No,0,31.92,349.417798418401
8798,MARYMAN RD,27841,,W21,WEST,3,W,0,No,0,31.92,345.971513684653
8799,MARYMAN RD,27845,,W21,WEST,3,W,0,No,0,31.92,981.199411514423
8800,MORNING GLORY LN,27786,,W21,WEST,3,W,0,No,0,31.92,301.347231632381
8801,MORNING GLORY LN,27791,,W21,WEST,3,W,0,No,0,31.92,298.36682798298
8802,MORNING GLORY LN,27787,,W21,WEST,3,W,0,No,0,31.92,293.110068670883
8803,MORNING GLORY LN,27794,,W21,WEST,3,W,0,No,0,31.92,152.669324506636
8804,SEAFORTH DR,27917,,W21,WEST,3,W,0,No,0,31.92,320.569677816869
8805,MORNING GLORY LN,27785,,W21,WEST,3,W,0,No,0,31.92,362.015570029419
8806,MORNING GLORY LN,27792,,W21,WEST,3,W,0,No,0,31.92,301.717070088539
8807,MANSE DR,27932,,W21,WEST,3,W,0,No,0,31.92,354.622778337243
8808,DEVONSHIRE DR,27835,,W21,WEST,3,W,0,No,0,31.92,580.442632245535
8809,DEVONSHIRE DR,27892,,W21,WEST,3,W,0,No,0,31.92,866.646219819902
8810,MARYMAN RD,27837,,W21,WEST,3,W,0,No,0,31.92,315.557173061099
8811,SEAFORTH DR,27924,,W21,WEST,3,W,0,No,0,31.92,309.705167639321
8812,MARYMAN RD,27876,,W21,WEST,3,W,0,No,0,31.92,1195.51471734401
8813,DEERING RD,29157,,W22,WEST,2,W,0,No,0,23.93,552.481626660483
8814,E ORELL RD,29671,,W22,WEST,2,W,0,No,0,23.93,584.329731742239
8815,E ORELL RD,29667,,W22,WEST,2,W,0,No,0,23.93,119.238427430717
8816,LOWER RIVER RD,29381,,W22,WEST,2,W,0.07657714448864028,Yes,0.07657714,23.93,663.265154424192
8817,DEERING RD,28626,,W22,WEST,2,W,0,No,0,23.93,661.31386117478
8818,WATSON LN,29483,,W22,WEST,2,W,0,No,0,23.93,676.814462320546
8819,DEERING HEIGHTS DR,29170,,W22,WEST,2,W,0,No,0,23.93,290.63884467847
8820,DEERING HEIGHTS DR,29168,,W22,WEST,2,W,0,No,0,23.93,213.972945398277
8821,DEERING RD,29133,,W22,WEST,2,W,0,No,0,23.93,615.602352749145
8822,DEERING RD,29167,,W22,WEST,2,W,0,No,0,23.93,176.366661458295
8823,DEERING RD,29151,,W22,WEST,2,W,0,No,0,23.93,1564.713771236
8824,E ORELL RD,29672,,W22,WEST,2,W,0,No,0,23.93,1075.72958748789
8825,DEERING RD,28619,,W22,WEST,2,W,0,No,0,23.93,112.664119240467
8826,DEERING RD,33746,,W22,WEST,2,W,0,No,0,23.93,668.044411297574
8827,E ORELL RD,29668,,W22,WEST,2,W,0,No,0,23.93,382.655073949448
8828,FLOWERVALE LN,28628,,W22,WEST,2,W,0,No,0,23.93,862.422927584912
8829,LOWER RIVER RD,28556,,W22,WEST,2,W,0.0567422192071283,Yes,0.05674222,23.93,491.467195556068
8830,E ORELL RD,29669,,W22,WEST,2,W,0,No,0,23.93,99.1116847855472
8831,DEERING RD,28617,,W22,WEST,2,W,0,No,0,23.93,811.50484241636
8832,LOWER RIVER RD,28540,,W22,WEST,2,W,0.1019804753175556,Yes,0.10198048,23.93,883.416673036671
8833,DEERING RD,29162,,W22,WEST,2,W,0,No,0,23.93,658.388293242451
8834,DEERING RD,29138,,W22,WEST,2,W,0,No,0,23.93,785.499354066788
8835,LOWER RIVER RD,28718,,W22,WEST,2,W,0.401255466695034,Yes,0.40125547,23.93,3475.43390139091
8836,LOWER RIVER RD,29383,,W22,WEST,2,W,0.10936083603846186,Yes,0.10936084,23.93,947.218291345915
8837,WATSON LN,29471,,W22,WEST,2,W,0,No,0,23.93,1269.47155354167
8838,WATSON LN,29474,,W22,WEST,2,W,0,No,0,23.93,499.776777109943
8839,LOWER RIVER RD,29379,,W22,WEST,2,W,0.1319248376525627,Yes,0.13192484,23.93,1142.65359828411
8840,WOODRIDGE DR,29169,,W22,WEST,2,W,0,No,0,23.93,1533.2826938243
8841,WATSON LN,29454,,W22,WEST,2,W,0,No,0,23.93,1400.78741748249
8842,DEERING RD,28418,,W22,WEST,2,W,0,No,0,23.93,458.928459316588
8843,WATSON LN,29427,,W22,WEST,2,W,0,No,0,23.93,1126.77375782831
8844,E ORELL RD,29666,,W22,WEST,2,W,0,No,0,23.93,3564.38981441745
8845,W ORELL RD,40963,,W22,WEST,2,W,0,No,0,23.93,448.599399378555
8846,W ORELL RD,34032,,W22,WEST,2,W,0,No,0,23.93,921.332649095313
8847,W ORELL RD,41302,,W22,WEST,2,W,0,No,0,23.93,1650.51789466282
8848,LOWER RIVER RD,28681,,W22,WEST,2,W,0.11520717577340668,Yes,0.11520718,23.93,997.855589307563
8849,LOWER RIVER RD,28658,,W22,WEST,2,W,0.53877019616443866,Yes,0.5387702,23.93,4666.52930893988
8850,W ORELL RD,29299,,W22,WEST,2,W,0,No,0,23.93,2256.21368566189
8851,E ORELL RD,29664,,W22,WEST,2,W,0,No,0,23.93,1196.62516933447
8852,E ORELL RD,29663,,W22,WEST,2,W,0,No,0,23.93,248.485686902119
8853,E ORELL RD,29665,,W22,WEST,2,W,0,No,0,23.93,1112.1243149054
8854,FLOWERVALE LN,29293,,W22,WEST,2,W,0,No,0,23.93,383.13809164011
8855,FLOWERVALE LN,31585,,W22,WEST,2,W,0,No,0,23.93,550.661860691579
8856,FLOWERVALE LN,31586,,W22,WEST,2,W,0,No,0,23.93,2296.35144374124
8857,FRUITWOOD DR,28671,,W22,WEST,3,W,0,No,0,23.93,335.638948169339
8858,MID DR,28308,,W22,WEST,3,W,0,No,0,23.93,430.311011253779
8859,PIERCE WAY,28662,,W22,WEST,3,W,0,No,0,23.93,1161.0304775223
8860,PIERCE WAY,28640,,W22,WEST,3,W,0,No,0,23.93,346.750704292506
8861,LEEMONT DR,28651,,W22,WEST,3,W,0,No,0,23.93,366.697813249038
8862,MOORMAN RD,33113,,W22,WEST,3,W,0.0631402148513128,Yes,0.06314021,23.93,546.882621466078
8863,MOORMAN RD,28601,,W22,WEST,3,W,0.0943820260513748,Yes,0.09438203,23.93,817.48045776922
8864,SCRIM AVE,28365,,W22,WEST,3,W,0,No,0,23.93,423.842658462442
8865,MOORMAN RD,29280,,W22,WEST,3,W,0.099749889111954,Yes,0.09974989,23.93,863.973571387626
8866,SCRIM AVE,28348,,W22,WEST,3,W,0,No,0,23.93,960.654691187549
8867,FRUITWOOD DR,28680,,W22,WEST,3,W,0,No,0,23.93,556.262302599201
8868,OLD DIXIE HWY,28841,,W22,WEST,3,W,0,No,0,23.93,1483.33939973671
8869,OLD DIXIE HWY,38848,,W22,WEST,3,W,0,No,0,23.93,194.005506767849
8870,FRUITWOOD DR,28685,,W22,WEST,3,W,0,No,0,23.93,403.162445895379
8871,ALICANTE LN,28643,,W22,WEST,3,W,0,No,0,23.93,616.980095175077
8872,MOORMAN RD,28605,,W22,WEST,3,W,0.037158922325007678,Yes,0.03715892,23.93,321.848317913841
8873,MOORMAN RD,29292,,W22,WEST,3,W,0.110629439249064,Yes,0.11062944,23.93,958.607800760979
8874,PIERCE WAY,28624,,W22,WEST,3,W,0,No,0,23.93,350.568252593605
8875,PIERCE WAY,28634,,W22,WEST,3,W,0,No,0,23.93,780.171680837197
8876,LEEMONT DR,28684,,W22,WEST,3,W,0,No,0,23.93,340.946329965757
8877,LEEMONT DR,28676,,W22,WEST,3,W,0,No,0,23.93,376.345113761911
8878,MOORMAN RD,29288,,W22,WEST,3,W,0.068578249949587458,Yes,0.06857825,23.93,593.983658561013
8879,ALICANTE LN,28639,,W22,WEST,3,W,0,No,0,23.93,359.838493716233
8880,LEEMONT DR,28665,,W22,WEST,3,W,0,No,0,23.93,712.713637279112
8881,MOORMAN RD,32141,,W22,WEST,3,W,0.326765436597579,Yes,0.32676544,23.93,2830.24634855294
8882,MID DR,28310,,W22,WEST,3,W,0,No,0,23.93,354.166350008192
8883,CEDAR ST,15283,,S03,SWMS,,S,0,No,0,25.44,337.592648107523
8884,CEDAR ST,15316,,S03,SWMS,,S,0,No,0,25.44,357.582056461346
8885,CEDAR ST,15270,,S03,SWMS,,S,0,No,0,25.44,141.673097663468
8886,CEDAR ST,15263,,S03,SWMS,,S,0,No,0,25.44,480.824393782439
8887,CEDAR ST,15301,,S03,SWMS,,S,0,No,0,25.44,476.568277546946
8888,S 27TH ST,15382,,S03,SWMS,,S,0,No,0,25.44,283.249567061673
8889,S 29TH ST,15337,,S03,SWMS,,S,0,No,0,25.44,281.302725248129
8890,S 27TH ST,15454,,S03,SWMS,,S,0,No,0,25.44,218.948645127402
8891,S 29TH ST,15403,,S03,SWMS,,S,0,No,0,25.44,220.148704271435
8892,MERIWETHER AVE,17862,,S17,SWMS,3,S,0,No,0,22.47,698.195645040217
8893,MERIWETHER AVE,17789,,S17,SWMS,3,S,0,No,0,22.47,407.403458656158
8894,MERIWETHER AVE,17949,,S17,SWMS,3,S,0,No,0,22.47,708.447287866206
8895,MERIWETHER AVE,17739,,S17,SWMS,3,S,0,No,0,22.47,414.413690689931
8896,SHENANDOAH DR,5939,,E11,EAST,,E,0,No,0,27.02,259.723357933494
8897,SHENANDOAH DR,5924,,E11,EAST,,E,0,No,0,27.02,282.868825517016
8898,SHENANDOAH DR,5944,,E11,EAST,,E,0,No,0,27.02,317.81592434784
8899,SHENANDOAH DR,5927,,E11,EAST,,E,0,No,0,27.02,527.378886840729
8900,SHENANDOAH DR,5940,,E11,EAST,,E,0,No,0,27.02,584.00239020197
8901,SHENANDOAH DR,5935,,E11,EAST,,E,0,No,0,27.02,945.936752062314
8902,SHENANDOAH DR,5946,,E11,EAST,,E,0,No,0,27.02,955.772238361255
8903,SHENANDOAH DR,5948,,E11,EAST,,E,0,No,0,27.02,235.551629259336
8904,SHENANDOAH DR,5961,,E11,EAST,,E,0,No,0,27.02,585.87915953707
8905,TEXAS AVE,18211,,P02,PARKS,,P,0,No,0,18.61,169.538862156291
8906,TEXAS AVE,18462,,P02,PARKS,,P,0,No,0,18.61,169.260180754549
8907,TEXAS AVE,18426,,P02,PARKS,,P,0,No,0,18.61,361.338213590382
8908,TEXAS AVE,18367,,P02,PARKS,,P,0,No,0,18.61,394.316635065843
8909,TEXAS AVE,18547,,P02,PARKS,,P,0,No,0,18.61,351.26608436483
8910,TEXAS AVE,18251,,P02,PARKS,,P,0,No,0,18.61,189.361591934584
8911,TEXAS AVE,18053,,P02,PARKS,,P,0,No,0,18.61,420.160531452931
8912,TEXAS AVE,18171,,P02,PARKS,,P,0,No,0,18.61,193.071554093295
8913,TEXAS AVE,18478,,P02,PARKS,,P,0,No,0,18.61,98.0149910807653
8914,TEXAS AVE,18130,,P02,PARKS,,P,0,No,0,18.61,410.312034540642
8915,TEXAS AVE,18292,,P02,PARKS,,P,0,No,0,18.61,173.638942029323
8916,TEXAS AVE,18507,,P02,PARKS,,P,0,No,0,18.61,229.810825734994
8917,SPRATT ST,17767,,P02,PARKS,,P,0,No,0,18.61,390.370451024647
8918,SPRATT ST,17692,,P02,PARKS,,P,0,No,0,18.61,391.481183572134
8919,SPRATT ST,17843,,P02,PARKS,,P,0,No,0,18.61,389.575613404788
8920,OLD HENRY RD,890,,E20,EAST,1,E,0.087794759910317766,Yes,0.08779476,31.21,760.42511710334
8921,ELLISON AVE,17625,,S17,SWMS,,S,0,No,0,22.47,383.392745304887
8922,ELLISON AVE,17599,,S17,SWMS,,S,0,No,0,22.47,377.874373609237
8923,ELLISON AVE,17570,,S17,SWMS,,S,0,No,0,22.47,326.490940746227
8924,CHARLES ST,17809,,P02,PARKS,,P,0,No,0,18.61,719.489078802092
8925,SAMUEL ST,17890,,P02,PARKS,,P,0,No,0,18.61,714.653118710223
8926,DOGWOOD LN,24023,,P11,PARKS,,P,0,No,0,10.26,455.461458163074
8927,IROQUOIS PKY,23800,,P07,PARKS,,P,0,No,0,38.93,301.677969283467
8928,IROQUOIS PKY,23792,,P07,PARKS,,P,0,No,0,38.93,324.47651947715
8929,IROQUOIS PKY,26068,,P07,PARKS,,P,0,No,0,38.93,502.697277633847
8930,E GRAY ST,16365,,W07,WEST,,W,0,No,0,24.04,584.061622001243
8931,EXMOOR AVE,2965,,E16,EAST,,E,0,No,0,29.24,636.034045490006
8932,VANNAH AVE,3149,,E16,EAST,,E,0,No,0,29.24,438.61110238481
8933,EXMOOR AVE,3031,,E16,EAST,,E,0,No,0,29.24,513.890105333658
8934,VANNAH AVE,3063,,E16,EAST,,E,0,No,0,29.24,1002.98957063995
8935,SHIRLEY AVE,5769,,E10,EAST,2,E,0,No,0,23.55,2974.31642224051
8936,SHIRLEY AVE,5759,,E10,EAST,2,E,0,No,0,23.55,126.425132732719
8937,WINDING RD,24186,,P11,PARKS,2,P,0,No,0,10.26,1122.65266324288
8938,SOUTHSIDE DR,24188,,P10,PARKS,,P,0.0059176123596643817,Yes,0.00591761,,51.2548724021955
8939,FREEPORT CT,28011,,W21,WEST,,W,0,No,0,31.92,417.779585967963
8940,LOGISTICS DR,30606,,V07,VACANT LOT,,V,0,No,0,43.3,4382.94394101476
